time,seconds_elapsed,altitude,speedAccuracy,bearingAccuracy,latitude,altitudeAboveMeanSeaLevel,bearing,horizontalAccuracy,verticalAccuracy,longitude,speed
1775579148265222100,-1.77077783203125,572.4877250669958,-1,-1,-33.4140166483597,546.6730316160681,-1,43.205839915518084,57.330321727785375,-70.64310133513987,-1
1775579150101840100,0.065840087890625,572.4877250669958,-1,-1,-33.4140166483597,546.6730316160681,-1,43.205839915518084,57.330321727785375,-70.64310133513987,-1
1775579150103262000,0.067261962890625,572.501127893483,-1,-1,-33.41401170829039,546.6864344425553,-1,39.5168560458941,58.28994602618813,-70.64310607958156,-1
1775579150128470000,0.092469970703125,572.4989238777308,-1,-1,-33.41401173170662,546.6842304268031,-1,39.539468901828066,58.30169467606866,-70.64310607525512,-1
1775579151605926400,1.569926513671875,573.078857421875,1.1699999570846558,40.64956348681824,-33.413996253109616,547.2641639709473,341.3671875,17.308371157730985,24,-70.64333213529922,1.690000057220459
1775579152316927500,2.280927490234375,573.170166015625,1.440000057220459,51.02505796817449,-33.41398571451208,547.3554725646973,341.3671875,12.722836450687835,24,-70.64333977234661,1.690000057220459
1775579153316932000,3.28093212890625,573.83056640625,0.5899999737739563,46.69999777061482,-33.41406169804144,548.0158729553223,341.3671875,11.131618979886186,3,-70.64335225827382,0.20999999344348907
1775579154002937600,3.9669375,574.210205078125,0.2800000011920929,44.08731039420696,-33.41406690199248,548.3955116271973,341.3671875,7.482651199867474,3,-70.64329683333173,0.3400000035762787
1775579155002939600,4.966939697265625,574.046142578125,1.0700000524520874,-1,-33.414066856720986,548.2314491271973,-1,7.73815900475722,3,-70.64328820005201,0.23000000417232513
1775579156002944500,5.966944580078125,573.9814453125,1.0700000524520874,-1,-33.41407794118522,548.1667518615723,-1,22.26798725999634,3,-70.64321903736025,0
1775579157000146400,6.964146484375,573.919921875,0.07000000029802322,-1,-33.414072010934696,548.1052284240723,-1,19.815398742494658,3,-70.64319981922306,0
1775579158000133400,7.96413330078125,573.8702392578125,0.07000000029802322,-1,-33.414084820456495,548.0555458068848,-1,22.305047312311917,3,-70.64321724520582,0
1775579159000130300,8.96413037109375,573.876220703125,1.0499999523162842,89.18807742727124,-33.414084508295225,548.0615272521973,283.7109375,22.28300305351983,3,-70.64322473027164,0
1775579160000116700,9.96411669921875,573.70654296875,1.0499999523162842,89.18807742727124,-33.41404814379578,547.8918495178223,283.7109375,21.767282389193625,3,-70.64324896634618,0
1775579161000105200,10.964105224609375,574.0482177734375,0.09000000357627869,89.18807742727124,-33.41405095562756,548.2335243225098,283.7109375,21.76730828782104,3,-70.64325835852244,0
1775579162000102000,11.964101806640626,574.31787109375,0.9800000190734863,99.44519106993283,-33.41405707776785,548.5031776428223,153.6328125,21.76733087455653,3,-70.6432661577242,0
1775579163000089000,12.964089111328125,574.4285888671875,1.2599999904632568,98.29416076081311,-33.414034980644566,548.6138954162598,352.96875,18.538084215622955,3.000252087682787,-70.64323621386002,0
1775579164000076000,13.964075927734376,574.88818359375,0.07999999821186066,98.29416076081311,-33.41403422962626,549.0734901428223,352.96875,18.705743369148568,3,-70.64324067433226,0
1775579165000074800,14.96407470703125,574.8881836086512,0.3080157138848601,-1,-33.41403435315214,549.0734901577234,-1,18.848297196006353,3.0000000000000004,-70.64324157615079,0
1775579166000066300,15.96406640625,574.9050293117762,0.7185619110417696,-1,-33.41403883943616,549.0903358608484,-1,21.729141461177765,3.0000000000000018,-70.64328567615811,0
1775579167000062000,16.96406201171875,574.9260254045948,0.7185619110417696,-1,-33.41403927373798,549.1113319536671,-1,21.7672337166889,3,-70.64329256211296,0
1775579168000062500,17.9640625,574.9572754055262,0.7185619110417696,-1,-33.414039941053254,549.1425819545984,-1,21.76775915467376,3,-70.64329910591097,0
1775579169000047000,18.964047119140623,575.0307617336512,0.7185619110417696,-1,-33.4140398667011,549.2160682827234,-1,21.767766405986546,3,-70.64329959463207,0
1775579170000035800,19.964035888671877,574.9562988430262,0.7185619110417696,-1,-33.41404032881794,549.1416053920984,-1,21.767766506063616,3.000000000000001,-70.64330086009717,0
1775579171000037000,20.964037109375,574.8990478655323,0.7185619110417696,-1,-33.41404312264105,549.0843544146046,-1,21.584819733971944,3,-70.64328928028958,0
1775579172000038700,21.96403857421875,574.9143066545948,0.7185619110417696,-1,-33.4140418584199,549.0996132036671,-1,21.76524782062443,3.0000000000000004,-70.64330030200534,0
1775579173000039200,22.9640390625,574.9143066545948,0.7185619110417696,-1,-33.414041803155676,549.0996132036671,-1,21.767731749184602,3.0000000000000084,-70.64330160918686,0
1775579174000041000,23.964041015625,574.9143066545948,0.7185619110417696,-1,-33.41404179666326,549.0996132036671,-1,21.767766027777704,3.000000000000017,-70.64330176275351,0
1775579175000042800,24.964042724609374,574.9143066545948,0.7185619110417696,-1,-33.41404179590057,549.0996132036671,-1,21.767766500844218,3.0000000000000324,-70.64330178079392,0
1775579176000044500,25.96404443359375,574.9143066545948,0.7185619110417696,-1,-33.41404179590059,549.0996132036671,-1,49.199303065745816,3.000000000000061,-70.64330178079395,0
1775579177000046300,26.96404638671875,574.9143066545948,0.7185619110417696,-1,-33.414048218252326,549.0996132036671,-1,31.036659189736394,3.0000000000000675,-70.64301257146633,0
1775579178000048600,27.964048583984376,574.9143066545948,0.7185619110417696,-1,-33.41404821824956,549.0996132036671,-1,31.036654240547943,3.000000000000076,-70.64301257159043,0
1775579179000051500,28.964051513671876,574.9143066545948,0.7185619110417696,-1,-33.41404821824682,549.0996132036671,-1,31.036649258390845,3.000000000000093,-70.64301257171451,0
1775579180000053500,29.964053466796877,574.9143066545948,0.7185619110417696,-1,-33.414048218244055,549.0996132036671,-1,31.08706681147428,3.000000000000093,-70.64301257183898,0
1775579181000056000,30.96405615234375,575.2263183742762,0.7185619110417696,-1,-33.414045819079995,549.4116249233484,-1,18.619381058823326,3,-70.64319784312275,0
1775579182000058600,31.96405859375,575.2436523586512,0.7185619110417696,-1,-33.41404477439051,549.4289589077234,-1,21.754863218921077,3,-70.64328839520044,0
1775579183000061200,32.96406127929688,575.2449951320887,0.7185619110417696,-1,-33.41404417996028,549.4303016811609,-1,21.76758846418306,3,-70.64329843492693,0
1775579184000064300,33.964064208984375,575.182739273645,0.7185619110417696,-1,-33.41404795021308,549.3680458227172,-1,20.178547596040442,3,-70.6432422744731,0
1775579185000067600,34.964067626953124,573.6926307315007,0.7185619110417696,-1,-33.41404792847829,547.877937280573,-1,14.245954590575272,6.889057313019543,-70.64331767126127,0.0902622933607878
1775579186000069600,35.964069580078124,573.6476181149483,1.197137091324836,142.33739876129331,-33.414049865833576,547.8329246640205,266.4519685973455,14.245954549400203,6.84379346627528,-70.64332759262469,0.6812671885921737
1775579187000073500,36.964073486328125,573.5368002699688,1.209665508127113,56.55350848832403,-33.414051668333606,547.7221068190411,267.3946514699122,14.24595445861432,6.944918994815088,-70.64335512125807,1.733059345669411
1775579188000076300,37.964076171875,573.5820060381666,1.3316741217723709,35.97261762009331,-33.4140548585137,547.7673125872388,269.66377417392664,14.245954398755519,7.008652084670319,-70.64339613646796,2.9995709492351783
1775579189000080000,38.96407983398438,573.7786065628752,1.2497991104444701,25.71640091868453,-33.41405723316027,547.9639131119475,270.58891732761464,14.245954296525229,6.972518276849233,-70.64344693204237,3.9379261746811873
1775579190000083500,39.96408349609375,573.9899964984506,1.171407247176196,21.65607209883408,-33.414056950436155,548.1753030475229,271.43200247510447,14.24595421360065,6.777726489745977,-70.64349433650149,4.383370431746353
1775579191000086800,40.964086669921876,573.92087195348,1.1526895706540283,21.40082815327423,-33.41405503644417,548.1061785025522,273.2273050918062,14.24595424265198,6.774237158478131,-70.64354310436897,4.3644161514916835
1775579192000090400,41.96409033203125,573.8591980254278,1.2574227346380402,25.023369900045235,-33.41405731175552,548.0445045745,269.57953691830556,14.245954324457859,6.774608673257906,-70.64358100697521,4.071803272090517
1775579193000094500,42.96409448242188,573.9426599023864,1.3763935797389442,28.413273580831458,-33.414066849185154,548.1279664514586,260.7949869575403,14.245954401166859,6.325168226779036,-70.64362481576569,3.925166719421729
1775579194000096800,43.9640966796875,574.2172619039193,1.223077457058949,23.182786903296453,-33.414102363857545,548.4025684529915,242.17670523508048,14.245954489488167,6.468383095355904,-70.64366420623645,4.274835399449469
1775579195000101400,44.964101318359376,574.2772444151342,1.1830029147547054,20.166586511237252,-33.41414027808712,548.4625509642065,218.21104675198697,14.245954564968718,6.52478789172368,-70.64369223401104,4.7531816792946815
1775579196000105500,45.96410546875,574.7282775519416,1.1590494731283065,18.128977271587896,-33.41418784681717,548.9135841010138,201.7946081800719,14.245954594383948,6.492276044705934,-70.643703921175,5.180283993035457
1775579197000108300,46.9641083984375,574.4941107397899,1.158596276304263,17.173618635692037,-33.41423770285588,548.6794172888622,188.48064666496285,14.245954658991126,6.578286898275041,-70.64370329335169,5.466472574241836
1775579198000112600,47.964112548828126,574.7905922560021,1.1647680034744874,15.863013355801138,-33.41430241169064,548.9758988050744,188.48400442654818,14.245954666637381,6.577154365985188,-70.64371275770245,5.949601149154306
1775579199000116500,48.96411645507813,575.3232359457761,1.1698399376325177,15.786990122301052,-33.41436584445512,549.5085424948484,185.08893473434517,14.245954718504567,6.861324516135482,-70.64370865873133,6.004153605514583
1775579200000120600,49.96412060546875,575.5675272168592,1.174562432632227,15.031755225343387,-33.41442317900229,549.7528337659314,183.71513725259837,14.245954693469221,6.68961541051535,-70.64370722450279,6.331311646327646
1775579201000124000,50.9641240234375,575.4952939879149,1.194099089824367,14.394465263932831,-33.41448612823344,549.6806005369872,182.2711181640625,14.245954670330251,6.596427462203701,-70.64371615913508,6.721686277769544
1775579202000127700,51.96412768554688,575.4223151039332,1.163598292691687,13.15387595314931,-33.41455250698998,549.6076216530055,182.2711181640625,14.245954697053808,6.5377621399893915,-70.6437200478561,7.167793944513617
1775579203000132000,52.96413208007812,575.8324932297692,1.171221631955682,17.387712116985256,-33.414590250331756,550.0177997788414,182.2711181640625,14.245954677860016,6.573156530671709,-70.64371439302502,5.457773854726639
1775579204000135700,53.9641357421875,575.7162694418803,1.1720902028791496,16.484534753862317,-33.4146446366649,549.9015759909526,182.2711181640625,14.245954721465912,6.621969643851881,-70.64372094330562,5.761269638398206
1775579205000140300,54.96414038085938,576.0015363572165,1.156788405868731,17.67655716729416,-33.41469007162313,550.1868429062888,182.2711181640625,14.245954735313067,6.541959288943339,-70.64372589931318,5.3025353013532
1775579206000144100,55.96414404296875,576.0445253802463,1.2077604130261108,23.028583176184185,-33.414721895664,550.2298319293186,182.2711181640625,14.245954716494992,6.449492533011703,-70.64372533760559,4.2494168411976
1775579207000148700,56.96414868164062,575.9607200585306,1.1795422718859758,26.943474089335233,-33.41474690795806,550.1460266076028,182.2711181640625,14.245954718205518,6.809881714661457,-70.64373188384883,3.5471053726499693
1775579208000153000,57.964153076171876,575.7505304031074,1.272928505315609,35.725680446418956,-33.414768833385224,549.9358369521797,182.2711181640625,14.245954664546447,6.675164219219398,-70.6437324027988,2.8870665788400602
1775579209000156400,58.964156494140624,575.7873485106975,1.2748575261557755,52.65148867451658,-33.41477888536918,549.9726550597697,182.2711181640625,14.245954622034406,6.839239240941158,-70.64373342032304,1.9619119093234436
1775579210000160800,59.96416088867188,575.6870829472318,1.158797380312389,141.80181941065825,-33.41477405989153,549.8723894963041,182.2711181640625,14.24595460829198,6.7566743044150614,-70.64373328161851,0.6620834122307047
1775579211000165400,60.96416528320312,575.7870300523937,0.7185619110417696,180,-33.414767011829944,549.9723366014659,182.2711181640625,14.245954590575272,7.01080995719344,-70.64373407182758,0.16652601579153084
1775579212000170000,61.964169921875,575.7052124878392,1.069898771132057,180,-33.4147708945122,549.8905190369114,182.2711181640625,14.24595459057527,7.4363832492993325,-70.64371708738736,0.2171744968044225
1775579213000173600,62.964173583984376,575.735830437392,1.0834620219163553,180,-33.414776590430584,549.9211369864643,182.2711181640625,14.245954590575272,7.41448968531756,-70.6437173567409,0.16304219307488352
1775579214000177000,63.964177001953125,575.3502141777426,1.198413201505762,180,-33.41477954535313,549.5355207268149,182.2711181640625,14.24595459057527,7.542114740458838,-70.6437174964778,0.2394432550616614
1775579215000181800,64.964181640625,575.2862445898354,1.0348291947124522,180,-33.414773814139345,549.4715511389077,182.2711181640625,14.24595459057527,7.259006336972938,-70.64371722545515,0.08550326556168338
1775579216000187000,65.96418676757813,575.1608339492232,1.1747779797424154,180,-33.41477301291302,549.3461404982954,182.2711181640625,14.245954590575272,7.419938270337552,-70.64371718756662,0.29366081344731737
1775579217000190700,66.96419067382813,574.6611584424973,1.2806166031947297,180,-33.41474171718931,548.8464649915695,182.2711181640625,14.245954494092656,7.491421843084434,-70.64371570762735,2.2726347295609983
1775579218000195600,67.96419555664062,574.3774151997641,0.7185619110417696,180,-33.41475647378645,548.5627217488363,182.2711181640625,14.245954591789156,7.425108084654275,-70.64371640545318,0.22428914910978676
1775579219000199000,68.96419897460937,574.4072983190417,0.7185619110417696,180,-33.414759730545974,548.592604868114,182.2711181640625,14.245954590575272,7.304071525502987,-70.6437165594613,0.20730528205296225
1775579220000203000,69.964203125,574.3938001701608,1.065937909155889,180,-33.414762104810215,548.5791067192331,182.2711181640625,14.24595459057527,7.188463121898052,-70.64371667173762,0.2286328142558908
1775579221000208000,70.96420776367188,574.6454169377685,1.2495945938572803,180,-33.41476194753883,548.8307234868407,182.2711181640625,14.24595459057527,7.283257901957426,-70.64371666429918,0.07135495529659236
1775579222000212200,71.96421215820313,574.5700543299317,1.1684108938739994,180,-33.4147670866083,548.755360879004,182.2711181640625,14.245954590575272,7.274019453616941,-70.64371690732084,0.26595733668164384
1775579223000216300,72.96421630859375,574.6143565578386,1.1571857352407728,180,-33.414766481449966,548.7996631069109,182.2711181640625,14.24595459057527,7.339516785396347,-70.643716878703,0.17896325647477904
1775579224000221200,73.96422119140625,574.4519126014784,1.1472478352050175,180,-33.4147715097074,548.6372191505507,182.2711181640625,14.24595459057527,7.416955633914077,-70.6437171164848,0.13721678043831156
1775579225000225000,74.96422509765625,575.1373717272654,0.9345588559367439,180,-33.414773594101014,549.3226782763377,182.2711181640625,14.24595459057527,7.54521658600025,-70.64371721505047,0.337700190304449
1775579226000230000,75.96422998046874,575.9922314062715,0.6554762407383281,180,-33.414774127187066,550.1775379553437,182.2711181640625,14.245954579747991,7.616603823260989,-70.64371724025555,0.37105196102609583
1775579227000233700,76.96423364257812,575.8230330413207,1.143363679081832,180,-33.414762227885326,550.008339590393,182.2711181640625,14.245954554037082,7.6243256346525365,-70.64371667755108,1.1006019431832648
1775579228000238600,77.96423852539063,575.5833027232438,1.1586712627023372,80.66523257358112,-33.4147538870808,549.7686092723161,358.73339403326236,14.245954552403246,7.639871567029698,-70.64375426569832,1.1638822510539182
1775579229000243200,78.9642431640625,575.1071889270097,1.1310055485019688,68.74352866958154,-33.41474285178768,549.292495476082,5.57179008729226,14.24595455448007,7.490704429194906,-70.64375144150004,1.3322093560087598
1775579230000247800,79.96424780273438,574.9805583013222,1.237275528942199,76.11176853516498,-33.41473050557064,549.1658648503944,7.4570241243871696,14.245954559674596,7.435203617197953,-70.64374722465828,1.3165922852496077
1775579231000251400,80.96425146484376,574.6963854152709,1.1436153407308345,57.296596233977006,-33.41471465456388,548.8816919643432,17.006915510573105,14.245954540816406,7.74729404135953,-70.64373302345875,1.616438371291666
1775579232000256000,81.96425610351562,574.4055806323886,1.138090292677178,50.017967616824535,-33.41469487038301,548.5908871814609,3.4762412887660235,14.245954522198241,7.923161288836682,-70.64373314041448,1.842477712909578
1775579233000260400,82.96426025390625,574.4103690190241,1.1402033135926448,61.32828186096526,-33.414677710796624,548.5956755680963,356.1033606125299,14.24595451428783,7.942222172686097,-70.64373604369175,1.5058208440378456
1775579234000264700,83.9642646484375,574.3014389323071,1.02110299367025,52.53822232808833,-33.414660063270524,548.4867454813793,354.20846750238104,14.24595448420146,8.103728784899264,-70.64373640120054,1.5741521307597102
1775579235000268500,84.9642685546875,574.6646147677675,1.1603224655443658,63.8149197204965,-33.41464552893497,548.8499213168398,350.2647713589406,14.24595450198352,7.94928799558029,-70.64374070997819,1.473309572150009
1775579236000273200,85.96427319335938,574.7983449455351,1.160793667072385,55.48162084470926,-33.41462777357786,548.9836514946073,350.6788496891098,14.24595447606259,7.922347710679749,-70.64374104794169,1.6952803902120122
1775579237000278000,86.96427807617188,575.0486325798556,1.26509268910725,62.79695777264621,-33.41461024843379,549.2339391289279,352.73167635744295,14.245954504213564,7.6723702740795146,-70.64373998349497,1.632287417640867
1775579238000281300,87.96428125,575.0558386417106,1.1614317549883069,56.524232835343504,-33.41459582845495,549.2411451907828,349.47074370925,14.245954480163615,8.083448050103382,-70.64374548499664,1.66490577205992
1775579239000286200,88.9642861328125,575.510539601557,1.2601591021631369,65.2516955092883,-33.414579945621014,549.6958461506292,2.21756028911883,14.245954521489342,7.754634803380457,-70.64374135079353,1.5641426625988142
1775579240000290800,89.96429077148437,575.2674441039562,1.1651298890167883,58.08950955283353,-33.414564933633024,549.4527506530285,0.314636855574426,14.24595449214607,8.038305358665538,-70.64374263815739,1.6251985131079525
1775579241000295700,90.96429565429688,575.2615327369422,1.2963461289058131,57.50461232309485,-33.414547839840886,549.4468392860144,4.452649305453938,14.245954525946532,7.59359492552296,-70.64373854533778,1.826645131189706
1775579242000299500,91.96429956054688,575.0696869660169,1.1966798813934276,56.48343195515815,-33.41453302924225,549.2549935150892,0.7918356523678924,14.2459545228192,7.290460108817651,-70.64373983236878,1.7166917041933765
1775579243000304400,92.96430444335938,575.2222559964284,1.294595024477393,87.54723012872441,-33.41452782605524,549.4075625455007,346.9414646455086,14.245954552669835,7.301736018382045,-70.64374262873416,1.1981523370740408
1775579244000308500,93.96430859375,575.2059650346637,1.270505677779401,70.38694261359043,-33.41451090911693,549.3912715837359,355.46267845599107,14.245954514900953,7.96063177953338,-70.64374565221046,1.4625596708626438
1775579245000313600,94.96431372070313,575.2740093525499,1.2737527796482553,71.01126228239258,-33.414495262549835,549.4593159016222,358.847631071277,14.245954501878217,8.258537110343951,-70.64374769403375,1.4533572285038847
1775579246000318000,95.96431787109375,574.8203499531373,1.2739672889111837,69.70795795513415,-33.41448179630828,549.0056565022096,5.03885925709675,14.245954499287159,8.517169273773419,-70.64374948905768,1.4807471094449574
1775579247000322300,96.964322265625,575.1056033521891,1.273618373382976,79.62746574046976,-33.41446891007102,549.2909099012613,0.6682023502579333,14.245954505731843,8.67330156309862,-70.64374569823089,1.2959896402990783
1775579248000326100,97.964326171875,575.2413794100285,1.2661126746460076,66.57174066268949,-33.41445170063583,549.4266859591007,357.42302157215744,14.2459544896347,8.73330691332248,-70.64374820146023,1.5408934179496554
1775579249000331000,98.9643310546875,575.1066750036553,1.1738070767101654,70.56358584498066,-33.414439095566756,549.2919815527275,359.06713167484537,14.245954479010514,9.021107959642212,-70.64374297816646,1.347848638458044
1775579250000335400,99.96433544921875,574.9093208648264,1.2926277435167133,72.04057693905735,-33.414426214602656,549.0946274138987,5.842460125085612,14.245954501726617,8.757640508205878,-70.6437410034781,1.453891417932414
1775579251000339700,100.96433959960937,575.1734947059304,1.2756460499677056,94.7500379425201,-33.41441638858279,549.3588012550026,8.403709609812465,14.24595452597232,8.795991000455063,-70.64373744203829,1.090781455072102
1775579252000344800,101.9643447265625,574.6696513183415,1.165219796222587,92.82164807180057,-33.414408442267806,548.8549578674138,15.951916521260728,14.245954522836614,8.818750828276823,-70.64373281252495,1.0169080633064635
1775579253000348700,102.9643486328125,574.5834103152156,1.171494224566568,83.15114918134915,-33.41439751659311,548.7687168642879,18.39338312485918,14.245954508619716,8.747326217613534,-70.64372705056302,1.1413906791599868
1775579254000353800,103.96435375976563,575.0094263628125,1.1606970489537016,58.78927231789663,-33.41437913956419,549.1947329118848,10.757293710083509,14.24595447440055,8.874867647091131,-70.64372582790004,1.5997171416967002
1775579255000358000,104.96435791015625,574.8628956004977,1.275183112353743,55.892972691088985,-33.41436062939146,549.04820214957,7.523295368929577,14.245954475613122,8.543732138889368,-70.64372594353316,1.848640765381854
1775579256000361700,105.96436181640625,574.8787151928991,1.1663361540193433,55.81077366872178,-33.41434472288662,549.0640217419714,7.366883454187865,14.245954445253256,8.813565488890925,-70.6437247799733,1.6933609038654571
1775579257000366300,106.96436645507812,574.7202010760084,1.271669518161328,49.611668178684965,-33.41432671867631,548.9055076250806,10.848416097828967,14.24595447451161,8.400053632418047,-70.64371861731537,2.076921282376766
1775579258000371200,107.96437109375,574.6614605654031,1.271350524028075,52.389033921868,-33.41430806986485,548.8467671144754,7.495077178666929,14.245954463740672,8.357983051684888,-70.64371644628699,1.966331659064438
1775579259000375300,108.96437524414063,574.4146719444543,1.1653003957373111,49.97591809726346,-33.41429071373375,548.5999784935266,359.7055514440291,14.245954427843085,8.71517656109335,-70.64372125472816,1.8891900626845195
1775579260000379600,109.96437963867187,574.138052158989,1.2596604470974904,60.26473635324828,-33.414276158578446,548.3233587080613,8.38064650505041,14.245954468501848,8.283202783940082,-70.64372042093876,1.6931995371067712
1775579261000384300,110.96438427734375,574.1371623259038,1.1597337913570682,56.53291956779027,-33.41425799890011,548.322468874976,4.674539684822816,14.245954444502049,8.688642583963327,-70.64371955596685,1.6620227867325654
1775579262000388900,111.96438891601562,573.7586572347209,0.8906971454796754,40.91459045944094,-33.414242790519154,547.9439637837932,3.1665044133092333,14.24595436881575,12.699044983773655,-70.64371567466434,1.7231777706850644
1775579263000393700,112.96439379882813,573.8147563179955,0.9052526466484548,40.750268077241614,-33.41422469998491,548.0000628670678,8.130606242146698,14.24595439053733,12.603763446821254,-70.64371265888677,1.7830231911428926
1775579264000397600,113.9643974609375,573.9686418911442,0.9175067953542737,43.93776559265529,-33.41420936970397,548.1539484402165,6.409632493901974,14.245954338502985,12.501396352725415,-70.64371265779795,1.6886993110915347
1775579265000402000,114.96440185546875,574.159174092114,0.9142613859529017,47.82415083608639,-33.414195045411226,548.3444806411862,1.6307777700387835,14.245954412002847,12.492865020246878,-70.6437150450934,1.5485474547533151
1775579266000406800,115.96440673828126,574.2442370913923,0.8981841044755048,50.55631446340663,-33.41418136719315,548.4295436404645,0.2542286694639458,14.245954442393737,12.786144421616408,-70.64371761752278,1.438776770709792
1775579267000411400,116.96441137695312,574.3801858406514,0.9178468144677401,39.61931742723251,-33.41415869103807,548.5654923897237,353.12795481884206,14.245954373000917,12.805790673657732,-70.64372616169362,1.8770161303790176
1775579268000415200,117.96441528320312,574.2794250389561,0.9196422151105204,40.82361830365841,-33.4141405435208,548.4647315880284,357.0353740053946,14.24595437413905,12.664547648163763,-70.64372512710266,1.8230319928250143
1775579269000420600,118.96442065429687,573.5114639829844,0.8875367586006001,46.29495202929661,-33.414129082082994,547.6967705320567,0.37557812756097964,14.245954392889336,12.517980527492666,-70.64372524682226,1.4566148878748348
1775579270000424400,119.96442456054687,573.2926918556914,0.8544427224213942,51.39797410695905,-33.414118556162116,547.4779984047636,0.3929390121387903,14.245954427106376,12.713219706583644,-70.64372696393687,1.2013512165917322
1775579271000428800,120.9644287109375,573.3234863942489,0.8681858035854058,42.18954026737618,-33.414097466707986,547.5087929433212,357.2471925630604,14.24595438446162,12.707389035818702,-70.64373113158298,1.576552279855247
1775579272000433000,121.96443286132812,572.9886554190889,0.8486523557629568,39.12367954383591,-33.414080690419894,547.1739619681612,349.41065117874575,14.245954337473085,12.514032123401213,-70.64373910874232,1.6595769785746393
1775579273000437200,122.96443725585938,573.1058123288676,0.9085190844476476,39.875915686889485,-33.41406374176546,547.2911188779399,345.7823249061321,14.245954413782325,12.625593062461595,-70.6437463753064,1.8098958558008575
1775579274000442600,123.96444262695313,573.8550786310807,0.895615476353087,43.10604200834936,-33.41404926327642,548.040385180153,346.45855883388816,14.245954377054014,12.443629123064493,-70.64375136045072,1.6718241368968
1775579275000447000,124.96444702148438,573.9961527269334,0.9234001834411377,45.30916903394458,-33.41403453630063,548.1814592760056,346.92341984675704,14.245954409106414,12.005297217939134,-70.64375651609411,1.6432731310465267
1775579276000451800,125.96445190429688,574.3975172583014,0.9505784685219475,44.57698220458115,-33.414016578271436,548.5828238073736,346.7721024151993,14.245954389747721,11.228696034034419,-70.64375991602327,1.7102084983399144
1775579277000456000,126.9644560546875,574.3358904141933,0.9341600738608641,52.419175938942196,-33.41400747226493,548.5211969632655,337.7148814648974,14.245954412157747,11.47639751417534,-70.64376976049893,1.4399594680497791
1775579278000460000,127.9644599609375,574.2676114328206,0.9235555231185085,38.01294428112609,-33.41398889264574,548.4529179818928,330.63738883870053,14.245954464619576,11.743274541244574,-70.64378763426599,1.9669899276710114
1775579279000463400,128.96446337890626,574.1939249839634,0.7176327428470501,35.30155165646545,-33.413976010367406,548.3792315330356,329.4322751414195,14.24595449263179,12.382012898104254,-70.6437958442896,1.6428484878452745
1775579280000469200,129.96446923828125,574.2466996638104,0.8979906735567327,52.3243706908636,-33.41396655351813,548.4320062128827,327.4429299138861,14.245954482735886,12.05901843993979,-70.64380304138281,1.3812722398760195
1775579281000473000,130.96447314453124,573.5122525105253,0.9109547826265014,31.21782426681494,-33.413940221149055,547.6975590595976,332.01182580494594,14.245954327042918,11.569305858193166,-70.64381726834186,2.274841017485983
1775579282000478200,131.96447827148438,573.9075296595693,0.7156663382077239,33.86315083594286,-33.41392942948213,548.0928362086415,343.523067675376,14.24595442121908,11.328570136318994,-70.64381452583474,1.7008519176428119
1775579282999946800,132.96394677734375,573.8636477729306,0.9053050239991908,53.002020562028164,-33.413922188724584,548.0489543220028,344.41593356623275,14.245954442464699,11.189192612356775,-70.64381575375442,1.3728396542665904
1775579283999941400,133.96394140625,574.1548856543377,0.9072586589957997,77.64791015230972,-33.41391900639919,548.34019220341,331.7979738357004,14.245954522458414,11.006009099585743,-70.64382116481382,0.9448542279389841
1775579284999949600,134.96394946289064,574.2083809543401,0.9622555313825948,76.40344131121857,-33.4139133601041,548.3936875034124,322.78861221445254,14.245954547781816,10.637666936604132,-70.64383195585977,1.0173050066988842
1775579285999940900,135.96394091796876,574.3674396360293,1.0293850835362413,98.4747494258543,-33.41390953542473,548.5527461851016,319.9749892148514,14.245954596922592,9.826830961747175,-70.64383762888102,0.835493445247926
1775579286999926800,136.9639267578125,574.3652923265472,0.9404740518257619,103.13279943580463,-33.41390317763888,548.5505988756195,322.34989090356964,14.24595458969056,10.297182229451238,-70.64384253443889,0.7105347898136191
1775579287999933700,137.96393359375,574.4877111269161,1.0401611119473495,133.94419178188667,-33.41390233153984,548.6730176759884,322.7100755141008,14.245954591677977,8.591436454032245,-70.64384526921812,0.5619641871902639
1775579288999925500,138.96392553710936,574.2236464116722,1.237638400980792,180,-33.41389731587965,548.4089529607445,324.39466346706126,14.245954589427317,6.606128129150813,-70.64384697061868,0.5207621591671242
1775579289999916000,139.963916015625,573.9233688609675,1.6716045198928642,180,-33.413892200125275,548.1086754100397,324.49577573712725,14.24595458457395,5.457352976237663,-70.64384729592113,0.5401813123541309
1775579290999921400,140.96392138671874,574.0132887447253,1.8313878032465443,180,-33.413891171994884,548.1985952937976,324.4957721675151,14.245954587566308,4.576289344662891,-70.64384072014563,0.2953928645048555
1775579291999911000,141.96391088867188,573.5574763659388,2.0266307372650263,180,-33.41389537426871,547.742782915011,324.49576945065957,14.245954589359837,3.8194041917167074,-70.6438357694666,0.08447110453150801
1775579292999897900,142.96389794921876,573.2158010303974,2.1036570335912113,180,-33.413893485697365,547.4011075794697,324.495768804471,14.24595458916345,3,-70.64383456058086,0.18058381662139036
1775579293999904300,143.963904296875,573.0150900715962,2.1001394260171167,180,-33.413877533416645,547.2003966206685,324.495769748468,14.24595458353223,3.0800602812707685,-70.64383612320368,0.48640934713980727
1775579294999889400,144.96388940429688,572.2384789763018,1.7882086020025307,129.4496658405475,-33.41385111755792,546.4237855253741,333.59391529646604,14.245954580250654,3,-70.64385181562317,1.1082718598889774
1775579295999879200,145.96387915039062,571.7579189967364,1.769973080873856,82.53785343942243,-33.413834775613154,545.9432255458087,325.37954118696325,14.245954580899532,3,-70.64388001412217,1.7045930022539328
1775579296999885000,146.96388500976562,571.7519327104092,1.7845199189708307,108.68836336017733,-33.413826426184926,545.9372392594814,331.96801570514003,14.245954585757348,3,-70.64386737152896,1.3003859087617036
1775579297999893000,147.96389306640626,571.8174064634368,1.9451876391024656,135.6953504745468,-33.41381932139988,546.002713012509,335.6082888060831,14.24595458871216,3,-70.64386064173321,1.1302683504959048
1775579298999899400,148.9638994140625,571.5730661079288,2.107586255439502,131.13098863920456,-33.41380964359701,545.758372657001,335.14742535818186,14.245954590316543,3,-70.6438677177636,1.26637380454931
1775579299999906800,149.96390673828125,571.2876504659653,2.1463028103467887,129.62065729506398,-33.41380066402627,545.4729570150375,336.98705324165667,14.24595459170084,3,-70.64386419217008,1.3007169681413593
1775579300999913700,150.96391381835937,571.8684543417767,2.354138340891007,169.25968375036592,-33.413796248934915,546.0537608908489,337.37013025644194,14.245954591204052,3,-70.643864903285,1.0984411085629624
1775579301999920400,151.96392041015625,571.3819135995582,2.457554704418695,180,-33.41378652395226,545.5672201486304,337.9506630578007,14.718307804135508,3,-70.64386536720923,1.07199455085595
1775579302999926500,152.96392651367188,571.3712909407914,2.625935864269628,180,-33.41377598139028,545.5565974898636,337.96354806498545,17.00621401223641,3,-70.6438702004473,1.1145266659539268
1775579303999932700,153.9639326171875,571.3927848096937,2.930799467410205,180,-33.41376855540474,545.578091358766,338.1612319304113,19.645722183585033,3,-70.64387121004242,1.0976571211777366
1775579304999939300,154.96393920898439,571.0262249205261,3.316489881626465,180,-33.41375916997241,545.2115314695984,338.16123422023895,22.46254708364144,3,-70.64387516833892,1.250640794109173
1775579305999945000,155.96394506835938,570.8670696150512,3.575568065829821,180,-33.413748116430796,545.0523761641234,338.1453075771039,25.291283823459562,3,-70.64388021167657,1.3868355100336862
1775579306999951400,156.96395141601562,571.2107715094462,3.899478628949254,180,-33.413736129776545,545.3960780585185,338.1453107663011,29.084984307345223,3,-70.64388602264373,1.2269565682282977
1775579307999957000,157.96395703125,571.2290435247123,4.217122765879452,180,-33.413723619333354,545.4143500737846,338.14531375070055,32.92275609087172,3,-70.64389107753746,1.1966785378987397
1775579308999963400,158.96396337890624,570.8160448232666,4.342460362454877,180,-33.41371236233809,545.0013513723388,338.14531626581953,34.571200905770844,3,-70.64389512629037,1.2227703131496452
1775579309999969500,159.96396948242187,584.0806884914637,3.454724929275548,-1,-33.41385831593861,558.2659950405359,-1,31.840570626706644,7.999999999999999,-70.6438077148708,0.7099999785423279
1775579310999974400,160.96397436523438,584.0852050930262,3.879577972949344,-1,-33.413863931813744,558.2705116420984,-1,33.599715413215655,7.9999999999999964,-70.64379874623441,0.7099999785423279
1775579311999980300,161.96398022460937,584.0827636849135,4.136725811686626,-1,-33.41386896095565,558.2680702339858,-1,35.48001660433476,11.999999999999996,-70.64379011287414,0.7099999785423279
1775579312999986200,162.96398608398437,584.0742187649012,4.382693321198812,-1,-33.41387357100239,558.2595253139734,-1,37.48503529640786,11.999999999999998,-70.64378189860903,0.7099999785423279
1775579314021227000,163.98522705078125,584.0579834124073,4.617480501485901,-1,-33.413877845773015,558.2432899614796,-1,39.61307810321,12,-70.64377385198199,0.7099999785423279
1775579324089555000,174.05355493164063,564.7103226386565,-1,-1,-33.41368522545461,538.8956291877288,-1,18.866069082374427,3,-70.64419916648885,-1
1775579324876353000,174.84035302734375,564.7103226386565,-1,-1,-33.41371804418333,538.8956291877288,-1,14.769329686757285,3,-70.64404776299709,-1
1775579330908077000,180.8720771484375,562.4403226386565,-1,-1,-33.41373322898942,536.6256291877288,-1,16.027128315202116,3,-70.64395604291767,-1
1775579336827032000,186.79103198242188,560.1203226386566,-1,-1,-33.41376437808222,534.3056291877289,-1,29.20022062512693,3,-70.64380581535903,-1
1775579342849147000,192.81314697265626,560.1203226386566,-1,-1,-33.413779547633325,534.3056291877289,-1,26.66972076332606,3,-70.64380029634341,-1
1775579344037943800,194.00194384765626,560.1203226386566,-1,-1,-33.41377150737572,534.3056291877289,-1,37.86388264541433,3,-70.64382763904474,-1
1775579348921807000,198.88580712890624,560.1203226386566,-1,-1,-33.41378466193598,534.3056291877289,-1,34.08076821620449,3,-70.64379293471275,-1
1775579354694572000,204.6585720214844,560.1203226386566,-1,-1,-33.41378550242009,534.3056291877289,-1,24.684027483914324,3,-70.64376527014308,-1
1775579359916628000,209.8806279296875,560.1203226386566,-1,-1,-33.413757658871276,534.3056291877289,-1,32.09697770505477,3,-70.64379764076301,-1
1775579365868373000,215.832373046875,560.1203226386566,-1,-1,-33.41375735154208,534.3056291877289,-1,33.07443932681158,3,-70.64379124207574,-1
1775579372684702000,222.64870190429687,559.4903226386566,-1,-1,-33.41374499727965,533.6756291877289,-1,28.269009934477072,3,-70.64382907546572,-1
1775579378837278700,228.80127880859374,559.4903226386566,-1,-1,-33.41377602912018,533.6756291877289,-1,21.786619614549313,3,-70.64387450089289,-1
1775579384846420000,234.810419921875,559.4903226386566,-1,-1,-33.4137970761512,533.6756291877289,-1,26.426736740455386,3,-70.6438507515317,-1
1775579390926680000,240.89068017578126,559.4903226386566,-1,-1,-33.41381273424656,533.6756291877289,-1,27.858131979768096,3,-70.64380750333146,-1
1775579392348392000,242.31239184570313,559.4903226386566,-1,-1,-33.41378865029398,533.6756291877289,-1,39.21932444948173,3,-70.64380112028616,-1
1775579392373625000,242.337625,559.4903226386566,-1,-1,-33.41378866689452,533.6756291877289,-1,39.219326190334414,3,-70.64380111365972,-1
1775579397069881000,247.03388110351563,557.3903226386566,-1,-1,-33.413784796342966,531.5756291877289,-1,28.199141367195946,3,-70.64378273302144,-1
1775579403825881000,253.78988110351563,557.3903226386566,-1,-1,-33.41378385847279,531.5756291877289,-1,25.43783723621018,3,-70.64379491086359,-1
1775579409844497000,259.80849682617185,557.1303226386566,-1,-1,-33.413784606054044,531.3156291877289,-1,28.091099965070477,3,-70.64380135550655,-1
1775579415923464000,265.8874638671875,557.1303226386566,-1,-1,-33.413775058798656,531.3156291877289,-1,29.79813304676802,3,-70.6438050324326,-1
1775579422056650200,272.0206501464844,557.1303226386566,-1,-1,-33.4137736467735,531.3156291877289,-1,29.792140813938815,3,-70.6438055172569,-1
1775579428845716000,278.80971606445314,557.1303226386566,-1,-1,-33.413771722572406,531.3156291877289,-1,29.518191273175336,3,-70.64380524882426,-1
1775579434852442000,284.8164421386719,557.1303226386566,-1,-1,-33.413771669117665,531.3156291877289,-1,35.86020804755848,3,-70.64380641141,-1
1775579446933085000,296.8970849609375,557.1303226386566,-1,-1,-33.41377627435859,531.3156291877289,-1,75.01401247645892,3,-70.6438064521081,-1
1775579452879400000,302.8433999023438,554.7603226386566,-1,-1,-33.41377349563589,528.9456291877289,-1,38.705931219407795,3,-70.64380645694344,-1
1775579458840098800,308.8040988769531,554.7603226386566,-1,-1,-33.41377587466557,528.9456291877289,-1,45.44380761835924,3,-70.64380645733165,-1
1775579467456713000,317.420712890625,554.3803226386566,-1,-1,-33.413773819777184,528.5656291877289,-1,36.471974734860076,3,-70.64380645741726,-1
1775579500170063000,350.13406298828124,554.3803226386566,-1,-1,-33.41377409822869,528.5656291877289,-1,187.192109426028,3,-70.64380647301104,-1
1775579500182569000,350.1465688476562,554.3803226386566,-1,-1,-33.41377409822871,528.5656291877289,-1,187.19226802440897,3,-70.64380647301105,-1
1775579501509059800,351.4730598144531,554.3803226386566,-1,-1,-33.41377507629401,528.5656291877289,-1,189.03646338607416,3,-70.64380674055677,-1
1775579512202235000,362.16623486328126,554.3803226386566,-1,-1,-33.413776168249015,528.5656291877289,-1,201.76265954637037,3,-70.64380703925654,-1
1775579538468216000,388.43221606445314,564.9103226386566,-1,-1,-33.41377622724846,539.0956291877288,-1,235.52300067273762,3,-70.64380706392214,-1
1775579538479048000,388.4430478515625,564.9103226386566,-1,-1,-33.41377622724846,539.0956291877288,-1,235.52313685517103,3,-70.64380706392214,-1
1775579557781209900,407.7452099609375,575.2203226386565,-1,-1,-33.4137762977271,549.4056291877288,-1,257.41788649391054,3,-70.64380709338678,-1
1775579557795036000,407.75903588867186,575.2203226386565,-1,-1,-33.4137762977271,549.4056291877288,-1,257.417998906699,3,-70.64380709338678,-1
1775579567000932000,416.96493212890624,573.0139512320309,-1,-1,-33.41537705509459,547.1992577811031,-1,447.94225819287686,5.392640064636832,-70.64405248848092,-1
1775579571459521000,421.42352099609377,571.3678659094886,-1,-1,-33.421167726471076,545.5531724585609,-1,364.68595441224085,4.043132217410672,-70.64494019474822,-1
1775579583865343000,433.82934301757814,571.1303226386566,-1,-1,-33.42247729141451,545.3156291877289,-1,18.869959305613754,3,-70.64514095022751,-1
1775579598899283000,448.86328295898437,568.7903226386566,-1,-1,-33.42247729780744,542.9756291877288,-1,97.55890177961491,3,-70.6451409538878,-1
1775579598907926000,448.8719260253906,568.7903226386566,-1,-1,-33.42247729780744,542.9756291877288,-1,97.5589830049213,3,-70.6451409538878,-1
1775579619642589200,469.6065891113281,572.7903226386566,-1,-1,-33.42247731049945,546.9756291877288,-1,147.00381022941127,3,-70.64514096428529,-1
1775579619665806000,469.62980615234375,572.7903226386566,-1,-1,-33.42247731049945,546.9756291877288,-1,147.00381510572197,3,-70.64514096428529,-1
1775579619667580200,469.631580078125,572.7903226386566,-1,-1,-33.42247731049945,546.9756291877288,-1,147.00381891629263,3,-70.64514096428529,-1
1775579619669271000,469.63327099609376,572.7903226386566,-1,-1,-33.42247731049945,546.9756291877288,-1,147.00382185984816,3,-70.64514096428529,-1
1775579619670647000,469.63464697265624,572.7903226386566,-1,-1,-33.42247731049945,546.9756291877288,-1,147.0038239192566,3,-70.64514096428529,-1
1775579619671835000,469.6358349609375,572.7903226386566,-1,-1,-33.42247731049945,546.9756291877288,-1,147.00382729948333,3,-70.64514096428529,-1
1775579620547820000,470.5118200683594,572.7903226386566,-1,-1,-33.42247731049945,546.9756291877288,-1,147.35412404644566,3,-70.64514096428529,-1
1775579620553298000,470.5172978515625,572.7903226386566,-1,-1,-33.42247731049945,546.9756291877288,-1,147.3541360255869,3,-70.64514096428529,-1
1775579621028994000,470.992994140625,572.7903226386566,-1,-1,-33.42247731049945,546.9756291877288,-1,147.65877595632614,3,-70.64514096428529,-1
1775579621428228900,471.3922287597656,572.7903226386566,-1,-1,-33.42247731049945,546.9756291877288,-1,147.87479102895915,3,-70.64514096428529,-1
1775579621430963000,471.394962890625,572.7903226386566,-1,-1,-33.42247731049945,546.9756291877288,-1,147.87479238144317,3,-70.64514096428529,-1
1775579621438184000,471.4021838378906,572.7903226386566,-1,-1,-33.42247731049945,546.9756291877288,-1,147.87485203905655,3,-70.64514096428529,-1
1775579621638483000,471.60248291015625,572.7903226386566,-1,-1,-33.42247731049945,546.9756291877288,-1,147.93050781843243,3,-70.64514096428529,-1
1775579621642638000,471.60663818359376,572.7903226386566,-1,-1,-33.42247731049945,546.9756291877288,-1,147.9305165673548,3,-70.64514096428529,-1
1775579630496047000,480.4600471191406,581.6203226386566,-1,-1,-33.422474354393124,555.8056291877289,-1,159.489765351167,3,-70.64514816002136,-1
1775579630499469000,480.4634689941406,581.6203226386566,-1,-1,-33.42247435365212,555.8056291877289,-1,159.48976644336773,3,-70.64514816181205,-1
1775579631585260800,481.5492607421875,581.6203226386566,-1,-1,-33.42247325887297,555.8056291877289,-1,159.53912918244055,3,-70.64515070955045,-1
1775579631594499000,481.5584990234375,581.6203226386566,-1,-1,-33.42247325074739,555.8056291877289,-1,159.53913739988496,3,-70.64515072846007,-1
1775579637924586000,487.8885859375,579.8203226386565,-1,-1,-33.42247003563148,554.0056291877288,-1,159.69220981005742,3,-70.64515791654657,-1
1775579637938981000,487.9029812011719,579.8203226386565,-1,-1,-33.422470035184126,554.0056291877288,-1,159.6922160068572,3,-70.64515791754972,-1
1775579693047994000,543.011994140625,573.7003226386565,-1,-1,-33.422495371643485,547.8856291877288,-1,461.2412295771124,3,-70.64519956307603,-1
1775579693057997800,543.0219978027344,573.7003226386565,-1,-1,-33.42249538171285,547.8856291877288,-1,461.2412343659284,3,-70.64519957025622,-1
1775579750859027000,600.8230268554687,577.3603226386566,-1,-1,-33.42251836116604,551.5456291877289,-1,693.2805505015033,3,-70.64521590989881,-1
1775579750869987000,600.8339870605469,577.3603226386566,-1,-1,-33.42251836116604,551.5456291877289,-1,693.2805539100692,3,-70.64521590989881,-1
1775579752413974000,602.3779741210938,577.3603226386566,-1,-1,-33.424685239864154,551.5456291877289,-1,699.3209863262097,3,-70.64792869905084,-1
1775579778084299000,628.0482990722656,576.3903226386566,-1,-1,-33.42941727220419,550.5756291877289,-1,1414,3,-70.65385289130502,-1
1775579779678798000,629.6427980957031,576.3903226386566,-1,-1,-33.42941799333739,550.5756291877289,-1,1417.1876158508462,3,-70.65385287556538,-1
1775579779692853000,629.6568530273438,576.3903226386566,-1,-1,-33.42941799333739,550.5756291877289,-1,1417.1877674675386,3,-70.65385287556538,-1
1775579781148188200,631.1121882324219,576.3903226386566,-1,-1,-33.42944590580831,550.5756291877289,-1,1408.4704927600108,3,-70.65446509213807,-1
1775579803892050000,653.8560498046875,573.9303226386565,-1,-1,-33.431930902416276,548.1156291877288,-1,1414,3,-70.65757947673998,-1
1775579815522476000,665.4864760742188,572.8603226386566,-1,-1,-33.43213989718115,547.0456291877289,-1,1414,3,-70.65971635400678,-1
1775579815534152000,665.4981518554688,572.8603226386566,-1,-1,-33.432139897214995,547.0456291877289,-1,1414,3,-70.65971635435275,-1
1775579823000074000,672.9640739746094,572.8603226386566,-1,-1,-33.43359597117202,547.0456291877289,-1,1414,3,-70.65978668653382,-1
1775579823017654000,672.9816540527344,572.8603226386566,-1,-1,-33.43359597181958,547.0456291877289,-1,1414,3,-70.65978668656511,-1
1775579835042256000,685.006255859375,569.7003226386565,-1,-1,-33.43359639139602,543.8856291877288,-1,1567.1177150142228,3,-70.65978601099998,-1
1775579835051992000,685.0159919433594,569.7003226386565,-1,-1,-33.43359639139602,543.8856291877288,-1,1567.1177280370432,3,-70.65978601099998,-1
1775579836002419200,685.9664191894532,581.1077880859375,4.230000019073486,6.558870577404573,-33.43699225587458,555.2930946350098,172.6171875,120.92178817208368,48,-70.66011708567555,15.920000076293945
1775579837002423300,686.9664233398438,569.677922867635,20,180,-33.43712333166966,543.8632294167072,147.0297189358087,120.56010034258287,3,-70.66008655893155,0.6176576806195452
1775579838002428400,687.9664284667969,573.8142289388925,2.23000001906649,11.350093299766515,-33.43711015228211,547.9995354879647,174.7265538304844,27.266815037681884,4.0000000002792255,-70.6601565415256,15.920000076244
1775579839002432800,688.9664328613281,573.6028011078015,3.1300001144321077,16.818243820793143,-33.437213836473944,547.7881076568738,174.37499124212331,25.33624924358953,4.00000000021475,-70.66014540835285,15.079999923663605
1775579840002437600,689.9664377441406,573.4480159282684,3.900000095356469,20.96954486383665,-33.437282648437915,547.6333224773407,174.3749912478831,23.284618773032218,6.000000000129351,-70.66012862707441,15.069999694781856
1775579841011639000,690.9756391601562,573.2420836398378,4.659999847398767,25.05591627596457,-33.43738132326373,547.4273901889101,174.37499116734313,22.57254853480033,8.000000000089504,-70.66011328851268,15.069999694781073
1775579845082924800,695.0469248046875,569.7003226386565,4.659999847398767,25.05591627596457,-33.4379137972998,543.8856291877288,175.27761840820312,35.834510634346586,3,-70.6600509455682,15.069999694781073
1775579847099227000,697.0632268066406,569.7003226386565,-1,-1,-33.43817246423606,543.8856291877288,-1,42.60634966141089,3,-70.6600197970433,-1
1775579851000813000,700.9648129882812,569.7003226386565,-1,-1,-33.438641207617145,543.8856291877288,-1,75.63328842820782,3,-70.65996472028174,-1
1775579860002530600,709.9665305175781,569.264404296875,1.9800000190734863,96.6676809835688,-33.43825971926915,543.4497108459473,222.890625,35.22282938949794,32,-70.65999391681949,0.2800000011920929
1775579861002535400,710.9665354003906,574.539030553773,2.0075605472609945,180,-33.43816200111117,548.7243371028453,174.28429915784352,20.71243458723391,3,-70.6600590843782,0.46145893116788417
1775579862002539500,711.9665395507812,574.9054503599182,1.5102016789989596,180,-33.438183080793536,549.0907569089904,174.28430256160306,16.11850174397637,3,-70.66006486149024,0.4304382488777871
1775579863002543900,712.9665439453125,574.9290184322745,1.5551632108363103,73.9629213112978,-33.43818313862896,549.1143249813467,227.67130992723582,15.48775194286163,3.1237608549542064,-70.66009587611178,1.567636248980727
1775579864002548500,713.9665485839844,574.5843100138009,1.2170956573664382,69.4877806579884,-33.438191414363246,548.7696165628731,226.6797900556613,14.699202266637887,3.3994924317991746,-70.66007668686584,1.4123455666518376
1775579865002553900,714.9665539550781,574.7198782041669,1.3013049354198951,82.00173965047568,-33.43820245855352,548.9051847532392,221.121125743847,14.577491542157885,3.803194915485785,-70.66006833275519,1.283575886137836
1775579866000120000,715.9641201171875,574.8394762966782,1.269724133395294,90.02967890750156,-33.43821852328417,549.0247828457505,218.41207013778586,14.507040546210966,3.9346705320071242,-70.66006556184462,1.142297343060607
1775579867000109300,716.964109375,574.6710188332945,1.4222617784144642,123.45937652173366,-33.438218771159676,548.8563253823668,217.3683957099768,14.464046708992413,4.019160902569908,-70.6600525852827,0.933070646926287
1775579868000108300,717.9641083984375,574.4648005468771,1.655361881673983,149.98176897613746,-33.43822693779004,548.6501070959494,216.75247592155176,14.437917712128703,3.8851154255136096,-70.66005781806948,0.8932688697758111
1775579869000094500,718.9640944824218,574.2295395787805,1.5017649118391114,128.08987146779617,-33.43823856300598,548.4148461278528,213.12274195614987,14.422683478986647,3.8926803231230545,-70.6600579819524,0.9445988864869052
1775579870000082000,719.96408203125,574.8905141428113,1.585966261446771,139.0805016157238,-33.43824497504822,549.0758206918836,210.6622349934499,13.227517882417906,3.816633977900347,-70.66003186535754,0.9157735580622042
1775579871000081200,720.9640810546875,574.7178897568956,1.694144825768923,159.25535266664815,-33.438252223872475,548.9031963059679,210.68352690439224,13.367970869086255,3.713528517905202,-70.66003710944904,0.8567678131306247
1775579872000073500,721.9640734863282,574.4615595461801,1.7395755151690655,173.0557049970127,-33.43825874280176,548.6468660952523,210.77822775966072,13.495640906442944,3.587872294230281,-70.66004272877917,0.810858888627265
1775579873000066000,722.9640661621094,574.813676529564,1.6376188095914894,180,-33.43825646181471,548.9989830786362,212.3777330547983,13.367837415513344,3.5670871705857325,-70.66004537033862,0.6208911293301913
1775579874000064800,723.9640646972656,574.8775792391971,2.29856099719761,180,-33.43825892695417,549.0628857882693,212.3777352943919,13.297535561020883,3.3249068436232205,-70.66005077665889,0.44056795866191417
1775579875000054300,724.9640541992187,574.5164859807119,2.6478456374652914,180,-33.4382589148554,548.7017925297841,212.37773699030888,13.470821879715698,3.057588254048359,-70.66005530569942,0.2702383672479933
1775579876000043800,725.9640437011719,574.9484004639089,3.126220547776375,180,-33.43826042751609,549.1337070129812,212.37773898553357,10.27186738355181,3,-70.66006588327551,0.32892295102584995
1775579877000043300,726.9640432128906,575.0209042411298,3.5259692134656877,180,-33.4382630829704,549.206210790202,212.3777391004892,9.483873403749621,3,-70.66007195715659,0.26989195668908716
1775579878000038100,727.9640380859375,574.4544382831082,3.978689864411533,180,-33.43826504535176,548.6397448321804,212.3777421487069,9.264512861259101,3,-70.66007624524174,0.47309393244006764
1775579879000027100,728.9640270996093,574.7447527432814,4.1371667815717945,180,-33.438265679194046,548.9300592923537,212.3777479182896,9.035571734632518,3,-70.66007014294438,0.5537849484025037
1775579880000028700,729.9640285644531,576.7734375139698,7.07715506348761,-1,-33.43827327999363,550.9587440630421,-1,10.087289194042777,3.9999999999999982,-70.66007332798003,1.809999942779541
1775579881000030000,730.9640300292969,576.8552246242762,7.1777782930735485,-1,-33.438327605867315,551.0405311733484,-1,36.35703796079125,3.9999999999999982,-70.66007933585966,1.809999942779541
1775579882000032300,731.9640322265625,576.9494629045948,6.797646566300137,-1,-33.43833804133676,551.1347694536671,-1,35.93864384325134,4.000000000000002,-70.66006986430908,1.7100000381469727
1775579883000034300,732.9640344238281,577.0937500139698,6.641121957148793,-1,-33.43835300303393,551.2790565630421,-1,35.60204445022773,3.999999999999995,-70.66005737527335,1.5499999523162842
1775579884000035800,733.9640358886719,577.3278808742762,6.115645683889059,-1,-33.438357613080676,551.5131874233484,-1,33.24565620239162,4.000000000000002,-70.66004698171342,1.1100000143051147
1775579885000038100,734.9640380859375,577.6284179836512,6.305711547275765,-1,-33.43836850955479,551.8137245327234,-1,32.20853930530722,4.000000000000002,-70.6600323972019,1.5
1775579886000040400,735.9640405273437,577.9162597777322,6.808827162085308,-1,-33.43838653064662,552.1015663268045,-1,32.45346164362621,3.999999999999998,-70.66001689068104,1.5
1775579887000042500,736.9640424804687,578.198364273645,7.401384877575468,-1,-33.43840513847165,552.3836708227172,-1,33.191467502513596,3.999999999999997,-70.66000264144564,1.8200000524520874
1775579888000045300,737.9640454101562,578.3630371233448,7.938041213500224,-1,-33.438423159563484,552.5483436724171,-1,34.36092538359838,4.000000000000001,-70.65998998477185,1.8200000524520874
1775579889000047600,738.9640476074219,578.5163574367762,8.184008989572485,-1,-33.438446754620905,552.7016639858484,-1,34.83713427735229,4.000000000000003,-70.65997146076585,2.25
1775579890000050700,739.96405078125,578.7077636858448,8.340533598723827,-1,-33.43845936938518,552.8930702349171,-1,35.65916454729304,4.000000000000001,-70.65995184711242,1.850000023841858
1775579891000053800,740.9640537109375,578.9277343899012,8.552960120560726,-1,-33.438468589478674,553.1130409389734,-1,36.007945656217466,4.0000000000000036,-70.65993533476318,1.850000023841858
1775579892000057000,741.9640571289062,580.69677734375,7.5,90.70892149881213,-33.43849168162182,554.8820838928223,138.515625,36.24699485304579,6,-70.65989895730341,1.9600000381469727
1775579893000060200,742.9640600585938,580.6967773586512,8.38525491562421,-1,-33.4384916816219,554.8820839077234,-1,36.24699485304579,6.000000000000004,-70.65989895730341,1.9600000381469727
1775579894000063500,743.9640634765625,580.459716796875,-1,-1,-33.43852173074469,554.6450233459473,-1,40.85536294275276,6,-70.6598616578343,-1
1775579913196062200,763.1600622558594,564.8103226386565,-1,-1,-33.43840386750829,538.9956291877288,-1,25.234626441423117,3,-70.65974681915662,-1
1775579953011385000,802.9753850097657,563.4403226386565,-1,-1,-33.43823492533845,537.6256291877288,-1,26.08130476188613,3,-70.65866870630957,-1
1775579953022141000,802.9861408691406,563.4403226386565,-1,-1,-33.43823489702174,537.6256291877288,-1,26.081372552203717,3,-70.658668779126,-1
1775579957617832000,807.58183203125,563.4403226386565,-1,-1,-33.43824685131867,537.6256291877288,-1,25.508675941787104,3,-70.65869951476495,-1
1775579958902728200,808.8667282714844,563.4403226386565,-1,-1,-33.43825806688295,537.6256291877288,-1,20.1718255037448,3,-70.65861083738194,-1
1775579963642581000,813.6065810546875,563.4403226386565,-1,-1,-33.438247761472766,537.6256291877288,-1,23.587348424480126,3,-70.65848802594559,-1
1775579966345929200,816.3099291992188,563.4403226386565,-1,-1,-33.43827539112366,537.6256291877288,-1,24.253819479914295,3,-70.65851186690925,-1
1775579966355108000,816.3191081542968,563.4403226386565,-1,-1,-33.43827545354002,537.6256291877288,-1,24.253850505888554,3,-70.65851192340976,-1
1775579989227615000,839.1916149902344,565.4703226386565,-1,-1,-33.43832637520624,539.6556291877288,-1,37.54113576805797,3,-70.65850881677895,-1
1775579989244050000,839.2080498046874,565.4703226386565,-1,-1,-33.43832636746463,539.6556291877288,-1,37.5412042343578,3,-70.65850905395824,-1
1775580008650425900,858.61442578125,567.8503226386565,-1,-1,-33.43820910078893,542.0356291877288,-1,20.84539147899589,3,-70.65849271068357,-1
1775580020862841000,870.8268410644531,566.2903226386566,-1,-1,-33.438254470678686,540.4756291877288,-1,24.332217316211924,3,-70.65849211580742,-1
1775580027763203000,877.727203125,566.2903226386566,-1,-1,-33.43826577183995,540.4756291877288,-1,29.45636492658451,3,-70.65850533460626,-1
1775580036677930800,886.6419306640626,566.2903226386566,-1,-1,-33.4383218506089,540.4756291877288,-1,26.25443726782847,3,-70.65844386565007,-1
1775580042857137000,892.8211369628906,566.2903226386566,-1,-1,-33.438281595759065,540.4756291877288,-1,25.718576440252654,3,-70.65842051372404,-1
1775580051333698000,901.2976979980468,566.2903226386566,-1,-1,-33.438302076208174,540.4756291877288,-1,31.522536072636093,3,-70.6584314202596,-1
1775580058166169000,908.1301691894531,564.6903226386565,-1,-1,-33.438255498121755,538.8756291877288,-1,26.532528907065895,3,-70.65842745895795,-1
1775580060746378000,910.7103779296875,564.6903226386565,-1,-1,-33.438274598304126,538.8756291877288,-1,34.10292466010912,3,-70.65851168160621,-1
1775580062054866000,912.0188659667969,564.6903226386565,-1,-1,-33.43827257268998,538.8756291877288,-1,18.272028983783933,3,-70.65847145110808,-1
1775580066757491200,916.7214912109375,564.6903226386565,-1,-1,-33.43825224080786,538.8756291877288,-1,19.85386663517257,3,-70.65846690387461,-1
1775580067638346000,917.6023459472656,564.6903226386565,-1,-1,-33.438255842727926,538.8756291877288,-1,19.025168097931857,3,-70.658465102832,-1
1775580070288774000,920.2527739257813,564.6903226386565,-1,-1,-33.43825365954805,538.8756291877288,-1,20.249593632643425,3,-70.65845916706711,-1
1775580073825880000,923.7898801269531,564.6903226386565,-1,-1,-33.43826175953377,538.8756291877288,-1,25.73780695542503,3,-70.6584697871864,-1
1775580079857997000,929.8219970703125,564.6903226386565,-1,-1,-33.438281674607225,538.8756291877288,-1,52.08555105477484,3,-70.65852266365397,-1
1775580087733751000,937.6977509765625,564.6903226386565,-1,-1,-33.43828200573286,538.8756291877288,-1,52.31793893201569,3,-70.65852353872317,-1
1775580090358737000,940.3227368164063,564.6903226386565,-1,-1,-33.43828201345184,538.8756291877288,-1,52.66665901421591,3,-70.65852355660492,-1
1775580097097322000,947.0613220214843,564.6903226386565,-1,-1,-33.43828200809001,538.8756291877288,-1,48.622694796501094,3,-70.65852377452157,-1
1775580099780051000,949.7440510253906,564.6903226386565,-1,-1,-33.438281861997254,538.8756291877288,-1,51.76863140579446,3,-70.65852349640778,-1
1775580106714407000,956.6784069824218,564.6903226386565,-1,-1,-33.43828191354346,538.8756291877288,-1,37.16423232939332,3,-70.65852341009897,-1
1775580109233054200,959.1970541992188,564.6903226386565,-1,-1,-33.43828190272826,538.8756291877288,-1,46.14405987908653,3,-70.65852381717694,-1
1775580115243476000,965.2074760742188,564.6903226386565,-1,-1,-33.43824339972109,538.8756291877288,-1,40.07627259905086,3,-70.65844965446864,-1
1775580116460681000,966.4246809082031,564.6903226386565,-1,-1,-33.43825781723094,538.8756291877288,-1,32.50387933476645,3,-70.6584773241101,-1
1775580119330519000,969.2945190429688,564.6903226386565,-1,-1,-33.43826452540358,538.8756291877288,-1,27.760585689217482,3,-70.6584908642261,-1
1775580125582394000,975.5463940429687,564.6903226386565,-1,-1,-33.43826176969406,538.8756291877288,-1,23.32683262829936,3,-70.65848284945403,-1
1775580154928640800,1004.8926408691407,564.6903226386565,-1,-1,-33.43823768169528,538.8756291877288,-1,108.71537623461664,3,-70.6584429909184,-1
1775580154940267000,1004.9042670898438,564.6903226386565,-1,-1,-33.438237681906685,538.8756291877288,-1,108.71562674625262,3,-70.6584429901043,-1
1775580185719876000,1035.6838759765626,564.6903226386565,-1,-1,-33.43826620820771,538.8756291877288,-1,224.51152563988765,3,-70.65871620496819,-1
1775580185732049000,1035.696048828125,564.6903226386565,-1,-1,-33.43826621157559,538.8756291877288,-1,224.5116609600947,3,-70.65871621317278,-1
1775580222357257700,1072.3212578125,553.3803226386566,-1,-1,-33.438981646501,527.5656291877289,-1,24.922256652322844,3,-70.66875041057075,-1
1775580223181564000,1073.1455639648439,553.3803226386566,-1,-1,-33.43898089570444,527.5656291877289,-1,41.80587197428332,3,-70.66875242989386,-1
1775580225643989000,1075.6079890136718,553.3803226386566,-1,-1,-33.438980233197725,527.5656291877289,-1,60.601202279885044,3,-70.66876174231618,-1
1775580236809291000,1086.773291015625,553.3803226386566,-1,-1,-33.43898390252515,527.5656291877289,-1,39.92094518046901,3,-70.66875308561166,-1
1775580237090394000,1087.0543940429689,553.3803226386566,-1,-1,-33.43898391075596,527.5656291877289,-1,39.98697924497841,3,-70.6687530661935,-1
1775580243033108000,1092.9971079101563,551.3903226386566,-1,-1,-33.43898391698989,525.5756291877289,-1,39.738635292309056,3,-70.66875305148633,-1
1775580249056612000,1099.020612060547,551.3903226386566,-1,-1,-33.43898520112012,525.5756291877289,-1,55.30150290842621,3,-70.6687396506579,-1
1775580249815234000,1099.7792341308593,551.3903226386566,-1,-1,-33.438981290340145,525.5756291877289,-1,22.982116078587364,3,-70.66875669292853,-1
1775580256001319000,1105.9653188476564,551.3903226386566,-1,-1,-33.43898191824475,525.5756291877289,-1,22.95330213558334,3,-70.66875783123932,-1
1775580258802976300,1108.7669763183594,551.3903226386566,-1,-1,-33.4389824138902,525.5756291877289,-1,164.83718709218272,3,-70.66875727234553,-1
1775580258815517000,1108.779516845703,551.3903226386566,-1,-1,-33.43898241389022,525.5756291877289,-1,164.83730823026872,3,-70.66875727234553,-1
1775580262411793000,1112.37579296875,551.3903226386566,-1,-1,-33.43898021373782,525.5756291877289,-1,59.48190138274342,3,-70.66876195778427,-1
1775580307198862000,1157.1628620605468,549.0103226386566,-1,-1,-33.43897613726402,523.1956291877289,-1,2138.375657278437,3,-70.66875009077894,-1
1775580307228792000,1157.1927919921875,549.0103226386566,-1,-1,-33.43897613726402,523.1956291877289,-1,2138.3756617393037,3,-70.66875009077894,-1
1775580310897996800,1160.861996826172,549.0103226386566,-1,-1,-33.43997194376579,523.1956291877289,-1,1414,3,-70.67678807661275,-1
1775580310912770000,1160.8767700195312,549.0103226386566,-1,-1,-33.43997194393155,523.1956291877289,-1,1414,3,-70.67678807795073,-1
1775580342493845000,1192.457844970703,543.7003226386565,-1,-1,-33.44042201437226,517.8856291877288,-1,25.997805469470457,3,-70.68024742950055,-1
1775580352297364000,1202.261364013672,540.9903226386566,-1,-1,-33.44042205012333,515.1756291877289,-1,25.958114491490836,3,-70.6802596622551,-1
1775580352884104000,1202.8481040039062,540.9903226386566,-1,-1,-33.44042476662938,515.1756291877289,-1,15.55070191066304,3,-70.68025368227464,-1
1775580357889052000,1207.853052001953,540.9903226386566,-1,-1,-33.44041812679715,515.1756291877289,-1,51.33026784934814,3,-70.68024439189232,-1
1775580359102345000,1209.066344970703,540.9903226386566,-1,-1,-33.44042531470191,515.1756291877289,-1,19.999978882913172,3,-70.68025289606717,-1
1775580365857853000,1215.8218530273436,540.9903226386566,-1,-1,-33.440425669115804,515.1756291877289,-1,22.96021860287113,3,-70.68025191716062,-1
1775580371826786000,1221.7907861328124,540.9903226386566,-1,-1,-33.44043173230872,515.1756291877289,-1,59.74890134878411,3,-70.68025159718147,-1
1775580410996982000,1260.9609819335938,541.6003226386565,-1,-1,-33.440398524540086,515.7856291877288,-1,845.2038394466813,3,-70.68018475653865,-1
1775580411016411000,1260.980410888672,541.6003226386565,-1,-1,-33.440398524678116,515.7856291877288,-1,845.2038695279723,3,-70.68018473339706,-1
1775580447778707000,1297.74270703125,528.1303226386566,-1,-1,-33.440393413890234,502.31562918772886,-1,848.8675872452467,3,-70.68013542336934,-1
1775580447790447900,1297.7544477539063,528.1303226386566,-1,-1,-33.440393413070346,502.31562918772886,-1,848.8675968839625,3,-70.68013542240944,-1
1775580451549063000,1301.5130629882813,528.1303226386566,-1,-1,-33.438256490769966,502.31562918772886,-1,19.99447588197758,3,-70.6909501331389,-1
1775580468677909800,1318.6419096679688,527.1303226386566,-1,-1,-33.43825535003351,501.31562918772886,-1,348.67733972524826,3,-70.6909484830827,-1
1775580468692812000,1318.6568120117188,527.1303226386566,-1,-1,-33.438255349785024,501.31562918772886,-1,348.6773980351546,3,-70.69094848279178,-1
1775580496324066000,1346.2880661621093,529.8303226386565,-1,-1,-33.438274266702365,504.0156291877288,-1,57.4947492555164,3,-70.69097123373949,-1
1775580503290518000,1353.2545180664063,529.8303226386565,-1,-1,-33.43826636224881,504.0156291877288,-1,18.987422954280635,3,-70.69096211514577,-1
1775580503367294000,1353.3312939453126,529.8303226386565,-1,-1,-33.43826860143437,504.0156291877288,-1,18.98561999035355,3,-70.6909646996765,-1
1775580509828611800,1359.7926118164062,531.9703226386565,-1,-1,-33.43826586957637,506.1556291877288,-1,16.35775303305318,3,-70.6909638502692,-1
1775580515834305000,1365.7983049316406,531.9703226386565,-1,-1,-33.438264795513795,506.1556291877288,-1,16.03317981634645,3,-70.69096391392071,-1
1775580521843944200,1371.8079440917968,531.9703226386565,-1,-1,-33.43826423082919,506.1556291877288,-1,21.76550986728941,3,-70.69096617126299,-1
1775580527821241900,1377.7852419433593,531.9703226386565,-1,-1,-33.43826371202903,506.1556291877288,-1,29.047532783001902,3,-70.69096824463705,-1
1775580536909591000,1386.8735910644532,534.6003226386565,-1,-1,-33.43826326760893,508.7856291877288,-1,28.81052373514689,3,-70.69097002075279,-1
1775580542916381000,1392.880380859375,534.6003226386565,-1,-1,-33.43826615477756,508.7856291877288,-1,34.81612248884584,3,-70.69097063667621,-1
1775580546282347000,1396.246346923828,534.6003226386565,-1,-1,-33.438262152388006,508.7856291877288,-1,30.729172744890484,3,-70.69097088231109,-1
1775580551944711000,1401.9087109375,537.1803226386565,-1,-1,-33.4382665857164,511.3656291877288,-1,35.08194981741499,3,-70.69097124061068,-1
1775580551959064000,1401.9230639648438,537.1803226386565,-1,-1,-33.4382665857164,511.3656291877288,-1,35.0820300509214,3,-70.69097124061068,-1
1775580556661622000,1406.6256220703126,537.1803226386565,-1,-1,-33.438266511252415,511.3656291877288,-1,38.74740642756794,3,-70.69097123488329,-1
1775580556673383000,1406.6373828125,537.1803226386565,-1,-1,-33.438266511252415,511.3656291877288,-1,38.74746395301233,3,-70.6909712348833,-1
1775580579118950000,1429.082949951172,541.9403226386565,-1,-1,-33.43829873158581,516.1256291877288,-1,19.205840348098768,3,-70.69099132257884,-1
1775580585948150300,1435.912150390625,541.9403226386565,-1,-1,-33.43841588554654,516.1256291877288,-1,20.97043670362679,3,-70.69093493808141,-1
1775580590003158500,1439.9671584472655,534.8779296875,4.619999885559082,99.6527195376745,-33.438361904447355,509.06323623657227,112.5,45.123700620016685,96,-70.69090102533299,0.1899999976158142
1775580591003163100,1440.9671630859375,534.8779297014698,5.165316900075678,-1,-33.43836189695255,509.0632362505421,-1,45.14912171407243,96,-70.69090094097032,0.1899999976158142
1775580592003167200,1441.9671672363281,544.9938964992762,2.2025269898245017,-1,-33.438337237758105,519.1792030483484,-1,23.299307281296464,3.9999999999999942,-70.69097969970281,0.1599999964237213
1775580593003171800,1442.967171875,545.1586914220825,1.6323296662244584,-1,-33.43836197766918,519.3439979711547,-1,26.62386017712512,3.9999999999999982,-70.69091804958713,0.1899999976158142
1775580594003176400,1443.9671765136718,545.0794677883387,1.5205262406934614,-1,-33.43837201883297,519.2647743374109,-1,26.73792215107185,3.9999999999999973,-70.69091280653308,0.4099999964237213
1775580595003181000,1444.9671811523438,544.8762207170948,1.4087228151624644,-1,-33.43837904550423,519.0615272661671,-1,22.2420226720019,4.000000000000001,-70.69095371510774,0.46000000834465027
1775580595998057700,1445.9620576171876,544.9364013811573,1.4981655822432696,-1,-33.43837472728338,519.1217079302296,-1,25.603971540110123,4,-70.69092339425832,0.46000000834465027
1775580596998158000,1446.9621579589843,544.9274902483448,1.4646244612879442,-1,-33.43837277873295,519.1127967974171,-1,24.83266213669433,4.000000000000002,-70.69092972734217,0.46000000834465027
1775580597998264600,1447.9622646484374,544.8500976702198,1.6770509831248424,-1,-33.43837210082743,519.0354042192921,-1,24.592335314266876,3.9999999999999987,-70.69094087646467,0.46000000834465027
1775580598998371000,1448.96237109375,544.8544922014698,1.4758049237930777,-1,-33.438373453068095,519.0397987505421,-1,24.126268708323547,3.9999999999999987,-70.69095392637432,0.2199999988079071
1775580599998475500,1449.9624755859375,544.9775390764698,1.7553134209805514,-1,-33.438375298656794,519.1628456255421,-1,23.41649745094938,4,-70.6909682439677,0
1775580600998578000,1450.9625778808593,545.3149414211512,1.2857390604063716,-1,-33.43834374292247,519.5002479702234,-1,15.969695842291383,3.999999999999999,-70.69101320538284,0.36000001430511475
1775580601998677800,1451.962677734375,546.4536132961512,1.5205262406934614,-1,-33.43836757852368,520.6389198452234,-1,22.982616408379734,4.000000000000003,-70.69101739572861,0.36000001430511475
1775580602998774000,1452.9627739257812,548.2634277986363,1.4299999475479015,146.6717753064201,-33.43836009467873,522.4487343477085,44.29687173085161,22.84337788839795,4.000000000000472,-70.6910306842047,0.7900000214576661
1775580603998861800,1453.9628618164063,549.5617676218972,1.2599999904632513,173.04385426732912,-33.43835760840196,523.7470741709694,51.6796847572052,22.530841381462864,4.000000000000253,-70.69104569702307,0.5899999737739537
1775580604998939100,1454.9629392089844,549.9906006008387,1.4087228151624644,-1,-33.43836068097,524.1759071499109,-1,22.28317284192121,4,-70.69105953909116,0
1775580605999015000,1455.963014892578,549.9711914472282,1.1900000572204537,163.43031590346175,-33.43837196701802,524.1564979963005,133.9453099828877,22.366707421026145,4.000000000000252,-70.69106446778174,0.5899999737739537
1775580606999087400,1456.9630874023437,550.0375977177173,0.8399999737739501,87.26142804227933,-33.4383998365699,524.2229042667896,184.21875034000135,13.848329461994973,4.000000000000445,-70.69111710038156,0.7799999713897647
1775580607999156500,1457.9631564941405,550.7252199649811,0.7185619110417443,34.452052763212,-33.43841187427783,524.9105265140533,175.42968670206633,12.195548599704276,4.000000000002248,-70.6911104164668,1.690000057220399
1775580608999219200,1458.9632192382812,551.4956057071686,0.7185619110417443,34.45205276321305,-33.43842790020039,525.6809122562408,175.4296867020635,12.649201938375233,4.000000000002233,-70.69111176619973,1.6900000572203993
1775580609999280400,1459.9632802734375,545.3275590809062,1.1804625238519084,59.414317132625136,-33.43846869347081,519.5128656299785,156.46324793535678,10.599023647044344,5.479078476384433,-70.69114516576106,1.6098484624960803
1775580610999340500,1460.963340576172,545.3777078753337,1.3135956347819577,74.03079941390286,-33.43850908081229,519.563014424406,177.58482310599655,14.245954644778362,5.8664838136219135,-70.69116751269328,1.4377615658418577
1775580611999395800,1461.9633957519532,545.2547458941117,1.2790059439968255,85.62828225209722,-33.43852318017354,519.440052443184,172.5412481434579,14.245954630794733,6.4594206834401255,-70.69115556659102,1.2102900715034866
1775580612999449300,1462.9634494628906,545.1320171505213,1.3033328442262846,69.33865635426307,-33.438540832865485,519.3173236995935,167.2859996364951,14.245954630396781,6.918115930324946,-70.69114370882532,1.5230204746576053
1775580613999498200,1463.9634982910156,545.25748112984,1.2181905496607555,66.20063234014536,-33.43855285754852,519.4427876789123,167.06505229526053,14.245954636650481,7.32587452471989,-70.69113557760616,1.4910415685491476
1775580614999547100,1464.9635471191407,545.1326183378696,1.2079346708952827,66.62107507451196,-33.438570893035944,519.3179248869419,169.05840311547962,14.24595463019272,7.553077666791938,-70.69112863633865,1.46915445861197
1775580615999591700,1465.963591796875,545.240995047614,1.207446614268698,74.78899411789985,-33.43858146787915,519.4263015966862,162.52245758969622,14.245954622551249,7.563485902037135,-70.69112182120895,1.3081612291300009
1775580616999634700,1466.963634765625,545.0000647027045,1.2275663548469442,65.8540328041248,-33.43859582778796,519.1853712517768,164.61509471081317,14.24595460820371,7.519897642328491,-70.69111226181305,1.510363739284431
1775580617999674400,1467.9636743164062,545.2422120701522,1.3335270848790433,75.95082312266962,-33.43860625777895,519.4275186192244,166.1298747560443,14.245954586359773,7.234772761746125,-70.69110602114228,1.4225059043058141
1775580618999713500,1468.963713623047,545.1365080410615,1.2194496560896249,65.52790311776691,-33.43862092459332,519.3218145901337,170.67317676215654,14.245954601033588,7.0866874645217495,-70.69110313940587,1.5079072688831618
1775580619999749600,1469.9637495117188,545.2981352694333,1.3122835513195261,77.06242391170967,-33.43863306616739,519.4834418185055,170.39724157561773,14.245954601106167,6.614013134404718,-70.69110231500352,1.3798021219369574
1775580620999784000,1470.9637839355469,545.1398590877652,1.334590787637624,75.86222898404935,-33.438645901598036,519.3251656368375,175.79608287417744,14.245954595609883,6.1957603577855265,-70.69110129106818,1.4254648523059184
1775580621999817700,1471.9638176269532,545.3567628692836,1.2953000987004335,86.5836011341857,-33.438655072482604,519.5420694183558,172.28489271327686,14.245954595372153,5.634540373489399,-70.6910978146741,1.2121801064302173
1775580622999869700,1472.9638696289062,545.2647261843085,1.3275939008760016,81.86615426151026,-33.438667982903056,519.4500327333808,169.41319383636264,14.245954595162205,5.236486279600271,-70.6910927786712,1.3140059694720625
1775580623999878400,1473.9638784179688,545.3706766739488,1.3735618710548634,136.69538640314605,-33.4386715394578,519.555983223021,188.69583142389712,14.245954574933018,4.885206638517668,-70.6910956946184,0.8141928020662307
1775580624999907000,1474.9639069824218,545.514889638871,1.5153146831933235,72.1153840664735,-33.43869131450065,519.7001961879432,174.79877929507168,14.24595457495024,4.2582374234177545,-70.69108923584831,1.7025581298066548
1775580625999934000,1475.9639338378906,545.3064883444458,1.3374147453810092,86.68215711436603,-33.43869399341446,519.4917948935181,170.3417335254353,14.245954578430224,4.4258522958681255,-70.69109189118439,1.2447373480660104
1775580626999960000,1476.9639599609375,545.1087596965954,1.3929130726980823,94.20467698657467,-33.43870372354765,519.2940662456676,168.96633816685903,14.245954583889526,4.017086680470528,-70.6910852818372,1.1968792095593535
1775580627999985200,1477.9639851074219,545.151997207664,1.0688338241358417,66.8540217026925,-33.43871849022661,519.3373037567362,168.01940652431577,14.245954582951263,4.1178148780748645,-70.69107852476695,1.2938183811298374
1775580629000008700,1478.9640087890625,545.148367183283,1.0698495973290827,62.437627068026124,-33.438729458508796,519.3336737323552,163.91223542447005,14.245954593278716,4.423990024346319,-70.69106654641939,1.3879264111111627
1775580630000031200,1479.96403125,544.9317834330723,1.1727312446455451,56.17252254559363,-33.43875126578174,519.1170899821445,162.36291198882006,14.245954591786703,4.154623919934234,-70.6910574269297,1.6890523435307567
1775580631000053000,1480.9640529785156,545.0180838350207,1.1433745195765679,57.91489180933448,-33.438762941919904,519.2033903840929,163.39880331223904,14.245954591581036,3.8692805396482077,-70.69105470425256,1.599143247238478
1775580632000074000,1481.9640739746094,544.76427874621,1.121688788107548,63.222089205869956,-33.4387717528515,518.9495852952823,163.8137558646499,14.245954592373398,3.627557223268361,-70.69105209712131,1.4321657129673298
1775580633000094200,1482.9640942382812,545.0823157979175,0.9707909445337795,66.37502694305184,-33.43878289835988,519.2676223469898,167.11332288022558,14.245954588403379,3.671523729191328,-70.6910454800318,1.1847971899803253
1775580634000112600,1483.964112548828,545.2190526090562,0.8762171328593823,54.39484670223795,-33.438796546771336,519.4043591581285,162.3785763741522,14.245954587687018,4.020394237467722,-70.69102364831126,1.3031844445206038
1775580635000131000,1484.9641311035157,545.1528079947457,0.9441831083316954,54.857545503987446,-33.4388110299173,519.3381145438179,162.7313183656092,14.245954584914783,4.292428783437609,-70.69101434528383,1.3942259976951585
1775580636000148700,1485.9641486816406,545.429380999878,0.911617858257374,56.3970307157991,-33.43883048112928,519.6146875489503,164.01958774727754,14.245954583804469,4.374427070711309,-70.69100299182352,1.3018028986756414
1775580637000166000,1486.9641657714844,545.229624026455,0.9323359159095634,43.168541725073624,-33.43885615355156,519.4149305755273,171.19957801711203,14.245954566207173,4.5245894339386,-70.6910103411861,1.7499494296599374
1775580638000183000,1487.9641831054687,545.4280059570447,0.8580185456138142,35.62712363846999,-33.43887468747413,519.6133125061169,173.4561089247754,14.245954547470841,4.527476508287817,-70.69101392821507,1.9497513243429525
1775580639000199000,1488.9641989746094,545.3759392304346,0.8355809278552809,28.29570110358653,-33.438896761598215,519.5612457795069,167.35292576158514,14.245954568671191,4.636899997653873,-70.69100146523157,2.39174609040796
1775580640000214500,1489.9642145996095,545.1501734182239,0.7179825269821719,36.96694083310167,-33.43890738120108,519.3354799672961,167.89521564936226,14.245954579505126,4.749616228056854,-70.6909930997733,1.5716872377785123
1775580641000228900,1490.9642287597655,545.2300402680412,0.7185016342818421,42.63095558863157,-33.438916041082464,519.4153468171135,165.08671761046065,14.24595458727321,4.940022734527317,-70.69098632348638,1.3654211465105894
1775580642000243700,1491.9642436523438,545.1898714788258,0.7183931519137012,43.58024127836066,-33.43893131554902,519.3751780278981,163.5284362200288,14.245954590119275,5.0419103512615555,-70.6909822574588,1.3349501809771736
1775580643000257300,1492.9642573242188,545.2447625966743,0.7185507021062792,51.4239437937479,-33.43894115312428,519.4300691457465,163.69201865341995,14.245954598363124,5.183352097066021,-70.69097908715402,1.131686148731108
1775580644000271600,1493.9642717285155,545.2666308842599,0.7183885458821005,53.56266435416903,-33.43895278082802,519.4519374333322,161.17333708658143,14.245954614979969,5.71431614177759,-70.69097752197622,1.0867309791903632
1775580645000284700,1494.9642846679687,545.6005008686334,0.8561828723533244,63.03662714150287,-33.438969285761914,519.7858074177057,165.7912454279137,14.24595460716509,5.7114434145801205,-70.69097753481803,1.0804438213631726
1775580646000297500,1495.9642973632813,545.4290574761108,0.8857922450076151,64.34532404094787,-33.43898017738272,519.614364025183,166.91746894600456,14.24595459725823,5.4885925847179395,-70.69097386804745,1.1143452699974532
1775580647000309500,1496.9643095703125,545.1610362967476,0.804795864610709,46.111355983156955,-33.43899528539939,519.3463428458199,156.83154944331798,14.24595459914012,5.622048953514152,-70.69095847315393,1.407798013828055
1775580648000321800,1497.9643217773437,545.0770767442882,0.9168363975935404,42.84229915985866,-33.439012598949084,519.2623832933605,159.67670043698993,14.245954594184017,5.433849350736269,-70.69095089064903,1.729816473954831
1775580649000334300,1498.9643342285156,545.1402499619871,0.8702398128881799,44.417360289504984,-33.43902742899278,519.3255565110594,163.72505651411257,14.24595459529434,5.553909299021746,-70.69095371365458,1.5867739522304174
1775580650000345600,1499.964345703125,545.3224517321214,0.7771849550779054,39.96595938020742,-33.439042571087455,519.5077582811937,165.4063089036643,14.245954595817501,5.507914108141925,-70.69094869739948,1.5734237348642492
1775580651000357000,1500.9643571777344,545.208644349128,0.9765072847009252,40.56458796276417,-33.43906611757816,519.3939508982003,175.6663449216126,14.24595454688354,5.606670670202903,-70.69095051723586,1.9498153723442944
1775580652000368400,1501.9643684082032,545.214419292286,0.9539675472858775,40.45816379744988,-33.43908674587898,519.3997258413583,183.14196534733966,14.245954532952588,5.83090645030571,-70.69095672130199,1.9097639894882268
1775580653000378600,1502.9643786621093,544.7808341365308,0.9342432218338532,48.739054697810076,-33.43909801609915,518.966140685603,170.22060985948468,14.245954586628224,6.072759253879456,-70.6909526115911,1.507049941138095
1775580654000390100,1503.9643901367187,545.1427567778155,0.9222961299170994,45.39048691614435,-33.439117048083276,519.3280633268878,171.1614565589252,14.245954586610512,6.192919799305892,-70.69095223125385,1.644826381069981
1775580655000400100,1504.9644001464844,545.3735008547083,0.976078469482183,36.19754676766167,-33.43914026159317,519.5588074037805,173.60103758903625,14.245954552801464,6.602403675405293,-70.69095563689466,2.1840980839726356
1775580656000410600,1505.9644106445312,545.2142802244052,0.7185245538034168,36.46455460396673,-33.43914079336433,519.3995867734775,139.03945490371504,14.245954652783059,7.345367615227305,-70.69092884933741,1.5960754265848804
1775580657000421000,1506.9644211425782,544.9733260218054,0.7648437016973201,46.48941504436193,-33.43913648976627,519.1586325708777,108.54158721389874,14.245954691338993,7.7201999573035796,-70.69091574939621,1.3053675096119086
1775580658000431000,1507.9644311523436,545.1169520663098,0.942345322015644,59.45696333110996,-33.439131515379245,519.302258615382,95.57285531492477,14.245954661686609,7.7115378619446995,-70.69089903255738,1.2778297246997674
1775580659000440000,1508.964440185547,545.1366100115702,1.013178463976821,68.49009290454828,-33.43912744880398,519.3219165606424,88.7351962587197,14.245954655833174,7.408875854160072,-70.69088620728853,1.1956305767140156
1775580660000449500,1509.9644494628906,545.0661118002608,1.0336631678245434,70.17843615099675,-33.43912645462822,519.2514183493331,87.57598586512685,14.24595469524976,7.675094882886913,-70.69087181612677,1.1925140005657873
1775580661000459300,1510.9644592285156,545.4937599785626,1.0405358833405076,60.33834007877588,-33.439127870223174,519.6790665276349,89.65296981281068,14.245954728784579,7.1913930790176055,-70.69085345629297,1.3788074622994633
1775580662000468700,1511.96446875,545.2928552124649,0.9801897117377658,53.37198287661179,-33.43912365167068,519.4781617615372,84.52140599115276,14.245954742849667,7.246436130221209,-70.69083711441968,1.4818103658979715
1775580663000477700,1512.9644777832032,545.4548159362748,0.8616471018924501,52.76271687496068,-33.43912352652413,519.6401224853471,84.64593714787773,14.24595472662821,7.024313001733732,-70.69082709384912,1.3165745722259015
1775580664000487400,1513.9644873046875,545.4144817749038,0.9885695843928178,72.69001651347318,-33.43912196512631,519.5997883239761,83.74415062552758,14.245954687174313,6.964501547022806,-70.69081371309638,1.1013221777635624
1775580665000496000,1514.96449609375,545.5174638461322,1.0290960593275937,74.59015096475926,-33.43911431560466,519.7027703952044,78.43699177100456,14.245954701493616,6.875287117387401,-70.6908011211716,1.1159609272558257
1775580666000505000,1515.964505126953,545.4529448738322,1.0623342556799142,64.20966640176722,-33.439106927409846,519.6382514229044,74.3781459469348,14.245954684422106,6.81308845086021,-70.69078266883236,1.3400009848437
1775580667000514600,1516.9645146484374,545.9050427172333,0.9255462533643201,82.9929076174364,-33.43909518231023,520.0903492663056,56.29711400653251,14.245954624605192,7.362183855483325,-70.690782859739,0.8644824382547567
1775580668000522200,1517.964522216797,545.9412832800299,0.99633771575815,92.98861559938052,-33.43908076650589,520.1265898291022,40.63229002202629,14.245954587874989,7.506402862223048,-70.69078472804712,0.8153797032715234
1775580669000531200,1518.96453125,545.6616438059136,0.9531314890222997,94.08918516196886,-33.439068005300435,519.8469503549859,34.8434422884428,14.245954582146704,7.549612898784271,-70.69078363558897,0.8054864900042161
1775580670000540000,1519.9645397949218,545.6456787390634,0.9067460453565365,129.26652429693124,-33.4390654127388,519.8309852881357,21.770805157704448,14.245954588223013,8.251665672834571,-70.69079002251952,0.5635594849863085
1775580671000548400,1520.9645483398438,545.7863907758147,1.025904559120727,154.27893047708133,-33.43905752938512,519.9716973248869,14.830373563137135,14.245954597716649,7.912628474989425,-70.69079384503041,0.5304790418254738
1775580672000557000,1521.9645571289063,545.8736669784412,1.0475009021419157,143.40184384024408,-33.439053668987626,520.0589735275134,11.84240676806391,14.245954604741355,7.6078012899326675,-70.69079283809668,0.547985029209644
1775580673000565800,1522.964565673828,546.0794042674825,0.9907451836454229,107.26209518072768,-33.439045824101285,520.2647108165547,12.030012022747687,14.2459546183587,7.553086239778604,-70.69079244822332,0.67622442853739
1775580674000573400,1523.9645734863282,546.0452525131404,1.1938873963824157,180,-33.43904515256353,520.2305590622127,9.480164354849608,14.245954605111502,6.823007361791481,-70.69079488003302,0.2675678811179976
1775580675000582100,1524.96458203125,546.0115331178531,1.4491388400763219,180,-33.43904641334098,520.1968396669254,9.480164767912834,14.24595459057527,6.161200541093955,-70.69079548802604,0
1775580676000589800,1525.96458984375,546.0115331178531,1.4039810987650645,180,-33.43904641334098,520.1968396669254,9.480164767912834,14.24595459057527,5.709003352936692,-70.69079548802604,0
1775580677000598000,1526.9645979003906,546.0115331178531,1.3867501467334526,180,-33.43904641334098,520.1968396669254,9.480164767912834,14.245954590575272,5.967621056331939,-70.69079548802604,0
1775580678000606000,1527.9646059570312,545.6186854410917,1.313103002822811,180,-33.43904206803507,519.8039919901639,9.480166693818887,14.24595459235683,5.765909564365556,-70.69079774025298,0.034477257097924034
1775580679000614700,1528.9646147460937,545.4246238414198,1.344832040909267,180,-33.43904009973557,519.6099303904921,9.480161956807196,14.24595459057527,5.969057805080873,-70.69079147947485,0
1775580680000622300,1529.9646223144532,545.4011039398611,1.4117152460815572,180,-33.43904020855348,519.5864104889333,9.480162266462541,14.2459545915895,6.024290360153847,-70.69079188760685,0.01683140471358027
1775580681000630300,1530.9646303710938,545.3898896463215,1.409219104690079,180,-33.439038427662126,519.5751961953938,9.480162898094482,14.245954591456798,6.032521799512335,-70.69079260598895,0.012736505808584509
1775580682000638500,1531.9646384277344,545.454391037114,1.183352019527196,180,-33.439039837071554,519.6396975861862,9.480163013530015,14.24595459057527,5.508956314297719,-70.69079283613117,0
1775580683000646100,1532.9646462402343,545.3380979131907,1.4570884141555576,180,-33.43903308119775,519.523404462263,9.480163292483379,14.24595459057527,5.645517957407221,-70.69079281326609,0
1775580684000653800,1533.9646538085938,545.3380979131907,1.4697198131340086,180,-33.43903308119775,519.523404462263,9.480163292483379,14.245954590575272,5.507830290313112,-70.69079281326609,0
1775580685000661800,1534.9646618652343,545.3380979131907,1.425013468185574,180,-33.43903308119775,519.523404462263,9.480163292483379,14.24595459057527,5.475379735069681,-70.69079281326609,0
1775580686000670500,1535.9646704101563,545.4986736001447,1.3416131636936213,180,-33.439032170119546,519.683980149217,9.480166913451344,14.245954599431691,5.560561938611173,-70.69079746135773,0.1887516448866225
1775580687000678100,1536.9646782226562,545.3309981394559,1.4778692434639098,180,-33.43903262398381,519.5163046885282,9.480167719323669,14.245954590575272,4.9209747386121805,-70.6907985332383,0
1775580688000685600,1537.964685546875,545.3309981394559,1.567808838650467,180,-33.43903262398381,519.5163046885282,9.480167719323669,14.24595459057527,4.663735708323109,-70.6907985332383,0
1775580689000692700,1538.9646926269531,545.3309981394559,1.4158907897170392,180,-33.43903262398381,519.5163046885282,9.480167719323669,14.245954590575272,5.07787048439805,-70.6907985332383,0
1775580690000700700,1539.9647006835937,545.3309981394559,1.4668334491562023,180,-33.43903262398381,519.5163046885282,9.480167719323669,14.24595459057527,4.816176157771189,-70.6907985332383,0
1775580691000709000,1540.9647092285156,545.3309981394559,1.4924150603079807,180,-33.43903262398381,519.5163046885282,9.480167719323669,14.24595459057527,4.459390306247623,-70.6907985332383,0
1775580692000716800,1541.964716796875,545.3309981394559,1.5024866727100026,180,-33.43903262398381,519.5163046885282,9.480167719323669,14.245954590575272,4.293367290588323,-70.6907985332383,0
1775580693000724200,1542.9647241210937,545.3309981394559,1.4091799670100447,180,-33.43903262398381,519.5163046885282,9.480167719323669,14.24595459057527,4.36877899270819,-70.6907985332383,0
1775580694000731600,1543.9647316894532,545.3309981394559,1.4434313098069689,180,-33.43903262398381,519.5163046885282,9.480167719323669,14.24595459057527,4.42348145499363,-70.6907985332383,0
1775580695000739000,1544.964739013672,545.3309981394559,1.3477379286513396,180,-33.43903262398381,519.5163046885282,9.480167719323669,14.24595459057527,4.6146772148179105,-70.6907985332383,0
1775580696000747000,1545.9647470703126,545.3309981394559,1.283053309238741,180,-33.43903262398381,519.5163046885282,9.480167719323669,14.24595459057527,4.531806486054067,-70.6907985332383,0
1775580697000754700,1546.9647546386718,545.3309981394559,1.1869608633889563,180,-33.43903262398381,519.5163046885282,9.480167719323669,14.24595459057527,4.6649614527927294,-70.6907985332383,0
1775580698000763000,1547.964762939453,545.3309981394559,1.166398435585829,180,-33.43903262398381,519.5163046885282,9.480167719323669,14.245954590575272,4.686411375816272,-70.6907985332383,0
1775580699000769500,1548.96476953125,545.3309981394559,1.0661187853013314,180,-33.43903262398381,519.5163046885282,9.480167719323669,14.245954590575272,4.741528592862082,-70.6907985332383,0
1775580700000777200,1549.9647770996094,545.3309981394559,0.9410540265301445,180,-33.43903262398381,519.5163046885282,9.480167719323669,14.245954590575272,4.9560996469440415,-70.6907985332383,0
1775580701000785000,1550.9647849121093,545.3072526231408,1.4367485553047885,180,-33.4390102201956,519.4925591722131,9.480186903189505,14.24595459057527,5.135193179065987,-70.69082215727515,0
1775580702000792300,1551.964792236328,545.4391172463074,1.072261455395491,180,-33.43901546657486,519.6244237953797,9.480184097353932,14.245954590575272,4.9552026486594105,-70.69081881424651,0
1775580703000800500,1552.9648005371093,545.4391172463074,1.0900262427114427,180,-33.43901546657486,519.6244237953797,9.480184097353932,14.24595459057527,4.821086706549422,-70.69081881424651,0
1775580704000807700,1553.9648076171875,545.2971771610901,1.5474693355075302,180,-33.43901315129383,519.4824837101623,9.4801830970169,14.245954592522438,4.617939415004765,-70.6908173838886,0.07769050557333845
1775580705000814800,1554.9648149414063,545.5459250463173,1.3813305961287898,180,-33.439013300203364,519.7312315953895,9.480177080006039,14.245954595393084,5.0507439564562695,-70.69080958231345,0.14874730608458966
1775580706000823000,1555.9648229980469,545.9229030041024,1.0524111869468074,99.24182585323598,-33.43900669808793,520.1082095531747,1.87112900298799,14.245954626473551,5.273898212973762,-70.69079186604934,0.8185292270448601
1775580707000830700,1556.9648308105468,545.925375035964,0.9437195942486325,84.49759964773578,-33.43900133854746,520.1106815850362,346.8540746272751,14.245954625332711,5.5545472504961255,-70.6907899523294,0.8379130872741442
1775580708000838400,1557.9648383789063,546.0953521430492,0.9538811345710873,119.99044023664932,-33.43899964778613,520.2806586921215,344.33649915765335,14.245954619220795,5.6963803507622295,-70.69078435336775,0.5903235656976328
1775580709000845300,1558.9648452148438,545.9958539493382,0.978756805820946,75.06964542038897,-33.438983694045774,520.1811604984105,351.041316405895,14.245954644754269,5.761353950351947,-70.690778134684,0.9584764349272215
1775580710000852700,1559.964852783203,545.9069049861282,1.0468964972147137,75.78015333181146,-33.438972312000985,520.0922115352005,353.2085502970678,14.245954652818316,5.5970626725556,-70.69077609426508,1.0978141421000986
1775580711000860700,1560.9648605957032,545.7030974468216,1.1849854987480384,92.79468122378104,-33.43896752080394,519.8884039958939,353.83468743026356,14.245954667015686,5.610387951295507,-70.69077140855556,1.0318516346363968
1775580712000867300,1561.9648674316406,545.7843417944387,1.375863901132238,111.4827769270952,-33.43896027278952,519.9696483435109,353.3273318895279,14.245954643294406,4.72380675455908,-70.69077207264857,0.9988217261537577
1775580713000876000,1562.9648759765626,545.6271115429699,1.519389919447448,132.8070553930362,-33.438955483990995,519.8124180920422,352.95071057058664,14.245954625493757,3.9855307259296087,-70.69077243726927,0.9254723292492673
1775580714000883000,1563.9648830566407,545.7202365603298,1.6325659022562196,180,-33.438955162303344,519.9055431094021,354.5024690336689,14.245954608958806,3.4565724841035155,-70.69076697637249,0.583638798732707
1775580715000891100,1564.9648911132813,545.6691948641092,2.151040990853576,180,-33.438952527470924,519.8545014131814,354.5024703869733,14.2459545970125,3,-70.69076946198469,0.4365731995140471
1775580716000897300,1565.9648972167968,545.6825362797827,1.2171912799312474,180,-33.43895258948956,519.8678428288549,354.502470108817,14.24595459057527,3,-70.69076895033113,0
1775580717000905700,1566.9649057617187,545.6825362797827,1.8436159527526834,180,-33.43895258948956,519.8678428288549,354.502470108817,14.24595459057527,3,-70.69076895033113,0
1775580718000913000,1567.9649128417968,545.6825362797827,1.0191820312464093,180,-33.43895258948956,519.8678428288549,354.502470108817,14.24595459057527,3,-70.69076895033113,0
1775580719000919800,1568.964919921875,545.6825362797827,1.7189574307503377,180,-33.43895258948956,519.8678428288549,354.502470108817,14.245954590575272,3,-70.69076895033113,0
1775580720000928500,1569.964928466797,545.6825362797827,1.703674330113626,180,-33.43895258948956,519.8678428288549,354.502470108817,14.24595459057527,3,-70.69076895033113,0
1775580721000935700,1570.9649357910157,545.6825362797827,1.72815464837612,180,-33.43895258948956,519.8678428288549,354.502470108817,14.24595459057527,3,-70.69076895033113,0
1775580722000957000,1571.96495703125,545.4916947074234,2.018809088988873,180,-33.43896402000354,519.6770012564957,354.50247575855894,14.24595459057527,3,-70.6907793629552,0
1775580723000947700,1572.9649477539062,545.440599206835,1.744499449177136,180,-33.43896509418533,519.6259057559073,354.502476121565,14.245954590655058,3,-70.69078003252646,0.06297043171997437
1775580724000937700,1573.9649377441406,545.4382667066529,1.5450978037486434,180,-33.43896534124666,519.6235732557252,354.5024761169548,14.24595459057527,3,-70.6907800244385,0
1775580725000925400,1574.9649255371094,563.989257899113,1.740000009536724,148.41003963382855,-33.43908443815459,538.1745644481853,275.9765680986791,25.587229829885082,6.000000000000538,-70.69082459370321,0.9499999880790605
1775580726000910800,1575.964910888672,563.9892578264698,1.8099999427795408,180,-33.43908532991402,538.1745643755421,275.9765625,25.645248340313998,6.000000000001575,-70.69081443368522,0
1775580727000892400,1576.9648923339844,563.9892578264698,2.0199999809265132,180,-33.43908532991402,538.1745643755421,275.9765625,26.003568230683022,6.000000000005269,-70.69081443368522,0
1775580728000875500,1577.9648754882812,563.9892578264698,2.0199999809265132,180,-33.43908532991402,538.1745643755421,275.9765625,26.168828338033077,6.000000000013359,-70.69081443368522,0
1775580729000856600,1578.9648566894532,563.9892578264698,2.039999961853027,180,-33.43908532991402,538.1745643755421,275.9765625,25.967361647845447,6.000000000025804,-70.69081443368522,0
1775580730000836400,1579.9648364257812,563.9892578264698,2.539999961853027,180,-33.43908532991402,538.1745643755421,275.9765625,26.703312648394974,6.000000000045793,-70.69081443368522,0
1775580731000817000,1580.9648168945312,564.0480958772823,2.7400000095366743,155.25735138507883,-33.43906803201119,538.2334024263546,284.06250821958224,27.359564169365107,6.000000000001415,-70.6909309385732,1.4299999475478764
1775580732000798200,1581.9647980957031,564.0061035295948,3.3541019662496847,-1,-33.439067853645916,538.1914100786671,-1,28.25058707106866,8.000000000000002,-70.69092205732194,1.0499999523162842
1775580733000776400,1582.9647763671876,563.6604004055262,3.4100036123751645,-1,-33.439070284397836,537.8457069545984,-1,28.6204768661771,7.999999999999997,-70.69092733792094,0.9599999785423279
1775580734000748800,1583.9647487792968,564.4577636877075,2.985150835261443,-1,-33.43906554862253,538.6430702367797,-1,28.920819787981493,8,-70.69092448807386,0.8100000023841858
1775580735000732400,1584.964732421875,564.4577636877075,1.450000047683627,180,-33.43906554862253,538.6430702367797,4.921892782549734,25.820629511431527,8.000000000005338,-70.69092448807386,0
1775580736000712400,1585.9647124023438,564.4577636877075,1.60000002384176,180,-33.43906554862253,538.6430702367797,4.921892782549734,25.298129174140584,8.000000000020524,-70.69092448807386,0
1775580737000698000,1586.9646979980469,564.4577636877075,1.5210143830860958,180,-33.43906554862253,538.6430702367797,354.5025545514545,14.24595459057527,3,-70.69092448807386,0
1775580738000684500,1587.9646845703126,545.1683572977781,1.9330524010102403,180,-33.43897083500974,519.3536638468504,354.50248053411195,14.24595459057527,3,-70.69078815988819,0
1775580739000671700,1588.9646716308594,545.1467250399292,1.6957555459557845,180,-33.43897094220081,519.3320315890014,354.50248052002934,14.24595459057527,3,-70.69078813414988,0
1775580740000661000,1589.964660888672,545.1467250399292,1.6538367486000018,180,-33.43897094220081,519.3320315890014,354.50248052002934,14.245954590575272,3,-70.69078813414988,0
1775580741000650500,1590.964650390625,545.3205672176555,1.9852021689083634,180,-33.4389696165114,519.5058737667277,354.5024810674625,14.245954590576481,3,-70.69078913920526,0.038137261018271196
1775580742000641000,1591.9646411132812,545.3271435983479,1.6457207914613852,180,-33.438969850820136,519.5124501474202,354.50248112058307,14.24595459057527,3,-70.69078923731006,0
1775580743000633300,1592.9646333007813,545.2229808466509,1.5353405755018117,180,-33.43899729635164,519.4082873957232,354.50248491492107,14.245954590532158,3,-70.69079626188667,0.12368094444380774
1775580744000625700,1593.9646257324218,545.1438532564789,1.8574648618535932,180,-33.438997332891326,519.3291598055512,354.5024864606761,14.245954590482423,3,-70.69079910582751,0.20298501651024217
1775580745000618200,1594.9646181640626,545.192422490567,1.6169449290413125,180,-33.43900013291421,519.3777290396392,354.5024857686889,14.245954590574165,3,-70.69079783717169,0.01364900505247936
1775580746000612600,1595.9646125488282,545.3598533477634,1.932699210378624,180,-33.439001485322294,519.5451598968357,354.50248467562244,14.245954590575225,3,-70.69079582830197,0.06165928009899264
1775580747000608300,1596.964608154297,545.2172856125981,2.1300577905367573,180,-33.43900547870102,519.4025921616703,354.50248548998127,14.24595459057464,3,-70.69079733292621,0.033245417843025434
1775580748000603100,1597.9646030273439,545.310615034774,2.345220622996429,180,-33.43900503313779,519.4959215838462,354.50248990501126,14.245954590586466,3,-70.69080545499507,0.04263285982100003
1775580749000599300,1598.9645993652343,545.297281164676,2.548672562415876,180,-33.438998644735136,519.4825877137482,354.5024901323907,14.245954591298824,3,-70.69080586314483,0.4440487996229719
1775580750000595500,1599.9645954589844,544.9308693530038,1.8848400760070876,180,-33.43902666971211,519.1161759020761,354.50248568000393,14.245954592247573,3,-70.69079771631014,0.322367081609182
1775580751000593700,1600.96459375,545.1076984070241,1.9875967412446713,180,-33.43901884899396,519.2930049560964,354.502470481658,14.245954590901535,3,-70.69076974190146,0.054805504867800205
1775580752000591000,1601.964591064453,545.2417804216966,1.3815630917942128,180,-33.439017757736494,519.4270869707689,354.5024700841875,14.245954590634538,3,-70.69076900889505,0.012580180478209626
1775580753000589300,1602.9645893554687,545.3265528744087,1.1608787734424129,180,-33.43901581657347,519.5118594234809,354.5024697339314,14.245954590575272,3,-70.69076836139887,0
1775580754000587500,1603.9645874023438,545.315472619608,1.6799627746601724,180,-33.439029874492,519.5007791686803,354.5024658230588,14.245954591240437,3,-70.69076118857855,0.16934007259955
1775580755000586200,1604.9645861816407,545.308872169815,1.4633426728205352,180,-33.43902945188127,519.4941787188873,354.5024661577912,14.24595459057527,3,-70.69076180374617,0
1775580756000585700,1605.9645856933594,545.308872169815,1.446764109417158,180,-33.43902945188127,519.4941787188873,354.5024661577912,14.24595459057527,3,-70.69076180374617,0
1775580757000586000,1606.9645859375,545.308872169815,1.365236055474825,180,-33.43902945188127,519.4941787188873,354.5024661577912,14.245954590575272,3,-70.69076180374617,0
1775580758000585700,1607.9645856933594,545.308872169815,1.267140577163414,180,-33.43902945188127,519.4941787188873,354.5024661577912,14.24595459057527,3,-70.69076180374617,0
1775580759000586800,1608.9645866699218,545.308872169815,1.260421201149558,180,-33.43902945188127,519.4941787188873,354.5024661577912,14.245954590575272,3,-70.69076180374617,0
1775580760000587500,1609.9645874023438,545.4565867651254,1.6988626499608153,180,-33.439005103541795,519.6418933141977,354.5024652139292,14.24595459141397,3,-70.69076002841383,0.2430098038982578
1775580761000588500,1610.964588623047,545.4022739063948,1.6674266863365128,180,-33.43903558691926,519.5875804554671,354.5024588736119,14.245954590680867,3.0569656738776345,-70.69074841208042,0.16090264603053675
1775580762000589800,1611.96458984375,545.2449539387599,1.8276240860019428,180,-33.43903493580035,519.4302604878321,354.5024578061998,14.245954590846653,3.0881051655797847,-70.69074644721583,0.05521476779091924
1775580763000592000,1612.964591796875,545.5498976120725,1.2930695107784187,180,-33.439046528241015,519.7352041611448,354.5024564853473,14.245954590447354,3.335684633644094,-70.69074403558933,0.023438676665068655
1775580764000593000,1613.9645930175782,545.4041043557227,1.5990983469506226,180,-33.439045130384834,519.5894109047949,354.5024507069313,14.245954590250761,3.525161642984376,-70.69073340222083,0.1017217400568847
1775580765000596000,1614.9645959472657,545.5205142181367,1.4605617522860204,180,-33.4390749104904,519.7058207672089,354.5024363383652,14.245954589938927,3.8964803707255733,-70.69070701438278,0.06472107103473904
1775580766000598500,1615.9645986328126,545.5506331082433,1.4673863313300652,180,-33.439083573114004,519.7359396573156,354.5024391213611,14.245954589981457,4.11188701170596,-70.69071214835463,0.05628146486988266
1775580767000600600,1616.9646005859374,545.4058053381741,1.3863036796717576,180,-33.439094713594365,519.5911118872464,354.502434435426,14.24595459057527,4.181383022552937,-70.69070354492405,0
1775580768000602600,1617.9646025390625,545.548598815687,1.5809675862174453,180,-33.439095186620534,519.7339053647593,354.50243292332414,14.24595459057527,4.257551268767623,-70.69070076371037,0
1775580769000605700,1618.9646057128907,545.567578105256,1.1617357492224527,180,-33.43909567328026,519.7528846543282,354.5024338748752,14.245954590469113,3.99755584988705,-70.69070251515166,0.03643883555566568
1775580770000609000,1619.9646091308593,545.5460814181715,1.7109054481868626,180,-33.43909725209535,519.7313879672438,354.50243284307487,14.245954590661766,3.9479490719493646,-70.69070061936063,0.031704297369031006
1775580771000612600,1620.9646125488282,545.3215306000784,1.916023119543468,180,-33.43908724835055,519.5068371491507,354.50243017516834,14.245954594416322,3.3961140262411535,-70.69069569499169,0.542475262276326
1775580772000616200,1621.9646162109375,545.4624710157514,2.0219563660724242,180,-33.43908709529533,519.6477775648236,354.50243522676556,14.245954598527902,3.049146298849496,-70.69070498868597,0.5782326666524276
1775580773000618500,1622.964618408203,545.5259211948141,1.5788515710529334,180,-33.439091489602916,519.7112277438864,354.5024366416003,14.245954591838814,3.2496742225712865,-70.69070759870758,0.13315543556080633
1775580774000622300,1623.9646223144532,545.5234909588471,1.2961684982882833,180,-33.43909098074153,519.7087975079194,354.50243660646294,14.24595459057527,3.0760038728101193,-70.69070753325043,0
1775580775000626200,1624.9646262207032,545.5234909588471,1.0272481487598755,180,-33.43909098074153,519.7087975079194,354.50243660646294,14.24595459057527,3,-70.69070753325043,0
1775580776000630300,1625.9646303710938,545.5234909588471,1.0262595107603913,180,-33.43909098074153,519.7087975079194,354.50243660646294,14.24595459057527,3,-70.69070753325043,0
1775580777000634600,1626.9646345214844,545.5234909588471,1.0260904170023826,180,-33.43909098074153,519.7087975079194,354.50243660646294,14.24595459057527,3,-70.69070753325043,0
1775580778000638000,1627.964637939453,545.5234909588471,1.15797874021421,180,-33.43909098074153,519.7087975079194,354.50243660646294,14.24595459057527,3,-70.69070753325043,0
1775580779000642300,1628.9646423339843,545.3826081547886,1.7875950020137015,180,-33.43908745290106,519.5679147038609,354.5024418010088,14.24595459057527,3,-70.69071708456104,0
1775580780000646700,1629.9646467285156,545.3826081547886,1.6483125092212467,180,-33.43908745290106,519.5679147038609,354.5024418010088,14.24595459057527,3,-70.69071708456104,0
1775580781000650500,1630.964650390625,545.4202521145344,1.5330690150297408,180,-33.439087248018446,519.6055586636066,354.50244381291617,14.24595459057527,3,-70.69072078574536,0
1775580782000655000,1631.9646550292969,545.4202521145344,1.588378326721528,180,-33.439087248018446,519.6055586636066,354.50244381291617,14.24595459057527,3,-70.69072078574536,0
1775580783000658700,1632.9646586914062,545.3685338972136,1.461414540963143,180,-33.4390893738215,519.5538404462859,354.50243708461886,14.245954590604875,3,-70.69070841040067,0.01195732793066887
1775580784000663800,1633.9646638183594,545.5257073873654,1.9096597944115858,180,-33.43908486722303,519.7110139364377,354.50243510767507,14.24595459057527,3,-70.69070476603078,0
1775580785000668200,1634.9646682128907,545.3605131180957,1.7130386742164598,180,-33.439073717104215,519.545819667168,354.50244153617956,14.245954592153014,3,-70.69071657542872,0.19268545254233774
1775580786000672800,1635.9646728515625,545.3615208249539,1.6795787137658325,180,-33.43907471687918,519.5468273740262,354.5024414729298,14.24595459057527,3,-70.69071646065565,0
1775580787000676900,1636.9646767578124,545.3615208249539,1.633661031092423,180,-33.43907471687918,519.5468273740262,354.5024414729298,14.24595459057527,3,-70.69071646065565,0
1775580788000681500,1637.9646813964844,545.3825344881043,1.713427739609936,180,-33.43907484710448,519.5678410371765,354.50243942967364,14.24595459057527,3,-70.69071270167683,0
1775580789000685800,1638.9646857910157,545.4425362683833,2.006713638280168,180,-33.43907216924895,519.6278428174555,354.5024410759627,14.245954591391992,3,-70.69071572625315,0.2655628158524717
1775580790000691500,1639.96469140625,545.3687582686543,2.3349242949730193,180,-33.439071103755865,519.5540648177266,354.5024411246699,14.245954590893742,3,-70.69071581416608,0.14092616945490355
1775580791000696300,1640.9646962890624,545.4605772979558,2.7680148376014584,180,-33.43907022173208,519.645883847028,354.502441109924,14.245954590659188,3,-70.69071578563043,0.07690342655305425
1775580792000701400,1641.9647014160157,545.3521449174732,2.6047950719336392,180,-33.43907016118774,519.5374514665455,354.5024413624102,14.245954590565074,3,-70.69071625005847,0.0906345033340069
1775580793000705800,1642.9647058105468,545.3939774855971,3.0541324969478145,180,-33.439070874614956,519.5792840346694,354.5024429191104,14.245954590561276,3,-70.69071911521577,0.06807987286796138
1775580794000711000,1643.9647109375,545.400140198879,3.445323297858306,180,-33.43907338412542,519.5854467479512,354.50244567545883,16.90907575879328,3,-70.69072419035159,0.19730762040088357
1775580795000716300,1644.9647163085938,545.4413635991514,3.8969690755726605,180,-33.439074511411306,519.6266701482236,354.50244894911754,21.164623936051033,3,-70.69073021503202,0.24552553956592102
1775580796000720100,1645.9647202148437,545.3338823514059,4.246682244318319,180,-33.43907034241939,519.5191889004782,354.5024519246226,25.070367031763045,3,-70.6907356827251,0.2394435088965633
1775580797000724700,1646.9647248535157,545.2943783523515,4.6036675213446205,180,-33.43906989526307,519.4796849014238,354.50245424331314,29.847678431800578,3,-70.69073994794309,0.22915816608355477
1775580798000730400,1647.96473046875,545.2975535076112,4.964139191825583,180,-33.43906867181545,519.4828600566834,354.50245309621477,35.6305842006552,3,-70.69073783555899,0.2403747327031132
1775580799000735500,1648.9647355957031,545.5370127214119,5.2390742620349755,180,-33.43906219114596,519.7223192704841,354.5024512041389,40.76978805339687,3,-70.69073434418263,0.29992621361726207
1775580800000740400,1649.964740234375,545.2874825205654,1.4895041154244797,180,-33.43907723516226,519.4727890696377,354.50244827182195,21.53460705575254,3,-70.69072897328472,0.03356343946442139
1775580801000745200,1650.9647451171875,545.3153984164819,2.0378376212840124,180,-33.43907906143989,519.5007049655542,354.50244825130727,21.695393963345992,3,-70.6907289384534,0.027780514541086453
1775580802000751000,1651.9647512207032,545.3099783668295,0.7185619110417696,-1,-33.43907861727531,519.4952849159017,-1,21.767766507462945,3.0000000000089178,-70.69072767189502,0
1775580803000755700,1652.9647556152345,545.3099783668295,0.7185619110417696,-1,-33.43907861727531,519.4952849159017,-1,21.767766507462945,3.0000000000089178,-70.69072767189502,0
1775580804000761600,1653.96476171875,545.3815646618605,1.9280813553669123,180,-33.4390789660979,519.5668712109327,354.5024506756338,20.112086409644267,3,-70.69073339858171,0
1775580805000766700,1654.9647666015626,545.4065516674891,1.0665226631040237,180,-33.43907748279309,519.5918582165614,354.50245016103895,19.629178120358407,3,-70.69073244946436,0
1775580806000771600,1655.964771484375,545.4294319367036,1.8505494813805872,180,-33.4390747443235,519.6147384857759,354.5024487457733,19.693307558661818,3,-70.69072984129016,0
1775580807000777200,1656.9647770996094,545.3802023204044,1.7375658406534467,180,-33.43907307210606,519.5655088694766,354.5024491897554,19.748083297479642,3,-70.69073065546331,0.14581631859048685
1775580808000782000,1657.964781982422,545.3642448354512,1.699044902952152,180,-33.43905839133039,519.5495513845235,354.5024632052423,19.11482342254954,3,-70.69075641777596,0.031502766575886354
1775580809000787000,1658.9647868652344,545.3688064422458,2.013686514791602,180,-33.439057815607015,519.5541129913181,354.5024633622938,19.460787436629175,3,-70.69075670580183,0.09042412265606276
1775580810000792600,1659.9647924804688,545.3395204124972,2.4312122220212427,180,-33.439054271914465,519.5248269615695,354.502464230249,20.202007214886432,3,-70.69075829701794,0.27680213492512795
1775580811000798000,1660.9647978515625,545.2049493398517,1.7459829175855637,180,-33.43905670330151,519.390255888924,354.5024659980643,19.55788479946092,3,-70.69076155332363,0.03866004875199493
1775580812000803000,1661.9648029785155,545.298732733354,1.5561222243664512,180,-33.43905802566309,519.4840392824262,354.5024656572739,19.518123748710174,3,-70.690760928445,0.08454983622142195
1775580813000808200,1662.9648081054688,545.3694642111659,1.9428246950486956,180,-33.43905868423851,519.5547707602382,354.5024661553074,19.87157150048278,3,-70.69076184577779,0
1775580814000813000,1663.9648129882812,545.3694642111659,1.4913000390371693,180,-33.43905868423851,519.5547707602382,354.5024661553074,19.70541753388547,3,-70.69076184577779,0
1775580815000819700,1664.9648198242187,545.3694642111659,0.7185619110417696,-1,-33.43905868423851,519.5547707602382,-1,21.767766507459978,3.0000000000304285,-70.69076184577779,0
1775580816000823600,1665.9648234863282,559.6079101702198,0.7185619110417696,-1,-33.43910536266261,533.7932167192921,-1,21.767766507464174,3,-70.69073639816669,0
1775580817000828200,1666.964828125,559.6079101702198,0.7185619110417696,-1,-33.43910536266261,533.7932167192921,-1,21.767766507464174,3,-70.69073639816669,0
1775580818000834800,1667.964834716797,559.6079101702198,1.2857390604063716,-1,-33.43910536266261,533.7932167192921,-1,21.767766507464174,3.0000000000000138,-70.69073639816669,0
1775580819000839700,1668.9648395996094,559.6079101702198,1.6435099954495545,-1,-33.43910536266261,533.7932167192921,-1,21.767766507464163,3.0000000000000795,-70.69073639816669,0
1775580820000844500,1669.9648444824218,559.6079101702198,2.23606797749979,-1,-33.43910536266261,533.7932167192921,-1,21.767766507464138,3.000000000000246,-70.69073639816669,0
1775580821000850700,1670.9648505859375,559.6079101702198,1.7776740794307433,-1,-33.43910536266261,533.7932167192921,-1,21.910790364582397,3.0000000000005898,-70.69073639816669,0
1775580822000855800,1671.9648557128905,559.6079101702198,1.6099690077742665,-1,-33.43910536266261,533.7932167192921,-1,22.146013874873834,3.000000000002235,-70.69073639816669,0
1775580823000861200,1672.9648610839845,559.4575195712969,1.3999999761581365,180,-33.439111274443064,533.6428261203691,245.39062807077102,22.13946909992676,3.000000000000313,-70.69076611062442,0.5699999928474403
1775580824000866800,1673.9648666992186,559.4604492327198,1.8894775049617403,-1,-33.43910909260951,533.6457557817921,-1,22.43035792822001,3.9999999999999996,-70.69076766266552,0.5699999928474426
1775580825000871400,1674.9648713378906,559.4748535295948,2.5714781208127433,-1,-33.439108673514355,533.6601600786671,-1,22.926012652156043,4,-70.69077470346419,0.5400000214576721
1775580826000877000,1675.964876953125,559.4748535295948,2.906888264125697,-1,-33.439108673514355,533.6601600786671,-1,23.529595702693886,4.000000000000709,-70.69077470346419,0
1775580827000882200,1676.964882080078,559.4748535295948,2.7950849718747373,-1,-33.439108673514355,533.6601600786671,-1,24.174486751829505,4.000000000002649,-70.69077470346419,0
1775580828000888000,1677.9648881835938,559.6657714992762,2.850986618000217,-1,-33.43910515311503,533.8510780483484,-1,24.7623539368557,3.9999999999999996,-70.6907945685747,0.6899999976158142
1775580829000892700,1678.964892578125,559.4799804827198,2.6832816796237777,-1,-33.43910544648164,533.6652870317921,-1,24.789537450146735,3.9999999999999982,-70.69081250584749,0.6899999976158142
1775580830000899000,1679.9648991699219,559.4951172703877,2.3299999237060294,180,-33.43910736909333,533.68042381946,265.78125555492403,24.870919580006582,4.000000000000797,-70.69084018845325,0.939999997615804
1775580831000904400,1680.9649045410156,559.5039062649012,2.806265301099833,-1,-33.43910842205727,533.6892128139734,-1,25.46537378666489,3.9999999999999956,-70.69084519526986,0.9399999976158142
1775580832000909300,1681.9649094238282,559.5039062649012,2.36999988555906,180,-33.43910842205727,533.6892128139734,271.40624491926326,25.399318718383697,4.000000000001211,-70.69084519526986,0
1775580833000915000,1682.9649150390626,559.5039062649012,2.319999933242776,180,-33.43910842205727,533.6892128139734,271.40624491926326,25.759051859187128,4.0000000000075095,-70.69084519526986,0
1775580834000920300,1683.9649204101563,559.5039062649012,2.4800000190734632,180,-33.43910842205727,533.6892128139734,271.40624491926326,26.42369882172878,6.0000000000145866,-70.69084519526986,0
1775580835000925400,1684.9649255371094,560.7150885621086,2.490000009536485,69.81345325253716,-33.43883430332347,534.9003951111808,346.99219135448504,27.563046565138865,6.000000000005923,-70.69084858589497,2.8900001049038755
1775580836000930800,1685.964930908203,560.6464850446209,2.3800001144406724,66.72932774866405,-33.438845636816,534.8317915936932,333.28125769944313,28.568927619673115,6.000000000006401,-70.6908737521758,2.890000104903876
1775580837000937000,1686.9649370117188,560.2807621248066,2.1300001144407865,77.39490834264522,-33.43885435042249,534.4660686738789,330.4687565130845,28.99919046948249,6.000000000003933,-70.69087478437896,2.230000019073349
1775580838000941300,1687.96494140625,560.620849843137,2.140000104904101,103.83289547790879,-33.43896978074381,534.8061563922092,329.0625050873405,10.194497292521733,8.00000000000155,-70.69086157716715,1.6699999570845978
1775580839000947500,1688.9649475097656,560.6643066545948,2.906888264125697,-1,-33.43890218532973,534.8496132036671,-1,29.850644330030136,8,-70.69086757495133,0.7699999809265137
1775580840000952300,1689.9649523925782,560.6643066545948,2.627379766938223,-1,-33.43890218532973,534.8496132036671,-1,30.93797067343209,8.000000000002567,-70.69086757495133,0
1775580841000958200,1690.964958251953,559.3819580217823,2.5155764746872635,-1,-33.43892557083959,533.5672645708546,-1,30.567629096870377,8,-70.69087260409323,0.7699999809265137
1775580842000963600,1691.964963623047,559.3819580217823,2.4149535116614,-1,-33.43892557083959,533.5672645708546,-1,30.45931774863354,8.000000000002617,-70.69087260409323,0
1775580843000969500,1692.9649694824218,559.3819580217823,2.046002247393121,-1,-33.43892557083959,533.5672645708546,-1,28.86068179719263,8.00000000001778,-70.69087260409323,0
1775580844000973800,1693.964973876953,560.4289550930262,2.1242645519687926,-1,-33.43899476345026,534.6142616420984,-1,28.791901984173567,7.999999999999999,-70.69084117195634,0.17000000178813934
1775580845000979200,1694.9649792480468,560.4064941555262,2.359051598975845,-1,-33.439010395699675,534.5918007045984,-1,29.266435643218998,8,-70.69082876673964,0
1775580846000985000,1695.9649851074219,560.4064941555262,2.0012807972127,-1,-33.439010395699675,534.5918007045984,-1,26.894202414779222,8.000000000001787,-70.69082876673964,0
1775580847000990200,1696.964990234375,545.2686477899551,1.5298404150226472,180,-33.43902934357158,519.4539543390274,354.5025121672754,15.980960482361676,3,-70.69084645189392,0.019485680896822156
1775580848001073200,1697.9650732421876,545.1212364491075,1.4553417033437865,180,-33.439029447338996,519.3065429981798,354.5025123327309,15.978481746637364,3,-70.69084675646444,0
1775580849001065200,1698.9650651855468,545.1579052442685,1.8883676927656547,180,-33.439033523262935,519.3432117933407,354.5025123772136,16.220748831888795,3,-70.6908468448012,0.08498828408457537
1775580850001055700,1699.9650556640624,545.1996315820143,2.2621967509133336,180,-33.43902536546253,519.3849381310865,354.5025190817924,15.601956126563426,3,-70.69085916689023,0.2727287183329108
1775580851001050000,1700.965050048828,545.3201964497566,1.7400532549806746,180,-33.4390291769549,519.5055029988289,354.50251801621226,15.359364098167962,3,-70.69085721251022,0.059448189757922584
1775580852001031400,1701.9650314941407,545.0733443889767,2.119163827547551,180,-33.439027294756244,519.258650938049,354.5025176356029,15.949267641764825,3,-70.69085650926424,0.21694496952034262
1775580853001013800,1702.965013671875,545.0878555458039,1.2219100109673051,180,-33.43902745720453,519.2731620948762,354.5025169696199,15.796302909732805,3,-70.69085528424674,0
1775580854000991000,1703.964990966797,545.1317631397396,1.920006456728076,180,-33.43902864252938,519.3170696888119,354.50251907022437,16.153893498252103,3,-70.69085915083119,0.222201931398283
1775580855000967400,1704.964967529297,545.1325412299484,1.6340632755610902,180,-33.43902956157699,519.3178477790207,354.50251895698926,16.090812357136002,3,-70.69085894396622,0
1775580856000943000,1705.9649431152343,545.1325412299484,1.6500350036835307,180,-33.43902956157699,519.3178477790207,354.50251895698926,14.998881611440554,3,-70.69085894396622,0
1775580857000912600,1706.9649125976562,545.1325412299484,1.6549679195880966,180,-33.43902956157699,519.3178477790207,354.50251895698926,15.085465002131807,3,-70.69085894396622,0
1775580858000888000,1707.9648881835938,545.1325412299484,2.6609210211735856,-1,-33.43902956157699,519.3178477790207,-1,30.298983821822375,12.000000000070658,-70.69085894396622,0
1775580859000864500,1708.9648645019531,545.1325412299484,2.3478712697507493,-1,-33.43902956157699,519.3178477790207,-1,30.874128616328193,12.000000000106224,-70.69085894396622,0
1775580860000838100,1709.9648381347656,558.8586425930262,2.4261338408864956,-1,-33.439166885831895,533.0439491420984,-1,31.78136565498245,11.999999999999998,-70.69073053083447,0.5699999928474426
1775580861000814300,1710.964814453125,558.4698486477137,2.8845276056755047,-1,-33.43917862049633,532.6551551967859,-1,32.44897531410461,12.000000000000002,-70.69072893827287,0.4699999988079071
1775580862000790500,1711.9647905273437,559.2749024191871,2.1500000953674108,180,-33.43920539266341,533.4602089682594,197.22656404427858,31.10543551817114,12.000000000000272,-70.69072872320768,0.8799999952316201
1775580863000767200,1712.9647673339844,559.337036209181,1.7300000190734697,159.29460537583344,-33.439227673029,533.5223427582532,200.39062681683245,29.49660567916772,12.000000000000231,-70.69073433077327,0.8799999952316199
1775580864000744700,1713.9647446289061,558.1309815272689,1.7000000476836978,149.72651927928814,-33.43924451338928,532.3162880763412,166.2890612078585,28.686096124987635,12.000000000000233,-70.6907132661853,0.9200000166892909
1775580865000723500,1714.964723388672,558.6579591045156,1.6599999666213714,115.95453344797815,-33.43925528663857,532.8432656535879,146.60155871633458,27.695976163992217,12.000000000000332,-70.69068728712291,1.1599999666213798
1775580866000705300,1715.9647053222657,558.7851563161239,1.6499999761581285,165.05798842460797,-33.4392456773068,532.9704628651962,141.328122000848,27.09876608563678,12.000000000000147,-70.69068753731894,0.8100000023841792
1775580867000687000,1716.9646870117188,558.7851562639698,2.200000047683716,71.61143919658234,-33.439239976027544,532.9704628130421,141.328125,27.476025047549506,12.00000000000037,-70.69069297990826,0
1775580868000670500,1717.9646704101563,558.7851562639698,1.940000057220459,180,-33.439239976027544,532.9704628130421,141.328125,27.036974577656398,12.000000000002208,-70.69069297990826,0
1775580869000655600,1718.9646555175782,559.1123047638685,2.0799999237060343,180,-33.43919457689674,533.2976113129407,292.5000048723157,27.28431696648344,12.000000000000187,-70.69073174515063,0.8899999856948766
1775580870000641800,1719.9646418457032,557.9930420676246,1.570000052452072,142.93786715489236,-33.43917406498876,532.1783486166969,287.2265675371782,25.947848146427503,12.000000000000156,-70.69074545537872,0.8899999856948768
1775580871000628700,1720.9646286621094,545.2316280305386,2.5921600045017468,180,-33.43899812616361,519.4169345796108,354.5025434356642,14.319022750324681,3,-70.69090392975424,0.3030555319838174
1775580872000616200,1721.9646162109375,545.0906259296462,3.0905623462504597,180,-33.4389942007474,519.2759324787185,354.5025405826319,15.939470650150929,3,-70.6908986744851,0.2585125586584305
1775580873000604400,1722.9646044921874,545.0612316913903,1.6506180550822662,180,-33.43899439316927,519.2465382404625,354.502540389199,14.252283764262383,3,-70.6908983189137,0
1775580874000594700,1723.9645947265626,545.0612316913903,1.401193126137591,180,-33.43899439316927,519.2465382404625,354.502540389199,14.24595459057527,3,-70.6908983189137,0
1775580875000585200,1724.964585205078,545.0612316913903,1.293051277885517,180,-33.43899439316927,519.2465382404625,354.502540389199,14.245954590575272,3,-70.6908983189137,0
1775580876000576500,1725.9645764160157,545.0612316913903,1.3833436768501586,180,-33.43899439316927,519.2465382404625,354.502540389199,14.245954590575272,3,-70.6908983189137,0
1775580877000568800,1726.9645688476562,545.1296744504943,1.8826243188755387,180,-33.43899806150046,519.3149809995666,354.50254460172687,14.245954590582837,3,-70.69090607497469,0.03899437047228083
1775580878000561200,1727.9645610351563,545.186336982064,2.266197168549041,180,-33.43899919711677,519.3716435311362,354.5025443279436,14.345711388483938,3,-70.69090557307803,0.017294769851522816
1775580879000553700,1728.9645537109375,545.0024787671864,2.7064811160999223,180,-33.43899852467596,519.1877853162587,354.50254296899357,15.487950174827176,3,-70.69090307180831,0.04285716950971886
1775580880000547800,1729.9645478515624,545.1561028314754,3.173994922224476,180,-33.43899776358571,519.3414093805477,354.50254359870144,17.373594264208148,3,-70.69090422913241,0.2599232526767919
1775580881000542200,1730.964542236328,557.2973632961512,1.4869852530181737,-1,-33.43910754195743,531.4826698452234,-1,24.938268555680022,12,-70.69082641980675,0.4699999988079071
1775580882000536800,1731.9645368652343,558.0651855599135,1.6882313123499382,-1,-33.439099998244586,532.2504921089858,-1,24.793945630652953,11.999999999999998,-70.69083429879574,0.23000000417232513
1775580883000532500,1732.964532470703,558.3127441545948,1.934198821862124,-1,-33.439093083174456,532.4980507036671,-1,24.793890875614398,12.000000000000002,-70.69085131405917,0.4699999988079071
1775580884000528600,1733.964528564453,558.3452148893848,1.3799999952316218,177.49093162965255,-33.4390680841864,532.5305214384571,1.0546874312860284,24.303411309184693,12.000000000000062,-70.69086007418008,0.6299999952316253
1775580885000525000,1734.9645251464844,558.1270752707496,1.490000009536729,137.19593116319888,-33.43904687463149,532.3123818198219,41.132809069885845,24.101700172136972,12.000000000000115,-70.69085321981305,0.8799999952316199
1775580886000521500,1735.964521484375,558.3479004055262,1.6770509831248424,-1,-33.439035289952095,532.5332069545984,-1,24.0213614887625,12,-70.69086413837103,0.5
1775580887000518100,1736.9645180664063,558.96398930531,1.610000014305106,180,-33.43901318241191,533.1492958543822,27.070310747202853,24.280272303227225,12.000000000000066,-70.6908645617528,0.6499999761581386
1775580888000515800,1737.9645158691405,558.5240478655323,2.392592853211208,-1,-33.43900473791504,532.7093544146046,-1,24.494305459183067,12.000000000000002,-70.69086925133196,0.6299999952316284
1775580889000513800,1738.964513671875,557.5046386867762,1.9230184926370282,-1,-33.43899882867329,531.6899452358484,-1,24.333152031958758,12,-70.69086774258939,0.6299999952316284
1775580890000512000,1739.9645119628906,545.0078743556514,3.7888994896053934,180,-33.43901339237813,519.1931809047237,354.50256049324776,23.71494575807936,3,-70.69093533664974,0.19771375554932435
1775580891000509700,1740.964509765625,545.2220624880865,4.091213501591454,180,-33.43899633274843,519.4073690371588,354.50256236808997,26.99007356362701,3,-70.69093875879366,0.5880809334037764
1775580892000508700,1741.9645087890624,545.1004902655259,3.6022596726434384,180,-33.438999533012364,519.2857968145981,354.5025687494555,28.514006103874724,3,-70.69095050433764,0.46824188861283617
1775580893000508000,1742.9645078125,545.2132866717875,3.367796894950466,180,-33.43901441390047,519.3985932208598,354.50256567169157,30.921085025908713,3,-70.69094486558427,0.08571030300355467
1775580894000507000,1743.9645068359375,545.2112590763718,1.769148249871483,180,-33.43901476421003,519.396565625444,354.5025656057955,22.592975019586255,3,-70.69094474490703,0
1775580895000506400,1744.9645063476562,545.2264287220314,1.5601780054417445,180,-33.4390169099965,519.4117352711037,354.5025754999052,19.407584172124363,3,-70.69096295152016,0.011890937740691889
1775580896000506400,1745.9645063476562,544.9928848017007,1.990020234299695,180,-33.439015179332124,519.178191350773,354.5025770222705,19.219543505160278,3,-70.69096574961057,0.1908140899650359
1775580897000506400,1746.9645063476562,545.1157862860709,2.4185571651263698,180,-33.43901622716493,519.3010928351432,354.50257692520415,19.27519840970039,3,-70.69096557269809,0.07435921480026904
1775580898000505900,1747.964505859375,545.192760694772,2.903125412132626,180,-33.43901485339061,519.3780672438443,354.5025765394995,19.998487841988837,3,-70.69096486088851,0.15199380267179805
1775580899000505300,1748.9645053710938,552.5085449377075,2.839806288775121,-1,-33.439038223618205,526.6938514867797,-1,27.24159665784649,11.999999999999998,-70.690753078154,0.5299999713897705
1775580900000506400,1749.9645063476562,552.5085449377075,2.537937133137455,-1,-33.439038223618205,526.6938514867797,-1,27.992365830143246,12.000000000000322,-70.690753078154,0
1775580901000506400,1750.9645063476562,551.430175838992,1.720000028610217,180,-33.43905446637882,525.6154823880643,171.2109368118914,26.52560889596157,12.000000000000123,-70.6907486443073,0.7599999904632514
1775580902000506400,1751.9645063476562,545.2457857290283,1.725275501266096,180,-33.43901957463958,519.4310922781006,354.50256624071744,17.503747050052876,3,-70.69094592070496,0
1775580903000507400,1752.9645073242189,545.2457857290283,1.6162604605204873,180,-33.43901957463958,519.4310922781006,354.50256624071744,17.49848029359616,3,-70.69094592070496,0
1775580904000508700,1753.9645087890624,545.2457857290283,1.6022992418969315,180,-33.43901957463958,519.4310922781006,354.50256624071744,17.530194741927442,3,-70.69094592070496,0
1775580905000508700,1754.9645087890624,545.2457857290283,1.4768587207500075,180,-33.43901957463958,519.4310922781006,354.50256624071744,17.57073134230405,3,-70.69094592070496,0
1775580906000509400,1755.9645095214844,545.2903663227335,1.9761577474083396,180,-33.439026572202735,519.4756728718057,354.502565637057,17.857556467549205,3,-70.69094482124414,0.033791835066400044
1775580907000511200,1756.9645112304688,545.1653173854575,2.324928208669734,180,-33.43902364909095,519.3506239345297,354.50256579693547,18.369844346305594,3,-70.69094511072922,0.18745454149958204
1775580908000512300,1757.9645122070312,545.1973820459098,2.777707867248212,180,-33.43900898574605,519.382688594982,354.5025660398124,17.724202594923334,3,-70.69094553420085,0.24257233653236987
1775580909000513300,1758.9645131835937,545.1786385700107,3.2539081225806137,180,-33.43900552599409,519.3639451190829,354.5025672309811,19.348541415819682,3,-70.6909477201995,0.2309007281889388
1775580910000514600,1759.9645146484374,545.1418715491891,3.696191949382847,180,-33.4390075334236,519.3271780982614,354.5025673797777,21.840569181143294,3,-70.69094799715543,0.28439990149102945
1775580911000516900,1760.9645168457032,545.1613779887557,1.3678845588085997,180,-33.43900946479097,519.346684537828,354.5025670098538,17.600795460827758,3,-70.69094731964762,0
1775580912000518400,1761.964518310547,545.1613779887557,2.8698825275468094,180,-33.43900946479097,519.346684537828,354.5025670098538,27.83512350098454,12.00000000006211,-70.69094731964762,0
1775580913000519400,1762.96451953125,545.1613779887557,3.521807171186199,-1,-33.43900946479097,519.346684537828,-1,28.870684824130482,12.000000000068978,-70.69094731964762,0
1775580914013775600,1763.9777756347655,545.1613779887557,3.8124959975987682,-1,-33.43900946479097,519.346684537828,-1,30.074903938881157,12.00000000007933,-70.69094731964762,0
1775580924706154000,1774.6701540527345,547.3303226386565,-1,-1,-33.439047589742394,521.5156291877288,-1,35.39572666531678,3,-70.6909175789287,-1
1775580930542152000,1780.5061518554687,547.3303226386565,-1,-1,-33.43905271348086,521.5156291877288,-1,25.12041904024954,3,-70.6909344940641,-1
1775580936493307100,1786.4573071289062,547.3303226386565,-1,-1,-33.43901036221728,521.5156291877288,-1,37.50580826096988,3,-70.69096896839254,-1
1775580942592694000,1792.5566940917968,547.3303226386565,-1,-1,-33.438960906796396,521.5156291877288,-1,29.859000729596467,3,-70.69092886009513,-1
1775580944030583800,1793.9945837402345,547.3303226386565,-1,-1,-33.43892333751633,521.5156291877288,-1,29.816552481199817,3,-70.690890229004,-1
1775580948013474000,1797.9774741210938,547.3303226386565,-1,-1,-33.43894391183409,521.5156291877288,-1,30.255316015655797,3,-70.69086855406752,-1
1775580949000600800,1798.964600830078,545.6655425196514,1.6369031655561022,142.63503492503852,-33.438918391960144,519.8508490687236,359.6594605968908,16.24917664070263,3,-70.69091716283798,0.923032271581829
1775580950000604200,1799.964604248047,545.345420778729,1.998960239864868,180,-33.43896795317648,519.5307273278013,359.5829775248592,13.443807624226144,3,-70.69095136359941,0.45965793438258556
1775580951000605700,1800.9646057128907,545.3318581851199,1.7692244676570459,180,-33.43901761085346,519.5171647341922,359.5829665623008,12.120565590248665,3,-70.69093123725679,0.13485779622463137
1775580952000608800,1801.9646088867187,545.4480039114133,1.4137586788187566,180,-33.43903340506543,519.6333104604855,359.6207375173752,11.974034366334276,3.2294043179022167,-70.69089011496072,0.12123403357393836
1775580953000611300,1802.964611328125,545.5693054767326,1.496822330106179,180,-33.43904122137554,519.7546120258048,332.04699868246865,11.865980725525024,3.3245070058622086,-70.69088720099968,0.21531844439311384
1775580954000614100,1803.9646142578124,545.7078038919717,1.6214638266879962,180,-33.43904379588682,519.893110441044,332.04698723259065,11.843742782864037,3.539579948389009,-70.69087044321199,0.17550018999223993
1775580955000617000,1804.9646169433595,545.5339223016053,1.1511085415845312,180,-33.43905051472954,519.7192288506776,359.10107172760377,11.688955044870605,3.736874989115629,-70.69084241326928,0.2251292991167935
1775580956000619800,1805.9646198730468,545.2625662907958,1.146101383988395,73.3176238896087,-33.43903717949339,519.4478728398681,345.50225845424046,11.444386926087166,3.81988663523116,-70.69086013050475,1.2345164975177616
1775580957000622800,1806.9646228027343,545.2578136902303,0.9687926864256462,80.3127265493468,-33.43903794050051,519.4431202393025,351.7749449833092,11.571944439773453,4.246635959230217,-70.69085657337219,0.9650455888815097
1775580958000624600,1807.9646247558594,545.5316067431122,1.0738417931297575,65.42550237865734,-33.43903743369551,519.7169132921845,11.473206340609815,11.58702889849535,5.182010872082536,-70.69081939907532,1.3184632110096608
1775580959000627500,1808.9646274414063,545.6739030377939,1.1508656304628806,102.67088803027299,-33.43903950570937,519.8592095868662,24.69529655184953,11.672790297923662,5.418808767816006,-70.69079782213767,0.8981463328009259
1775580960000630300,1809.9646303710938,546.0211296267807,1.4107500903148729,180,-33.43905177049737,520.206436175853,25.050662637480936,11.573612974356811,6.393245419560579,-70.6907881344341,0.0804139612628691
1775580961000632600,1810.9646325683593,546.439750478603,1.0712027705549219,180,-33.439050359142044,520.6250570276752,55.341951500188465,11.406344686057654,5.941375025558896,-70.69077107060441,0.44706197143535464
1775580962000635100,1811.9646352539062,546.6612214613706,0.9886292892264044,63.40070129388034,-33.439047426241856,520.8465280104429,68.45782068057953,11.12839059014011,5.770895806128591,-70.6907498278001,1.2131109446059523
1775580963000637400,1812.964637451172,546.4462917614728,1.0385307402851367,49.320893852759724,-33.439047796954526,520.6315983105451,80.06816604312806,11.259637605627253,6.449689321469222,-70.69072664464348,1.6859998833034897
1775580964000640000,1813.9646398925781,546.2653364278376,0.7181951046180747,34.673171783763934,-33.43904303977261,520.4506429769099,82.69480302762332,11.399695745051636,6.686145395381882,-70.69071056235809,1.6761648506124143
1775580965000642800,1814.9646428222657,545.6397140603513,0.7133532567691833,42.17454102444932,-33.43903590432443,519.8250206094235,84.493165087798,11.53987999064693,7.109618171772128,-70.69069965080298,1.341901133737607
1775580966000645600,1815.9646457519532,545.5064266910776,0.8196742823582875,47.78589436039473,-33.43902899670651,519.6917332401499,82.2885468557314,11.506495058880104,6.9120782345013865,-70.69068323372609,1.359092374806384
1775580967000648400,1816.9646484375,545.7851522294804,0.8776850087179737,57.177318972421034,-33.43902669282355,519.9704587785527,92.74237760647901,11.639290097512651,6.888320514487511,-70.69067202540883,1.2429371419360173
1775580968000651000,1817.964651123047,545.8036103593186,0.8359756324423981,56.19432142667906,-33.439079883829415,519.9889169083908,95.24938976816306,14.245954541252926,6.988091526974823,-70.69058841050746,1.1971921234444074
1775580969000654300,1818.964654296875,545.7978194821626,0.8231385330910445,67.78854048258222,-33.43907835424259,519.9831260312349,91.11811577765958,14.245954577177418,6.949164987295481,-70.690579789808,0.9735888238419863
1775580970000656600,1819.9646567382813,545.6970258904621,0.7185348981135768,55.18911798832895,-33.439078843522935,519.8823324395344,91.5432078995282,14.245954574855832,6.969212953756722,-70.69056609784973,1.0545978049093108
1775580971000658400,1820.9646584472657,545.6884736483917,0.7185314338471669,46.1533856318696,-33.43907515836784,519.8737801974639,89.05389845991424,14.245954581247291,6.909724291668259,-70.69054926564155,1.2607352403712613
1775580972000661200,1821.9646611328126,545.4247500235215,0.9010633705953048,61.86750787214994,-33.439071936212315,519.6100565725937,83.02553828165628,14.245954589225112,6.882780071882745,-70.69053539523449,1.1722037993428085
1775580973000663800,1822.9646638183594,545.5075214616954,1.1089488456129581,180,-33.439073242976626,519.6928280107677,83.36152075271653,14.245954588761695,6.879374269335508,-70.69054043624003,0.17179418235223048
1775580973999747000,1823.9637470703126,545.5135860517621,1.3271900147433406,180,-33.43907341885135,519.6988926008344,83.3615213717792,14.24595459057527,6.623583939960963,-70.69054155073165,0
1775580974999748400,1824.9637482910157,545.4518639137968,1.3491137503217012,180,-33.43907537449806,519.6371704628691,83.3615224196605,14.245954590575272,6.794904140387955,-70.69054321541977,0
1775580975999754500,1825.9637543945312,545.4518639137968,1.3508807867847668,180,-33.43907537449806,519.6371704628691,83.3615224196605,14.24595459057527,6.8554775570221675,-70.69054321541977,0
1775580976999757000,1826.963757080078,545.5030626626685,1.3529745549890095,180,-33.43907212004779,519.6883692117408,83.36152010827975,14.24595458897684,7.2452604629824835,-70.69053940180059,0.06419692927435595
1775580977999764200,1827.9637641601562,545.3077502567321,1.2465726195791325,180,-33.439073034172715,519.4930568058044,83.36151924586919,14.245954590575272,6.649251490098046,-70.69053769414295,0
1775580978999774500,1828.9637744140625,545.4991559181362,1.1814588804901196,180,-33.43907437910932,519.6844624672085,83.36151997624255,14.245954590308713,6.6877827380578925,-70.69053885685894,0.019097574561592234
1775580979999778800,1829.9637788085938,545.5309370532632,1.3774976509394967,180,-33.439078961976136,519.7162436023355,83.3615210255314,14.245954590575272,6.677748875942994,-70.69054017266383,0
1775580980999787300,1830.9637873535157,545.4611418973655,1.3941741958393463,180,-33.43907728417853,519.6464484464377,83.36151798765697,14.245954591420293,6.25561500242255,-70.69053481260964,0.36908379666653246
1775580981999797000,1831.963796875,545.4687069710344,1.1116190503184964,86.30104514944988,-33.43907801272637,519.6540135201067,86.89952845285575,14.24595458811564,5.637825969177786,-70.69051807786018,1.0422305737420587
1775580982999803600,1832.9638037109376,545.6997961197048,1.1060009524627759,72.75130095461779,-33.4390799747269,519.8851026687771,87.95369273972258,14.245954591864741,5.14376363687313,-70.69050254678956,1.2314680237754545
1775580983999806200,1833.9638061523438,545.7143434556201,1.1965843611949278,69.60272950828706,-33.43908107556956,519.8996500046924,89.31091438464495,14.245954590616872,4.586656425803139,-70.69048455314316,1.3928023462920691
1775580984999814700,1834.9638146972657,545.8100250260904,1.0506526238249267,61.79763597447329,-33.439077936167834,519.9953315751627,88.12174016900667,14.245954591419954,4.695150348479674,-70.69046918688746,1.3769255321078513
1775580985999815000,1835.9638149414063,545.8013145821169,1.0256523909535942,61.541498439217534,-33.439081596687394,519.9866211311892,88.50503959208778,14.245954591576876,4.830477763427076,-70.690454793571,1.3502677824649874
1775580986999823600,1836.9638237304687,546.0416816966608,0.9662584402694664,55.70416626833751,-33.43907984510516,520.2269882457331,87.45653488271094,14.245954592751456,4.681272894751619,-70.69043971609123,1.402023339205719
1775580987999831800,1837.9638317871095,546.0882139243186,1.0558328933442105,65.73570242660705,-33.43908060699323,520.2735204733908,88.90433243918562,14.24595459440951,4.585007257685432,-70.6904288371373,1.2982647472832198
1775580988999839700,1838.96383984375,546.2076506735757,0.9795702837158932,52.80257170675905,-33.43907934802441,520.392957222648,88.2965110401834,14.2459545987232,4.6254843843659605,-70.69041082607926,1.4981696227289685
1775580989999848400,1839.963848388672,546.3335531521589,1.0113822869852727,64.97536316878472,-33.43907743811838,520.5188597012311,88.6586004707251,14.245954596842347,4.526202954108764,-70.69040181549705,1.2545759043483118
1775580990999855600,1840.9638557128906,546.3404938951135,0.9715487349855635,47.25351901405494,-33.43906837963113,520.5258004441857,82.63846117647891,14.245954615270094,4.5065404376895115,-70.69037632126022,1.6610848158571851
1775580991999862800,1841.9638627929687,546.2558550657704,1.0011406657067394,37.97055225053457,-33.43907904312738,520.4411616148427,87.97778856369618,14.245954614477613,4.606253007040498,-70.69034581026116,2.135480615732218
1775580992999870000,1842.9638698730469,546.1282642204314,1.0308180674247371,21.57581403241081,-33.43906130041627,520.3135707695037,77.0318222925137,14.245954684664083,4.456737915006714,-70.69028347285696,3.8715447720850777
1775580993999876600,1843.9638767089843,546.5845651868731,0.7807934166291489,50.71688652717345,-33.439066261537874,520.7698717359453,78.45726104879594,14.245954619958708,5.012538505364543,-70.69031186884821,1.2441969422550887
1775580994999883300,1844.9638833007812,545.8698309035972,1.0131091983950553,64.3155624019003,-33.439064969284274,520.0551374526694,78.49107605566985,14.245954615642836,4.760931922187643,-70.69029703235627,1.2403489545768782
1775580995999889400,1845.9638894042969,546.7205125056207,1.0799879343642917,66.08666118162508,-33.43906057594393,520.905819054693,78.30124821578194,14.24595460917241,4.516976426618399,-70.6902782713493,1.3198809113207393
1775580996999895800,1846.963895751953,546.8800309589133,0.9381594845734742,44.83259014191711,-33.439058202882606,521.0653375079855,81.45575840028009,14.245954608385851,4.548644669703132,-70.6902567391535,1.6832046912075236
1775580997999901200,1847.963901123047,546.9650281695649,0.930005751096158,47.291218580335425,-33.43906795545935,521.1503347186372,90.22869945383165,14.245954593863235,4.576629885587855,-70.6902437461051,1.586562950573978
1775580998999906800,1848.9639067382811,546.9407768715173,0.931360487617556,45.84440831652627,-33.43906982870076,521.1260834205896,92.18652721880831,14.245954585475383,4.455640841187979,-70.69022389010493,1.643552799129982
1775580999999912700,1849.9639125976562,546.883361174725,0.943253003783482,47.01035218373773,-33.43906895372791,521.0686677237973,93.12183049966278,14.245954592602438,4.381835306722822,-70.69020547654821,1.6255157261238025
1775581000999918000,1850.96391796875,546.7430393528193,0.956595857667587,48.44985159798778,-33.43907791011577,520.9283459018916,102.92548983555672,14.245954583890178,4.292566919428283,-70.69018895184804,1.598900969292731
1775581001999923700,1851.963923828125,546.7000377587974,0.9443233534889763,50.10003411522833,-33.43907553221947,520.8853443078697,99.81128036555049,14.245954595522546,4.207297434451261,-70.69017154970238,1.5259605231267375
1775581002999928300,1852.9639282226562,547.048911202699,0.9390703541365254,42.33395646269817,-33.439071293983766,521.2342177517712,91.24234196799544,14.245954608340794,4.364854620672934,-70.69014318903264,1.792294342507566
1775581003999933400,1853.9639333496093,547.098744481802,0.9144963555202322,56.26397810180075,-33.43906963862333,521.2840510308743,87.51201802314452,14.245954604966554,4.4651753850160665,-70.69013828101848,1.315265477334641
1775581004999938800,1854.963938720703,547.405147690326,0.948159312871696,43.66029337152801,-33.43906768657134,521.5904542393982,84.53574426476571,14.24595461516034,4.36800947461845,-70.6901125862488,1.7523646999960543
1775581005999944000,1855.9639438476563,547.6923634149134,0.9508159742448531,44.2848209965822,-33.439060585056716,521.8776699639857,82.250546948317,14.245954617065307,4.242547237103703,-70.69009370688352,1.7184214604454955
1775581006999948500,1856.963948486328,547.5932960612699,1.0322476143054073,50.42336595648526,-33.43906426373621,521.7786026103422,85.84997043473058,14.245954615354814,3.948168978660913,-70.6900750497672,1.6522348847326507
1775581007999952600,1857.9639526367187,547.2071959683672,1.0710492782193197,53.948394922813996,-33.43906486385902,521.3925025174394,87.70775580371318,14.245954616900825,3.612663302078159,-70.6900591060859,1.6079667123526087
1775581008999956700,1858.9639567871093,547.0891441386193,1.1177499209086799,62.570585300302476,-33.43907073675332,521.2744506876916,93.48419309372522,14.24595461724732,3.39687638424093,-70.69004652333753,1.444900790605233
1775581009999960800,1859.9639609375,547.2376424828544,1.0188795745393575,51.60749603596457,-33.43906692164136,521.4229490319267,88.70472949688211,14.245954624160657,3.9806006637780884,-70.6900294371655,1.599433973834751
1775581010999965700,1860.9639655761719,547.2635534629226,1.1126160689301337,63.74155755678363,-33.43906375206365,521.4488600119948,88.53861198817879,14.245954622337896,3.9968681408929676,-70.6900194682011,1.4142396565622513
1775581011999970600,1861.9639704589845,547.2056069280952,1.152634654235203,60.97029518835079,-33.43905875076052,521.3909134771675,88.69730938908931,14.245954623978957,4.369712406416565,-70.69000260831776,1.5257317153603915
1775581012999974700,1862.963974609375,546.6735118329525,0.9751782704751516,51.71801350411122,-33.439055225133664,520.8588183820248,91.82800717792553,14.245954606336147,4.993465150776352,-70.68998573340816,1.5164019139201292
1775581013999978500,1863.963978515625,547.0729630123824,0.8404463145997252,46.47174190207355,-33.43905452037858,521.2582695614547,95.95999596972477,14.245954581868169,5.352011681851078,-70.68997067378793,1.4634118979815274
1775581014999982800,1864.9639829101563,547.0982933081686,0.8467561846478472,43.956479243796345,-33.43906282655624,521.2835998572409,105.72767101480305,14.245954545442606,5.836393874209981,-70.68995307316929,1.5564682153480727
1775581015999986700,1865.9639865722656,547.4151954483241,0.9336972711465945,53.144739138846376,-33.43906945824258,521.6005019973963,103.80664507855904,14.245954541752821,6.228680503819133,-70.68993813615363,1.3943787490985455
1775581016999990500,1866.9639904785156,547.3528244197369,0.9145552258963651,48.118339187488836,-33.439072431474315,521.5381309688091,93.5182222403796,14.245954547324583,6.351190985616725,-70.68991748273922,1.5316702938005
1775581017999995100,1867.9639951171876,547.2493826057762,0.9181602534719379,50.986627500097434,-33.43907705015254,521.4346891548485,87.42834484527287,14.245954572846264,6.735159310394056,-70.68989948160721,1.4589704570304312
1775581018999999000,1868.9639990234375,547.443909320049,0.9483846154609419,59.577385469144815,-33.43908156258224,521.6292158691213,87.78916355279122,14.245954589864477,6.776952628888059,-70.6898838114151,1.2870109626711397
1775581020000002300,1869.9640021972657,547.0757128624246,0.9720867892265446,57.094120645197485,-33.439085146999645,521.2610194114968,90.84272000922817,14.245954598755764,6.838345925612248,-70.6898663637154,1.3725189184420197
1775581021000006700,1870.964006591797,547.4034790964797,0.7313703028216598,40.887315090492024,-33.43908898527178,521.588785645552,93.0005566945892,14.245954610189582,6.76028576926591,-70.6898488600164,1.448428561487629
1775581022000010000,1871.9640100097656,547.2587536154315,0.8315355055732977,42.73033573280065,-33.439092547304924,521.4440601645038,96.86440237272436,14.24595462220942,6.461706762235974,-70.68982925277726,1.5759964619609939
1775581023000013300,1872.9640134277345,546.8789358856156,0.7183936033338889,33.15515059170208,-33.43908627222769,521.0642424346879,88.20030719190996,14.245954654767939,6.090903905206306,-70.68980785900654,1.7392501043238733
1775581024000017700,1873.964017578125,546.7848780490458,0.9602781008706466,43.27344611907929,-33.43908236138663,520.9701845981181,85.13101954825846,14.245954654940727,5.69061480090401,-70.68978888633686,1.788753023128434
1775581025000021500,1874.964021484375,546.872178603895,1.0254959268560333,48.544103269862575,-33.43908863047533,521.0574851529673,92.87538443458998,14.245954637272396,5.1065566769984665,-70.68977145840817,1.7050844998969195
1775581026000025300,1875.964025390625,546.8284055320546,1.0994087274314728,52.37887957430038,-33.43909315164641,521.0137120811269,95.89413439025343,14.245954646914894,4.794057010121442,-70.68975189794197,1.6980300175949858
1775581027000027600,1876.9640275878905,546.8863532636315,1.0587259621404794,56.10304890007669,-33.43908803206888,521.0716598127037,91.7425293017445,14.24595462778829,4.67462322953001,-70.68973477214006,1.5282507885936822
1775581028000032000,1877.9640319824218,546.8152720164508,1.0562834397536203,63.38868845204363,-33.43907840188998,521.000578565523,86.7941734697663,14.24595463044715,4.9653567377750365,-70.68972377779542,1.350023701849242
1775581029000035600,1878.9640356445314,546.8516783155501,1.0230779156521606,65.84107114989907,-33.43907552138345,521.0369848646224,85.21502763541523,14.245954621419598,4.899943676882311,-70.68971009759089,1.2589505772025393
1775581030000039200,1879.9640390625,547.2843546615914,0.9474689265622027,57.97275823858447,-33.43906287533339,521.4696612106636,78.13576628968951,14.245954628847963,4.83712866033508,-70.68969578319759,1.3034092338226722
1775581031000042500,1880.9640424804688,547.3232084456831,0.9766204401042494,53.251370259770304,-33.43905576926948,521.5085149947554,76.05501414584819,14.245954635710426,4.748181346361673,-70.68967972634105,1.4654971828420011
1775581032000045800,1881.9640458984375,547.0135589055717,0.9331867957431567,49.57065521342418,-33.43904984380241,521.198865454644,76.93113386496795,14.245954635020531,4.9075309581941715,-70.68966655303639,1.5253185078943943
1775581033000050000,1882.9640498046874,546.7940332787111,0.9749216346173261,51.18102015881656,-33.43904413703042,520.9793398277834,79.72219507854899,14.24595461298926,5.02312378966029,-70.6896509678226,1.5396574092985835
1775581034000053500,1883.964053466797,546.8568848799914,0.983724546845175,53.57968575158259,-33.439030594882404,521.0421914290637,78.30828650005175,14.245954612657911,5.096989319068281,-70.68963795251462,1.4875005932899892
1775581035000057000,1884.9640571289062,546.6207576021552,0.9629735156783765,52.68893213065434,-33.43902705451222,520.8060641512275,80.47631763269743,14.245954602559216,5.196481635231759,-70.68962152039104,1.4780159344198438
1775581036000060700,1885.9640607910155,546.6303935786709,0.9357644397144914,47.00993564380094,-33.43902087250478,520.8157001277432,81.41768837839625,14.24595460131205,5.341617988402533,-70.68960379716776,1.6121847913622231
1775581037000063000,1886.9640629882813,546.211970038712,0.944121111942843,52.0724890693987,-33.4390209637905,520.3972765877843,83.6659944809436,14.245954581462032,6.463609298183815,-70.68959041212312,1.440209900268034
1775581038000066800,1887.9640668945312,546.0597943263128,0.9441721987140238,53.17855661760349,-33.4390176289119,520.2451008753851,82.50234720733911,14.245954587122547,6.784331348239358,-70.68957500037872,1.3953319553292975
1775581039000070400,1888.9640703125,545.8699098750949,0.8047965090743199,37.939518155883796,-33.43902441611341,520.0552164241672,90.62467671711069,14.245954545473513,7.774078825751292,-70.6895499162901,1.6688714048520976
1775581040000073700,1889.9640737304687,545.9327298738062,0.9666294356752951,44.21407376381641,-33.43902611414568,520.1180364228785,91.99598503288108,14.245954543220176,7.696907319098738,-70.68952871082557,1.755154384185763
1775581041000077300,1890.964077392578,546.3272394668311,0.9919115825225334,49.93581644908663,-33.439029177973694,520.5125460159034,93.24555416318854,14.24595454550131,7.536722731003988,-70.68951192854134,1.6089419552976116
1775581042000080100,1891.964080078125,546.34099534899,1.0579277809270502,53.47635723647953,-33.43902522946502,520.5263018980622,88.68415842732134,14.245954566662785,7.041410080389304,-70.68949393950606,1.602902236912646
1775581043000083500,1892.9640834960937,546.6464959392324,0.9146996745217343,33.34488856905447,-33.43901906761405,520.8318024883047,80.25636944066015,14.245954593404116,7.559351340429554,-70.68945594023181,2.2148439053184665
1775581044000086800,1893.964086669922,546.5819847239181,0.7185617666671738,53.783649736214585,-33.43902151586809,520.7672912729904,83.75138969124886,14.245954603479419,8.727130115181609,-70.68945537277695,1.0825209781681844
1775581045000090600,1894.9640905761719,546.770447476767,0.9519637382794347,58.917825185792395,-33.439018555898514,520.9557540258393,80.78766737589163,14.245954612796826,8.801842818645296,-70.68943863695827,1.306563579395397
1775581046000093000,1895.964093017578,546.6697354344651,1.060001507629003,74.45161269924873,-33.439018824595614,520.8550419835374,83.41631038791618,14.245954622759717,8.19513124226546,-70.6894268421626,1.1516903871116184
1775581047000097800,1896.9640979003907,547.0443959534168,1.0547842783450208,48.34257376755144,-33.43901972074342,521.2297025024891,86.38748948958103,14.245954679836924,7.990698995948264,-70.68939897225157,1.7652602585528627
1775581048000100000,1897.9641000976562,547.1857453193516,1.0153126968403006,53.59977074247925,-33.439018511848865,521.3710518684238,86.14294903598686,14.24595470966766,7.59286376229383,-70.68938681627546,1.5278163547973944
1775581049000104000,1898.9641040039062,547.0262898448855,0.8445493253899203,42.5017795964904,-33.43901338433522,521.2115963939577,82.56700472613427,14.245954724054489,7.328587959924236,-70.68936658731437,1.6095181407775985
1775581050000106800,1899.964106689453,546.9037722339854,1.0019616456078055,53.43377273814306,-33.43901608460878,521.0890787830576,86.88815230244133,14.245954721663,6.841455709455732,-70.6893501182731,1.5195002183492885
1775581051000110000,1900.964110107422,546.8705524336547,0.7179820145702415,46.02129317448607,-33.43901459188306,521.0558589827269,87.65826568267615,14.245954680506149,6.94226184435119,-70.68933971684517,1.261686124949473
1775581052000114000,1901.9641140136719,546.9515631096438,1.0094881712022625,169.60072469057016,-33.43901392552393,521.136869658716,87.65813923050774,14.245954624376818,6.4689178949654105,-70.68934083446383,0.480838707802078
1775581053000116200,1902.9641162109374,547.1300062658265,1.033156462528492,90.74908230431426,-33.439013449134734,521.3153128148988,90.73381407810294,14.245954646696772,6.29542986898504,-70.68931988128273,0.9203645959224207
1775581054000119800,1903.964119873047,546.7086239699274,1.0367688559942574,60.209200391690906,-33.439014161779504,520.8939305189997,88.90842878120648,14.245954699717654,6.23008589136134,-70.6892941558861,1.392362726379871
1775581055000123100,1904.964123046875,546.8114867154509,0.9930117630967709,47.5466817776917,-33.43901473029544,520.9967932645231,88.5748919286371,14.245954697889495,6.327047284255149,-70.6892695091565,1.6919449441505778
1775581056000126000,1905.9641259765624,546.6652619233355,1.0343671015732445,45.65517188263793,-33.43901302599782,520.8505684724078,86.8583262823888,14.245954722741557,6.189868195038466,-70.6892468485874,1.8361003977523331
1775581057000130000,1906.964130126953,546.5871037626639,0.9659184309272061,44.281725069359496,-33.439009003395576,520.7724103117362,82.21366571561376,14.245954674572944,6.445560501275232,-70.68923036212176,1.7668117696680774
1775581058000133600,1907.9641335449219,546.6137540107593,0.9571046591988158,48.62490856930218,-33.43900815160478,520.7990605598316,80.78527384077175,14.245954671733312,6.532113499306288,-70.68921478856713,1.5949249343307317
1775581059000137000,1908.9641369628907,546.6324543589726,1.0213811389958534,69.11744434558393,-33.43900745521818,520.8177609080449,82.90311606010737,14.245954627796651,6.229314377259724,-70.68920491009398,1.196789419554865
1775581060000138800,1909.964138671875,546.6907894294709,1.0119503862847123,86.88110352038795,-33.43901596201429,520.8760959785432,97.4840456748864,14.245954615822098,7.330618204469247,-70.68919606509222,0.9411934355566399
1775581061000142000,1910.9641420898438,546.8738647019491,1.078982997765999,59.84684467571741,-33.43901790782946,521.0591712510213,99.27314319914034,14.245954619511874,6.561455107242987,-70.68917111895156,1.452431060598906
1775581062000145400,1911.9641455078124,546.8761517209932,1.0309440603115438,55.429715143765,-33.43901979140829,521.0614582700655,96.54890269461382,14.245954648008716,7.394490395006284,-70.6891536751774,1.5050960224457957
1775581063000149200,1912.964149169922,546.7387903742492,1.0378819748532715,50.13282942535734,-33.43901731901117,520.9240969233215,91.89957910227275,14.245954664881607,7.2240491738809105,-70.68913352386186,1.6768531161594962
1775581064000152800,1913.9641528320312,546.5492194434628,1.0479556031293757,48.968173744633546,-33.43901176481437,520.734525992535,85.92800259572597,14.24595467574148,7.152246830848835,-70.68911048183972,1.7319989546376078
1775581065000155000,1914.9641547851563,546.3871981389821,1.016699879448853,47.10117722475605,-33.439011533152836,520.5725046880543,86.59507210612014,14.245954711277482,7.524157569778532,-70.68908970660887,1.7412500090220218
1775581066000158700,1915.9641586914063,546.4106464767829,1.0431858795677356,47.98437269536515,-33.4390086343899,520.5959530258551,86.26494222560466,14.24595471568031,7.65985089469956,-70.68907048146905,1.7558998294371904
1775581067000162600,1916.9641625976562,546.3212110316381,1.0608573088721995,51.368975161859005,-33.43900891099263,520.5065175807104,86.9328125272218,14.245954732230599,7.340802856888615,-70.68905325007307,1.6649423658753892
1775581068000165400,1917.964165283203,546.4834915073588,1.0637110491048305,54.20201281131756,-33.439008907071205,520.6687980564311,86.43484135447656,14.245954733782925,7.14990783626285,-70.68903612075678,1.5880015981921007
1775581069000169000,1918.9641689453124,546.7717165583745,0.9030867387327842,44.186078591539925,-33.43900928038222,520.9570231074467,87.55789821250805,14.245954745798635,7.631886339086685,-70.68901289873912,1.6533018416527565
1775581070000171800,1919.964171875,546.9661243073642,0.9481659622208544,51.05629823200695,-33.43900935456542,521.1514308564365,89.97715122532686,14.245954726936148,7.597321500230445,-70.68899936115757,1.4991502070876157
1775581071000174600,1920.9641745605468,546.7919319039211,1.0052126830386954,56.99380020050597,-33.43900506971819,520.9772384529933,87.29569886573734,14.24595469366974,7.090475141797447,-70.68898549781734,1.427404664131277
1775581072000178000,1921.9641779785156,546.9207574045286,1.0008921170506377,47.168892414567985,-33.439008013769374,521.1060639536008,93.38405908047044,14.245954748672368,7.597402466740436,-70.6889624914669,1.7192763228379808
1775581073000180700,1922.9641806640625,547.0790138216689,0.9180153016744966,39.8046253964788,-33.43900286691666,521.2643203707412,87.59280718888547,14.245954820918143,7.733962738545821,-70.68894059205002,1.86648610092253
1775581074000184000,1923.9641840820314,547.0455368114635,1.0081387858795208,54.27952964356571,-33.43900230327293,521.2308433605358,87.29579995205114,14.24595477136477,7.301976964993014,-70.68893121936534,1.5038494694275506
1775581075000187600,1924.9641877441406,546.9870163397864,0.9872025187341941,44.97976342679354,-33.43899784748132,521.1723228888586,82.9979019105483,14.245954841127109,7.249662649406591,-70.68890626677289,1.7722928806645435
1775581076000190700,1925.9641906738282,546.6487839883193,0.999750512728038,46.97216375363925,-33.438994607812994,520.8340905373916,81.9506087912433,14.245954835850432,7.0103669840227845,-70.6888883813451,1.6989704061423068
1775581077000194000,1926.9641940917968,546.308441140689,0.9654354387381839,45.3703192733316,-33.43899289627027,520.4937476897612,81.92334781674568,14.245954817547323,7.203805097601118,-70.68887001925326,1.6754010018674692
1775581078000198000,1927.964197998047,546.6338757928461,0.9685495549814981,49.33570507056765,-33.43899353133234,520.8191823419183,84.5627663971927,14.245954709472255,7.067089762799956,-70.68885435716254,1.5791458676533408
1775581079000200200,1928.9642001953125,546.975563836284,0.9782227969875489,48.698266173040516,-33.438988919273406,521.1608703853562,82.81146309869114,14.245954712666705,6.60450452793458,-70.68883499161993,1.62758338116818
1775581080000204000,1929.9642041015625,547.5211682934314,1.0010487145337719,55.517607650722184,-33.438994451849204,521.7064748425037,90.03016498779692,14.24595466611083,6.437303425319592,-70.68882193634644,1.4404081029203708
1775581081000206800,1930.9642067871093,547.4400696726516,0.9740995377025077,65.50813332516185,-33.43899487933568,521.6253762217239,88.48345257212581,14.245954635905655,6.699287851366855,-70.68881153837019,1.1984903268941067
1775581082000210000,1931.9642099609375,547.3405031077564,0.8838126727502889,50.13417987304914,-33.438996025212965,521.5258096568286,91.30611782117988,14.245954639912142,6.838114714911018,-70.68878796676978,1.4283816545933734
1775581083000213500,1932.9642136230468,547.4696724480018,0.8896853731608587,44.04811846851235,-33.4389946101102,521.6549789970741,91.00119414837242,14.245954644579209,6.620588235757742,-70.68876803761296,1.636137914681177
1775581084000216600,1933.9642165527343,547.389216016978,0.9747765166179111,48.890249726751975,-33.438995006476894,521.5745225660503,89.08280795928826,14.245954656250936,6.402652855080972,-70.68874923783892,1.6143764322403127
1775581085000219600,1934.9642197265625,547.7248582914472,0.769042080715023,36.578628508435685,-33.43898801541502,521.9101648405194,80.77557652699092,14.245954677583414,6.364903989285457,-70.6887272786406,1.699954486262708
1775581086000223500,1935.9642233886718,547.6299862898886,0.9881518328056645,48.398365629756086,-33.438983051720996,521.8152928389609,79.2608276713567,14.2459546986709,6.291296446039036,-70.68871014165502,1.6542029333275161
1775581087000226600,1936.9642265625,547.7628745343536,0.7559294135305404,36.39614974553109,-33.438981094257,521.9481810834259,79.5263332870235,14.245954697226622,6.317292517540691,-70.68869141545308,1.6825496839238885
1775581088000229600,1937.9642297363282,547.9051279593259,0.9435581922141956,43.904919656772435,-33.43898186968421,522.0904345083982,82.68095198272248,14.245954685764687,6.151642133629351,-70.68867177526005,1.7411938352454064
1775581089000233000,1938.9642329101562,547.8461645655334,0.9655881544580309,41.36580248673813,-33.43898257252536,522.0314711146057,83.23143182471944,14.245954667790144,5.826722947548221,-70.68864721407834,1.8909862233270922
1775581090000236000,1939.9642360839844,547.7384346341714,0.8597627714735355,38.89596613112889,-33.438980982218375,521.9237411832437,85.4818297421467,14.245954679794666,5.791773699060342,-70.68863046238057,1.7866596558547976
1775581091000238800,1940.9642387695312,547.5451915543526,0.7551127003880796,36.911409708346596,-33.438977567388754,521.7304981034249,85.24995382875672,14.245954676872069,5.5469236894182,-70.68861568378371,1.636208517604408
1775581092000242200,1941.9642421875,547.564752872102,1.0090738191693185,45.62345916401078,-33.43898042146426,521.7500594211742,89.17253954802803,14.245954668478117,5.355617661783698,-70.68859399288885,1.7805681301204521
1775581093000245500,1942.9642456054687,548.0419681109488,1.0605239902613617,47.68293769130328,-33.43898194115383,522.2272746600211,90.25324073095192,14.245954632582109,5.018414611753842,-70.6885747978955,1.7996985864076491
1775581094000248300,1943.9642482910156,548.2231798097491,0.9534204540905993,51.44791541624614,-33.438978781911125,522.4084863588214,88.29108033636973,14.245954622725355,5.420442188258209,-70.68856619818179,1.495459561538318
1775581095000251600,1944.9642517089844,548.1355942096561,1.012364927161468,57.7109547362519,-33.43897450151953,522.3209007587284,85.90870903873879,14.245954639735201,5.046417988642734,-70.68855216471253,1.4205416262299182
1775581096000255700,1945.964255859375,548.2176158111542,1.0135288066323047,61.04941437976129,-33.438976604888296,522.4029223602265,89.16234275522208,14.245954636140413,5.235375411891472,-70.68853901631662,1.343335779610392
1775581097000258600,1946.964258544922,548.0129789151251,0.8172554402437915,54.46289491298705,-33.43897061921347,522.1982854641974,84.37741753585524,14.245954632742615,5.208040241446161,-70.6885277115928,1.2136259871173767
1775581098000261000,1947.9642612304688,548.020578620024,1.029346394082407,72.06477189974342,-33.4389650037686,522.2058851690963,80.37469962299598,14.24595463387291,5.74952281436419,-70.68851783199135,1.152813456825417
1775581099000264200,1948.9642641601563,548.726183379069,1.0501792772814438,60.95637471310425,-33.43895740737654,522.9114899281412,79.48813341463676,14.245954624938067,6.03916651837207,-70.6885001750304,1.355305251589759
1775581100000157400,1949.9641574707032,548.2852177768946,0.963973501669887,46.546235272828845,-33.43895831637099,522.4705243259668,81.70697318705578,14.24595463976964,6.573359876659643,-70.6884754172744,1.6780020441307952
1775581101000156400,1950.9641564941405,548.2230271818116,0.9206710376950403,42.04337756924864,-33.438956691857136,522.4083337308839,84.84729600671744,14.24595463894253,6.718723711272143,-70.68845454840695,1.7739296748126383
1775581102000157000,1951.9641569824219,548.2598255192861,0.9296827984608148,43.90979035949875,-33.438958544972316,522.4451320683584,87.26110114636023,14.245954660339931,6.721894250175608,-70.6884389145482,1.7155066930718172
1775581103000156700,1952.9641567382812,548.2823768826202,0.8986066859160339,37.93010395213306,-33.43895907645825,522.4676834316924,89.86397387714187,14.24595465466099,6.717879283549872,-70.6884147208652,1.9190955903274045
1775581104000159700,1953.9641596679687,548.2568707382306,0.9491031786516374,43.505433814813664,-33.43895798727031,522.4421772873029,91.27947302585052,14.245954631815785,6.681481656096653,-70.68839909369389,1.767462672423345
1775581105000162600,1954.9641625976562,548.1047713486478,0.8709993542226139,39.397735612891516,-33.438958190266796,522.29007789772,89.57806632088558,14.245954644868762,6.994920547248768,-70.6883811249144,1.7857467835526801
1775581106000160300,1955.96416015625,548.0283384695649,0.9913705807972163,45.80261821807506,-33.43895696828487,522.2136450186372,87.18909953971895,14.245954658663122,6.634478069264319,-70.68836166297943,1.7494147866549359
1775581107000167000,1956.9641669921875,548.2427089307457,0.889213856660812,43.10171169129196,-33.43895696035797,522.428015479818,89.76057789513911,14.245954642644172,6.555843262054622,-70.68834541950996,1.6712608671025597
1775581108000169200,1957.964169189453,548.4961166763678,1.0039270726841427,45.129001417401,-33.438955775882974,522.6814232254401,90.40300435366765,14.245954654001565,6.224074020901772,-70.68832642124917,1.7934094206812359
1775581109000171800,1958.964171875,548.2821172010154,0.9479479398906051,47.480668958309245,-33.43895357607421,522.4674237500876,89.9098224273128,14.245954664041824,5.996581533495404,-70.68831514951619,1.6167762069401175
1775581110000168000,1959.96416796875,548.1240766700357,0.9042148501151764,45.48827279055891,-33.43895016942548,522.309383219108,87.88409200515177,14.24595466628287,6.474200933902785,-70.68829836878913,1.6076405577031962
1775581111000164600,1960.9641645507813,548.135552642867,1.0338627257816702,54.007853288125425,-33.438945446833635,522.3208591919392,85.43859747130774,14.245954649138586,5.956998514740855,-70.68828219724342,1.5487872266938914
1775581112000164000,1961.9641640625,548.1564989490435,0.90757513521648,43.88059506916893,-33.43894960281912,522.3418054981157,90.66887788929137,14.245954625466064,6.321284279728203,-70.6882606519865,1.6737309999191414
1775581113000159500,1962.964159423828,548.0660307602957,0.9460679865790749,42.28186254941276,-33.43895163111149,522.251337309368,90.55940628359913,14.245954598854151,6.351122820411974,-70.68823969554508,1.811321379161894
1775581114000156000,1963.9641560058594,548.1144291143864,0.9583571998961964,43.95093227728016,-33.43895401966166,522.2997356634587,91.77052492374945,14.245954601179081,6.290330963807013,-70.68822000317115,1.7660793707910265
1775581115000153000,1964.964153076172,548.3138959920034,0.8775019086677515,42.09897298023032,-33.43895204509727,522.4992025410756,91.36961780455813,14.24595461190654,5.92099826313183,-70.68820167684348,1.6878671278662896
1775581116000159700,1965.9641596679687,548.2841210225597,0.94812075799952,51.25346713932007,-33.438945718017145,522.469427571632,86.79475379370801,14.245954597858882,5.666231715256619,-70.68818674820349,1.4986123060111218
1775581117000147000,1966.9641469726562,548.4348195120692,0.9337159994231091,48.583485339031725,-33.43894080494464,522.6201260611415,83.49419455011888,14.245954605877236,5.564213397142988,-70.68816996563531,1.5547850422946305
1775581118000144400,1967.9641442871093,548.5644114678726,0.9482569281431569,48.551720863151814,-33.4389349045229,522.7497180169448,81.57088078336038,14.24595460067412,5.582577099044262,-70.68815383350913,1.5763087865450038
1775581119000142600,1968.964142578125,548.7039157561958,0.9745305789582616,48.95620197535268,-33.43893366207307,522.889222305268,83.75089097409453,14.245954592571103,5.566617338163142,-70.68813632292631,1.605958091404313
1775581120000141000,1969.9641411132814,548.642719976604,0.9503378673136381,44.897294901405544,-33.43893444944444,522.8280265256763,86.68918712386325,14.245954583614523,5.533949695548436,-70.68811706027188,1.7138337818486717
1775581121000138800,1970.964138671875,548.7817143285647,0.9527536800505587,44.87409813979065,-33.43893263900568,522.967020877637,89.71223451718517,14.245954587278966,5.385584893661016,-70.68809982119275,1.7155928131752956
1775581122000138200,1971.9641381835938,548.6149160061032,0.96081488426643,47.17329377758883,-33.438931925473696,522.8002225551754,92.296640887351,14.24595458897657,5.314459342906962,-70.68808290457133,1.6502333263199949
1775581123000137200,1972.9641372070312,548.0110414456576,0.9595155459999882,42.38799714349505,-33.43892628370177,522.1963479947299,86.08766327369189,14.245954631211937,5.262110928177494,-70.68806100985967,1.8090033052083103
1775581124000136700,1973.96413671875,548.1328007476404,0.7914172468951175,35.50576643532463,-33.438924939913065,522.3181072967127,87.03945062580844,14.24595462776213,5.273996786323664,-70.6880462395969,1.7984869183889134
1775581125000136000,1974.964135986328,548.6053790207952,0.9481297319233019,57.70662723550487,-33.438927918253356,522.7906855698675,85.96436495558022,14.24595460636317,5.629466967500369,-70.68803706179165,1.3278221138990376
1775581126000136000,1975.964135986328,548.7099614292383,0.9233243895115272,48.723125124303756,-33.43892970624088,522.8952679783106,93.18301854982322,14.245954600350473,5.433080104471411,-70.68801821212774,1.5312793557487165
1775581127000135000,1976.9641350097656,548.9259899836034,0.9712677304548072,48.161406530255555,-33.43892892467993,523.1112965326756,92.14056180217882,14.245954605840339,5.373218653534105,-70.68799931801925,1.6256355674670169
1775581128000135400,1977.964135498047,549.027629529126,0.8837303679621032,48.967069010749164,-33.43892742439949,523.2129360781983,86.60358538354086,14.245954637752233,5.489283682471417,-70.68798568633018,1.4444731802304112
1775581129000136000,1978.964135986328,548.8217954523861,0.7181841680578506,37.31335970140804,-33.43892351871202,523.0071020014584,85.51046402880073,14.245954648809176,5.9625489745405265,-70.687967116698,1.557983466840934
1775581130000136400,1979.9641364746094,548.4959139032289,0.7404089937975016,37.02059119796424,-33.43892109104918,522.6812204523012,82.85764781996103,14.24595466049584,6.058548942780861,-70.68795053605582,1.6141556497209966
1775581131000137500,1980.9641374511718,548.4166546342894,0.7167283912250327,39.98326497818476,-33.43892375285606,522.6019611833617,86.56209363023166,14.245954642779267,6.145572319828965,-70.68793605019214,1.4444409515653949
1775581132000137500,1981.9641374511718,548.412167487666,0.9917972755604434,54.10051754315133,-33.43892810485852,522.5974740367383,90.15401131541539,14.245954641341632,6.2992611358945005,-70.68791836891549,1.4812067948197607
1775581133000138200,1982.9641381835938,548.4716003732756,1.018041826096577,54.15067191749773,-33.43893034585579,522.6569069223478,92.2803446765765,14.245954626937888,6.179109782025046,-70.68790079270312,1.5231415874019127
1775581134000139500,1983.964139404297,548.3720138380304,0.7185186189820126,37.790863545368495,-33.43892945457763,522.5573203871027,93.97315287360117,14.245954614989746,6.348881511449505,-70.68788397908517,1.539370215945279
1775581135000139800,1984.964139892578,548.4171834578738,0.9715375256487643,50.26668825986899,-33.438926606384605,522.602490006946,92.62033012944163,14.245954604789052,6.107144521589489,-70.68786618887788,1.5659130984689478
1775581136000140800,1985.9641408691407,548.4806005293503,1.0042393372291138,56.71296953244722,-33.43892994801491,522.6659070784226,96.35346466326284,14.245954610687209,6.279286778984438,-70.68785427641258,1.4341633446569713
1775581137000142600,1986.964142578125,548.7904975349084,0.932654159969476,49.795427545638816,-33.438928109273746,522.9758040839806,91.32344202230618,14.245954643226245,6.377567370044461,-70.687835517147,1.4915868018764762
1775581138000144100,1987.9641440429687,548.3223689198494,1.0326585476285852,55.73871693017277,-33.43892681402027,522.5076754689217,92.01587627403875,14.245954638724152,6.48906141882119,-70.68782047045441,1.5004570086542104
1775581139000145000,1988.9641447753907,548.4860022328794,0.9786536995275882,41.6284053768376,-33.438919120023435,522.6713087819517,83.64473587699939,14.245954655485667,6.761493241952291,-70.68779400393348,1.9036948646743164
1775581140000147500,1989.9641474609375,548.5384794091806,1.000963575282977,45.745300852798984,-33.43891929129495,522.7237859582528,84.29723076482131,14.24595461002617,6.552460012633741,-70.68778053274328,1.7699057118180428
1775581141000147700,1990.9641477050782,548.7264824649319,0.9239046470178753,40.71654472072724,-33.438918529096796,522.9117890140042,85.187605141623,14.245954620121427,7.047715959605467,-70.68776043976291,1.826822813413363
1775581142000149200,1991.964149169922,548.5602902434766,1.0005434511638764,49.663145742822806,-33.438921615605125,522.7455967925489,87.65376897804002,14.24595461344894,6.905129933627808,-70.68774425166069,1.6276529728884563
1775581143000151600,1992.9641516113281,548.5311504527926,0.9718043997866621,68.45956898002581,-33.43892425204652,522.7164570018649,91.80575168353583,14.245954612965358,6.844845919480738,-70.68773608099961,1.1492104852941758
1775581144000153000,1993.964153076172,548.6853426583111,0.8013926223637791,45.92302281072775,-33.43892038613831,522.8706492073834,86.02722605925129,14.2459546071003,6.9333920268086695,-70.68771931605619,1.4028059830725512
1775581145000155400,1994.9641552734374,548.6935729300603,0.9521029391704022,56.97643249964977,-33.43891727941981,522.8788794791326,85.14540184872824,14.245954585743217,7.468299588747457,-70.68770747090134,1.343875581299259
1775581146000157400,1995.9641574707032,548.5097546428442,0.9122066091503082,53.39331796476733,-33.43891454526667,522.6950611919165,84.36508580324846,14.245954586353978,7.272314792535399,-70.68769272119118,1.3831136562502098
1775581147000159000,1996.964158935547,548.460047245957,1.002170907812838,55.9385139485913,-33.438908613313664,522.6453537950292,80.45419739896377,14.245954585207507,7.058966524257918,-70.68767933869536,1.4512722065946293
1775581148000160800,1997.9641608886718,548.3180269636214,0.9862869511911758,51.64172664723876,-33.43890865564845,522.5033335126936,83.22649274780218,14.24595458909563,6.857701135628211,-70.68766092286705,1.547096348522411
1775581149000163600,1998.9641635742187,548.408445250243,1.0316127233892627,55.82549224127086,-33.43891068843185,522.5937517993152,86.29866336157183,14.24595459513733,6.501765630928097,-70.68764516524827,1.4972655677353126
1775581150000165400,1999.964165283203,548.5036641955376,1.1051241799169085,78.50569345126884,-33.4389124769188,522.6889707446098,89.49192878787001,14.245954595893396,5.662354413717122,-70.68763842313193,1.1403056309356923
1775581151000167400,2000.9641674804689,548.5831112060696,1.110167020024277,81.74403572010455,-33.43891514504232,522.7684177551419,93.20753798157101,14.245954593477896,4.979101106943621,-70.687626758254,1.0997128862216385
1775581152000169200,2001.964169189453,548.7723570819944,1.1912996506218112,58.34524094062549,-33.43892396978348,522.9576636310667,99.07496440776244,14.24595458469789,4.650583191956289,-70.68759959743936,1.6515973830303778
1775581153000172000,2002.9641721191406,548.6055256323889,1.057142022475807,50.950503629173205,-33.43892984241252,522.7908321814612,103.08534496305288,14.245954586375156,4.353120443327708,-70.68758862571094,1.680342527526553
1775581154000174000,2003.9641740722657,548.4129841113463,1.0876776261333485,49.50159103839633,-33.43893780948396,522.5982906604186,109.97972350379031,14.245954583680035,4.063729104364651,-70.68757566496146,1.7731552251539136
1775581155000175900,2004.96417578125,548.3066975409165,1.140291682523356,51.353852763590766,-33.43894216876074,522.4920040899888,109.9510643769562,14.245954586813316,3.6920315586345995,-70.68755831240527,1.7914725812551884
1775581156000178400,2005.964178466797,548.2609322881326,0.9104194272378773,40.72358527902725,-33.4389438545925,522.4462388372049,110.03492889963563,14.245954588419053,3.562361648396612,-70.6875426045386,1.8044493890661906
1775581157000180200,2006.9641801757812,548.7159399855882,0.8237456705258369,40.07810773893634,-33.438944099781644,522.9012465346605,106.181966743071,14.245954590991511,3.46749078190264,-70.68752514699935,1.664217983464107
1775581158000183300,2007.9641833496094,548.9938756553456,1.1162837524859524,60.36385602236503,-33.43894245032077,523.1791822044179,106.4643068272802,14.245954591170102,3.45188701565783,-70.68751476148984,1.4851392730763775
1775581159000186400,2008.9641862792969,548.9097977513447,0.8801777745970306,53.72137908926815,-33.43894649036173,523.095104300417,107.67203173675635,14.245954589843869,3.314388716925999,-70.68751130111478,1.3228572935740237
1775581160000188000,2009.9641879882813,549.068629572168,1.0652494501606813,65.86522979708482,-33.43894951935356,523.2539361212403,108.45832503909266,14.24595458988938,3.2119518602054455,-70.68749711736425,1.3085509978738614
1775581161000190700,2010.9641906738282,549.3482124367729,1.0252154525135078,80.69488002079457,-33.43895302541073,523.5335189858451,109.8332528854593,14.245954589446914,3.166862447150951,-70.68749867211939,1.0219110485012046
1775581162000193000,2011.9641931152344,549.5545573784038,0.7131414187561097,50.900286835328515,-33.43896412541785,523.7398639274761,112.19963786078735,14.245954586611711,3.674222809525134,-70.68748256539929,1.114630457218679
1775581163000195600,2012.9641955566406,549.8779474468902,0.762936450630281,47.822355069711925,-33.43897020814097,524.0632539959624,113.95182027541551,14.245954584301716,4.527615564965113,-70.68746373156011,1.2079979899614075
1775581164000197400,2013.964197265625,549.8329513473436,0.7088825708558986,51.37794208238847,-33.438983473237656,524.0182578964159,121.44488030732332,14.245954587573157,4.668916334724601,-70.68745830574426,1.075293151823944
1775581165000200200,2014.9642001953125,549.3093989603221,0.9980678281636494,73.59635530629856,-33.43898935358718,523.4947055093944,125.87353998084308,14.245954588962238,5.069079973883464,-70.68744900639201,1.0941843941399587
1775581166000203000,2015.964203125,549.4396070018411,0.8149954009954781,63.14513061029267,-33.438995408265285,523.6249135509133,122.82636442721439,14.245954587255158,5.434319693941746,-70.6874376867147,1.045655028642354
1775581167000206000,2016.9642060546876,549.5318005029112,1.1496327109158562,78.1411110061855,-33.43900170888243,523.7171070519835,115.8834361247289,14.245954582662952,5.007410835188635,-70.68742130469991,1.1901210917808103
1775581168000207600,2017.9642075195313,549.3921656366438,1.3653153363624657,97.29461831308976,-33.4390014406031,523.577472185716,111.65218105836618,14.245954583857486,4.19343242402151,-70.68740867512496,1.136226345513439
1775581169000210400,2018.9642104492189,549.4268564255908,0.9564047577975298,79.1847515668077,-33.439000270930514,523.6121629746631,107.2549162520479,14.245954585980433,4.292566784109203,-70.68740101679712,0.9784917712151875
1775581170000213200,2019.9642131347657,549.2565624769777,0.978817247025155,75.72328101634967,-33.438998438828634,523.44186902605,103.67285444641908,14.245954586984286,4.079858946713865,-70.68738831358294,1.0458341721878748
1775581171000215300,2020.9642153320312,549.23608603701,1.229610118200052,90.49171709716217,-33.438998515556754,523.4213925860822,102.93545944876877,14.245954587735818,3.679449489291035,-70.6873755450857,1.099697288621328
1775581172000218000,2021.964218017578,549.1713946470991,1.3634385214075726,101.79854401868678,-33.439002157334635,523.3567011961713,103.94030828072597,14.245954588033442,3.3057404977764495,-70.68736536255794,1.0832031428578826
1775581173000221000,2022.9642209472656,549.3543603848666,1.521905666749469,114.22172766042604,-33.43899458242643,523.5396669339389,100.55269807137913,14.245954588311088,3,-70.68735368616593,1.0769556068498192
1775581174000224000,2023.9642241210938,549.5564862703905,1.6533089925940971,122.54780357870294,-33.4389923500752,523.7417928194627,99.45913894075738,14.245954588345151,3,-70.68734143189909,1.0915513701589088
1775581175000226000,2024.9642260742187,549.4364601559937,1.053767915487995,107.47780221616654,-33.438984122865214,523.621766705066,93.64159384696053,14.245954588473001,3,-70.68733960034926,0.788457925426282
1775581176000228900,2025.9642287597655,549.4902972104028,0.9907040066930445,136.43420037597735,-33.43898930718109,523.675603759475,96.92148636257026,14.245954589527406,3,-70.68733937417585,0.5871420833999526
1775581177000231000,2026.9642309570313,549.4235143372789,1.256093667688746,152.30658803086357,-33.438983642745335,523.6088208863512,92.83477315090624,14.245954588701512,3,-70.68732877883812,0.6670225170503766
1775581178000233200,2027.9642331542968,549.4011144693941,1.3495426993654622,119.27221395290834,-33.43897835019658,523.5864210184664,90.89060367860732,14.24595458959946,3,-70.68731285905078,0.9155806693075638
1775581179000236500,2028.9642365722657,549.6165627408773,1.377653803715818,88.01380327297308,-33.43897055040627,523.8018692899495,88.89229626956259,14.245954590617039,3,-70.68728696323737,1.2662168336315602
1775581180000238800,2029.9642387695312,549.4674184219912,1.223207698757775,55.57439981326441,-33.438965461875505,523.6527249710634,88.90840269038561,14.245954587946015,3,-70.68724810233022,1.7833882269566588
1775581181000241200,2030.9642412109374,549.477266878821,1.2695051850648467,57.79617754383839,-33.43896190406333,523.6625734278932,88.5584508637605,14.245954589923322,3,-70.68722462373172,1.7797784481564836
1775581182000244700,2031.9642446289063,549.4824178637937,1.018885869820418,46.49278546105164,-33.438960884393204,523.6677244128659,87.78573092923384,14.245954587854913,3,-70.68720442012115,1.775682255450308
1775581183000247600,2032.9642475585938,549.5420263232663,0.9479146124165206,43.3958547695122,-33.43896103590671,523.7273328723386,87.63119541847806,14.245954589992076,3,-70.6871838206536,1.7699501235593345
1775581184000249900,2033.9642497558593,549.4128965903074,0.9841016084300453,47.09537183541159,-33.43896274519463,523.5982031393796,88.56660591491078,14.245954590077515,3,-70.68716824874528,1.692252564111911
1775581185000252400,2034.9642524414062,549.754222098738,0.9814204259213672,50.40390032303539,-33.43896262601774,523.9395286478102,89.69301168492971,14.245954588731532,3,-70.68715403706813,1.575606003010398
1775581186000256000,2035.9642561035157,549.7039643675089,1.101996128579268,57.83056407619009,-33.43896252098543,523.8892709165812,93.17041143493334,14.24595458896448,3,-70.68713808597344,1.540605436866496
1775581187000258000,2036.9642580566406,549.7014122810215,1.2919465465709352,83.08281075457721,-33.43896062260954,523.8867188300937,95.47902235741272,14.245954589616428,3,-70.68712747485304,1.2592775199124546
1775581188000261400,2037.9642614746094,549.7184007503092,0.9869265653753923,69.09529695123733,-33.439011647682825,523.9037072993815,116.74216654530167,14.245954604460268,3.3260373101556295,-70.6870936224229,1.1548961379860434
1775581189000263400,2038.9642634277343,549.7014937391505,1.0451186176334737,114.59085754219977,-33.43902310034445,523.8868002882227,124.33564151167961,14.24595460637205,4.150998308508182,-70.68707191112924,0.7365221440366609
1775581190000266000,2039.9642658691407,550.0474250372499,1.0466597428636857,74.57429102974265,-33.4390493611189,524.2327315863222,142.232459637657,14.245954624791162,5.216956666949097,-70.68705543714351,1.1278620762976441
1775581191000269000,2040.9642690429687,549.8655319865793,1.038523170431285,73.9187709058318,-33.43906552425631,524.0508385356516,150.88245123591886,14.245954640208538,5.922256804131922,-70.68704467429632,1.1351006816865117
1775581192000272000,2041.9642719726562,549.9621671726927,0.9380426287173944,58.694442982320936,-33.43908421621243,524.147473721765,164.06876228018015,14.245954669332516,6.584827716158295,-70.68704308903736,1.292981327613514
1775581193000274000,2042.9642739257813,550.0156605485827,1.0373627431517254,100.78766274299853,-33.4390894785163,524.2009670976549,161.36397203609224,14.245954646811018,6.649480699157629,-70.68703966901182,0.8328595468405342
1775581194000276500,2043.9642763671875,549.9463269840926,1.2111182317889302,180,-33.43908523170412,524.1316335331649,143.98981430079493,14.24595460580174,6.703791338302753,-70.68703127705042,0.3126585194981755
1775581195000279600,2044.9642795410157,549.8976817512885,1.5833941799641196,180,-33.43908281808753,524.0829883003607,143.98981180118147,14.245954597189783,6.60091193533909,-70.68702602637516,0.15748495933754425
1775581196000282400,2045.9642824707032,549.8802194073796,1.753203646515147,180,-33.43908270795204,524.0655259564519,143.98980849157806,14.245954592130849,5.395596054737402,-70.68701936353767,0.07994129819522958
1775581197000284700,2046.9642846679687,549.5219277525321,0.8428784839673701,68.02455714985832,-33.43907188456459,523.7072343016043,139.2553894583001,14.245954626070791,5.699789607244754,-70.68700808876187,1.001247728756152
1775581198000287500,2047.9642875976563,548.7946150898933,0.8738885784828181,163.75818038537253,-33.43908005220372,522.9799216389656,159.9377604466409,14.245954600999882,5.352002488201658,-70.68702014063899,0.35177276820815945
1775581199000290300,2048.964290283203,549.1282000225037,1.3835621617370737,180,-33.43907388152972,523.313506571576,159.93776131977,14.245954593143919,4.667189034407264,-70.68702229049934,0.06989537651842898
1775581200000293600,2049.9642937011718,549.4711360484362,1.52678365855794,180,-33.439071320873,523.6564425975084,159.93776843090276,14.245954591347685,3.694779317439922,-70.6870292256419,0.04051844630937417
1775581201000296200,2050.964296142578,549.0117342947051,1.5746511953618698,180,-33.43908687078729,523.1970408437774,159.93776243332547,14.24595459752632,3,-70.68702040786833,0.463101651397202
1775581202000299500,2051.964299560547,549.0262531321496,1.775008935706009,180,-33.43909236082508,523.2115596812218,159.93776392253673,14.245954595185925,3,-70.68702052419073,0.5297317901797144
1775581203000300800,2052.96430078125,549.159087523818,1.8861893838966097,180,-33.43909669792522,523.3443940728903,159.9377742905671,14.245954593229191,3,-70.68702884638489,0.49396864556844566
1775581204000303900,2053.9643039550783,548.975175883621,2.068060790303886,180,-33.43910738744837,523.1604824326932,159.93776340012667,14.245954592441958,3,-70.68701672500116,0.670916648785292
1775581205000306700,2054.964306640625,549.1894931998104,2.2415928682109123,180,-33.43910628841573,523.3747997488827,159.93777253006792,16.356435095735844,3,-70.6870251437824,0.5154642538319548
1775581206000309200,2055.964309326172,549.2674995213747,2.4387767852411004,180,-33.439097323995526,523.452806070447,159.93776260832576,20.082201943477745,3,-70.68701824708232,0.22017584030909154
1775581207000312000,2056.964312011719,549.2619293741882,2.663264284900667,180,-33.43911037756999,523.4472359232605,159.93777157595048,24.25315733482329,3,-70.68702338287933,0.18508032238025163
1775581208000315100,2057.964315185547,549.5309981200844,2.846632855343555,180,-33.43912134073937,523.7163046691567,159.93776906232927,28.641100654028964,3,-70.68701870159329,0.24463020351572856
1775581209000318000,2058.964317871094,548.8542842306197,1.4467874278875847,172.61960350436843,-33.439073016058224,523.0395907796919,260.9844598196046,19.340175579381647,3,-70.68707034496815,0.7209456520264524
1775581210000341500,2059.9643415527344,549.1312932055444,1.713106276482262,180,-33.43907483439484,523.3165997546166,260.96443832116205,16.06378131395433,3,-70.68707376012937,0.6411769046838434
1775581211000323300,2060.9643232421877,549.2780867563561,2.133334539371567,180,-33.43908675590464,523.4633933054283,260.96442515483875,17.328418220251947,3,-70.68706301698346,0.2595677599126369
1775581212000326000,2061.9643259277345,549.4848278379068,2.407497494162162,180,-33.43909582620668,523.670134386979,260.9644141884188,18.977372160552257,3,-70.68705332015003,0.02306858495505738
1775581213000328400,2062.9643283691407,549.3333976091817,2.7497496876642393,180,-33.43909845877237,523.518704158254,260.96441298703974,21.092592630880684,3,-70.68705368586403,0.057329785244064464
1775581214000331800,2063.9643317871096,549.4589828113094,2.8090029970563006,180,-33.43909785523525,523.6442893603817,260.9644182371351,23.714226043192898,3,-70.6870615858384,0.3050264544164915
1775581215000333800,2064.9643337402345,549.3291662605479,2.4408808423350705,180,-33.43911947183327,523.5144728096202,260.9643977649978,16.676035309867274,3,-70.68704756514593,0.3940500177742088
1775581216020342800,2065.9843427734377,554.4536132952198,3.89075830217444,-1,-33.43893847897046,528.6389198442921,-1,30.015603745023608,12.000000000000002,-70.68703788339224,0.8899999856948853
1775581228975044900,2078.939044921875,549.8903226386566,-1,-1,-33.439195085591656,524.0756291877289,-1,17.68332116624521,3,-70.68700750875783,-1
1775581229836139000,2079.800138916016,549.8903226386566,-1,-1,-33.43917686521218,524.0756291877289,-1,21.571720023274867,3,-70.68700886969668,-1
1775581229852089900,2079.81608984375,549.8903226386566,-1,-1,-33.4391768592047,524.0756291877289,-1,21.571805165810968,3,-70.6870089517161,-1
1775581234851470800,2084.8154709472656,549.8903226386566,-1,-1,-33.43922520519446,524.0756291877289,-1,20.959257725152604,3,-70.68696978567766,-1
1775581240828899800,2090.792899902344,549.8903226386566,-1,-1,-33.439234998684,524.0756291877289,-1,23.375200614690655,3,-70.68690370694075,-1
1775581247813667000,2097.7776669921873,549.8903226386566,-1,-1,-33.43920958816515,524.0756291877289,-1,19.717981586367248,3,-70.686898403443,-1
1775581253819459000,2103.783458984375,549.8903226386566,-1,-1,-33.43919165454215,524.0756291877289,-1,18.87036442701676,3,-70.68693906544911,-1
1775581259969790000,2109.9337900390624,552.9603226386565,-1,-1,-33.43919792294727,527.1456291877288,-1,18.306174675934766,3,-70.68691621508106,-1
1775581260212430800,2110.176430908203,552.9603226386565,-1,-1,-33.439202940836935,527.1456291877288,-1,23.624755779666522,3,-70.68690522954397,-1
1775581260213520100,2110.177520019531,552.9603226386565,-1,-1,-33.439202940836935,527.1456291877288,-1,23.624756731131956,3,-70.68690522954397,-1
1775581263186877000,2113.150876953125,552.9603226386565,-1,-1,-33.43922722816811,527.1456291877288,-1,26.880347955209476,3,-70.68690260152216,-1
1775581263207041000,2113.171041015625,552.9603226386565,-1,-1,-33.43922738379815,527.1456291877288,-1,26.880943511679636,3,-70.68690257911759,-1
1775581265859316000,2115.8233159179686,556.2903226386566,-1,-1,-33.43928159898195,530.4756291877288,-1,19.74827054943352,3,-70.68701943717582,-1
1775581269466404900,2119.430404785156,556.2903226386566,-1,-1,-33.43931203018242,530.4756291877288,-1,53.51605252658157,3,-70.68702885904973,-1
1775581269478831000,2119.4428310546873,556.2903226386566,-1,-1,-33.43931211525369,530.4756291877288,-1,53.51643058194852,3,-70.68702884680296,-1
1775581271000487700,2120.9644877929686,497.6072998046875,-1,-1,-33.4393236852416,471.79260635375977,-1,58.50040208207934,300,-70.68703769659975,-1
1775581271898972200,2121.8629721679686,556.2903226386566,-1,-1,-33.43936355585168,530.4756291877288,-1,26.415274919194268,3,-70.68697929660256,-1
1775581272000489700,2121.964489746094,496.36962890625,-1,-1,-33.43936763882373,470.55493545532227,-1,27.87113775380053,300,-70.68697772230932,-1
1775581273155174100,2123.1191740722657,556.2903226386566,-1,-1,-33.439386417848006,530.4756291877288,-1,27.753297089463803,3,-70.68690178533089,-1
1775581274000495900,2123.964495849609,757.16650390625,-1,-1,-33.4393737973317,731.3518104553223,-1,57.068988822522705,192,-70.68689493309033,-1
1775581275000498000,2124.9644978027345,760.352294921875,-1,-1,-33.43934860873168,734.5376014709473,-1,80.36757712568229,192,-70.68690457257395,-1
1775581276000501800,2125.9645017089842,666.1485595703125,-1,-1,-33.439366052391605,640.3338661193848,-1,100.08000878951962,128,-70.68691152446823,-1
1775581277000503600,2126.9645036621096,589.5721435546875,-1,-1,-33.43933721756065,563.7574501037598,-1,116.05241415643661,128,-70.68695187605107,-1
1775581278000458800,2127.9644587402345,590.3544921875,-1,-1,-33.439280150620526,564.5397987365723,-1,122.47837183632346,128,-70.68701945202407,-1
1775581279000455200,2128.964455078125,589.4873046875,-1,-1,-33.439279470239185,563.6726112365723,-1,135.90898407959344,128,-70.68708049356097,-1
1775581280000451000,2129.964451171875,680.511474609375,-1,-1,-33.439277999125295,654.6967811584473,-1,26.082892777643426,96,-70.68744550044092,-1
1775581281000446000,2130.9644460449217,549.2134925704449,3.2476298455580115,103.68222861702188,-33.43935312232547,523.3987991195172,237.04783979654746,17.693625737502266,3,-70.68722788941601,2.536203655451854
1775581282000433400,2131.9644333496094,549.322010810487,3.379488061405309,114.15555769575967,-33.43937547655507,523.5073173595592,235.78025200390198,13.848478462835022,3,-70.68723523241368,2.3981286945418834
1775581283000424000,2132.964423828125,549.2787810536101,3.5012047716549155,129.06649559140442,-33.43938974333279,523.4640876026824,235.37584380575066,12.518143218785521,3,-70.68724590443492,2.1977575144118138
1775581284000412400,2133.9644123535154,549.3181922985241,1.7192332124584855,180,-33.439393908175575,523.5034988475963,235.3758376209783,11.557311500708664,3,-70.68724307455587,0
1775581285000402400,2134.96440234375,549.3365859985352,2.023014956151249,180,-33.43935489827331,523.5218925476074,235.26252948716728,16.03989169717234,3,-70.68715562269287,0.377495877530834
1775581286000391400,2135.964391357422,549.6260944548994,2.369626455363907,180,-33.43932377357992,523.8114010039717,235.26253261717372,10.634630915208586,3,-70.68717884211163,0.6665739629370585
1775581287000382500,2136.9643825683593,549.4683090848848,1.2265525248755673,180,-33.4393137787847,523.6536156339571,235.2625601055321,10.27942822385782,3,-70.68719905025885,0
1775581288000369200,2137.964369140625,549.4902881877497,1.910039875441889,180,-33.43930172433341,523.675594736822,235.26255753056256,10.8030838646518,3,-70.6871959454757,0.051791395612119956
1775581289000355300,2138.9643552246093,549.5931158298627,2.2230552202215272,180,-33.43929708877876,523.7784223789349,235.26255862924782,9.196181654889271,3,-70.68719431378065,0.033335542275578056
1775581290000337700,2139.964337646484,550.138285972178,2.645419177978501,180,-33.439294910479816,524.3235925212502,235.26256087337208,8.585089260007726,3,-70.68719460473372,0.3398420517249296
1775581291000326100,2140.964326171875,549.3828106317669,3.1103749576121635,180,-33.43929530848713,523.5681171808392,235.26256611562485,8.509601037632759,3,-70.6871989777289,0.8576240049502653
1775581292000313300,2141.964313232422,549.650992365554,3.5423874823133445,180,-33.43930221499335,523.8362989146262,235.26256667997478,7.97575636874907,3,-70.6872166138589,0.7829160495281471
1775581293000299000,2142.9642990722655,549.4077411685139,3.4691997883797585,180,-33.43930890572467,523.5930477175862,236.78572773145723,9.1333786847894,3,-70.68723300130837,1.3974666991569393
1775581294000285700,2143.964285644531,549.4580468758941,3.7194276741857584,180,-33.439315460321474,523.6433534249663,236.14031132103457,9.335977447828357,3,-70.68724823285056,1.2655480668285337
1775581295000272600,2144.964272705078,549.3829370914027,4.047028883928829,180,-33.43932102245594,523.568243640475,236.14031468046588,9.73729583184019,3,-70.68726051966073,1.2682828891456184
1775581296000260400,2145.964260253906,549.6437373915687,4.387519974215254,180,-33.43932664057595,523.829043940641,236.14031940500675,10.020771426393225,3,-70.68727586704362,1.1675408380400527
1775581297000249000,2146.9642490234373,549.5226670308039,4.689958568285141,180,-33.43933119122748,523.7079735798761,236.14032878369912,10.817781040811667,3,-70.68728668298824,1.200615989163771
1775581298000238800,2147.964238769531,549.1780084567145,5.004508328550385,180,-33.439332878354854,523.3633150057867,236.14033382337902,10.234113464780487,3,-70.68725672798467,1.1242658472180243
1775581299000230000,2148.9642299804686,549.0560987684876,3.466652142621527,180,-33.43933920362264,523.2414053175598,183.3464359460102,10.563913710451557,3,-70.68723335330421,1.4537524955760803
1775581300000220400,2149.9642204589845,549.5646934453398,1.1630547960979747,180,-33.43934624529238,523.7499999944121,187.16712370627533,10.461354778762443,3,-70.68721179468191,0
1775581301000212700,2150.964212646484,549.6369485054165,1.0368309019234465,180,-33.43932957325928,523.8222550544888,187.29008608112036,10.996627325211458,3,-70.68720774408948,0
1775581302000204500,2151.9642045898436,549.6668206881732,1.7813963870352714,180,-33.43932832307872,523.8521272372454,187.29008694018,11.518606688888628,3,-70.68720749631572,0
1775581303000198000,2152.964197998047,549.7350433506072,2.1492760125191626,180,-33.43932819422134,523.9203498996794,187.290086756515,11.792228846406871,3,-70.68720696961357,0.09556426225687771
1775581304000191200,2153.9641911621093,549.776634384878,1.089410520696702,180,-33.439332064938384,523.9619409339502,187.29008789142546,12.222413677111222,3,-70.68720472396018,0
1775581305000184600,2154.9641845703127,549.776634384878,1.0416448606247126,180,-33.43933144832743,523.9619409339502,187.29008789142546,12.628752135815407,3,-70.68720321219074,0
1775581306000179200,2155.964179199219,549.776634384878,1.7864316281231998,180,-33.439331138144496,523.9619409339502,187.29008789142546,13.07427435047593,3,-70.68720245170297,0
1775581307000175000,2156.964175048828,549.776634384878,1.742942510126853,180,-33.43933039389988,523.9619409339502,187.29008789142546,13.478056244694812,3,-70.68720062700903,0
1775581308000170000,2157.964169921875,517.9894416229799,4.380000114440444,119.49653120649165,-33.43931050370588,492.1747481720522,79.453107698449,13.670132145076819,47.99999999999899,-70.6871364522869,2.970000028609908
1775581309000165400,2158.9641652832033,549.6337691042572,1.699077006710721,180,-33.43930791600966,523.8190756533295,187.29008921386256,10.832864769228056,3,-70.68718076955031,0.10565354830141593
1775581310000161500,2159.964161621094,549.5534313619137,2.009202526382228,180,-33.43930855190147,523.738737910986,187.29011563814606,11.015114880027497,3,-70.68719709754366,0.32468375081273726
1775581311000158000,2160.9641579589843,549.8381455903873,2.241589846911643,180,-33.43930741120755,524.0234521394596,187.2901145831719,9.64155501917046,3,-70.68718987175185,0.23997039481591476
1775581312000155000,2161.964154785156,549.8481221580878,2.3695338203235434,180,-33.439308389047994,524.03342870716,187.29011408491183,9.01316149293758,3,-70.6871857044158,0.1268770797356636
1775581313000151000,2162.964151123047,549.8575108163059,1.6624354803787726,180,-33.43930875606589,524.0428173653781,187.29011402241073,9.64815926764661,3,-70.68718503528352,0
1775581314000148700,2163.964148681641,549.8575108163059,1.5347281695857362,180,-33.439308630413564,524.0428173653781,187.29011402241073,10.230581412485945,3,-70.68718466859627,0
1775581315000146000,2164.964145996094,549.8575108163059,1.5280355425046472,180,-33.43933305734497,524.0428173653781,187.29011402241073,9.721685194751544,3,-70.68716605969654,0
1775581316000144100,2165.9641440429687,549.8575108163059,1.4671384620092087,180,-33.43932960214554,524.0428173653781,187.29011402241073,9.782871830572883,3,-70.68716689256306,0
1775581317000141600,2166.9641416015625,549.8575108163059,1.3851795128626145,180,-33.43932874457082,524.0428173653781,187.29011402241073,10.304105138513535,3,-70.68716709927914,0
1775581318000140300,2167.9641403808596,549.8575108163059,1.4559189517018427,180,-33.43932791392787,524.0428173653781,187.29011402241073,10.398534180048781,3,-70.68716729950337,0
1775581319000138200,2168.9641381835936,549.8575108163059,1.3755784215567814,180,-33.439327029369835,524.0428173653781,187.29011402241073,10.848801436191028,3,-70.68716751272369,0
1775581320000137700,2169.9641376953123,549.8575108163059,1.1671894794871187,180,-33.43932612897503,524.0428173653781,187.29011402241073,11.242538618089519,3,-70.68716772976144,0
1775581321000136400,2170.9641364746094,549.8575108163059,1.2773346800775212,180,-33.43932603971883,524.0428173653781,187.29011402241073,11.235124334342014,3,-70.6871677512764,0
1775581322000135000,2171.9641350097654,549.8575108163059,1.0288975561749933,180,-33.439325932499976,524.0428173653781,187.29011402241073,11.282857458898244,3,-70.68716777712122,0
1775581323000134000,2172.9641337890625,549.8575108163059,1.1554543830221637,180,-33.43933980519015,524.0428173653781,187.29011402241073,9.759702953320222,3,-70.68715685946668,0
1775581324000133600,2173.964133544922,549.8575108163059,1.022636637719271,180,-33.4393396959715,524.0428173653781,187.29011402241073,9.816567614035025,3,-70.68715690929234,0
1775581325000132400,2174.9641323242186,549.8575108163059,1.7100671864711108,180,-33.439339609794395,524.0428173653781,187.29011402241073,9.860649431044472,3,-70.68715694860641,0
1775581326000132900,2175.9641328125,549.8575108163059,1.7051541372128562,180,-33.439339372163225,524.0428173653781,187.29011402241073,9.84903273950444,3,-70.68715705701403,0
1775581327000131600,2176.964131591797,549.8575108163059,1.6970359421809476,180,-33.43930460395528,524.0428173653781,187.29011402241073,14.245954590575272,3,-70.68717291830944,0
1775581328000132000,2177.9641320800783,549.8575108163059,1.6650750144172815,180,-33.43930460395528,524.0428173653781,187.29011402241073,14.245954590575272,3,-70.68717291830944,0
1775581329000131600,2178.964131591797,549.8575108163059,1.6209327187275981,180,-33.43930460395528,524.0428173653781,187.29011402241073,14.24595459057527,3,-70.68717291830944,0
1775581330000130800,2179.964130859375,549.8575108163059,1.5801126878077802,180,-33.43930460395528,524.0428173653781,187.29011402241073,14.245954590575272,3,-70.68717291830944,0
1775581331000131600,2180.964131591797,549.8575108163059,1.5650024264890137,180,-33.43930460395528,524.0428173653781,187.29011402241073,14.24595459057527,3,-70.68717291830944,0
1775581332000131000,2181.9641311035157,549.8575108163059,1.458400035140805,180,-33.43930460395528,524.0428173653781,187.29011402241073,14.245954590575272,3,-70.68717291830944,0
1775581333000131300,2182.9641313476563,549.8575108163059,1.5223601984984487,180,-33.43930460395528,524.0428173653781,187.29011402241073,14.245954590575272,3,-70.68717291830944,0
1775581334000132000,2183.9641320800783,549.8575108163059,1.286328066118693,180,-33.43930460395528,524.0428173653781,187.29011402241073,14.245954590575268,3,-70.68717291830944,0
1775581335000132600,2184.964132568359,549.8575108163059,1.3684485347427666,180,-33.43930460395528,524.0428173653781,187.29011402241073,14.24595459057527,3,-70.68717291830944,0
1775581336000132900,2185.9641328125,549.8575108163059,1.2814045335163136,180,-33.43930460395528,524.0428173653781,187.29011402241073,14.245954590575272,3,-70.68717291830944,0
1775581337000132900,2186.9641328125,549.8575108163059,1.1649584507899344,180,-33.43930460395528,524.0428173653781,187.29011402241073,14.24595459057527,3,-70.68717291830944,0
1775581338000134000,2187.9641337890625,549.8575108163059,1.1617486554626908,180,-33.43930460395528,524.0428173653781,187.29011402241073,14.24595459057527,3,-70.68717291830944,0
1775581339000134700,2188.964134765625,549.8575108163059,1.1596275982593296,180,-33.43930460395528,524.0428173653781,187.29011402241073,14.245954590575272,3,-70.68717291830944,0
1775581340000135400,2189.9641354980467,549.8575108163059,1.7712171024304744,180,-33.43934120783203,524.0428173653781,187.29011402241073,9.90850080767967,3,-70.68714419040965,0
1775581341000135700,2190.9641357421874,549.8575108163059,1.721394120360376,180,-33.43934093615387,524.0428173653781,187.29011402241073,9.948139496772578,3,-70.68714440363141,0
1775581342000137000,2191.9641369628907,549.8575108163059,1.7073497500200614,180,-33.439340675059604,524.0428173653781,187.29011402241073,10.067899987598985,3,-70.68714460854657,0
1775581343000137200,2192.9641372070314,549.8575108163059,1.6754893119267456,180,-33.439340414161784,524.0428173653781,187.29011402241073,10.182364443426751,3,-70.68714481330758,0
1775581344000137700,2193.9641376953123,549.8575108163059,1.7024809869727475,180,-33.43934016586793,524.0428173653781,187.29011402241073,10.156399496218384,3,-70.68714500817657,0
1775581345000139300,2194.9641391601563,549.8575108163059,1.7110559583115224,180,-33.43933990569946,524.0428173653781,187.29011402241073,10.26953111743541,3,-70.68714521236515,0
1775581346000140500,2195.964140625,549.8575108163059,1.6348726911027056,180,-33.43933964216903,524.0428173653781,187.29011402241073,10.322431953598665,3,-70.6871454191923,0
1775581347000141000,2196.964141113281,549.8575108163059,1.6653203049615297,180,-33.43933939847009,524.0428173653781,187.29011402241073,10.421539293991204,3,-70.68714561045508,0
1775581348000142600,2197.964142578125,549.8575108163059,1.6339994748141256,180,-33.43933482845938,524.0428173653781,187.29011402241073,10.006200018188567,3,-70.68715692622378,0
1775581349000143600,2198.9641435546873,549.8575108163059,1.52863068122198,180,-33.43933463542597,524.0428173653781,187.29011402241073,9.991753575877915,3,-70.68715702835968,0
1775581350000144100,2199.9641440429687,549.8575108163059,1.5794626214636016,180,-33.43933446411258,524.0428173653781,187.29011402241073,10.085782882468049,3,-70.6871571190033,0
1775581351000145200,2200.964145263672,549.8575108163059,1.4578135648151298,180,-33.43933427986623,524.0428173653781,187.29011402241073,10.15583988340418,3,-70.68715721648987,0
1775581352000147200,2201.964147216797,549.8575108163059,1.4575534855009127,180,-33.43933412108108,524.0428173653781,187.29011402241073,10.237215303689549,3,-70.68715730050467,0
1775581353000147500,2202.9641474609375,549.8575108163059,1.4618908883281345,180,-33.43933396069401,524.0428173653781,187.29011402241073,10.318187314874887,3,-70.68715738536707,0
1775581354000148700,2203.964148681641,549.8575108163059,1.3754301676135559,180,-33.43933380040918,524.0428173653781,187.29011402241073,10.312668671438127,3,-70.68715747017536,0
1775581355000150300,2204.964150390625,549.8575108163059,1.285226393416528,180,-33.4393336571886,524.0428173653781,187.29011402241073,10.38323893574119,3,-70.6871575459548,0
1775581356000151000,2205.964151123047,549.8575108163059,1.3735265262750354,180,-33.4393335311978,524.0428173653781,187.29011402241073,10.441712827346183,3,-70.68715761261778,0
1775581357000152000,2206.9641520996092,549.8575108163059,1.2848813245791868,180,-33.43933338621727,524.0428173653781,187.29011402241073,10.50975199234403,3,-70.68715768932843,0
1775581358000153000,2207.964153076172,549.8575108163059,1.2836653443848423,180,-33.439333258424895,524.0428173653781,187.29011402241073,10.568304723491796,3,-70.68715775694464,0
1775581359000154400,2208.964154296875,549.8575108163059,1.16641727640279,180,-33.43930460395528,524.0428173653781,187.29011402241073,14.24595459057527,3,-70.68717291830944,0
1775581360000155100,2209.9641550292968,549.8575108163059,1.0345230532351282,180,-33.43930460395528,524.0428173653781,187.29011402241073,14.245954590575272,3,-70.68717291830944,0
1775581361000156700,2210.9641567382814,549.8575108163059,1.0277168929887022,180,-33.43930460395528,524.0428173653781,187.29011402241073,14.245954590575272,3,-70.68717291830944,0
1775581362000158200,2211.964158203125,549.8575108163059,1.7540164214515854,180,-33.43930460395528,524.0428173653781,187.29011402241073,14.24595459057527,3,-70.68717291830944,0
1775581363000159200,2212.9641591796876,549.8575108163059,1.021965168580113,180,-33.43930460395528,524.0428173653781,187.29011402241073,14.24595459057527,3,-70.68717291830944,0
1775581364000160800,2213.964160888672,549.8575108163059,1.024004730826106,180,-33.43930460395528,524.0428173653781,187.29011402241073,14.24595459057527,3,-70.68717291830944,0
1775581365000162000,2214.964162109375,549.8575108163059,1.7436548728500436,180,-33.43930460395528,524.0428173653781,187.29011402241073,14.24595459057527,3,-70.68717291830944,0
1775581366000162800,2215.9641628417967,549.8575108163059,1.0224161623426045,180,-33.43930460395528,524.0428173653781,187.29011402241073,14.245954590575272,3,-70.68717291830944,0
1775581367000165400,2216.9641652832033,549.8575108163059,1.7694188154462027,180,-33.43930460395528,524.0428173653781,187.29011402241073,14.24595459057527,3,-70.68717291830944,0
1775581368000166000,2217.964165771484,549.8575108163059,1.6895679596937265,180,-33.43930460395528,524.0428173653781,187.29011402241073,14.24595459057527,3,-70.68717291830944,0
1775581369000167200,2218.964167236328,549.8575108163059,1.722323120445342,180,-33.43930460395528,524.0428173653781,187.29011402241073,14.24595459057527,3,-70.68717291830944,0
1775581370000168400,2219.964168457031,549.8575108163059,1.6726130613358872,180,-33.43930460395528,524.0428173653781,187.29011402241073,14.245954590575272,3,-70.68717291830944,0
1775581371000170200,2220.9641701660157,549.8575108163059,1.6696049502520314,180,-33.43930460395528,524.0428173653781,187.29011402241073,14.24595459057527,3,-70.68717291830944,0
1775581372000171300,2221.964171142578,549.8575108163059,1.5845699082300664,180,-33.43930460395528,524.0428173653781,187.29011402241073,14.24595459057527,3,-70.68717291830944,0
1775581373000172500,2222.964172607422,549.8575108163059,1.58272083898228,180,-33.43930460395528,524.0428173653781,187.29011402241073,14.245954590575272,3,-70.68717291830944,0
1775581374000174600,2223.964174560547,549.8575108163059,1.580176104460237,180,-33.43930460395528,524.0428173653781,187.29011402241073,14.24595459057527,3,-70.68717291830944,0
1775581375000175400,2224.964175292969,549.8575108163059,1.5280209986032205,180,-33.43930460395528,524.0428173653781,187.29011402241073,14.245954590575272,3,-70.68717291830944,0
1775581376000177000,2225.964177001953,549.8575108163059,1.5274319690071743,180,-33.43930460395528,524.0428173653781,187.29011402241073,14.24595459057527,3,-70.68717291830944,0
1775581377000178400,2226.964178466797,549.8575108163059,1.3835226863450292,180,-33.43930460395528,524.0428173653781,187.29011402241073,14.24595459057527,3,-70.68717291830944,0
1775581378000179200,2227.964179199219,549.8575108163059,1.2873519938344247,180,-33.43930460395528,524.0428173653781,187.29011402241073,14.245954590575272,3,-70.68717291830944,0
1775581379000181500,2228.9641813964845,549.8575108163059,1.3726636093659368,180,-33.43930460395528,524.0428173653781,187.29011402241073,14.24595459057527,3,-70.68717291830944,0
1775581380000182300,2229.9641823730467,549.8575108163059,1.2790534091240304,180,-33.43930460395528,524.0428173653781,187.29011402241073,14.245954590575272,3,-70.68717291830944,0
1775581381000184000,2230.9641840820314,549.8575108163059,1.0248201369612207,180,-33.43930460395528,524.0428173653781,187.29011402241073,14.24595459057527,3,-70.68717291830944,0
1775581382000185000,2231.9641850585936,549.8575108163059,1.7509971999387173,180,-33.43930460395528,524.0428173653781,187.29011402241073,14.24595459057527,3,-70.68717291830944,0
1775581383000187000,2232.964186767578,549.8575108163059,1.7195464613215445,180,-33.43930460395528,524.0428173653781,187.29011402241073,14.245954590575272,3,-70.68717291830944,0
1775581384000188400,2233.9641884765624,549.8575108163059,1.6795935039011758,180,-33.43930460395528,524.0428173653781,187.29011402241073,14.245954590575272,3,-70.68717291830944,0
1775581385000189000,2234.9641889648437,549.8575108163059,1.6979656103461618,180,-33.43930460395528,524.0428173653781,187.29011402241073,14.24595459057527,3,-70.68717291830944,0
1775581386000190700,2235.964190673828,549.8575108163059,1.636651405907132,180,-33.43930460395528,524.0428173653781,187.29011402241073,14.245954590575272,3,-70.68717291830944,0
1775581387000192300,2236.964192138672,549.8575108163059,1.6316710315005398,180,-33.43930460395528,524.0428173653781,187.29011402241073,14.24595459057527,3,-70.68717291830944,0
1775581388000193000,2237.9641931152346,549.8575108163059,1.584788635418898,180,-33.43930460395528,524.0428173653781,187.29011402241073,14.245954590575272,3,-70.68717291830944,0
1775581389000195600,2238.964195556641,549.8575108163059,1.5262803581018094,180,-33.43930460395528,524.0428173653781,187.29011402241073,14.24595459057527,3,-70.68717291830944,0
1775581390000196900,2239.9641967773437,549.8575108163059,1.524142804882433,180,-33.43930460395528,524.0428173653781,187.29011402241073,14.245954590575272,3,-70.68717291830944,0
1775581391000198400,2240.9641984863283,549.8575108163059,1.4574484367982157,180,-33.43930460395528,524.0428173653781,187.29011402241073,14.245954590575272,3,-70.68717291830944,0
1775581392000199000,2241.964198974609,549.8575108163059,1.5238834863867454,180,-33.43930460395528,524.0428173653781,187.29011402241073,14.245954590575272,3,-70.68717291830944,0
1775581393000200700,2242.964200683594,549.8575108163059,1.4536454599730049,180,-33.43930460395528,524.0428173653781,187.29011402241073,14.245954590575272,3,-70.68717291830944,0
1775581394000202800,2243.9642026367187,549.8575108163059,1.2846504248152102,180,-33.43930460395528,524.0428173653781,187.29011402241073,14.245954590575272,3,-70.68717291830944,0
1775581395000203500,2244.9642036132814,549.8575108163059,1.2810407165299738,180,-33.43930460395528,524.0428173653781,187.29011402241073,14.245954590575272,3,-70.68717291830944,0
1775581396000205000,2245.964205078125,549.8575108163059,1.3665002609557817,180,-33.43930460395528,524.0428173653781,187.29011402241073,14.24595459057527,3,-70.68717291830944,0
1775581397000206000,2246.9642060546876,549.8575108163059,1.2822985557772633,180,-33.43930460395528,524.0428173653781,187.29011402241073,14.24595459057527,3,-70.68717291830944,0
1775581398000207400,2247.9642072753904,549.8575108163059,1.2811317121393946,180,-33.43930460395528,524.0428173653781,187.29011402241073,14.24595459057527,3,-70.68717291830944,0
1775581399000210000,2248.9642099609373,549.8575108163059,1.037453527414328,180,-33.43930460395528,524.0428173653781,187.29011402241073,14.24595459057527,3,-70.68717291830944,0
1775581400000211000,2249.9642109375,549.8575108163059,1.7656352738532404,180,-33.43930460395528,524.0428173653781,187.29011402241073,14.24595459057527,3,-70.68717291830944,0
1775581401000211700,2250.964211669922,549.8575108163059,1.7638651116622186,180,-33.43930460395528,524.0428173653781,187.29011402241073,14.24595459057527,3,-70.68717291830944,0
1775581402000213500,2251.964213623047,549.8575108163059,1.6881671568807,180,-33.43930460395528,524.0428173653781,187.29011402241073,14.24595459057527,3,-70.68717291830944,0
1775581403000215000,2252.964215087891,549.8575108163059,1.7194218439472904,180,-33.43930460395528,524.0428173653781,187.29011402241073,14.245954590575272,3,-70.68717291830944,0
1775581404000290300,2253.964290283203,549.8575108163059,1.7133812200656318,180,-33.43930460395528,524.0428173653781,187.29011402241073,14.245954590575272,3,-70.68717291830944,0
1775581405000299300,2254.964299316406,549.8575108163059,1.713962933885547,180,-33.43930460395528,524.0428173653781,187.29011402241073,14.245954590575272,3,-70.68717291830944,0
1775581406000301600,2255.9643015136717,549.8575108163059,1.6693203918099107,180,-33.43930460395528,524.0428173653781,187.29011402241073,14.245954590575272,3,-70.68717291830944,0
1775581407000306400,2256.9643063964845,549.8575108163059,1.5884419560446488,180,-33.43930460395528,524.0428173653781,187.29011402241073,14.245954590575272,3,-70.68717291830944,0
1775581408000306000,2257.964305908203,549.8575108163059,1.6269858502335046,180,-33.43930460395528,524.0428173653781,187.29011402241073,14.245954590575272,3,-70.68717291830944,0
1775581409000302800,2258.964302734375,549.8575108163059,1.5247722020987262,180,-33.43930460395528,524.0428173653781,187.29011402241073,14.245954590575266,3,-70.68717291830944,0
1775581410000301300,2259.9643012695315,549.8575108163059,1.5212881028532927,180,-33.43930460395528,524.0428173653781,187.29011402241073,14.24595459057527,3,-70.68717291830944,0
1775581411000295000,2260.964294921875,549.8575108163059,1.448513240912652,180,-33.43930460395528,524.0428173653781,187.29011402241073,14.245954590575272,3,-70.68717291830944,0
1775581412000288500,2261.9642885742187,549.8575108163059,1.4473243354214185,180,-33.43930460395528,524.0428173653781,187.29011402241073,14.24595459057527,3,-70.68717291830944,0
1775581413000283000,2262.9642829589843,549.8575108163059,1.4550109090367904,180,-33.43930460395528,524.0428173653781,187.29011402241073,14.24595459057527,3,-70.68717291830944,0
1775581414000279000,2263.9642790527346,549.8575108163059,1.3790395229452412,180,-33.43930460395528,524.0428173653781,187.29011402241073,14.245954590575268,3,-70.68717291830944,0
1775581415000272000,2264.964271972656,549.8575108163059,1.3785027029521837,180,-33.43930460395528,524.0428173653781,187.29011402241073,14.24595459057527,3,-70.68717291830944,0
1775581416000267500,2265.964267578125,549.646163020283,1.8893279742842755,180,-33.43928827011933,523.8314695693552,187.29008140305913,14.245954590518458,3,-70.68711636827547,0.1164289132484705
1775581417000262000,2266.9642619628908,549.833629722707,2.252344423533714,180,-33.43929786857416,524.0189362717792,187.29008445125385,14.24595459074927,3,-70.68712171045742,0.7702071321928938
1775581418000253200,2267.964253173828,549.6297806724906,2.029414529603608,180,-33.439312524316506,523.8150872215629,178.58363295058206,14.245954590260666,3,-70.68711708330588,0.7903595498960551
1775581419000245000,2268.964244873047,549.7728591971099,2.3244082094627383,180,-33.43932578940389,523.9581657461822,174.2079590298908,14.245954590248049,3,-70.6871192440454,0.7487973523852204
1775581420000235500,2269.964235595703,549.9280738215894,2.6051514580507393,180,-33.43933012424314,524.1133803706616,174.20796152279996,15.40345475024654,3,-70.68712343072102,0.6743776049395566
1775581421000228900,2270.964228759766,549.6224895697087,2.6264279094970773,180,-33.439337779606504,523.807796118781,174.20795826158988,17.23793738282191,3,-70.68711784558239,0.5364500862939245
1775581422000222000,2271.964221923828,549.5050309039652,2.2895717210832833,180,-33.43933571015108,523.6903374530375,174.20796296819879,17.323237076006816,3,-70.68712583323631,0.22291057734985056
1775581423000214800,2272.96421484375,549.6031964281574,3.0453373191446946,154.87313112787342,-33.43932826174131,523.7885029772297,237.57872175206094,14.24595459019016,3,-70.68725014821997,1.5566158170678819
1775581424000208400,2273.9642084960938,549.8011106615886,2.826168686341383,158.57735897081372,-33.43932447727467,523.9864172106609,239.07110216921558,14.351441450580353,3,-70.68724722680254,1.2388407188408554
1775581425000203000,2274.964203125,549.5334009546787,2.695482311980868,119.83418901409942,-33.4393419193351,523.7187075037509,239.87435129033526,14.245954591459103,3,-70.68729790091412,1.693156576199798
1775581426000197400,2275.964197265625,549.65831618011,2.8099080794214792,121.94195912349828,-33.43936312631127,523.8436227291822,239.72764521647565,14.421904819133063,3,-70.687320538026,1.7978377427751135
1775581427000192300,2276.964192138672,549.4925136780366,2.74009390303783,128.00459913853788,-33.43937673766797,523.6778202271089,241.56962679301512,15.649366395205917,3,-70.68734233565942,1.7015450628146132
1775581428000187600,2277.9641877441404,549.736252354458,1.3858223467823811,180,-33.439373828662106,523.9215589035302,241.75989634097982,14.24595459057527,3,-70.68733663923761,0
1775581429000183000,2278.9641831054687,549.736252354458,1.3858012517704201,180,-33.439373828662106,523.9215589035302,241.75989634097982,14.24595459057527,3,-70.68733663923761,0
1775581430000179200,2279.964179199219,549.736252354458,1.2856859175953224,180,-33.439373828662106,523.9215589035302,241.75989634097982,14.24595459057527,3,-70.68733663923761,0
1775581431000176400,2280.9641762695314,549.736252354458,1.170118201697665,180,-33.439373828662106,523.9215589035302,241.75989634097982,14.24595459057527,3,-70.68733663923761,0
1775581432000172000,2281.9641721191406,549.736252354458,1.1677194480106614,180,-33.439373828662106,523.9215589035302,241.75989634097982,14.24595459057527,3,-70.68733663923761,0
1775581433000168200,2282.9641682128904,549.2304164208472,1.8136948263960937,180,-33.43938764220668,523.4157229699194,241.45688468555892,14.245954590562949,3,-70.68730400161179,0.032654852808297934
1775581434000164900,2283.964164794922,549.1355106690899,2.16182932288935,180,-33.43938772159981,523.3208172181621,241.45688534053647,14.245954590536796,3,-70.6873051920071,0.04067902034281266
1775581435000162000,2284.964162109375,549.4081229493022,2.602302461438941,180,-33.439389895536266,523.5934294983745,241.4568874354949,14.24595459045055,3,-70.68730899197338,0.25430684202833115
1775581436000160300,2285.96416015625,549.2417932283133,3.0237316921309962,180,-33.43938954822393,523.4270997773856,241.45688864164086,14.731231700413225,3,-70.6873111860322,0.28887364398193194
1775581437000158000,2286.9641579589843,549.3087037699297,3.2871735519364416,180,-33.439413851683625,523.494010319002,241.45685892580616,15.594845954734275,3,-70.68725706920034,0.5354073510344568
1775581438000156000,2287.9641560058594,549.2875631554052,3.6564331126016216,180,-33.43940634348866,523.4728697044775,241.4568575378771,18.747755517940796,3,-70.68725457550215,0.09892129138819698
1775581439000153000,2288.964153076172,549.4167410191149,4.017684017206468,180,-33.43940385262977,523.6020475681871,241.45685710158813,22.462620530300338,3,-70.68725379213242,0.10427515194844544
1775581440000151000,2289.964151123047,549.4232297800481,4.3088452320336135,180,-33.43940345609881,523.6085363291204,241.45685567737837,26.18715662461702,3,-70.68725120456908,0.10304462938841792
1775581441000149500,2290.9641494140624,549.4354493478313,1.5790680332590288,180,-33.43940377686367,523.6207558969036,241.45685535920626,17.302642178358273,3,-70.68725062489445,0
1775581442000147500,2291.9641474609375,549.4502985188738,1.484017818481392,180,-33.4394014321413,523.635605067946,241.45685319265547,17.09077074994113,3,-70.68724669544915,0.07963660272595792
1775581443000147200,2292.964147216797,549.4489671131596,1.2959012045329878,180,-33.439393550258565,523.6342736622319,241.45686276531464,16.003968172692964,3,-70.6872641288446,0
1775581444000145200,2293.964145263672,549.4203975675628,1.682951206155944,180,-33.439393160072726,523.605704116635,241.45686497752823,15.761992029866203,3,-70.68726815203549,0.044643740710587264
1775581445000144100,2294.9641440429687,551.8042000401765,1.899999976157902,47.96077454873451,-33.43933851744054,525.9895065892488,88.94529348201401,30.904414673002254,12.000000000003514,-70.68698350625102,3.2100000381465668
1775581446000142600,2295.964142578125,551.9282234776765,1.749999999999779,44.1743981649921,-33.43935380759025,526.1135300267488,98.08591866790574,30.641680235706744,12.000000000003428,-70.68694570594197,3.210000038146567
1775581447000141800,2296.964141845703,553.3896490223706,1.6799999475477623,50.41771124027346,-33.43936514699136,527.5749555714428,98.08592165991203,30.741720730141754,12.000000000002446,-70.68690562182294,2.7000000476834747
1775581448000140500,2297.964140625,553.2338869301602,3.1700000762938467,161.54732439583654,-33.43937515689277,527.4191934792325,100.19530322704713,29.9930710718316,12.000000000000792,-70.68688845402747,1.5900000333785513
1775581449000139800,2298.9641398925783,553.2338867327198,1.6200000047683714,180,-33.439396068278405,527.4191932817921,100.1953125,7.522616524305782,4.000000000061639,-70.68718191966428,0
1775581450000139000,2299.9641389160156,551.0048831002787,1.749999999999925,75.8287804455424,-33.43939671730077,525.1901896493509,112.14842723674654,7.317508571586664,3.0000000000069567,-70.68716936962632,1.8700000047682912
1775581451000138500,2300.9641384277343,551.6459965016693,4.039999961852779,146.14062860269084,-33.439397032707724,525.8313030507416,112.14842520604091,7.321760358477783,4.000000000006785,-70.68716704790259,2.240000009536605
1775581452000137200,2301.9641372070314,551.6459961077198,4.03000020980835,180,-33.43939769846326,525.8313026567921,112.1484375,7.130060732893865,4.000000000008146,-70.68715491087485,0
1775581453000137500,2302.964137451172,551.6459961077198,3.8013156683736726,-1,-33.439398272889136,525.8313026567921,-1,6.9598795111238925,4.000000000008001,-70.68714431488674,0
1775581454000136400,2303.9641364746094,551.6350097805262,3.7789550099234805,-1,-33.43939351957532,525.8203163295984,-1,6.66093648101001,4,-70.68714517483882,1.2400000095367432
1775581455000136400,2304.9641364746094,551.6585694709793,2.5799999237060054,168.59148453377986,-33.43939273813281,525.8438760200515,344.88281441624724,6.658114897057706,4.000000000002407,-70.68714579200179,1.2400000095367194
1775581456000135400,2305.9641354980467,551.6585693499073,2.2899999618530273,180,-33.439393141685855,525.8438758989796,344.8828125,6.6708566546999215,4.000000000000722,-70.68714562935244,0
1775581457000136000,2306.964135986328,550.9768071379513,4.46999979019131,146.04727185642102,-33.43938789126495,525.1621136870235,343.828129092978,6.538835435702602,4.000000000009958,-70.68714224587261,2.4800000190732976
1775581458000135000,2307.9641350097654,550.9768066536635,2.2699999809265132,180,-33.43935777851866,525.1621132027358,343.828125,8.162283552076996,4.000000000088601,-70.687150825357,0
1775581459000134000,2308.9641337890625,550.9768066536635,2.4820354870119754,-1,-33.43935760249965,525.1621132027358,-1,8.159545718393534,4.00000000014575,-70.68715059738413,0
1775581460000134700,2309.964134765625,550.9768066536635,2.2919696236252696,-1,-33.43935737027105,525.1621132027358,-1,8.146994501314971,4.0000000002101945,-70.68715029661082,0
1775581461000134400,2310.9641345214845,550.9768066536635,2.3478712697507493,-1,-33.43935276418916,525.1621132027358,-1,7.898086868333664,4.000000000239093,-70.68714433099605,0
1775581462000134000,2311.9641337890625,550.9768066536635,1.9500000476825905,180,-33.43935718441633,525.1621132027358,282.3047125804612,7.880503040197074,4.000000000259351,-70.6871346699453,0
1775581463000133600,2312.964133544922,550.9768066536635,2.2919696236252696,-1,-33.439356950297196,525.1621132027358,-1,7.8694685122624914,4.0000000002469145,-70.68713441469494,0
1775581464000134400,2313.9641345214845,550.8734130999073,2.168986002149214,-1,-33.439364943518214,525.0587196489796,-1,7.850303020053866,3.9999999999999964,-70.68713136568823,0.23000000417232513
1775581465000134000,2314.9641337890625,550.8734130999073,2.4596748285617838,-1,-33.43935823631058,525.0587196489796,-1,7.854870458606547,4.000000000001129,-70.68714179563703,0
1775581466000134700,2315.964134765625,550.2305003525689,1.6530823233390417,180,-33.439364612879956,524.4158069016412,241.45686760276868,14.245954590582642,3,-70.68727303657944,0.05832217167908743
1775581467000134400,2316.9641345214845,550.1225525420159,1.3011001307385872,180,-33.43936444449035,524.3078590910882,241.45686784731924,14.24595459057527,3,-70.68727348181748,0
1775581468000134000,2317.9641337890625,550.0271498048678,1.918576148496629,180,-33.43936491380468,524.2124563539401,241.45686744565361,14.245954590580077,3,-70.6872727497735,0.05251081471317812
1775581469000134000,2318.9641337890625,549.8480290696025,2.277064538047712,180,-33.4393649120951,524.0333356186748,241.4568625250991,14.245954590593877,3,-70.6872638045284,0.06192617316535274
1775581470000134400,2319.9641345214845,549.8434163872153,1.677143489683619,180,-33.43936480843659,524.0287229362875,241.45686239588397,14.24595459057527,3,-70.68726357003034,0
1775581471000134100,2320.964134033203,549.8434163872153,1.5506738008757817,180,-33.43936480843659,524.0287229362875,241.45686239588397,14.24595459057527,3,-70.68726357003034,0
1775581472000134400,2321.9641345214845,549.7426561936736,1.9462257600759696,180,-33.4393623126785,523.9279627427459,241.4568623267666,14.24595459057527,3,-70.68726345417261,0
1775581473000134400,2322.9641345214845,549.7426561936736,1.787180288318115,180,-33.4393623126785,523.9279627427459,241.4568623267666,14.24595459057527,3,-70.68726345417261,0
1775581474000134400,2323.9641345214845,549.7426561936736,1.746405389680402,180,-33.4393623126785,523.9279627427459,241.4568623267666,14.24595459057527,3,-70.68726345417261,0
1775581475000135000,2324.9641350097654,549.7426561936736,1.7018091195616767,180,-33.4393623126785,523.9279627427459,241.4568623267666,14.24595459057527,3,-70.68726345417261,0
1775581476000136000,2325.964135986328,549.7426561936736,1.7233300225462145,180,-33.4393623126785,523.9279627427459,241.4568623267666,14.24595459057527,3,-70.68726345417261,0
1775581477000136000,2326.964135986328,549.7426561936736,1.6509362091751192,180,-33.4393623126785,523.9279627427459,241.4568623267666,14.245954590575272,3,-70.68726345417261,0
1775581478000135400,2327.9641354980467,549.4772955663502,1.6327574023997813,180,-33.43936210159088,523.6626021154225,241.45686065782206,14.245954590575645,3,-70.68726042096696,0.03352922357185766
1775581479000136200,2328.9641362304687,549.4137872764841,1.2992572985745265,180,-33.43936597563875,523.5990938255563,241.45686066016015,14.24595459057527,3,-70.68726041001624,0
1775581480000136000,2329.964135986328,549.5019392883405,1.2867127836510246,180,-33.43936568775009,523.6872458374128,241.45686023937247,14.24595459057527,3,-70.68725964618098,0
1775581481000137200,2330.9641372070314,549.455594053492,1.8264958898235888,180,-33.43937468367468,523.6409006025642,241.4568459805504,14.245954590577885,3,-70.6872336892701,0.058207888309516946
1775581482000136400,2331.9641364746094,549.4541824879125,1.6180152412014213,180,-33.43937461653318,523.6394890369847,241.45684585397578,14.24595459057527,3,-70.68723345942908,0
1775581483000136400,2332.9641364746094,549.591241328977,1.6044624375945795,180,-33.439374445434574,523.7765478780493,241.4568448386321,14.245954590575945,3,-70.68723161427185,0.03639383618243975
1775581484000137200,2333.9641372070314,549.3607101310045,1.9464576913402372,180,-33.43937532933075,523.5460166800767,241.45684582865303,14.245954590584232,3,-70.68723341059737,0.155918028026999
1775581485000138800,2334.964138671875,549.3174521150067,1.3248163936839565,180,-33.43936374894838,523.502758664079,241.4568456078142,6.857229005382136,3,-70.68717460000748,0
1775581486000138000,2335.964137939453,549.6099404934794,1.2975466827789488,180,-33.43936347646898,523.7952470425516,241.45684536495105,6.8518664377903775,3,-70.68717461486442,0
1775581487000138800,2336.964138671875,549.5116104474291,1.169547382549366,180,-33.43936292914206,523.6969169965014,241.45683843847334,7.037663251011594,3,-70.68717594724534,0.024019191907755203
1775581488000137700,2337.9641376953123,549.5104403421283,1.1690929984915284,180,-33.43936291849471,523.6957468912005,241.45683837865568,7.038980015585008,3,-70.68717592425865,0
1775581489000139300,2338.9641391601563,549.3985498985276,1.1639131341014326,180,-33.43936729381212,523.5838564475998,241.45683754054977,7.028998890340312,3,-70.68717570211403,0.02892224840448088
1775581490000140300,2339.9641403808596,549.3985157227144,1.162499198821849,180,-33.43936728120069,523.5838222717866,241.45683746813725,7.03031750428732,3,-70.68717567412453,0
1775581491000139500,2340.964139404297,549.3985157227144,1.792444841245537,180,-33.43936732272921,523.5838222717866,241.45683746813725,7.026060478215242,3,-70.68717574244477,0
1775581492000139800,2341.9641398925783,549.3985157227144,1.02307524524012,180,-33.43936746614068,523.5838222717866,241.45683746813725,7.05571624601247,3,-70.68717597837669,0
1775581493000140300,2342.9641403808596,549.3985157227144,1.0278959793893963,180,-33.439363970121676,523.5838222717866,241.45683746813725,7.012726384355164,3,-70.68718948058071,0
1775581494000140800,2343.9641408691405,549.3985157227144,1.720975991008666,180,-33.43936407057941,523.5838222717866,241.45683746813725,7.002331689486696,3,-70.68718957943875,0
1775581495000141600,2344.9641416015625,549.3985157227144,1.6845053413821056,180,-33.43936422327507,523.5838222717866,241.45683746813725,7.012367637091002,3,-70.6871897297029,0
1775581496000141600,2345.9641416015625,549.3985157227144,1.6751483553751458,180,-33.439364319570586,523.5838222717866,241.45683746813725,7.006893450628181,3,-70.687189824465,0
1775581497000142600,2346.964142578125,549.3985157227144,1.6008846872721398,180,-33.43936446714886,523.5838222717866,241.45683746813725,7.021853190897271,3,-70.68718996969324,0
1775581498000141600,2347.9641416015625,549.3985157227144,1.6391237872640931,180,-33.43936460697673,523.5838222717866,241.45683746813725,7.01124037788357,3,-70.68719010729448,0
1775581499000142000,2348.964142089844,549.3985157227144,1.5338234720661366,180,-33.4393603031269,523.5838222717866,241.45683746813725,6.7862132559952935,3,-70.68720935272289,0
1775581500000143000,2349.9641430664065,549.3985157227144,1.5275785059570681,180,-33.43936038818429,523.5838222717866,241.45683746813725,6.778236660454456,3,-70.68720937552082,0
1775581501000143400,2350.9641433105467,549.3985157227144,1.5285397811648185,180,-33.439360472161134,523.5838222717866,241.45683746813725,6.771052867144687,3,-70.68720939802915,0
1775581502000144100,2351.9641440429687,549.3985157227144,1.4608933031279894,180,-33.43936055583566,523.5838222717866,241.45683746813725,6.763337315154825,3,-70.68720942045644,0
1775581503000144400,2352.9641442871093,549.6051994832233,1.381331990451879,180,-33.439371018341575,523.7905060322955,241.4568485418548,6.768581271635962,3,-70.68721394466202,0.09280444549005454
1775581504000144400,2353.9641442871093,549.4549746997654,1.8495821227819849,180,-33.43937194668462,523.6402812488377,241.4568430177644,6.773184141414483,3,-70.68721153044244,0.05704530357554983
1775581505000144600,2354.96414453125,549.5315466672182,1.0679242733917582,180,-33.439373623015356,523.7168532162905,241.45683988582584,6.844002867592782,3,-70.68720196812538,0
1775581506000145400,2355.9641455078126,549.5315466672182,1.8293569005101586,180,-33.43937477976668,523.7168532162905,241.45683988582584,7.680235227969121,3,-70.68720233119694,0
1775581507000147000,2356.964146972656,549.5315466672182,1.7770815292355155,180,-33.439375212299666,523.7168532162905,241.45683988582584,7.700353306884437,3,-70.68720246695682,0
1775581508000146400,2357.964146484375,549.5315466672182,1.7519020151546676,180,-33.439375657991135,523.7168532162905,241.45683988582584,7.969388626271185,3,-70.68720260684677,0
1775581509000147000,2358.964146972656,549.5315466672182,1.7081459195561184,180,-33.43937638548209,523.7168532162905,241.45683988582584,8.062938341542466,3,-70.68720285972776,0
1775581510000147700,2359.964147705078,549.5315466672182,1.7312765194039335,180,-33.4393771056162,523.7168532162905,241.45683988582584,8.108443100316554,3,-70.68720335148808,0
1775581511000148200,2360.9641481933595,549.5315466672182,1.693683922120336,180,-33.43937377286675,523.7168532162905,241.45683988582584,7.854658950546928,3,-70.68720894699838,0
1775581512000148500,2361.9641484375,549.5315466672182,1.6445534883053203,180,-33.43937421016124,523.7168532162905,241.45683988582584,8.008065740286348,3,-70.68720903748489,0
1775581513000148200,2362.9641481933595,549.5315466672182,1.6443978183757044,180,-33.43937465665472,523.7168532162905,241.45683988582584,8.243033299284523,3,-70.68720912987489,0
1775581514000149800,2363.964149658203,549.5315466672182,1.6354572073138829,180,-33.439375124569224,523.7168532162905,241.45683988582584,8.468263348708183,3,-70.68720922669738,0
1775581515000149800,2364.964149658203,549.5315466672182,1.5899713064518604,180,-33.4393751773623,523.7168532162905,241.45683988582584,8.178624609541904,3,-70.68721435841458,0
1775581516000149800,2365.964149658203,549.5315466672182,1.5355237117361005,180,-33.439375618833544,523.7168532162905,241.45683988582584,8.399007685252837,3,-70.68721441411374,0
1775581517000150800,2366.9641508789064,549.5315466672182,1.5312726958516827,180,-33.43937587889901,523.7168532162905,241.45683988582584,8.543758164003437,3,-70.68721444692545,0
1775581518000151000,2367.964151123047,549.5315466672182,1.4612301821056126,180,-33.43937614398043,523.7168532162905,241.45683988582584,8.667341950469183,3,-70.68721448037002,0
1775581519000150800,2368.9641508789064,549.5315466672182,1.3836414394159744,180,-33.439376390822,523.7168532162905,241.45683988582584,8.77885320815572,3,-70.68721451151332,0
1775581520000151600,2369.964151611328,549.5315466672182,1.4599996205692876,180,-33.439376611667164,523.7168532162905,241.45683988582584,8.78200434078545,3,-70.68721453937673,0
1775581521000151000,2370.964151123047,549.5315466672182,1.3749473771467196,180,-33.43937574443818,523.7168532162905,241.45683988582584,8.818830683514085,3,-70.6872095931599,0
1775581522000152000,2371.9641520996092,549.5315466672182,1.3761441055849024,180,-33.43937597080512,523.7168532162905,241.45683988582584,8.900676846605746,3,-70.68720963914255,0
1775581523000152600,2372.9641525878906,549.5315466672182,1.3836698745010647,180,-33.43937620159424,523.7168532162905,241.45683988582584,8.995674297268243,3,-70.68720968602346,0
1775581524000153600,2373.964153564453,549.5315466672182,1.0401205004728802,180,-33.43937643884255,523.7168532162905,241.45683988582584,9.088299934538876,3,-70.68720973421647,0
1775581525000153600,2374.964153564453,549.5315466672182,1.0312990573450171,180,-33.43937657313236,523.7168532162905,241.45683988582584,9.094834103767854,3,-70.68720976149518,0
1775581526000154400,2375.964154296875,549.5315466672182,1.159539435023513,180,-33.439376706384714,523.7168532162905,241.45683988582584,9.14660617254247,3,-70.68720978856314,0
1775581527000155000,2376.964154785156,549.5315466672182,1.0322801979469416,180,-33.439373828550195,523.7168532162905,241.45683988582584,9.167265518409556,3,-70.68720735962059,0
1775581528000155100,2377.9641550292968,549.5315466672182,1.7597725735871497,180,-33.439373968332966,523.7168532162905,241.45683988582584,9.15871839600381,3,-70.68720739199617,0
1775581529000155400,2378.9641552734374,549.5315466672182,1.731389256917469,180,-33.43937436894751,523.7168532162905,241.45683988582584,9.150240758863378,3,-70.68720748478388,0
1775581529999012400,2379.963012451172,549.5315466672182,1.6917893030796687,180,-33.43937475660971,523.7168532162905,241.45683988582584,9.18529540802377,3,-70.68720757457166,0
1775581530999012000,2380.963012207031,549.5315466672182,1.6459435548784493,180,-33.439375136412146,523.7168532162905,241.45683988582584,9.319256834473203,3,-70.687207662539,0
1775581531999027200,2381.9630270996095,549.5315466672182,1.674460835343223,180,-33.4393754951587,523.7168532162905,241.45683988582584,9.333763288918727,3,-70.68720774562952,0
1775581532999023900,2382.9630239257813,549.5315466672182,1.6368512133036743,180,-33.43937443849163,523.7168532162905,241.45683988582584,9.145812545639343,3,-70.6872070503272,0
1775581533999033600,2383.963033691406,549.5315466672182,1.537509710632717,180,-33.439374783373616,523.7168532162905,241.45683988582584,9.151731117614258,3,-70.68720713262883,0
1775581534999060000,2384.963060058594,550.035630395636,1.9773017826684263,180,-33.439364680870746,524.2209369447082,241.45683389478052,9.198597784197572,3,-70.6872027056657,0.06598159887912278
1775581535999074000,2385.9630739746094,549.7679692786187,2.268710932237697,180,-33.43936732059681,523.953275827691,241.4568349086371,9.17224585264605,3,-70.6872033648362,0.24912360196720296
1775581536999083800,2386.963083740234,549.9059149827808,2.61095315117048,180,-33.439368771568745,524.0912215318531,241.45683570462856,9.226301178389013,3,-70.6871997654696,0.1729287036121921
1775581537999112000,2387.963111816406,549.9073051856831,2.9842282123669226,180,-33.43936607861119,524.0926117347553,241.45683784931646,9.22805922877256,3,-70.68720159183037,0.24406779225715172
1775581538999123500,2388.9631235351562,549.8073184210807,3.280356681625839,180,-33.43935834919678,523.992624970153,241.4568381611183,8.875037524451034,3,-70.68722110167926,0.10441967397916777
1775581539999136300,2389.9631362304685,549.8028859645128,1.616485696784007,180,-33.43935309471448,523.9881925135851,241.45686258980814,9.210671357774798,3,-70.68724023998732,0
1775581540999165200,2390.963165283203,549.8028859645128,1.4755263543760204,180,-33.43935333467769,523.9881925135851,241.45686258980814,9.187369481299335,3,-70.68724036447642,0
1775581541999178200,2391.963178222656,549.8028859645128,1.4633089434378923,180,-33.43935353320353,523.9881925135851,241.45686258980814,9.169577105164752,3,-70.68724046746847,0
1775581542999196700,2392.963196777344,549.8028859645128,1.3862994843983805,180,-33.439353877658775,523.9881925135851,241.45686258980814,9.162224213495584,3,-70.68724064616637,0
1775581543999226600,2393.9632265625,549.8028859645128,1.291981679257918,180,-33.43935420139221,523.9881925135851,241.45686258980814,9.129998540311052,3,-70.6872408141141,0
1775581544999254300,2394.9632541503906,549.8028859645128,1.1673668574174916,180,-33.43935263287411,523.9881925135851,241.45686258980814,8.954320049806137,3,-70.687248473567,0
1775581545999279900,2395.9632797851564,549.8028859645128,1.1616056312514758,180,-33.43935552766466,523.9881925135851,241.45686258980814,8.94276436021956,3,-70.68723611596015,0
1775581546999304700,2396.9633046875,549.8028859645128,1.0312919533155327,180,-33.43935563918404,523.9881925135851,241.45686258980814,8.93161233355262,3,-70.68723618779583,0
1775581547999327700,2397.9633276367185,549.8028859645128,1.0279639598214665,180,-33.43935572681447,523.9881925135851,241.45686258980814,8.923183633553927,3,-70.68723624424332,0
1775581548999349000,2398.963348876953,549.8028859645128,1.7587229397288853,180,-33.439355827584656,523.9881925135851,241.45686258980814,9.139715166425177,3,-70.6872363099284,0
1775581549999370000,2399.9633698730468,549.8028859645128,1.0285330989438763,180,-33.43935608958782,523.9881925135851,241.45686258980814,9.11246317989199,3,-70.68723647869406,0
1775581550999389400,2400.963389404297,549.8028859645128,1.7201108980167428,180,-33.43935617935727,523.9881925135851,241.45686258980814,9.103498881967056,3,-70.68723653651777,0
1775581551999409200,2401.9634091796875,549.8028859645128,1.7463114862488784,180,-33.43935701611508,523.9881925135851,241.45686258980814,9.154583601002935,3,-70.68724125428221,0
1775581552999425800,2402.96342578125,549.8028859645128,1.7289432765744555,180,-33.43935726811906,523.9881925135851,241.45686258980814,9.127496170393615,3,-70.68724139121599,0
1775581553999442200,2403.963442138672,549.8028859645128,1.6821761275274316,180,-33.439357512276345,523.9881925135851,241.45686258980814,9.100887142461568,3,-70.68724152388603,0
1775581554999457800,2404.963457763672,549.8028859645128,1.596817015086924,180,-33.43935774098743,523.9881925135851,241.45686258980814,9.076598785850093,3,-70.68724164816291,0
1775581555999472600,2405.96347265625,549.8028859645128,1.5903162931393493,180,-33.43935794520283,523.9881925135851,241.45686258980814,9.054408309300852,3,-70.68724175912934,0
1775581556999486500,2406.9634865722655,549.8028859645128,1.5875349761101807,180,-33.43935814580558,523.9881925135851,241.45686258980814,9.032852284329383,3,-70.68724186813272,0
1775581557999500300,2407.9635002441405,549.8028859645128,1.5345831485631183,180,-33.43936378376446,523.9881925135851,241.45686258980814,9.040176973822124,3,-70.68724745599756,0
1775581558999513600,2408.963513671875,549.8028859645128,1.4635940775603922,180,-33.439363943352255,523.9881925135851,241.45686258980814,9.020462769921526,3,-70.68724753110688,0
1775581559999525000,2409.9635251464842,549.8028859645128,1.2885139377058958,180,-33.43936408741534,523.9881925135851,241.45686258980814,9.002253900701847,3,-70.68724759890958,0
1775581560999536600,2410.9635366210937,549.2965434482321,1.8802486813806745,180,-33.43935742310842,523.4818499973044,241.45686153661893,9.021225636226731,3,-70.68724696626225,0.14169553787020073
1775581561999548700,2411.9635485839844,549.2684256481007,2.178192806857448,180,-33.43935735006665,523.4537321971729,241.4568601349668,9.02215064107556,3,-70.68724594964735,0.07470464386826685
1775581562999558100,2412.9635581054686,549.5351023059338,2.565910854572817,180,-33.4393545668569,523.7204088550061,241.4568575887874,8.996607880069137,3,-70.68724419870321,0
1775581563999568400,2413.963568359375,549.5351023059338,1.8368318107185606,180,-33.43934582086757,523.7204088550061,241.4568575887874,9.102365668912926,3,-70.68722245780043,0
1775581564999578000,2414.963578125,549.5603782841936,2.144184453703403,180,-33.439349658127036,523.7456848332658,241.45684859954156,9.74725783452876,3,-70.68721586666337,0.08181114776288204
1775581565999587000,2415.963587158203,549.5837659891695,1.4334544738748216,180,-33.439350627342776,523.7690725382417,241.45684856219646,9.872478125039732,3,-70.68721683862337,0
1775581566999596000,2416.9635959472657,549.5837659891695,1.1794859654939873,180,-33.43935164356514,523.7690725382417,241.45684856219646,10.378938108606395,3,-70.6872175830107,0
1775581567999604000,2417.9636040039063,549.5837659891695,1.1735705752076455,180,-33.43935189935368,523.7690725382417,241.45684856219646,10.834273556966378,3,-70.68721777037695,0
1775581568999612400,2418.9636123046876,549.5837659891695,1.1663732233751478,180,-33.439352151804606,523.7690725382417,241.45684856219646,10.831200122481553,3,-70.68721795529835,0
1775581569999620000,2419.9636201171875,549.5837659891695,1.0335239823288287,180,-33.439350739152076,523.7690725382417,241.45684856219646,10.012175150626472,3,-70.6872289619334,0
1775581570999627300,2420.963627197266,549.5837659891695,1.776058695403899,180,-33.439350945478665,523.7690725382417,241.45684856219646,9.994293117616655,3,-70.68722902819049,0
1775581571999636200,2421.9636362304686,549.5837659891695,1.7010546330127054,180,-33.43935126805312,523.7690725382417,241.45684856219646,10.014652258619458,3,-70.6872291317779,0
1775581572999640800,2422.963640869141,549.5837659891695,1.6909008584029508,180,-33.4393515695696,523.7690725382417,241.45684856219646,9.963018116599335,3,-70.68722922860304,0
1775581573999648000,2423.9636479492187,549.5837659891695,1.6919608664302141,180,-33.439351764744025,523.7690725382417,241.45684856219646,10.013384924111206,3,-70.68722929127885,0
1775581574999654400,2424.963654296875,549.5837659891695,1.6981389213848477,180,-33.43935195751989,523.7690725382417,241.45684856219646,9.979820302742956,3,-70.6872293531844,0
1775581575999660000,2425.9636599121095,549.5837659891695,1.6483187940032757,180,-33.43934965418303,523.7690725382417,241.45684856219646,9.771346441937627,3,-70.68724975775855,0
1775581576999667500,2426.9636674804688,549.5837659891695,1.5993147151547165,180,-33.43934984166926,523.7690725382417,241.45684856219646,9.741548449572756,3,-70.68724968737311,0
1775581577999672000,2427.9636721191405,549.5837659891695,1.593120881654615,180,-33.439350016357466,523.7690725382417,241.45684856219646,9.717620212179112,3,-70.68724962179225,0
1775581578999677200,2428.9636772460935,549.5837659891695,1.5355805683613462,180,-33.43935018781585,523.7690725382417,241.45684856219646,9.69243863857497,3,-70.68724955742393,0
1775581579999683300,2429.9636833496093,549.5837659891695,1.3916286636562465,180,-33.43935034960568,523.7690725382417,241.45684856219646,9.791735013817807,3,-70.68724949668534,0
1775581580999688700,2430.963688720703,549.5837659891695,1.3837456148498162,180,-33.43935048146293,523.7690725382417,241.45684856219646,9.770584505171989,3,-70.68724944718393,0
1775581581999693600,2431.963693603516,549.5837659891695,1.4565785521638572,180,-33.43934869270208,523.7690725382417,241.45684856219646,9.766939965938358,3,-70.68722463938451,0
1775581582999699700,2432.963699707031,549.5837659891695,1.3843410612276976,180,-33.4393488445027,523.7690725382417,241.45684856219646,9.75185063037984,3,-70.6872247058985,0
1775581583999703300,2433.9637033691406,549.5837659891695,1.3830089295536088,180,-33.43934898067294,523.7690725382417,241.45684856219646,9.736890496916205,3,-70.68722476556377,0
1775581584999708200,2434.963708251953,549.5837659891695,1.2831981159671475,180,-33.439349116120866,523.7690725382417,241.45684856219646,9.74159478622708,3,-70.68722482491255,0
1775581585999713000,2435.963713134766,549.5837659891695,1.282476963434504,180,-33.43934923198447,523.7690725382417,241.45684856219646,9.725597640119801,3,-70.68722487568013,0
1775581586999718000,2436.9637177734376,549.5837659891695,1.1608724528356633,180,-33.43934934893366,523.7690725382417,241.45684856219646,9.794886550098962,3,-70.68722492692338,0
1775581587999722000,2437.963721923828,549.5656857844442,1.1651311705719711,180,-33.439367498261994,523.7509923335165,241.45683148124178,9.1421656445834,3,-70.68723836545395,0.03206967063730296
1775581588999726800,2438.963726806641,549.5548360832036,1.0313583662256043,180,-33.43936541811946,523.7401426322758,241.4568445860021,9.139343965754556,3,-70.68724797218702,0
1775581589999730200,2439.963730224609,549.5548360832036,1.7677268839503992,180,-33.439365627337274,523.7401426322758,241.4568445860021,9.138323949494666,3,-70.68724793828325,0
1775581590999734000,2440.9637341308594,549.5548360832036,1.028519561919965,180,-33.43936621873438,523.7401426322758,241.4568445860021,9.110513692869494,3,-70.68724783210862,0
1775581591999738600,2441.9637385253905,549.5548360832036,1.722258301759997,180,-33.43936641932847,523.7401426322758,241.4568445860021,9.101793593215357,3,-70.6872477960956,0
1775581592999742200,2442.9637421875,549.7062073247507,1.7223414026346002,180,-33.43935880660599,523.891513873823,241.45683723152314,9.076286323091857,3,-70.68724230183044,0.020495377867292445
1775581593999746300,2443.963746337891,549.6457579461858,1.4770766309637469,180,-33.439367432849664,523.831064495258,241.45683717978048,8.947159300204747,3,-70.68721837534513,0
1775581594999749600,2444.9637495117186,549.7101199664176,1.1816798754379065,180,-33.4393677242019,523.8954265154898,241.4568358154496,8.92904024706732,3,-70.68721739708815,0
1775581595999754000,2445.96375390625,549.6396149815992,1.8265807088691224,180,-33.43936909841672,523.8249215306714,241.45683641974472,8.979548304098337,3,-70.68721781476727,0.053602491471144674
1775581596999758600,2446.963758544922,549.6687828414142,1.4927470775291487,180,-33.43936911376889,523.8540893904865,241.45683631955586,8.980015939366732,3,-70.68721774321999,0
1775581597999761000,2447.963760986328,549.6687828414142,1.3859693300991236,180,-33.43936943253317,523.8540893904865,241.45683631955586,8.961802022036288,3,-70.68721773511466,0
1775581598999764500,2448.963764404297,549.7164192283526,1.8821531042573474,180,-33.43937035346211,523.9017257774249,241.45683598132817,9.028114688761791,3,-70.68721747857742,0.06667077531549954
1775581599999768300,2449.963768310547,549.6887030415237,2.2220748635271703,180,-33.43936783012411,523.874009590596,241.4568364361281,8.851554831471278,3,-70.68721678519312,0
1775581600999771400,2450.963771484375,549.6887030415237,1.7270878545118522,180,-33.43936857907729,523.874009590596,241.4568364361281,8.978760310548852,3,-70.68721677829087,0
1775581601999774700,2451.963774658203,549.6887030415237,1.6957020535788692,180,-33.43936902915979,523.874009590596,241.4568364361281,8.955426913113921,3,-70.68721677414298,0
1775581602999778300,2452.9637783203125,549.6887030415237,1.5972758571991976,180,-33.43936945851512,523.874009590596,241.4568364361281,8.931956422236354,3,-70.68721677018611,0
1775581603999781600,2453.9637817382813,549.6887030415237,1.5378384564237193,180,-33.4393698375461,523.874009590596,241.4568364361281,8.926852877754472,3,-70.68721676669303,0
1775581604999786200,2454.9637861328124,549.6887030415237,1.5315040735037138,180,-33.43937018600864,523.874009590596,241.4568364361281,8.907839813363525,3,-70.68721676348164,0
1775581605999789000,2455.9637890625,549.6887030415237,1.5792815408448877,180,-33.43937053188279,523.874009590596,241.4568364361281,8.931112158938921,3,-70.68721676029412,0
1775581606999791600,2456.963791503906,549.6887030415237,1.5300419881738354,180,-33.43936987674641,523.874009590596,241.4568364361281,9.091923242944848,3,-70.68721816235369,0
1775581607999795000,2457.963794921875,549.6887030415237,1.4612133023264575,180,-33.43937023464948,523.874009590596,241.4568364361281,9.075473521148169,3,-70.68721815259552,0
1775581608999797800,2458.9637978515625,549.6887030415237,1.4598327901554462,180,-33.439370558689085,523.874009590596,241.4568364361281,9.058672584703263,3,-70.68721814376062,0
1775581609999801600,2459.963801513672,549.6887030415237,1.3790689389359376,180,-33.439370883727435,523.874009590596,241.4568364361281,9.100284771871149,3,-70.68721813489849,0
1775581610999804400,2460.9638044433595,549.6887030415237,1.3805135903524137,180,-33.43937117188047,523.874009590596,241.4568364361281,9.084399709366535,3,-70.68721812704204,0
1775581611999808300,2461.9638083496093,549.5141339702532,1.8527757290143374,180,-33.439368641769995,523.6994405193254,241.45682353854005,9.078380521771269,3,-70.68720860844957,0.12146436382237129
1775581612999811000,2462.963811035156,549.5947711644694,1.4951598964417816,180,-33.439368129495584,523.7800777135417,241.4568232307571,8.467404585807111,3,-70.68722061974549,0
1775581613999813400,2463.9638134765623,549.5947711644694,1.471317412473356,180,-33.43936841261623,523.7800777135417,241.4568232307571,8.550878794408494,3,-70.6872205077148,0
1775581614999818200,2464.963818359375,549.5947711644694,1.385527064628378,180,-33.43936868512257,523.7800777135417,241.4568232307571,8.540295402172667,3,-70.68722039988421,0
1775581615999820300,2465.9638203125,549.5947711644694,1.2827368204053808,180,-33.43935887696775,523.7800777135417,241.4568232307571,8.60258278816537,3,-70.68722822598015,0
1775581616999823000,2466.963822998047,549.5947711644694,1.1639681480772075,180,-33.43935911798485,523.7800777135417,241.4568232307571,8.64507639749048,3,-70.68722811892783,0
1775581617999826000,2467.9638259277344,549.5947711644694,1.0258725139619354,180,-33.439359315686914,523.7800777135417,241.4568232307571,8.635400734774318,3,-70.68722803111471,0
1775581618999829000,2468.9638291015626,549.5947711644694,1.0261015841171117,180,-33.439379337741876,523.7800777135417,241.4568232307571,8.18729895223821,3,-70.68720798408448,0
1775581619999832300,2469.963832275391,549.5947711644694,1.0247643398649455,180,-33.439379441571454,523.7800777135417,241.4568232307571,8.186427686412339,3,-70.6872079569734,0
1775581620999835400,2470.9638354492185,549.5947711644694,1.0305803806035343,180,-33.439379546462405,523.7800777135417,241.4568232307571,8.245868491610828,3,-70.68720792958518,0
1775581621999838500,2471.963838378906,549.5947711644694,1.7541621902035762,180,-33.43937965226353,523.7800777135417,241.4568232307571,8.242182967310418,3,-70.6872079019593,0
1775581622999841300,2472.9638413085936,549.5947711644694,1.7261976583018879,180,-33.43937996262262,523.7800777135417,241.4568232307571,8.341695288738434,3,-70.68720782092102,0
1775581623999844400,2473.963844238281,549.5947711644694,1.6558629468724453,180,-33.439380260380105,523.7800777135417,241.4568232307571,8.322317676739598,3,-70.68720774317316,0
1775581624999847200,2474.9638471679687,549.5947711644694,1.6440519941099885,180,-33.43937247701302,523.7800777135417,241.4568232307571,8.189165570389646,3,-70.68720497642404,0
1775581625999850000,2475.963850097656,549.5947711644694,1.6751298314491956,180,-33.43937277020281,523.7800777135417,241.4568232307571,8.1726472493717,3,-70.68720492062424,0
1775581626999852800,2476.963852783203,549.5947711644694,1.6422627552999816,180,-33.43937307694854,523.7800777135417,241.4568232307571,8.224222532132794,3,-70.68720486224446,0
1775581627999856400,2477.9638564453126,549.5947711644694,1.6392028542277748,180,-33.43937337341838,523.7800777135417,241.4568232307571,8.263716900410868,3,-70.68720480582037,0
1775581628999859700,2478.9638596191407,549.5947711644694,1.672476912651326,180,-33.43937385760969,523.7800777135417,241.4568232307571,8.43478004679334,3,-70.6872047136692,0
1775581629999862800,2479.963862792969,549.5947711644694,1.6416633469223547,180,-33.439374374329205,523.7800777135417,241.4568232307571,8.656042478663418,3,-70.68720461532726,0
1775581630999865000,2480.9638649902345,549.5947711644694,1.593796361029007,180,-33.43937494492924,523.7800777135417,241.4568232307571,8.481547282705941,3,-70.68720878756442,0
1775581631999868000,2481.963867919922,549.5947711644694,1.4673391284310697,180,-33.439375237135195,523.7800777135417,241.4568232307571,8.570302136922527,3,-70.68720871280281,0
1775581632999871000,2482.96387109375,549.5947711644694,1.4670383445581965,180,-33.43937548330372,523.7800777135417,241.4568232307571,8.555286593196888,3,-70.68720864982,0
1775581633999874000,2483.9638740234377,549.5947711644694,1.3784982787493774,180,-33.43937572835113,523.7800777135417,241.4568232307571,8.553716574971707,3,-70.68720858712402,0
1775581634999876600,2484.9638767089846,549.5947711644694,1.379254508087391,180,-33.439375943108864,523.7800777135417,241.4568232307571,8.550368362973785,3,-70.6872085338028,0
1775581635999880000,2485.9638798828123,549.5947711644694,1.1670917522889683,180,-33.43937155278748,523.7800777135417,241.4568232307571,8.427488666122866,3,-70.68719267616414,0
1775581636999883500,2486.963883544922,549.5947711644694,1.0286201413338318,180,-33.439371714937394,523.7800777135417,241.4568232307571,8.4761060718537,3,-70.68719267474403,0
1775581637999885600,2487.9638854980467,549.5947711644694,1.1558954026837607,180,-33.439371842644285,523.7800777135417,241.4568232307571,8.538577105288356,3,-70.68719267362555,0
1775581638999888400,2488.963888427734,549.8320872616023,1.7905694805279728,180,-33.43936965073961,524.0173938106745,241.4568101769674,8.529714961439664,3,-70.6871841739863,0.07616740429287011
1775581639999890700,2489.963890625,549.8319787783548,1.619582769579169,180,-33.43936958559042,524.0172853274271,241.4568099470833,8.561778698482028,3,-70.6871840255973,0
1775581640999894000,2490.9638940429686,549.8319787783548,1.6029284424253898,180,-33.4393698789177,524.0172853274271,241.4568099470833,8.543271014915275,3,-70.68718395184897,0
1775581641999896600,2491.963896484375,549.8319787783548,1.6420931729884451,180,-33.43936765545751,524.0172853274271,241.4568099470833,8.027716713391202,3,-70.68718658378002,0
1775581642999900000,2492.9638999023437,549.8309127055109,1.9872572692996249,180,-33.43936811838989,524.0162192545831,241.4568124433708,8.012287572340753,3,-70.68718794126491,0.11970942737788316
1775581643999903200,2493.9639033203125,549.8324004532769,1.6434177840385775,180,-33.439368071102976,524.0177070023492,241.45681219692543,8.013405075691098,3,-70.68718780312263,0
1775581644999905000,2494.9639050292967,549.8324004532769,1.5491126689386736,180,-33.439368346801956,524.0177070023492,241.45681219692543,8.042089837931842,3,-70.68718773716174,0
1775581645999908900,2495.963908935547,549.8324004532769,1.5359382745362709,180,-33.43936859026845,524.0177070023492,241.45681219692543,8.028385006701042,3,-70.68718767891247,0
1775581646999912400,2496.9639123535158,549.8324004532769,1.5324682375046539,180,-33.43936882797664,524.0177070023492,241.45681219692543,8.015006291714977,3,-70.68718762204087,0
1775581647999915000,2497.9639150390626,549.8324004532769,1.3833022204294678,180,-33.439368332389485,524.0177070023492,241.45681219692543,7.86619158665408,3,-70.68719022286483,0
1775581648999917000,2498.9639169921875,549.8324004532769,1.3838867810565458,180,-33.439368518773264,524.0177070023492,241.45681219692543,7.856268897441506,3,-70.6871901712224,0
1775581649999919400,2499.9639194335937,549.8324004532769,1.3801684625639368,180,-33.43936870646889,524.0177070023492,241.45681219692543,7.891784396046181,3,-70.68719011921651,0
1775581650999922700,2500.963922607422,549.8324004532769,1.2850196972294745,180,-33.439368892160424,524.0177070023492,241.45681219692543,7.881798780414993,3,-70.6871900677659,0
1775581651999926000,2501.9639260253907,549.8324004532769,1.1678813191014876,180,-33.439369234606765,524.0177070023492,241.45681219692543,8.019390158569594,3,-70.68718997288232,0
1775581652999929900,2502.9639299316405,549.8324004532769,1.026577143797761,180,-33.43936937135132,524.0177070023492,241.45681219692543,8.015085956488546,3,-70.68718993499373,0
1775581653999932700,2503.9639326171873,549.8324004532769,1.7661031095518975,180,-33.43936952527849,524.0177070023492,241.45681219692543,7.857872897729335,3,-70.68719318833767,0
1775581654999935000,2504.963935058594,549.8324004532769,1.0197847352641525,180,-33.43936982858023,524.0177070023492,241.45681219692543,7.945259066436636,3,-70.68719308878437,0
1775581655998696400,2505.962696533203,549.8324004532769,1.7484991241791195,180,-33.43937011477212,524.0177070023492,241.45681219692543,7.995932247373648,3,-70.68719299484704,0
1775581656998692600,2506.962692626953,549.8324004532769,1.6579237034802077,180,-33.43937058718348,524.0177070023492,241.45681219692543,8.246848491025524,3,-70.68719283978656,0
1775581657998711000,2507.9627109375,549.8324004532769,1.6438910744431214,180,-33.43937087070994,524.0177070023492,241.45681219692543,8.243983965961347,3,-70.68719274672411,0
1775581658998717700,2508.9627177734374,549.8324004532769,1.641069930261046,180,-33.439371150417266,524.0177070023492,241.45681219692543,8.275938651359555,3,-70.68719265491522,0
1775581659998732500,2509.9627326660157,549.8324004532769,1.587464477819304,180,-33.43936347805118,524.0177070023492,241.45681219692543,8.316707835500676,3,-70.68720299654478,0
1775581660998764500,2510.9627646484373,549.8324004532769,1.4664512209724418,180,-33.439363983518774,524.0177070023492,241.45681219692543,8.531312962903797,3,-70.6872027745248,0
1775581661998777300,2511.96277734375,549.8324004532769,1.3868311192294798,180,-33.439364245666376,524.0177070023492,241.45681219692543,8.516475759456887,3,-70.68720265937992,0
1775581662998794000,2512.9627939453126,549.8324004532769,1.459574439495786,180,-33.43936447968683,524.0177070023492,241.45681219692543,8.519880556194865,3,-70.68720255658951,0
1775581663998831600,2513.9628315429686,549.9211338125169,1.4570142922261426,180,-33.43936731936007,524.1064403615892,241.45681733096933,8.505255483726343,3,-70.68720576029783,0.00664208023640296
1775581664998847500,2514.9628474121096,549.8966913726181,1.036787314967191,180,-33.43936437747524,524.0819979216903,241.45681562485277,8.488916361697289,3,-70.68720457165556,0
1775581665998866400,2515.9628664550783,549.8966913726181,1.029307104184504,180,-33.43936095870258,524.0819979216903,241.45681562485277,8.30384772544052,3,-70.68720647917732,0
1775581666998908400,2516.962908447266,549.8966913726181,1.7641634386315852,180,-33.439362822072795,524.0819979216903,241.45681562485277,8.316395537123743,3,-70.68720077514827,0
1775581667998932700,2517.9629326171876,549.8966913726181,1.7306721073036082,180,-33.43936318054425,524.0819979216903,241.45681562485277,8.341668114093922,3,-70.68720065867706,0
1775581668998951400,2518.9629514160156,549.8706089267507,1.7296171872067376,180,-33.43936076868267,524.055915475823,241.45683182074833,8.322133357341063,3,-70.68721060618036,0.056218268775122836
1775581669998989600,2519.962989501953,549.9776451811194,2.0407171978532532,180,-33.43936249602985,524.1629517301917,241.45683234057375,8.638600099310848,3,-70.68721174653237,0.17082851961308493
1775581670999024600,2520.9630246582033,549.9878045935184,1.6528253722058515,180,-33.439362450004985,524.1731111425906,241.45683196090064,8.640167024741176,3,-70.68721149760432,0
1775581671999096300,2521.963096435547,549.7903770469129,1.5529186253006846,180,-33.43936877701049,523.9756835959852,241.4568303102261,8.620279936281376,3,-70.68721035823933,0.10302376756374237
1775581672999091200,2522.963091308594,549.8000448979437,1.9031927390387744,180,-33.43936882452247,523.985351447016,241.45682933036767,8.272861792028673,3,-70.68721672124711,0
1775581673999120100,2523.9631201171874,549.8215811084956,1.7630679105112832,180,-33.43936716633749,524.0068876575679,241.4568303847047,8.249705371516233,3,-70.68721729245217,0.046464626077703006
1775581674999149600,2524.9631496582033,549.832257068716,1.4847185497551945,180,-33.43936708822122,524.0175636177883,241.4568303357803,8.25077426675779,3,-70.68721726440143,0
1775581675999176400,2525.963176513672,549.832257068716,1.2950444035189512,180,-33.43936732518117,524.0175636177883,241.4568303357803,8.240329923327959,3,-70.68721722038538,0
1775581676999203600,2526.963203613281,549.832257068716,1.2861298957000291,180,-33.439367504839396,524.0175636177883,241.4568303357803,8.230250285457902,3,-70.68721718701332,0
1775581677999228400,2527.963228515625,549.832257068716,1.278297416165828,180,-33.43936787068897,524.0175636177883,241.4568303357803,8.258119884656821,3,-70.68721711905562,0
1775581678999251500,2528.963251464844,549.832257068716,1.0319518128190706,180,-33.43935662202966,524.0175636177883,241.4568303357803,8.023256616922218,3,-70.68721720597306,0
1775581679999273200,2529.9632731933593,549.832257068716,1.0297707419750013,180,-33.43935696727016,524.0175636177883,241.4568303357803,8.006375268633283,3,-70.68721715089427,0
1775581680999295500,2530.963295410156,549.832257068716,1.0250689244833284,180,-33.43935709329718,524.0175636177883,241.4568303357803,8.044774131883687,3,-70.68721713078824,0
1775581681999316700,2531.9633166503904,549.832257068716,1.7501297798393942,180,-33.43935721780828,524.0175636177883,241.4568303357803,8.039392874810433,3,-70.68721711092405,0
1775581682999335700,2532.9633356933596,549.832257068716,1.7262149936061535,180,-33.439357575022804,524.0175636177883,241.4568303357803,8.021481400431885,3,-70.68721705393496,0
1775581683999355000,2533.963354980469,549.832257068716,1.7599064718900808,180,-33.43935792875315,524.0175636177883,241.4568303357803,8.110348545723125,3,-70.68721699750174,0
1775581684999372300,2534.963372314453,549.832257068716,1.652273646964434,180,-33.439360750994894,524.0175636177883,241.4568303357803,8.132166978787604,3,-70.6872276184663,0
1775581685999390700,2535.963390625,549.832257068716,1.642784703375389,180,-33.4393610638353,524.0175636177883,241.4568303357803,8.136815049286323,3,-70.68722752062426,0
1775581686999406600,2536.9634064941406,549.832257068716,1.637634710446885,180,-33.43936137058335,524.0175636177883,241.4568303357803,8.120724008379026,3,-70.68722742468765,0
1775581687999422500,2537.963422363281,549.832257068716,1.5377708087323203,180,-33.43936167294125,524.0175636177883,241.4568303357803,8.104714940733711,3,-70.68722733012407,0
1775581688999437600,2538.9634375,549.832257068716,1.5315839038415824,180,-33.439361937928126,524.0175636177883,241.4568303357803,8.090928151188212,3,-70.68722724724844,0
1775581689999452700,2539.9634526367186,549.832257068716,1.589076697442457,180,-33.43936219895727,524.0175636177883,241.4568303357803,8.077358421644574,3,-70.68722716561058,0
1775581690999467000,2540.9634670410155,549.832257068716,1.527895838976264,180,-33.439371939849785,524.0175636177883,241.4568303357803,8.098597499739359,3,-70.68721208989952,0
1775581691999481000,2541.963481201172,549.832257068716,1.4619503509712788,180,-33.439372163502455,524.0175636177883,241.4568303357803,8.085032087390001,3,-70.68721206400518,0
1775581692999493600,2542.963493652344,549.832257068716,1.4640731704051873,180,-33.43937236709259,524.0175636177883,241.4568303357803,8.072780025909307,3,-70.68721204043366,0
1775581693999506400,2543.963506347656,549.832257068716,1.3789691350854376,180,-33.43937256996909,524.0175636177883,241.4568303357803,8.060543411812484,3,-70.68721201694477,0
1775581694999518700,2544.9635187988283,549.832257068716,1.280684928713581,180,-33.43937274907419,524.0175636177883,241.4568303357803,8.049747502770147,3,-70.6872119962081,0
1775581695999531800,2545.9635317382813,549.832257068716,1.2754073683056857,180,-33.439372903169236,524.0175636177883,241.4568303357803,8.046402002784292,3,-70.6872119783671,0
1775581696999543300,2546.9635432128907,549.832257068716,1.0301683343606622,180,-33.4393582906676,524.0175636177883,241.4568303357803,8.061056050349144,3,-70.68721762909179,0
1775581697999554000,2547.963553955078,549.832257068716,1.7580196029081552,180,-33.43935841493079,524.0175636177883,241.4568303357803,8.055620796125678,3,-70.68721760812075,0
1775581698999565000,2548.9635649414063,549.832257068716,1.7196813953007422,180,-33.439354256044496,524.0175636177883,241.4568303357803,8.036786506546276,3,-70.68722202952628,0
1775581699999576000,2549.963576171875,549.832257068716,1.6807866051871678,180,-33.4393546227638,524.0175636177883,241.4568303357803,8.112289815092765,3,-70.68722195031746,0
1775581700999586000,2550.9635859375,549.7246770756319,1.641176738487022,180,-33.43934521082569,523.9099836247042,241.45682776439872,8.058444849100443,3,-70.68722586790699,0.042375207350869755
1775581701999595800,2551.963595703125,549.71410829667,1.1819753324199473,180,-33.43934518288027,523.8994148457423,241.4568265009804,8.059550408279732,3,-70.68722513410985,0
1775581702999606000,2552.963605957031,549.71410829667,1.1687577676055962,180,-33.439345651597485,523.8994148457423,241.4568265009804,8.070599629839244,3,-70.68722499826717,0
1775581703999616000,2553.963615966797,549.71410829667,1.161686085055733,180,-33.43934585120913,523.8994148457423,241.4568265009804,8.069447080909505,3,-70.68722494041613,0
1775581704999624700,2554.963624755859,549.71410829667,1.0279506442159332,180,-33.4393463112348,523.8994148457423,241.4568265009804,8.072514823272332,3,-70.6872248070924,0
1775581705999634700,2555.963634765625,549.71410829667,1.765871723882716,180,-33.4393467331824,523.8994148457423,241.4568265009804,8.056604253811654,3,-70.68722468480442,0
1775581706999643400,2556.963643310547,549.7100581414998,1.7336065556914728,180,-33.439347054274975,523.895364690572,241.45682811409932,7.796712803310319,3,-70.68722942166902,0.0180455158813802
1775581707999652000,2557.9636520996096,549.69046396669,1.050871083427498,180,-33.43934607020203,523.8757705157623,241.456830891172,7.892643388418032,3,-70.68723123986021,0
1775581708999661800,2558.9636618652344,549.774006982334,1.8303755462051303,180,-33.43934492926984,523.9593135314062,241.45683215671545,7.895481453794198,3,-70.68723190969021,0.09833892376242978
1775581709999670000,2559.963669921875,549.7741451179609,1.618830654786597,180,-33.439344867550325,523.9594516670331,241.45683190250065,7.896621611022593,3,-70.68723177106232,0
1775581710999678200,2560.963678222656,549.7741451179609,1.6018121812473312,180,-33.43934543499713,523.9594516670331,241.45683190250065,7.873402952817357,3,-70.68723162211982,0
1775581711999686700,2561.963686767578,549.7741451179609,1.5855917519054445,180,-33.43934577903678,523.9594516670331,241.45683190250065,7.85968847865173,3,-70.68723153181686,0
1775581712999695400,2562.9636953125,549.7741451179609,1.5319592913925153,180,-33.43934804297101,523.9594516670331,241.45683190250065,7.743635890138684,3,-70.6872338048994,0
1775581713999702800,2563.9637028808593,549.7741451179609,1.527347609979454,180,-33.43934834136318,523.9594516670331,241.45683190250065,7.762013748501651,3,-70.6872337168485,0
1775581714999711500,2564.963711425781,549.7741451179609,1.5802608043813957,180,-33.439348636078584,523.9594516670331,241.45683190250065,7.750226698823113,3,-70.68723362988257,0
1775581715999718700,2565.96371875,549.7741451179609,1.525702423295636,180,-33.43934915757582,523.9594516670331,241.45683190250065,7.801285075843945,3,-70.68723347599682,0
1775581716999725800,2566.963725830078,549.7741451179609,1.5270549844057033,180,-33.43934945847421,523.9594516670331,241.45683190250065,7.876216187806026,3,-70.68723338720636,0
1775581717999734500,2567.9637346191407,549.7741451179609,1.5227477193066241,180,-33.43934976177344,523.9594516670331,241.45683190250065,7.914375073888925,3,-70.68723329770745,0
1775581718999742000,2568.9637419433593,549.7741451179609,1.5269183043875754,180,-33.43935263666699,523.9594516670331,241.45683190250065,7.938603059974098,3,-70.68723479290884,0
1775581719999748600,2569.9637485351564,549.7741451179609,1.4550269514198106,180,-33.439352929628285,523.9594516670331,241.45683190250065,7.9259463815997835,3,-70.68723469822278,0
1775581720999755800,2570.963755859375,549.7741451179609,1.3778524156225063,180,-33.4393531942183,523.9594516670331,241.45683190250065,7.9143501448382505,3,-70.6872346127064,0
1775581721999765000,2571.963764892578,549.7741451179609,1.2853318606339283,180,-33.43935341587566,523.9594516670331,241.45683190250065,7.904558117433402,3,-70.6872345980727,0
1775581722999771600,2572.9637717285154,549.7741451179609,1.4518466555578287,180,-33.43935362063451,523.9594516670331,241.45683190250065,7.895651130783216,3,-70.6872345317526,0
1775581723999778300,2573.9637783203125,549.6186882667243,1.829421888470662,180,-33.439341405742354,523.8039948157966,241.45683862470094,7.941323175942654,3,-70.68723829296331,0
1775581724999785000,2574.9637849121095,549.6186882667243,1.7272469317712595,180,-33.43934132563898,523.8039948157966,241.45683862470094,7.951828236367708,3,-70.68722132401541,0
1775581725999792000,2575.963792236328,549.6186882667243,1.6836555429742857,180,-33.439341570570974,523.8039948157966,241.45683862470094,7.93518601371685,3,-70.68722131911615,0
1775581726999800300,2576.9638002929687,549.6186882667243,1.643022861882829,180,-33.439347015977056,523.8039948157966,241.45683862470094,7.96493217698342,3,-70.68722238335074,0
1775581727999805400,2577.9638054199218,549.6186882667243,1.676008339130938,180,-33.43934721547485,523.8039948157966,241.45683862470094,7.949881761377852,3,-70.68722237456528,0
1775581728999812600,2578.9638125,549.6186882667243,1.6775966798583188,180,-33.43934946165831,523.8039948157966,241.45683862470094,7.697411617353751,3,-70.68721571539034,0
1775581729999820500,2579.9638205566407,549.6413940303028,1.6539734888202118,180,-33.43934650489625,523.826700579375,241.45682867331968,7.683173306484608,3,-70.68721061922182,0.08551699363359237
1775581730999826200,2580.963826171875,549.6138109313324,1.5462441109601963,180,-33.43934641249673,523.7991174804047,241.456828457818,7.684355953539574,3,-70.68721050952468,0.061350341592278215
1775581731999833300,2581.963833251953,549.6763692423701,1.3945404736328975,180,-33.43934641491504,523.8616757914424,241.45682835855968,7.701584544222332,3,-70.68721045994175,0
1775581732999841300,2582.9638413085936,549.6763692423701,1.3837225596179001,180,-33.43934957861514,523.8616757914424,241.45682835855968,7.715508055889911,3,-70.6872168251591,0
1775581733999848000,2583.9638479003906,549.6763692423701,1.2898820280300078,180,-33.43934976057488,523.8616757914424,241.45682835855968,7.697180458265255,3,-70.68721674682621,0
1775581734999853000,2584.9638530273437,549.6763692423701,1.2854382230026875,180,-33.439349843839196,523.8616757914424,241.45682835855968,7.689341250756574,3,-70.68721671098129,0
1775581735999860500,2585.963860595703,549.8995740273967,1.8199522918160835,180,-33.43935003417641,524.084880576469,241.4568299653202,7.681592979445201,3,-70.68721752438874,0.05854755614142907
1775581736999866600,2586.9638666992187,549.7024951362982,2.1581157470508847,180,-33.43934960294894,523.8878016853705,241.45682978909946,7.722607795493145,3,-70.6872174339178,0
1775581737999873300,2587.9638732910157,549.7024951362982,1.8161281154247069,180,-33.439349827028245,523.8878016853705,241.45682978909946,7.698557734802144,3,-70.6872173473495,0
1775581738999880200,2588.963880126953,549.7024951362982,1.7463854041089855,180,-33.43934120861944,523.8878016853705,241.45682978909946,7.722269561703617,3,-70.68721413968389,0
1775581739999886300,2589.9638862304687,549.5745623074472,1.7282454886252916,180,-33.43934013708472,523.7598688565195,241.4568292448148,7.7068076011795155,3,-70.68721381204922,0.12233151996586833
1775581740999893200,2590.963893310547,549.7087016403675,2.057215667394684,180,-33.43934018077074,523.8940081894398,241.4568294626082,7.70798601132412,3,-70.68721393293548,0.13305289370471313
1775581741999900400,2591.963900390625,549.7281986894086,1.5310116023639329,180,-33.43933896007221,523.9135052384809,241.45682886290803,7.787360754442517,3,-70.6872136158113,0.022453631938707558
1775581742999906000,2592.9639060058594,549.7604228295386,1.0558064076822529,180,-33.43933898102302,523.9457293786108,241.4568289480743,7.788520183090026,3,-70.68721366294885,0
1775581743999912400,2593.9639123535158,549.8007551487535,1.805399600798979,180,-33.439338278514285,523.9860616978258,241.45682874046594,7.783428443341314,3,-70.68721353543727,0.03337950713827867
1775581744999919600,2594.9639196777343,549.8007080415264,1.621312943438793,180,-33.43934217476525,523.9860145905986,241.45682864063951,7.6902818219364955,3,-70.6872066736391,0
1775581745999926000,2595.9639260253907,549.8007080415264,1.6471930549587022,180,-33.4393422891766,523.9860145905986,241.45682864063951,7.677279627012603,3,-70.68720665692874,0
1775581746999932400,2596.963932373047,549.8007080415264,1.597155474425953,180,-33.439342473446935,523.9860145905986,241.45682864063951,7.662228340983342,3,-70.68720663001508,0
1775581747999939000,2597.9639389648437,549.9088511485606,1.5391009532101612,180,-33.43934336705303,524.0941576976329,241.4568227819654,7.649797907207697,3,-70.68720353988546,0.022602322360971715
1775581748999945200,2598.9639453125,549.8092061784118,1.4691636044056005,180,-33.43934255522482,523.9945127274841,241.4568225471997,7.650986248363286,3,-70.68720342090703,0.010703043092234903
1775581749999950800,2599.9639509277345,549.7325722845271,1.4466391066488729,180,-33.43934345866734,523.9178788335994,241.4568220393931,7.657501735905415,3,-70.68720315095293,0.1462058723759625
1775581750999958000,2600.9639580078124,549.7323642373085,1.4517305161403886,180,-33.439343653656245,523.9176707863808,241.45682159848354,7.6278977666094985,3,-70.68720916640241,0
1775581751999964200,2601.963964111328,549.7323642373085,1.4510479551846083,180,-33.4393438216352,523.9176707863808,241.45682159848354,7.611496545730799,3,-70.6872090624138,0
1775581752999970600,2602.9639704589845,549.7323642373085,1.3808552979873805,180,-33.439343914668434,523.9176707863808,241.45682159848354,7.601662738560824,3,-70.6872090048209,0
1775581753999976700,2603.9639768066404,549.7323642373085,1.2876773699794137,180,-33.43934399856019,523.9176707863808,241.45682159848354,7.592907732944136,3,-70.6872089528871,0
1775581754999982800,2604.963982910156,549.7323642373085,1.2815556299834137,180,-33.439344071448694,523.9176707863808,241.45682159848354,7.5950407069669845,3,-70.68720890776494,0
1775581755999990000,2605.9639899902345,549.6874796049669,1.8269298592583731,180,-33.43934248316158,523.8727861540392,241.45682092174877,7.587688079250939,3,-70.68720852076301,0.056389823897030074
1775581756999995600,2606.963995605469,549.6490228883922,2.1172854833938293,180,-33.439338429200504,523.8343294374645,241.45682274786833,7.337909127049469,3,-70.68721446672272,0.24085324527278035
1775581758000001800,2607.9640017089846,549.6369612375274,2.498692708611322,180,-33.439338110455445,523.8222677865997,241.45683462537002,7.339170317246216,3,-70.68722020560045,0.34082901711618024
1775581759000008700,2608.9640087890625,549.6696759099141,1.6209213455011613,180,-33.439337708246214,523.8549824589863,241.45683164661887,7.341032924183899,3,-70.68721908530354,0.05267955525421246
1775581760000015600,2609.964015625,549.8860064232722,2.05994768677928,180,-33.439338165447495,524.0713129723445,241.4568328035317,7.37201405322465,3,-70.68721964917899,0.21847926403614
1775581760686460000,2610.6504599609375,557.2103226386565,2.05994768677928,180,-33.43934048367241,531.3956291877288,241.4568328035317,8.120828314728547,3,-70.68722374523925,0.21847926403614
1775581761000020200,2610.964020263672,549.7274260381237,2.42878862220643,180,-33.43934143094941,523.9127325871959,241.45683472400793,8.09394510439999,3,-70.687224123341,0.3089094300307055
1775581762000027600,2611.9640275878905,549.8504564668983,2.8603559730529984,180,-33.439341036830996,524.0357630159706,241.45683703972804,8.40078721214543,3,-70.68722746771091,0.29858577295901667
1775581763000034300,2612.9640344238283,549.8055649911985,3.2205216195327773,180,-33.4393550837842,523.9908715402707,241.45683927570633,7.419371567441339,3,-70.68722326036271,0.3772418440726892
1775581764000039700,2613.964039794922,549.75377137959,3.3425023691222986,180,-33.43935803640793,523.9390779286623,241.45684192846198,7.553620813200708,3,-70.68722449023012,0.5081472586323641
1775581765000045800,2614.9640458984377,549.7820482505485,3.685633730489097,180,-33.43936275100292,523.9673547996208,241.4568471723503,7.434672675830158,3,-70.68723053467656,0.533664636130238
1775581766000052500,2615.9640524902343,549.7266228264198,1.5478715870871869,180,-33.43936357421773,523.911929375492,241.45683833506217,7.130866412247877,3,-70.68722694323834,0.05646982674213324
1775581767000058600,2616.96405859375,549.5616716369987,2.0020499306192328,180,-33.43936461230314,523.7469781860709,241.45683868903023,7.1321696534385906,3,-70.68722710359475,0.08284752850623306
1775581768000065800,2617.964065673828,549.5222363518551,2.33624024620632,180,-33.43937548593454,523.7075429009274,241.45684183042704,7.24890930950274,3,-70.68722895328179,0.45062305846996875
1775581769000072200,2618.964072265625,549.4813717585057,1.5367285724298139,180,-33.439380998512625,523.666678307578,241.45684078943088,7.671544413853658,3,-70.68723038882948,0
1775581770000077600,2619.9640776367187,549.4813717585057,1.3959428619343723,180,-33.439381213304955,523.666678307578,241.45684078943088,7.975448266303504,3,-70.68723035055793,0
1775581771000083500,2620.9640834960937,549.4813717585057,1.2885826399910638,180,-33.439382062047414,523.666678307578,241.45684078943088,8.70312197620508,3,-70.68723019932956,0
1775581772000090000,2621.964090087891,549.5676167774945,1.1704335938449806,180,-33.43938380112386,523.7529233265668,241.45683911860607,9.330797677833111,3,-70.68722872669704,0
1775581773000096500,2622.9640964355467,549.6800658321008,1.1662731954356482,180,-33.43938448490125,523.8653723811731,241.4568389702631,9.874528910406339,3,-70.6872283687317,0.022640787277879743
1775581774000102400,2623.9641022949218,549.668792437762,1.803470008373062,180,-33.43938534704664,523.8540989868343,241.45683898907998,10.359410909922582,3,-70.6872282382085,0.006570000585219838
1775581775000109300,2624.964109375,549.6776942890137,2.0622981214613523,180,-33.4393760298349,523.863000838086,241.45683726478325,9.89767595005631,3,-70.68722481947506,0.023585683188901474
1775581776000115700,2625.964115722656,549.6727633839473,2.3703190315520035,180,-33.43937205135468,523.8580699330196,241.45683590891616,9.898447319053789,3,-70.68722364529604,0.00998379007292697
1775581777000121300,2626.9641213378904,549.4651246052235,1.4367177849909165,180,-33.439363844062484,523.6504311542958,241.45683650314498,9.899219502010565,3,-70.68722419889247,0
1775581778000127700,2627.964127685547,549.4651246052235,1.3768785275896853,180,-33.43936391430641,523.6504311542958,241.45683650314498,9.872754698546464,3,-70.68722413125677,0
1775581779000133600,2628.964133544922,549.4651246052235,1.2761131752504047,180,-33.43936394951343,523.6504311542958,241.45683650314498,9.851884959870764,3,-70.68722409735702,0
1775581780000140300,2629.9641403808596,549.4651246052235,1.2752369999764799,180,-33.439364011620775,523.6504311542958,241.45683650314498,9.814758255302255,3,-70.68722403755578,0
1775581781000147200,2630.964147216797,549.4651246052235,1.2727296857312038,180,-33.4393727968763,523.6504311542958,241.45683650314498,9.387585734659321,3,-70.68721427453801,0
1775581781998351000,2631.9623510742185,549.4651246052235,1.0360272967384214,180,-33.4393727937112,523.6504311542958,241.45683650314498,9.372590867723426,3,-70.68721428203818,0
1775581782998336500,2632.9623364257814,549.4651246052235,1.025831311830368,180,-33.43937279160868,523.6504311542958,241.45683650314498,9.371324862156708,3,-70.68721428702041,0
1775581783998364400,2633.9623645019533,549.4651246052235,1.749892582491508,180,-33.43937278955582,523.6504311542958,241.45683650314498,9.36192804710327,3,-70.687214291885,0
1775581784998368300,2634.9623681640624,549.4651246052235,1.699391438049902,180,-33.439372780514425,523.6504311542958,241.45683650314498,9.502015563867612,3,-70.68721431330991,0
1775581785998374400,2635.9623745117187,549.4651246052235,1.0217183090311164,180,-33.4393727718987,523.6504311542958,241.45683650314498,9.46728686312,3,-70.68721433372615,0
1775581786998418700,2636.962418701172,549.4651246052235,1.7408972021481377,180,-33.439371853131426,523.6504311542958,241.45683650314498,9.421230487880619,3,-70.6872290577756,0
1775581787998436900,2637.9624367675783,549.4651246052235,1.7059655312797397,180,-33.43937178085609,523.6504311542958,241.45683650314498,9.440039182260465,3,-70.68722897745592,0
1775581788998454500,2638.9624545898437,549.4651246052235,1.68683588158531,180,-33.43937178142352,523.6504311542958,241.45683650314498,9.562320147667155,3,-70.6872288978117,0
1775581789998503200,2639.9625031738283,549.7697072243318,2.055965136429356,180,-33.43936809287638,523.9550137734041,241.45683788406023,9.53373059237944,3,-70.68722995966073,0.04523555033839914
1775581790998523100,2640.962523193359,549.7379297288135,1.0787402884986759,180,-33.43936674318872,523.9232362778857,241.45683790226292,9.535108274998628,3,-70.68722998037055,0
1775581791998547500,2641.9625473632814,549.7649729233235,1.040580232957704,180,-33.43936750817998,523.9502794723958,241.45683732617493,9.523984334285037,3,-70.68722948140297,0
1775581792998598700,2642.9625986328124,549.7649729233235,1.7797385036753055,180,-33.43935946052964,523.9502794723958,241.45683732617493,9.377872275322494,3,-70.68722222515211,0
1775581793998615800,2643.962615722656,549.7649729233235,1.7369284538718792,180,-33.43935849207177,523.9502794723958,241.45683732617493,9.600063053584597,3,-70.68722112392845,0
1775581794998646500,2644.962646484375,549.7649729233235,1.6983618411012302,180,-33.439358517669234,523.9502794723958,241.45683732617493,9.569324015043405,3,-70.68722110331589,0
1775581795998699800,2645.9626997070313,549.6661694338545,2.055778569500656,180,-33.43935802206616,523.8514759829268,241.4568378795574,9.543892949929957,3,-70.68722153738285,0.0598874566306641
1775581796998747600,2646.962747558594,549.6687251711264,1.5947397365096783,180,-33.43935796277392,523.8540317201987,241.45683774435005,9.544725791423266,3,-70.68722142863876,0
1775581797998793200,2647.9627932128906,549.6687251711264,1.6010545770879019,180,-33.43935799060545,523.8540317201987,241.45683774435005,9.5067658158226,3,-70.68722140485269,0
1775581798998837500,2648.9628374023437,549.6687251711264,1.5341273853995583,180,-33.439363226382326,523.8540317201987,241.45683774435005,9.40521253789174,3,-70.68722519074429,0
1775581799998877400,2649.9628774414064,549.6687251711264,1.388073521061767,180,-33.43936321567947,523.8540317201987,241.45683774435005,9.38285273664837,3,-70.68722515881814,0
1775581800998917600,2650.9629177246093,549.6687251711264,1.3770220017253534,180,-33.439363206964885,523.8540317201987,241.45683774435005,9.371035943501465,3,-70.68722513282289,0
1775581801998956300,2651.962956298828,549.6687251711264,1.3788868129096035,180,-33.43936319845452,523.8540317201987,241.45683774435005,9.353252376683951,3,-70.68722510743684,0
1775581802998992000,2652.962991943359,549.6687251711264,1.3769824908327484,180,-33.43936318998761,523.8540317201987,241.45683774435005,9.335496409959998,3,-70.6872250821804,0
1775581803999026200,2653.963026123047,549.6687251711264,1.3743485265975164,180,-33.439363181573796,523.8540317201987,241.45683774435005,9.337540943422319,3,-70.68722505708239,0
1775581804999058700,2654.96305859375,549.6485975636169,1.3759768418142126,180,-33.439364239236,523.8339041126892,241.45683697390646,9.33320079143817,3,-70.68721404196859,0
1775581805999089700,2655.9630895996092,549.6485975636169,1.287848075863335,180,-33.43936420447399,523.8339041126892,241.45683697390646,9.329043795594304,3,-70.6872140552415,0
1775581806999120100,2656.9631201171874,549.6345561547205,1.8409477219912187,180,-33.439365235945715,523.8198627037928,241.45683326680063,9.31392738369285,3,-70.68721118194719,0.12274758333590012
1775581807999149800,2657.963149902344,549.7217748602852,2.16507569917608,180,-33.439364083344465,523.9070814093575,241.4568344718778,9.290401976120602,3,-70.68721211939119,0.16773141365113162
1775581808999176700,2658.9631767578126,549.7235978990793,2.57592029536467,180,-33.4393621632674,523.9089044481516,241.45683535530446,9.291279988584048,3,-70.68721281397829,0.17383385612345145
1775581809999203600,2659.963203613281,549.7515458185226,1.4616388548547044,180,-33.43936172064544,523.9368523675948,241.456834185022,9.29215904586026,3,-70.6872119134747,0.007889312104255981
1775581810999229400,2660.9632294921876,549.7202020036057,1.980129210705741,180,-33.439351595668,523.9055085526779,241.45683428747134,9.128153059435494,3,-70.6872355425439,0.036431414871714286
1775581811999254300,2661.9632541503906,549.6525912601501,2.274607436546232,180,-33.43935505081255,523.8378978092223,241.4568533390535,9.129059302106741,3,-70.68724975167706,0.30106207615250585
1775581812999278000,2662.9632780761717,549.6432404946536,1.7759101960706323,180,-33.43935509145255,523.8285470437258,241.45685110239026,9.129966563839156,3,-70.68724808780846,0.06097533044343714
1775581813999301400,2663.9633012695313,549.5732229901478,2.105641808027594,180,-33.43935849692135,523.75852953922,241.4568513709719,9.13106884260464,3,-70.6872482769807,0.10700734263120495
1775581814999323400,2664.963323486328,549.5844137771055,2.465683017535487,180,-33.43935892672751,523.7697203261778,241.45685126670583,9.131975121357648,3,-70.68724819989527,0.10816915769870199
1775581815999345400,2665.9633454589843,549.4777155797929,1.5387961575117814,180,-33.43935596275891,523.6630221288651,241.45685122267588,9.102690973765785,3,-70.68724813943088,0.02608029264633728
1775581816999366100,2666.9633662109377,549.4651199663058,1.3010131251180224,180,-33.43935742828121,523.6504265153781,241.45685117952718,9.087177442157035,3,-70.68724082738653,0
1775581817999385900,2667.9633857421877,549.4377789413556,1.8554827542278396,180,-33.439357644758466,523.6230854904279,241.45685711386997,9.073009029772493,3,-70.6872452104575,0.062170340892586176
1775581818999443700,2668.9634436035158,549.4214658848941,1.5048309130115218,180,-33.439357896555855,523.6067724339664,241.45685697388166,9.076870304869292,3,-70.68724484673844,0
1775581819999425000,2669.963425048828,549.484998290427,1.9822917967328206,180,-33.43935776091124,523.6703048394993,241.45686164672802,9.05769631182278,3,-70.68724832103081,0.08854954038558778
1775581820999443200,2670.9634431152344,549.5538169620559,2.344929631801153,180,-33.43935895445903,523.7391235111281,241.45686225834766,9.02893930792269,3,-70.68724886869478,0.12358312214483949
1775581821999461600,2671.963461669922,549.7357745859772,1.7372525709421522,180,-33.439357942151844,523.9210811350495,241.45686181978675,9.029864883685333,3,-70.68724855545027,0.10348068053794418
1775581822999479300,2672.963479248047,549.498649103567,2.0913468144101195,180,-33.43936769518091,523.6839556526393,241.45686225224824,8.59440941184903,3,-70.68724101399202,0.1737170570361257
1775581823999496000,2673.9634958496094,549.4616280514747,2.4251085287868266,180,-33.43937204039567,523.646934600547,241.45685356557715,8.858385435145664,3,-70.68723676377961,0
1775581824999513300,2674.9635134277346,549.5863857660443,1.792962268296378,180,-33.439372729139514,523.7716923151165,241.45685348778434,8.811659720370775,3,-70.68723682251014,0.011520157485248936
1775581825999528400,2675.963528564453,549.6051671206951,2.062613162128606,180,-33.439370615244805,523.7904736697674,241.45685374313706,8.787457311377663,3,-70.68723707093864,0.06596913429953648
1775581826999545300,2676.9635454101563,549.4342787815258,2.4438193589262425,180,-33.43937129263919,523.619585330598,241.45685429487227,8.788426013599617,3,-70.68723745221398,0.11549730293323046
1775581827999560200,2677.9635603027345,549.4276169622317,1.3496776245960438,180,-33.439373930188395,523.612923511304,241.45685416674976,8.789395939063242,3,-70.6872373558868,0
1775581828999575000,2678.9635749511717,549.524751518853,1.945978322874967,180,-33.43935779761917,523.7100580679253,241.45685354991576,8.621329273618437,3,-70.68725117977583,0.06900041237874649
1775581829999590400,2679.9635903320313,549.5337694976479,1.198942186520615,180,-33.43935515501519,523.7190760467201,241.45686062430673,8.622328314674267,3,-70.6872559034081,0
1775581830999605200,2680.963605224609,549.4686325415969,1.0381518258176947,180,-33.439354737696135,523.6539390906692,241.4568601825329,8.598790949398042,3,-70.68725563821346,0
1775581831999619800,2681.963619873047,549.4686325415969,1.7685057456365763,180,-33.4393547994711,523.6539390906692,241.4568601825329,8.581747409583965,3,-70.68725565854137,0
1775581832999634200,2682.9636342773438,549.497111924924,1.7318099879197388,180,-33.43935338305379,523.6824184739962,241.45686118900568,8.5593645937292,3,-70.6872563461229,0.014168834753215846
1775581833999648000,2683.9636479492187,549.5517938453704,2.0629381551323505,180,-33.439353445422995,523.7371003944427,241.4568611605,8.54421070802688,3,-70.68725637151297,0
1775581834999661600,2684.9636616210937,549.428915489465,1.7029593794862972,180,-33.43935992018607,523.6142220385373,241.45686198812638,8.256888321936277,3,-70.68724745029586,0.04384983452178329
1775581835999674600,2685.9636745605467,549.3736616438255,2.0482466076868118,180,-33.43936252926824,523.5589681928977,241.4568512317648,8.228482503494298,3,-70.68724090664858,0.03581971888015976
1775581836999687700,2686.9636877441408,549.4602256743237,1.216806472356817,180,-33.43936227451898,523.645532223396,241.45685078698074,8.229557391564319,3,-70.6872406389629,0.007014084163667068
1775581837999701000,2687.9637009277344,549.4621974499896,1.2877935707109665,180,-33.439362273090524,523.6475039990619,241.45685085175307,8.23062263873882,3,-70.68724067892262,0
1775581838999714800,2688.96371484375,549.4675062522292,1.8161499906309815,180,-33.43936533636264,523.6528128013015,241.45685067947994,8.220350339829968,3,-70.68724057323156,0.06283907941479382
1775581839999727000,2689.9637270507815,549.4674547873437,1.616248567682697,180,-33.43936531040703,523.652761336416,241.45685049010342,8.221425381250794,3,-70.68724046111798,0
1775581840999740700,2690.9637407226564,549.6026374027133,2.002883056412633,180,-33.439362405943314,523.7879439517856,241.45685108607006,8.270193183585384,3,-70.68725161145791,0.1154688491232891
1775581841999752000,2691.963751953125,549.6555172540247,2.354974220812202,180,-33.43936227663064,523.840823803097,241.45685431051936,8.274547831723357,3,-70.68725359287694,0.13171922276401019
1775581842999764500,2692.963764404297,549.7614204073325,2.7608144876053005,180,-33.43936146035968,523.9467269564047,241.45685481062048,8.275615028710776,3,-70.68725390569001,0.1106587545482785
1775581843999777800,2693.963777832031,549.6181800607592,1.690778259915194,180,-33.43935915405557,523.8034866098315,241.45685307813835,8.255401989422733,3,-70.68725283288639,0.028782687249294454
1775581844999789800,2694.963789794922,549.5576113760471,1.400704686421297,180,-33.439359806561086,523.7429179251194,241.45685278457415,8.256469160424013,3,-70.6872526521183,0.006631944102792055
1775581845999801900,2695.9638017578127,549.4506992502138,1.383599555449894,180,-33.439360567652535,523.6360057992861,241.45685289356766,8.257532694782135,3,-70.68725271591117,0.017847986479860092
1775581846999813600,2696.963813720703,549.5070730987936,1.869745786881612,180,-33.43936903119207,523.6923796478659,241.45685285989236,8.269729980275718,3,-70.6872405320668,0.023705748853263722
1775581847999825000,2697.963824951172,549.6539120702073,2.2111261441940018,180,-33.43937394746121,523.8392186192796,241.45684268130668,8.270358740468286,3,-70.68723431462281,0.33242382660915104
1775581848999838000,2698.963837890625,549.4972192309797,2.582828596495674,180,-33.439375912798326,523.682525780052,241.45683465346667,8.250538371709036,3,-70.68722938475328,0.3049538524659775
1775581849999848700,2699.9638486328126,549.6076065739617,1.749198052122764,180,-33.43937467633102,523.7929131230339,241.4568324550331,8.251610979049547,3,-70.68722805393217,0.04097874326354697
1775581850999860200,2700.963860107422,549.6891012750566,1.1916095782639238,180,-33.4393751027949,523.8744078241289,241.45683306113523,8.222392846320673,3,-70.68722816784044,0
1775581851999872300,2701.963872314453,549.6891012750566,1.0364844855101896,180,-33.43937514597501,523.8744078241289,241.45683306113523,8.22745966252121,3,-70.6872281260411,0
1775581852999884500,2702.9638845214845,549.6891012750566,1.7678878710296142,180,-33.43936566336862,523.8744078241289,241.45683306113523,8.084292267540828,3,-70.68723917981988,0
1775581853999896000,2703.963895996094,549.6891012750566,1.0220534025165824,180,-33.43936586403563,523.8744078241289,241.45683306113523,8.05684948377272,3,-70.68723897217245,0
1775581854999907800,2704.9639079589842,549.6891012750566,1.7438305119289002,180,-33.43936590962251,523.8744078241289,241.45683306113523,8.051475243679056,3,-70.68723892499978,0
1775581855999918300,2705.9639184570315,549.6891012750566,1.69448374021325,180,-33.43936602489211,523.8744078241289,241.45683306113523,8.035424753084747,3,-70.68723885338852,0
1775581856999929000,2706.963929199219,549.6891012750566,1.6403339729621513,180,-33.43936621318106,523.8744078241289,241.45683306113523,8.034065959258653,3,-70.68723865822588,0
1775581857999940600,2707.9639406738283,549.6891012750566,1.636931593009694,180,-33.439366327269774,523.8744078241289,241.45683306113523,8.01863155117477,3,-70.68723853997224,0
1775581858999952000,2708.9639519042967,549.6891012750566,1.587630191100119,180,-33.43936750569317,523.8744078241289,241.45683306113523,7.992827547733585,3,-70.6872411456962,0
1775581859999963000,2709.963962890625,549.6891012750566,1.5337633809478173,180,-33.43936760662076,523.8744078241289,241.45683306113523,7.9786758576255705,3,-70.6872410263597,0
1775581860999974000,2710.9639738769533,549.6891012750566,1.5284974386217314,180,-33.43936768192711,523.8744078241289,241.45683306113523,8.194759026959828,3,-70.68724093286573,0
1775581861999985400,2711.9639853515623,549.6891012750566,1.382204308333659,180,-33.43936784773046,523.8744078241289,241.45683306113523,8.183378949540888,3,-70.68724073684861,0
1775581862999996200,2712.96399609375,549.6998758222908,1.8669748461537932,180,-33.43936980223752,523.885182371363,241.4568467890506,8.420397878800232,3,-70.68723340294684,0.0033740037946635337
1775581864000007400,2713.9640073242185,549.6617140471935,1.501443629068955,180,-33.43936934454651,523.8470205962658,241.45684649132235,8.395703683503712,3,-70.68723337767199,0.025864950270728694
1775581865000018400,2714.964018310547,549.6097975708544,1.9719130826079563,180,-33.43937136487238,523.7951041199267,241.45684664413847,7.888135083001831,3,-70.68723041607677,0.11594358178077058
1775581866000028400,2715.9640283203125,549.6404317878187,1.0723182852174091,180,-33.439370591028165,523.8257383368909,241.45684384801163,7.889277717579126,3,-70.68722886421143,0
1775581867000040000,2716.9640400390626,549.6404317878187,1.8577349865481922,180,-33.43936899304865,523.8257383368909,241.45684384801163,8.826921833292184,3,-70.68723810730062,0
1775581868000050200,2717.9640502929688,549.5998200904578,1.3177625517928573,180,-33.43937066755522,523.7851266395301,241.4568449583603,8.799845762889971,3,-70.68723881816132,0
1775581869000061400,2718.9640615234375,549.5641917893663,1.8971315665248083,180,-33.439369731445964,523.7494983384386,241.4568441681137,8.786757383395372,3,-70.68723825280672,0
1775581870000072200,2719.964072265625,549.7548476727679,1.7236955725597114,180,-33.439369715889605,523.9401542218402,241.4568441076165,8.76705146142663,3,-70.68723815949177,0.06203027295910852
1775581871000082400,2720.964082519531,549.6534765381366,2.061772638265037,180,-33.43936804321908,523.8387830872089,241.45684417385843,8.741896430682761,3,-70.68725167119777,0.10467881832693436
1775581872000094000,2721.9640939941405,549.7343235583976,2.4204932980642093,180,-33.43936756596345,523.9196301074699,241.45685807140308,8.71694458184996,3,-70.68726095109811,0
1775581873000105200,2722.9641052246093,549.7343235583976,1.7843234305935585,180,-33.43936781512707,523.9196301074699,241.45685807140308,8.672647820382974,3,-70.68726089549872,0
1775581874000116000,2723.9641159667967,549.7343235583976,1.6590873134525657,180,-33.439367950122545,523.9196301074699,241.45685807140308,8.649071395629976,3,-70.6872608653753,0
1775581875000126000,2724.9641259765626,549.7343235583976,1.682667351623696,180,-33.439368132161235,523.9196301074699,241.45685807140308,8.657816668316416,3,-70.68726082475446,0
1775581876000137500,2725.964137451172,549.7343235583976,1.5998648686397934,180,-33.4393682504811,523.9196301074699,241.45685807140308,8.637042610359527,3,-70.6872607983521,0
1775581877000147700,2726.964147705078,549.7343235583976,1.5395716425522659,180,-33.439379852912964,523.9196301074699,241.45685807140308,8.192847167495191,3,-70.68724498543723,0
1775581878000158200,2727.964158203125,549.7343235583976,1.5330730078819301,180,-33.43936903992984,523.9196301074699,241.45685807140308,8.17761705935035,3,-70.68725005409941,0
1775581879000169700,2728.9641696777344,549.7343235583976,1.3889736345364658,180,-33.43936912446463,523.9196301074699,241.45685807140308,8.163444208975642,3,-70.68725007495794,0
1775581880000179200,2729.964179199219,549.3732091858983,1.8533437080056732,180,-33.43936525221773,523.5585157349706,241.45685460280473,8.167487018876212,3,-70.68724805017176,0.03238236016403024
1775581881000190700,2730.964190673828,549.5313975326717,1.195471236686438,180,-33.43938502662749,523.716704081744,241.45686184248297,8.615553199528787,3,-70.6872528668799,0
1775581882000201700,2731.964201660156,549.4379551708698,1.8680550143350443,180,-33.4393893771429,523.6232617199421,241.45685788360362,8.592000285199997,3,-70.6872502869537,0.15074383606303102
1775581883000212000,2732.9642119140626,549.4299267502502,1.316382034338873,180,-33.439389475919924,523.6152332993224,241.4568575746593,8.593004371106822,3,-70.68725008756957,0
1775581884000223200,2733.9642231445314,549.4299267502502,1.1731406316473671,180,-33.439399721965465,523.6152332993224,241.4568575746593,8.62313053880001,3,-70.6872437149655,0
1775581885000233500,2734.9642333984375,549.4299267502502,1.16341929334669,180,-33.43939997870524,523.6152332993224,241.4568575746593,8.61399876098236,3,-70.68724377615902,0
1775581886000243700,2735.9642436523436,549.4299267502502,1.774351974682222,180,-33.4394000873459,523.6152332993224,241.4568575746593,8.604726182815487,3,-70.68724380205336,0
1775581887000255000,2736.9642548828124,549.6617021895945,1.7276506420648352,180,-33.439408104587685,523.8470087386668,241.456865156012,8.581997209529174,3,-70.68724883251171,0.06218180802628336
1775581888000264700,2737.9642646484376,549.4823156967759,2.0722698964695683,180,-33.43940828316873,523.6676222458482,241.45686633800108,8.560511829040376,3,-70.68724966943162,0.14259991620799706
1775581889000275200,2738.9642751464844,549.4692935571074,1.5266143286599438,180,-33.43940817986758,523.6546001061797,241.4568660904324,8.561522973468138,3,-70.6872495120213,0
1775581890000285700,2739.964285644531,549.5095335552469,2.00454177666734,180,-33.43940313513304,523.6948401043192,241.45686688326612,8.170850681105753,3,-70.68725759923711,0.03872131210107321
1775581891000296700,2740.9642966308593,549.4909686399624,1.3297392029801418,180,-33.43940096677857,523.6762751890346,241.45687181447386,8.17193666784057,3,-70.68726055925326,0
1775581892000307500,2741.9643073730467,549.3111773394048,1.9359586397808959,180,-33.43940119347764,523.4964838884771,241.45687231282778,8.161554956489574,3,-70.68726091238543,0.01568035110796207
1775581893000317700,2742.9643176269533,549.4597263392061,2.2712336367612886,180,-33.43940091428919,523.6450328882784,241.45687207327325,8.170070779770871,3,-70.68726077143647,0.0173495328308645
1775581894000327700,2743.9643276367187,549.4476979067549,1.0964231425926274,180,-33.43940050842045,523.6330044558272,241.4568717359175,8.171158179792142,3,-70.68726057234184,0
1775581895000338400,2744.964338378906,549.3424783675,1.8753050600003724,180,-33.43940043281825,523.5277849165723,241.45687258770755,8.155052091175001,3,-70.68726117659659,0.05556072071881086
1775581896000350000,2745.9643498535156,549.4157329192385,1.5638306932154031,180,-33.43940992332074,523.6010394683108,241.45687173861467,8.171413096437218,3,-70.68724729521394,0.014708128363008777
1775581897000360000,2746.964359863281,549.3748850747943,1.2927874086345759,180,-33.4394069694998,523.5601916238666,241.45686170989035,8.172495431154456,3,-70.68724130865007,0
1775581898000371000,2747.964370849609,549.337169344537,1.1637672377198618,180,-33.43940443544907,523.5224758936092,241.4568601632082,8.1984592539728,3,-70.6872405025888,0.00556792185813081
1775581899000381000,2748.964380859375,549.4241417935118,1.7964146482261676,180,-33.43940284498961,523.6094483425841,241.45685965445045,8.19952921813498,3,-70.68724020355349,0.02949357940149001
1775581900000391700,2749.9643916015625,549.3995111063123,1.1989739415741942,180,-33.439403609205286,523.5848176553845,241.4568593800548,8.181561448453763,3,-70.68724012501353,0
1775581901000402000,2750.9644018554686,549.3995111063123,1.8746343320710321,180,-33.439403759506284,523.5848176553845,241.4568593800548,8.18157495439469,3,-70.68724021707486,0
1775581902000413000,2751.9644128417967,549.3995111063123,1.7506805920081043,180,-33.439402142171105,523.5848176553845,241.4568593800548,8.248639447572193,3,-70.68723701009345,0
1775581903000423700,2752.964423583984,549.3995111063123,1.7261940570251488,180,-33.43940236722147,523.5848176553845,241.4568593800548,8.248471294466244,3,-70.68723716436939,0
1775581904000434000,2753.9644338378907,549.3995111063123,1.69294107715081,180,-33.43940258772853,523.5848176553845,241.4568593800548,8.257001169443132,3,-70.68723731553082,0
1775581905000444000,2754.964443847656,549.5234337104484,1.7191603127846902,180,-33.43940338754553,523.7087402595207,241.45684976586057,8.228769267182162,3,-70.6872316277832,0.11258938403825326
1775581906000455000,2755.9644548339843,549.583590593189,1.057129948329318,180,-33.43940222578737,523.7688971422613,241.4568492652674,8.229841889671563,3,-70.68723133368954,0
1775581907000465400,2756.964465332031,549.3855574969202,1.864644345093815,180,-33.43940166257948,523.5708640459925,241.45684914864512,8.22352311429532,3,-70.68723128024861,0.06746001799642755
1775581907998300700,2757.96230078125,549.4925444321707,2.1461290559518704,180,-33.43938731964457,523.677850981243,241.45684919575228,8.106021326387609,3,-70.68724353506502,0.08242874156047567
1775581908998298400,2758.9622983398435,549.5067652789876,2.483831449318737,180,-33.439381662876336,523.6920718280599,241.4568553822344,8.107120830517395,3,-70.68724720168319,0.11045472892680362
1775581909998329600,2759.9623295898436,549.4905323851854,2.793877510410183,180,-33.4393788047858,523.6758389342576,241.45685993960285,8.09586661446439,3,-70.68724970593343,0.20385945937761324
1775581910998342700,2760.9623427734373,549.3948171818629,3.148741642841123,180,-33.43937731380305,523.5801237309352,241.45686184884084,8.09854503548685,3,-70.68725083709852,0.21373593654258066
1775581911998362600,2761.962362548828,549.4910152042285,3.4148607557398716,180,-33.439380766263795,523.6763217533007,241.45686233278053,7.054858538289467,3,-70.68725386044373,0.1726366726817878
1775581912998411800,2762.9624118652346,549.464328601025,1.3634644142330328,180,-33.439380033124046,523.6496351500973,241.45686481258343,7.035065546569069,3,-70.68725504748,0
1775581913998436000,2763.9624360351563,549.5338387778029,1.951023344174346,180,-33.43938789920923,523.7191453268752,241.45686213056257,7.027970769925911,3,-70.6872488510251,0.05676565258945223
1775581914998454000,2764.9624541015623,549.5447603110224,1.6336429068818983,180,-33.43938792718813,523.7300668600947,241.45686182348334,7.029302181979257,3,-70.68724871746082,0
1775581915998509800,2765.962509765625,549.406873350963,1.0562369411993067,180,-33.43938830733428,523.5921799000353,241.45685592022107,7.329428247727329,3,-70.68724634956129,0
1775581916998545700,2766.9625456542967,549.3612178843468,1.7995880885156963,180,-33.43939102057444,523.5465244334191,241.4568547274459,7.325468785539853,3,-70.68724577329908,0.012938442698795913
1775581917998574800,2767.962574951172,549.3328551184386,2.115032398455456,180,-33.43938985020659,523.5181616675109,241.45685531595643,7.313195425256529,3,-70.68724607797485,0.034425461714598204
1775581918998634000,2768.962634033203,549.4193870387971,2.466652899088509,180,-33.43939235313215,523.6046935878694,241.4568543696712,7.3144621478236145,3,-70.68724561583292,0
1775581919998643500,2769.9626435546875,549.4193870387971,1.036168564584957,180,-33.43939092197228,523.6046935878694,241.4568543696712,7.3515904604307085,3,-70.68724571402328,0
1775581920998688800,2770.962688720703,549.4193870387971,1.7451758797812438,180,-33.43939097351264,523.6046935878694,241.4568543696712,7.395415515991361,3,-70.6872457260446,0
1775581921998744800,2771.962744873047,549.4193870387971,1.6782516045773697,180,-33.439391051969224,523.6046935878694,241.4568543696712,7.375359142932725,3,-70.68724574434385,0
1775581922998800000,2772.9627998046876,549.4193870387971,1.6610288226525394,180,-33.43939112644529,523.6046935878694,241.4568543696712,7.356850642378432,3,-70.6872457617147,0
1775581923998852600,2773.9628525390626,549.4193870387971,1.646990821308274,180,-33.43939117325121,523.6046935878694,241.4568543696712,7.345072725988729,3,-70.68724577263174,0
1775581924998903600,2774.962903564453,549.5222052354366,1.0475983447129653,180,-33.43938828110274,523.7075117845088,241.45685183534547,7.333576048414892,3,-70.68724457389882,0
1775581925998952000,2775.962951904297,549.5222052354366,1.8011553895172847,180,-33.43937186280473,523.7075117845088,241.45685183534547,7.162328656611695,3,-70.68725575621382,0
1775581926998997200,2776.9629973144533,549.4736933251843,1.724064525031635,180,-33.439369005712614,523.6589998742566,241.45686848993518,7.149510237834165,3,-70.68726334794341,0
1775581927999042600,2777.9630424804686,549.4736933251843,1.708839344303574,180,-33.43936907377514,523.6589998742566,241.45686848993518,7.131442968297478,3,-70.68726340919092,0
1775581928999085000,2778.9630849609375,549.4736933251843,1.6401151262468228,180,-33.439369117766816,523.6589998742566,241.45686848993518,7.120189278739713,3,-70.68726344877778,0
1775581929999125500,2779.963125488281,549.4840990453959,1.5865645087277578,180,-33.43937052267192,523.6694055944681,241.45686713952895,7.109973271928935,3,-70.68726286819766,0.006245304764163647
1775581930999164200,2780.9631640625,549.2636072067544,1.89916320850023,180,-33.4393747147376,523.4489137558267,241.45686776473917,7.112295062976663,3,-70.6872631895915,0.08613663690223242
1775581931999201300,2781.963201171875,549.2471833564341,1.625024492876947,180,-33.4393857163524,523.4324899055064,241.45686746683816,7.153105316547769,3,-70.68724588428164,0
1775581932999238000,2782.963237792969,549.2471833564341,1.5870253643433507,180,-33.43938577305086,523.4324899055064,241.45686746683816,7.1429336060327255,3,-70.68724597065919,0
1775581933999272400,2783.9632724609373,549.2471833564341,1.5213021707646897,180,-33.43938586063129,523.4324899055064,241.45686746683816,7.126602605689659,3,-70.68724610408407,0
1775581934999307500,2784.9633076171876,549.2471833564341,1.4586405435330767,180,-33.43938594414237,523.4324899055064,241.45686746683816,7.119485016911666,3,-70.68724623130947,0
1775581935999337700,2785.9633376464844,549.2471833564341,1.3783742303772057,180,-33.43938602402252,523.4324899055064,241.45686746683816,7.115912504468691,3,-70.68724635300329,0
1775581936999369700,2786.963369628906,549.2471833564341,1.4514774870543519,180,-33.439386100927095,523.4324899055064,241.45686746683816,7.17296008627263,3,-70.68724647016397,0
1775581937999400200,2787.963400146484,549.2471833564341,1.3779166915572414,180,-33.43938970009788,523.4324899055064,241.45686746683816,7.213302470226555,3,-70.687242787579,0
1775581938999429000,2788.963429199219,549.2471833564341,1.3732664073773833,180,-33.439389511008095,523.4324899055064,241.45686746683816,7.280151244581519,3,-70.68724316945244,0
1775581939999457300,2789.9634572753907,549.2471833564341,1.165817269575827,180,-33.43938954403545,523.4324899055064,241.45686746683816,7.272770308127656,3,-70.68724324015072,0
1775581940999484400,2790.963484375,549.2471833564341,1.1600625018638544,180,-33.43938959925355,523.4324899055064,241.45686746683816,7.2639643121674675,3,-70.68724335835049,0
1775581941999511300,2791.9635112304686,549.2471833564341,1.0270129161203303,180,-33.43938888279802,523.4324899055064,241.45686746683816,7.221567110973804,3,-70.68723261761502,0
1775581942999537700,2792.9635375976563,549.3241595458239,1.7437056754653126,180,-33.439395648749944,523.5094660948962,241.4568737995676,7.218131348580551,3,-70.68723559977666,0
1775581943999562200,2793.9635622558594,549.3241595458239,1.644381128876417,180,-33.43939374408508,523.5094660948962,241.4568737995676,7.157264502605982,3,-70.68724301205651,0
1775581944999586300,2794.963586425781,549.3241595458239,1.5866301412509873,180,-33.4393938625782,523.5094660948962,241.4568737995676,7.1467989407640795,3,-70.68724314782426,0
1775581945999611400,2795.963611328125,549.5966218113899,1.6195142486245662,180,-33.439394748088425,523.7819283604622,241.4568793461405,7.6187614024213195,3,-70.68724975116314,0.016567039839001943
1775581946999634400,2796.9636345214844,549.6080374820158,1.5211810883753347,180,-33.43939469760255,523.793344031088,241.456879249772,7.619957315347334,3,-70.68724970333037,0
1775581947999658000,2797.963657958984,549.6080374820158,1.4571711438894697,180,-33.439394812332544,523.793344031088,241.456879249772,7.608995113186721,3,-70.68724984561392,0
1775581948999680300,2798.963680175781,549.6080374820158,1.3840723335279357,180,-33.439394946417394,523.793344031088,241.456879249772,7.619363036887573,3,-70.68725021693568,0
1775581949999701500,2799.9637014160157,549.6080374820158,1.3802118277883906,180,-33.43939226394037,523.793344031088,241.456879249772,7.404407585245824,3,-70.68724439254427,0
1775581950999724000,2800.963724121094,549.6080374820158,1.1623678583095662,180,-33.43939262778197,523.793344031088,241.456879249772,7.387268626822483,3,-70.68724475163121,0
1775581951999744800,2801.963744873047,549.6080374820158,1.0349506138936149,180,-33.439392786756265,523.793344031088,241.456879249772,7.441687718373131,3,-70.68724495882783,0
1775581952999765200,2802.963765136719,549.6080374820158,1.023055390948452,180,-33.43939293637437,523.793344031088,241.456879249772,7.5070521642837384,3,-70.68724515383023,0
1775581953999785500,2803.9637854003904,549.6080374820158,1.020635726476378,180,-33.43939303793684,523.793344031088,241.456879249772,7.515744351673015,3,-70.68724520111665,0
1775581954999806000,2804.963805908203,549.3547181393951,1.7415498188579872,180,-33.43939154051031,523.5400246884674,241.45687865980244,7.53198973657246,3,-70.6872451015212,0.048965284998429864
1775581955999825000,2805.963824951172,549.358093761839,1.5460078503803703,180,-33.43939001536597,523.5434003109112,241.45687851417927,7.442943850754461,3,-70.68724689873159,0
1775581956999845000,2806.963845214844,549.2558765411377,1.1771868308687883,180,-33.43938700658544,523.44118309021,241.4568733339217,7.432475454373602,3,-70.68724449248384,0
1775581957999864300,2807.9638642578125,549.2558765411377,1.810954750601185,180,-33.439387054418326,523.44118309021,241.4568733339217,7.4269482167801755,3,-70.68724456394175,0
1775581958999882200,2808.963882324219,549.4024829985574,1.7265921948531202,180,-33.4393923424441,523.5877895476297,241.45688128827848,7.417704035792119,3,-70.68724870501995,0.1241142440770539
1775581959999901200,2809.963901123047,549.25802354794,1.4723474974372643,180,-33.4393923665134,523.4433300970122,241.4568810895072,7.418944611811083,3,-70.68724861393092,0
1775581960999918600,2810.9639187011717,549.2816717391834,1.899078587233686,180,-33.43939657144504,523.4669782882556,241.4568881294423,7.409666308973436,3,-70.687252199287,0.20306389118013873
1775581961999937000,2811.963937011719,549.281387258321,1.6692215526411707,180,-33.439398899805944,523.4666938073933,241.45688752706758,7.300888882036012,3,-70.68724518162587,0
1775581962999955200,2812.963955078125,549.281387258321,1.5921182243686205,180,-33.439399162082374,523.4666938073933,241.45688752706758,7.285998825580619,3,-70.68724553237321,0
1775581963999972000,2813.9639721679687,549.281387258321,1.5789794468986917,180,-33.43939931459241,523.4666938073933,241.45688752706758,7.275267990163763,3,-70.68724573632784,0
1775581964999990000,2814.9639899902345,549.331415751949,1.515706415334792,180,-33.4394025656443,523.5167223010212,241.45687736982194,7.263756495393894,3,-70.68724124904905,0.02027390011374788
1775581966000007700,2815.964007568359,549.1956904670224,1.0317258559198639,180,-33.43940209024647,523.3809970160946,241.45687987654262,7.254626749673186,3,-70.68724252768901,0
1775581967000024800,2816.9640249023437,549.2895867591724,1.7426125070244336,180,-33.43940170787201,523.4748933082446,241.45688020919374,7.250475995796231,3,-70.68724275701459,0
1775581968000041000,2817.964041015625,549.2895867591724,1.7209320997695974,180,-33.439392664243904,523.4748933082446,241.45688020919374,7.218669519098671,3,-70.68725330137383,0
1775581969000057900,2818.964057861328,549.2895867591724,1.7177500011133227,180,-33.439393364506635,523.4748933082446,241.45688020919374,7.200727237663892,3,-70.68724799422564,0
1775581970000074800,2819.964074707031,549.2895867591724,1.647953735424905,180,-33.4393937117257,523.4748933082446,241.45688020919374,7.2898160972802035,3,-70.68724826435495,0
1775581971000092000,2820.964091796875,549.2895867591724,1.6399122216652273,180,-33.43939405174171,523.4748933082446,241.45688020919374,7.391383253980004,3,-70.68724852888042,0
1775581972000107300,2821.964107177734,549.2251464650035,1.040084539921278,180,-33.43938819407506,523.4104530140758,241.45687954559975,8.051164751389388,3,-70.68724878776351,0
1775581973000124200,2822.964124267578,549.2153913956136,1.8043370310257691,180,-33.439387346298396,523.4006979446858,241.45688059634077,8.04557347796633,3,-70.68724947790926,0.13934877854912991
1775581974000141000,2823.964141113281,549.2405565222725,2.1243449037111977,180,-33.4393887229176,523.4258630713448,241.45688141794832,8.17975836368772,3,-70.68724586252742,0.08493735452198328
1775581975000156400,2824.9641564941408,549.2115292400122,2.4373239088773344,180,-33.439380599138495,523.3968357890844,241.45688120694902,8.212664928099418,3,-70.6872473978086,0.03086059667460292
1775581976000172500,2825.964172607422,549.2391786472872,1.5960162526640862,180,-33.4393798869863,523.4244851963595,241.4568735399625,8.522955286560022,3,-70.68724311110378,0
1775581977000189200,2826.9641892089844,549.2391786472872,1.5408688088149884,180,-33.43938020375845,523.4244851963595,241.4568735399625,8.515812802363348,3,-70.687243401949,0
1775581978000204500,2827.9642045898436,549.2391786472872,1.4551534447868004,180,-33.43938038390278,523.4244851963595,241.4568735399625,8.49885723795503,3,-70.68724356734899,0
1775581979000221200,2828.964221191406,549.2659354377538,1.3768148758553564,180,-33.4393781666461,523.4512419868261,241.45687386890592,8.604376738711014,3,-70.68724394560873,0
1775581980000236000,2829.9642360839844,549.1849721809849,1.8332345443119886,180,-33.43937527598081,523.3702787300572,241.45687410086518,8.591036275798084,3,-70.68724424634803,0.16295815625261315
1775581981000252400,2830.964252441406,549.3004671428353,2.123401552033233,180,-33.4393829005983,523.4857736919075,241.4568631232284,8.504837692382566,3,-70.68723040873067,0.12101291698675033
1775581982000268500,2831.9642685546874,549.3118676738814,1.525678024549979,180,-33.43938268125225,523.4971742229536,241.45686290080317,8.585002131845656,3,-70.6872302671931,0
1775581983000283600,2832.9642836914063,549.3118676738814,1.3919007575452376,180,-33.439382773744924,523.4971742229536,241.45686290080317,8.568530515515457,3,-70.6872304069007,0
1775581984000299500,2833.964299560547,549.3024170137942,1.8382348656806387,180,-33.43937683434707,523.4877235628664,241.4568629814543,8.555063574248068,3,-70.68723059904549,0
1775581985000315100,2834.964315185547,549.2891541514546,1.6828680305617234,180,-33.43937795536011,523.4744607005268,241.45686215079257,8.533120675115692,3,-70.68723025253287,0.013284971943822735
1775581986000330800,2835.964330810547,549.3738383753225,2.000830803989352,180,-33.439379330839,523.5591449243948,241.4568612572466,8.534134489597054,3,-70.68722966590259,0.05550289586919748
1775581987000346000,2836.964346191406,549.5055583938956,2.3522568060061744,180,-33.439366884887306,523.6908649429679,241.45686193193671,8.38166039261858,3,-70.68724280812857,0.11561624135336393
1775581988000361500,2837.9643615722657,549.5667368946597,1.4130570425485487,180,-33.439367066876606,523.752043443732,241.4568636061377,8.382706803469052,3,-70.68724386449868,0
1775581989000376600,2838.9643764648436,549.5667368946597,1.2775258852042997,180,-33.43936716892108,523.752043443732,241.4568636061377,8.462196359895962,3,-70.68724393936054,0
1775581990000392000,2839.964391845703,549.4610630692914,1.785147580364674,180,-33.43936555611143,523.6463696183637,241.4568623246637,8.455636833813596,3,-70.68724318628476,0.011107343635734465
1775581991000407300,2840.9644072265623,549.4857665179297,2.095548060238639,180,-33.43936389503147,523.671073067002,241.4568616830719,8.456666176901445,3,-70.68724278291634,0
1775581992000421600,2841.9644216308593,549.4857665179297,1.7700099248040955,180,-33.439364073961656,523.671073067002,241.4568616830719,8.573469322557433,3,-70.68724293173226,0
1775581993000437800,2842.9644377441405,549.375580673106,1.1793278168714707,180,-33.43936449814722,523.5608872221783,241.4568606036671,8.57470129666921,3,-70.6872588791514,0
1775581994000453000,2843.964453125,549.359178670682,1.793874792494399,180,-33.43936603472315,523.5444852197543,241.45687387846033,8.565295649038191,3,-70.68726760048882,0.008509006750247714
1775581995000467700,2844.9644677734377,549.465489057824,2.0470546429711614,180,-33.43936855305811,523.6507956068963,241.45687453242095,8.585054339501411,3,-70.68726802327089,0.013564054968430052
1775581996000483600,2845.964483642578,549.467212532647,2.3287148769288306,180,-33.43937095872197,523.6525190817192,241.45688136182156,9.330468122364012,3,-70.6872739719445,0.23171992961792587
1775581997000498200,2846.964498291016,549.2696840260178,2.7085029457653866,180,-33.439373458667156,523.45499057509,241.45688108366383,9.69971892325764,3,-70.68727616004352,0.20942966994652554
1775581998000513500,2847.9645134277343,549.4258777042851,3.0885428290267285,180,-33.43937626252834,523.6111842533574,241.45688031707544,10.400550848645553,3,-70.68727731546893,0.21449916274993194
1775581999000528400,2848.9645283203126,548.9842759324238,3.4561915723199164,180,-33.439380930336576,523.169582481496,241.45688223550064,9.004251679597838,3,-70.6872964106698,0.27166179512689026
1775582000000543700,2849.964543701172,549.2046293104067,3.716110473255404,180,-33.439385987304775,523.389935859479,241.45691068255962,8.440101124200401,3,-70.68730959164999,0
1775582001000558300,2850.9645583496094,549.2046293104067,1.8666139073767876,180,-33.43938873367641,523.389935859479,241.45691068255962,8.91607804237625,3,-70.68731708884684,0
1775582002000573200,2851.9645732421877,549.2046293104067,1.0239277141407208,180,-33.43938886963146,523.389935859479,241.45691068255962,9.644542400011398,3,-70.68731745998444,0
1775582003000589300,2852.964589355469,549.2046293104067,1.7740583458903787,180,-33.43938889943186,523.389935859479,241.45691068255962,9.757032179017909,3,-70.68731754133523,0
1775582004000604200,2853.9646042480467,549.2046293104067,1.7550667267865094,180,-33.439388987155326,523.389935859479,241.45691068255962,9.723285081753081,3,-70.68731778080758,0
1775582005000619500,2854.9646196289063,549.2046293104067,1.6679977869755993,180,-33.43938262856129,523.389935859479,241.45691068255962,9.33627118126221,3,-70.68730295613976,0
1775582006000634000,2855.9646340332033,549.2046293104067,1.687271419578669,180,-33.43938273600424,523.389935859479,241.45691068255962,9.310332803602266,3,-70.68730323481259,0
1775582007000648700,2856.9646486816405,549.2046293104067,1.6525854785258143,180,-33.439382845322505,523.389935859479,241.45691068255962,9.312345368688273,3,-70.68730351834941,0
1775582008000663800,2857.9646638183594,548.7475361302495,1.997928457179969,180,-33.439378168300294,522.9328426793218,241.4568883181276,9.589637705202025,3,-70.6872859343266,0.21555127026163476
1775582009000678100,2858.9646782226564,548.9921119706705,1.332525659006802,180,-33.43937802085806,523.1774185197428,241.45688899033107,9.567875623604255,3,-70.68728660960032,0
1775582010000693200,2859.964693359375,548.9921119706705,1.0462983408450424,180,-33.43937806717698,523.1774185197428,241.45688899033107,9.611453258600786,3,-70.68728670911979,0
1775582011000708600,2860.964708496094,548.9921119706705,1.0313313415561804,180,-33.439370290913764,523.1774185197428,241.45688899033107,9.238465682455747,3,-70.68729767281573,0
1775582012000723700,2861.9647236328124,548.9921119706705,1.0277730135469973,180,-33.439370333497976,523.1774185197428,241.45688899033107,9.229414631152473,3,-70.68729770376709,0
1775582013000738600,2862.9647385253907,548.9921119706705,1.7635614938614044,180,-33.43937045045261,523.1774185197428,241.45688899033107,9.252924171355486,3,-70.68729778877284,0
1775582014000754000,2863.96475390625,548.9921119706705,1.738430390758107,180,-33.439370639877836,523.1774185197428,241.45688899033107,9.45289721225258,3,-70.68729792645217,0
1775582015000767700,2864.9647678222655,548.9921119706705,1.6932983205973373,180,-33.439370765655,523.1774185197428,241.45688899033107,9.541024916454194,3,-70.68729801787038,0
1775582016000782800,2865.9647829589844,548.9921119706705,1.6842582825227725,180,-33.43937088736423,523.1774185197428,241.45688899033107,9.663833017386139,3,-70.6872981063319,0
1775582017000798200,2866.964798095703,548.9921119706705,1.683119286445754,180,-33.43936581923379,523.1774185197428,241.45688899033107,9.287986544755118,3,-70.68730194161014,0
1775582018000812500,2867.9648125,548.9921119706705,1.6809099123786877,180,-33.43936595887007,523.1774185197428,241.45688899033107,9.27466963466111,3,-70.68730199923584,0
1775582019000828000,2868.9648278808595,548.9921119706705,1.6413884887459493,180,-33.4393661011751,523.1774185197428,241.45688899033107,9.402482391197204,3,-70.6873020579629,0
1775582020000842500,2869.9648425292967,548.9921119706705,1.637122208118561,180,-33.439366238266985,523.1774185197428,241.45688899033107,9.476229513148166,3,-70.68730211453857,0
1775582021000858400,2870.9648583984376,548.9921119706705,1.5364070881567757,180,-33.439366377281075,523.1774185197428,241.45688899033107,9.594807021286432,3,-70.68730217190752,0
1775582022000872700,2871.9648728027346,548.9921119706705,1.5844404440396909,180,-33.439366501782594,523.1774185197428,241.45688899033107,9.696594706090346,3,-70.68730222328735,0
1775582023000886800,2872.96488671875,548.9921119706705,1.466045820423828,180,-33.4393625027262,523.1774185197428,241.45688899033107,9.728713820927112,3,-70.68730448497375,0
1775582024000902400,2873.96490234375,548.9921119706705,1.457366788465914,180,-33.43936263834682,523.1774185197428,241.45688899033107,9.818117397208875,3,-70.68730452147337,0
1775582025000916700,2874.964916748047,548.9921119706705,1.4576553115553175,180,-33.43936277370105,523.1774185197428,241.45688899033107,9.89091593008779,3,-70.68730455790129,0
1775582026000931300,2875.964931396484,548.9921119706705,1.3789980273869313,180,-33.43936291075097,523.1774185197428,241.45688899033107,9.975660236060731,3,-70.68730459478556,0
1775582027000946400,2876.964946533203,548.9921119706705,1.2876129634736406,180,-33.43936303478411,523.1774185197428,241.45688899033107,10.051516757899254,3,-70.68730462816664,0
1775582028000960800,2877.9649606933594,548.9921119706705,1.1657710128659904,180,-33.439363142577214,523.1774185197428,241.45688899033107,10.052728602239423,3,-70.68730465717702,0
1775582029000977000,2878.9649768066406,548.9921119706705,1.2801527141705005,180,-33.43937154759964,523.1774185197428,241.45688899033107,10.068290630091816,3,-70.6872804708549,0
1775582030000991200,2879.9649912109376,548.9921119706705,1.2783765137845269,180,-33.4393716853291,523.1774185197428,241.45688899033107,10.119919993064647,3,-70.68728093015203,0
1775582031001005300,2880.965005371094,548.9921119706705,1.0348659172574026,180,-33.43937175787896,523.1774185197428,241.45688899033107,10.100829127305474,3,-70.68728105417821,0
1775582032001020400,2881.9650205078124,548.9921119706705,1.7776119719935217,180,-33.43937180575714,523.1774185197428,241.45688899033107,10.142774476478925,3,-70.68728113602744,0
1775582033001034800,2882.9650346679687,548.9921119706705,1.7377904372350714,180,-33.43937194573003,523.1774185197428,241.45688899033107,10.161261202469797,3,-70.68728137531532,0
1775582033998664000,2883.9626638183595,548.9921119706705,1.6932763584320716,180,-33.43937208094668,523.1774185197428,241.45688899033107,10.276734423588312,3,-70.68728160647225,0
1775582034998655700,2884.962655761719,548.9921119706705,1.7177252129205574,180,-33.43935833715868,523.1774185197428,241.45688899033107,9.535793481424834,3,-70.68730449651522,0
1775582035998685000,2885.962684814453,548.9921119706705,1.686183645499273,180,-33.43935860510661,523.1774185197428,241.45688899033107,9.705785516192867,3,-70.68730445184548,0
1775582036998688800,2886.962688720703,548.9921119706705,1.7140710368908676,180,-33.43935880971931,523.1774185197428,241.45688899033107,9.824100054915345,3,-70.68730450024003,0
1775582037998701600,2887.962701660156,548.9921119706705,1.6879157827514193,180,-33.439359021521604,523.1774185197428,241.45688899033107,9.867305845657823,3,-70.68730455033509,0
1775582038998745000,2888.9627451171873,548.9921119706705,1.6471232407267218,180,-33.43935923042996,523.1774185197428,241.45688899033107,9.983307643657325,3,-70.68730459974564,0
1775582039998763000,2889.962762939453,548.9921119706705,1.6396632669460927,180,-33.4393594323924,523.1774185197428,241.45688899033107,10.090341777463545,3,-70.68730464751339,0
1775582040998781700,2890.962781738281,548.9921119706705,1.634740519912832,180,-33.43935963035252,523.1774185197428,241.45688899033107,10.06810163280018,3,-70.6873046943345,0
1775582041998835200,2891.962835205078,548.9921119706705,1.5898241859922735,180,-33.43935982988484,523.1774185197428,241.45688899033107,10.170984642177682,3,-70.68730474152747,0
1775582042998861300,2892.962861328125,548.9921119706705,1.5320531255244905,180,-33.4393600193929,523.1774185197428,241.45688899033107,10.222864673221277,3,-70.68730478634953,0
1775582043998884600,2893.9628845214843,548.9921119706705,1.5269858860831373,180,-33.43936019745119,523.1774185197428,241.45688899033107,10.311111949630922,3,-70.68730482846348,0
1775582044998938000,2894.962938232422,548.9921119706705,1.4634006980472483,180,-33.43936037623788,523.1774185197428,241.45688899033107,10.396928343822365,3,-70.68730487074974,0
1775582045998952000,2895.962951904297,548.9921119706705,1.380205159506426,180,-33.43936053917156,523.1774185197428,241.45688899033107,10.38358337658627,3,-70.6873049092865,0
1775582046998979600,2896.9629794921875,548.9921119706705,1.2887561654832203,180,-33.43936068537869,523.1774185197428,241.45688899033107,10.45195387815233,3,-70.6873049438671,0
1775582047999032600,2897.963032470703,548.9921119706705,1.2807933874568525,180,-33.43936081348559,523.1774185197428,241.45688899033107,10.497643161482712,3,-70.68730497416666,0
1775582048999083500,2898.9630834960935,548.9921119706705,1.2816563448670508,180,-33.439360940865086,523.1774185197428,241.45688899033107,10.555642553767555,3,-70.6873050042942,0
1775582049999132200,2899.963132080078,548.9921119706705,1.0351346569509703,180,-33.43936106923851,523.1774185197428,241.45688899033107,10.613050408618086,3,-70.68730503465683,0
1775582050999179000,2900.963178955078,548.9921119706705,1.7794322804599727,180,-33.439361152791655,523.1774185197428,241.45688899033107,10.610146772683908,3,-70.68730505441866,0
1775582051999224600,2901.963224609375,548.9921119706705,1.0299165376103359,180,-33.439361401393576,523.1774185197428,241.45688899033107,10.716643610232836,3,-70.68730511321745,0
1775582052999268000,2902.9632680664063,548.9921119706705,1.7472137886865302,180,-33.43936148535505,523.1774185197428,241.45688899033107,10.75208295443208,3,-70.68730513307584,0
1775582053999309600,2903.9633095703125,548.9921119706705,1.6977500369879501,180,-33.43936172200336,523.1774185197428,241.45688899033107,10.708135051429055,3,-70.68730518904742,0
1775582054999349500,2904.963349609375,548.9921119706705,1.684966047834233,180,-33.43936194769981,523.1774185197428,241.45688899033107,10.802954965697815,3,-70.68730524242868,0
1775582055999389000,2905.9633889160154,548.9921119706705,1.6745258992376286,180,-33.43936216840843,523.1774185197428,241.45688899033107,10.806431784057555,3,-70.68730529463022,0
1775582056999427600,2906.963427490234,548.9921119706705,1.6443655128023522,180,-33.43936238837534,523.1774185197428,241.45688899033107,10.897927609156811,3,-70.68730534665633,0
1775582057999463700,2907.9634636230467,548.9921119706705,1.6412453054967169,180,-33.439362602173,523.1774185197428,241.45688899033107,10.982298398927384,3,-70.68730539722331,0
1775582058999498800,2908.963498779297,548.9921119706705,1.6398783916787012,180,-33.439362812006586,523.1774185197428,241.45688899033107,10.94324916869801,3,-70.68730544685272,0
1775582059999533600,2909.9635334472655,548.9921119706705,1.5916347827699222,180,-33.4393509309137,523.1774185197428,241.45688899033107,9.715222207365638,3,-70.68726973824917,0
1775582060999566000,2910.9635661621096,548.9921119706705,1.5891158129713785,180,-33.439351155107815,523.1774185197428,241.45688899033107,9.750709870048082,3,-70.68726998125612,0
1775582061999599400,2911.9635993652346,548.9921119706705,1.5343618275913466,180,-33.439351382124975,523.1774185197428,241.45688899033107,9.85576467661333,3,-70.68727022732301,0
1775582062999630800,2912.963630859375,548.9921119706705,1.461271662830273,180,-33.4393515967804,523.1774185197428,241.45688899033107,9.950844686702103,3,-70.68727045999084,0
1775582063999661800,2913.9636618652344,548.9921119706705,1.3866323718460516,180,-33.4393517899109,523.1774185197428,241.45688899033107,9.933394308005209,3,-70.68727066932753,0
1775582064999692000,2914.963692138672,548.9921119706705,1.380486880500946,180,-33.439351965785775,523.1774185197428,241.45688899033107,10.009682185019466,3,-70.6872708599606,0
1775582065999720400,2915.9637204589844,548.9921119706705,1.4542549407893672,180,-33.439352140649554,523.1774185197428,241.45688899033107,10.0481960177085,3,-70.68727104949777,0
1775582066999749600,2916.9637495117186,548.9921119706705,1.2861783241990803,180,-33.43935233271988,523.1774185197428,241.45688899033107,10.025095842410204,3,-70.68727125768531,0
1775582067999777800,2917.963777832031,548.9921119706705,1.1689910135605335,180,-33.4393524819768,523.1774185197428,241.45688899033107,10.006134690683034,3,-70.68727141946685,0
1775582068999805000,2918.9638049316404,548.9921119706705,1.1686793178918935,180,-33.43935260476398,523.1774185197428,241.45688899033107,9.998848133551155,3,-70.68727155255749,0
1775582069999831600,2919.963831542969,548.9921119706705,1.0362500001163326,180,-33.43935272670512,523.1774185197428,241.45688899033107,9.983444378540268,3,-70.68727168473107,0
1775582070999857200,2920.9638571777346,548.9921119706705,1.76434788487926,180,-33.43935282216946,523.1774185197428,241.45688899033107,9.9714906451977,3,-70.68727178820612,0
1775582071999883800,2921.9638837890625,548.9921119706705,1.7322781549847628,180,-33.43935309351882,523.1774185197428,241.45688899033107,9.935819565714873,3,-70.68727208232524,0
1775582072999908000,2922.963908203125,548.9921119706705,1.719411820106905,180,-33.43935335153764,523.1774185197428,241.45688899033107,9.901822131589293,3,-70.68727236199521,0
1775582073999932700,2923.9639326171873,548.9921119706705,1.6867159880923315,180,-33.43935360389906,523.1774185197428,241.45688899033107,9.89977365643253,3,-70.68727263553306,0
1775582074999958000,2924.9639580078124,548.9921119706705,1.6861610851802458,180,-33.43935384369452,523.1774185197428,241.45688899033107,9.868820635116093,3,-70.68727289545052,0
1775582075999982000,2925.9639821777346,548.9921119706705,1.641176924167842,180,-33.439354081169064,523.1774185197428,241.45688899033107,9.856884005565698,3,-70.6872731528523,0
1775582077000005600,2926.9640056152343,548.9921119706705,1.594280013177657,180,-33.439354303473024,523.1774185197428,241.45688899033107,9.827230048202592,3,-70.68727339381047,0
1775582078000029200,2927.964029296875,548.9921119706705,1.632354697583142,180,-33.43935451648185,523.1774185197428,241.45688899033107,9.929886269407323,3,-70.68727362469355,0
1775582079000052200,2928.9640522460936,548.9921119706705,1.5865627879239557,180,-33.43935473888086,523.1774185197428,241.45688899033107,9.94260748696554,3,-70.68727386575473,0
1775582080000074800,2929.964074707031,548.9921119706705,1.532342667487414,180,-33.43935495207887,523.1774185197428,241.45688899033107,10.043892907043297,3,-70.68727409684287,0
1775582081000096800,2930.9640966796874,548.9921119706705,1.3901568036448242,180,-33.43935515356048,523.1774185197428,241.45688899033107,10.136239565770456,3,-70.6872743152314,0
1775582082000119800,2931.964119873047,548.9921119706705,1.2898368925830501,180,-33.43935531805518,523.1774185197428,241.45688899033107,10.114585563203079,3,-70.68727449352937,0
1775582083000141800,2932.964141845703,548.9921119706705,1.3784635153485292,180,-33.439355460960265,523.1774185197428,241.45688899033107,10.17829081768829,3,-70.68727464842605,0
1775582084000163600,2933.9641635742187,548.9921119706705,1.1696613624795298,180,-33.43935562392654,523.1774185197428,241.45688899033107,10.19748239902107,3,-70.68727482506735,0
1775582085000184600,2934.9641845703127,548.9921119706705,1.1687089206794443,180,-33.43935574220107,523.1774185197428,241.45688899033107,10.249315764207202,3,-70.68727495326667,0
1775582086000206000,2935.9642060546876,548.9921119706705,1.1613342575650685,180,-33.43935586105252,523.1774185197428,241.45688899033107,10.300462894616231,3,-70.68727508209129,0
1775582087000227300,2936.964227294922,548.9921119706705,1.030863625380164,180,-33.43935597770811,523.1774185197428,241.45688899033107,10.287220106277912,3,-70.68727520853582,0
1775582088000248800,2937.9642487792967,548.9921119706705,1.0242529042997834,180,-33.43935607013677,523.1774185197428,241.45688899033107,10.32639710915418,3,-70.68727530872046,0
1775582089000269300,2938.9642692871093,548.9921119706705,1.7604367659072877,180,-33.43935616145136,523.1774185197428,241.45688899033107,10.344050863091308,3,-70.68727540769754,0
1775582090000289500,2939.9642895507814,548.9921119706705,1.0209826908364166,180,-33.439354570083076,523.1774185197428,241.45688899033107,9.513314459739247,3,-70.68729866050533,0
1775582091000309500,2940.9643095703127,548.9921119706705,1.0281259191145884,180,-33.43935465101197,523.1774185197428,241.45688899033107,9.558570433897776,3,-70.68729869077234,0
1775582092000330000,2941.964330078125,548.9921119706705,1.0289814160604356,180,-33.43935473281686,523.1774185197428,241.45688899033107,9.554723941042468,3,-70.68729872136694,0
1775582093000350500,2942.9643505859376,548.9921119706705,1.7572895467615457,180,-33.439354814465084,523.1774185197428,241.45688899033107,9.548812113658535,3,-70.687298751903,0
1775582094000370400,2943.9643703613283,548.9921119706705,1.7001061413951042,180,-33.43935504817578,523.1774185197428,241.45688899033107,9.517773766741051,3,-70.68729883930963,0
1775582095000390100,2944.964390136719,549.3027242431417,1.6581070077459816,180,-33.439349236777765,523.488030792214,241.4568909599435,9.495320816782792,3,-70.68730053465376,0.2512244533236087
1775582096000411000,2945.964410888672,549.317276969552,1.9903168458487719,180,-33.439351901297094,523.5025835186243,241.4568929742513,9.496164780262488,3,-70.68730216156017,0.20755532905457658
1775582097000430800,2946.964430908203,549.2707493864,2.3700077889124125,180,-33.43935455163537,523.4560559354722,241.4568933085178,9.357616478301269,3,-70.68730341798639,0.10919828934576384
1775582098000449300,2947.96444921875,549.2414721315727,2.796470471236032,180,-33.439355907403026,523.4267786806449,241.456894678268,9.604334341552105,3,-70.68730429172687,0.1698079222450324
1775582099000470300,2948.964470214844,549.1076875189319,3.1219952526852413,180,-33.43937308807991,523.2929940680042,241.4568997283231,8.760243218660303,3,-70.6873139235385,0.4871857591778079
1775582100000489200,2949.9644892578126,549.0645901132375,1.3656807577240575,180,-33.43937121461846,523.2498966623098,241.45689836465309,9.406806151970006,3,-70.6873171968056,0
1775582101000508400,2950.9645083007813,549.0645901132375,1.3008755933940168,180,-33.439371912210646,523.2498966623098,241.45689836465309,9.961088165609924,3,-70.6873175633481,0
1775582102000528000,2951.9645278320313,549.1034813979641,1.851103308621933,180,-33.43937512887716,523.2887879470363,241.4568938949007,10.0721141887971,3,-70.68731353588922,0.04919522316347458
1775582103000546800,2952.964546875,549.1759996330366,2.2171897760957986,180,-33.43937393818852,523.3613061821088,241.45689410895295,10.0728546651734,3,-70.68731373681464,0
1775582104000566500,2953.96456640625,548.9731580512598,1.7883486765869219,180,-33.43937528300899,523.1584646003321,241.45689474709582,10.066271833637687,3,-70.68731439871799,0.14306941561716893
1775582105000586500,2954.9645864257814,549.2483031284064,2.156658226395165,180,-33.439376244276104,523.4336096774787,241.45689534701623,10.069505550777386,3,-70.68731494442902,0.24641871570293872
1775582106000604700,2955.964604736328,549.2844559410587,2.315838195126815,180,-33.43937684876622,523.469762490131,241.45689643964144,10.070247668226209,3,-70.68731594000455,0.23835916236139926
1775582107000624400,2956.964624267578,552.6594238430262,2.168986002149214,-1,-33.439380988947924,526.8447303920984,-1,9.617006003186882,4,-70.68730350538051,0
1775582108000643000,2957.964643066406,552.7297363430262,2.1242645519687926,-1,-33.43938426705157,526.9150428920984,-1,9.138034804272317,3.9999999999999982,-70.68729380912374,0.3100000023841858
1775582109000661800,2958.9646618652346,552.5957031399012,2.168986002149214,-1,-33.43937839984918,526.7810096889734,-1,8.551839951944132,3.9999999999999982,-70.68729319759645,0.3700000047683716
1775582110000682000,2959.9646818847655,552.518432803452,3.349999904632478,180,-33.43938002986707,526.7037393525243,78.39842890925175,8.222512276931356,4.000000000002894,-70.6872843950885,1.4800000190734466
1775582111000700000,2960.964699951172,552.1026611467823,4.6845624768364775,-1,-33.439380797282865,526.2879676958546,-1,7.948843942869204,4.000000000000001,-70.68727755362627,1.4800000190734863
1775582112000719000,2961.9647189941406,552.1416017115116,2.2999999523162353,142.26372650471603,-33.43938071949352,526.3269082605839,66.7968678653269,7.7099842885240495,4.000000000002545,-70.6872706876371,1.3099999427795135
1775582113000738000,2962.9647380371093,549.6770636271685,1.8680307463402632,180,-33.43937722492464,523.8623701762408,241.45690766439816,7.062390895269977,3,-70.68729194551167,0.06973701116485555
1775582114000757200,2963.9647573242187,549.6825737096369,1.6268868419830886,180,-33.439377172099725,523.8678802587092,241.4569074760838,7.054561145494767,3,-70.6872920164488,0
1775582115000775700,2964.964775634766,549.6825737096369,1.6527818299999488,180,-33.43937293237698,523.8678802587092,241.4569074760838,6.821021808615867,3,-70.68729731899893,0
1775582116000793600,2965.964793701172,549.3092129249126,1.5461518702588608,180,-33.439370540329776,523.4945194739848,241.4569109478583,6.714296214227998,3,-70.68730024596178,0.03126451198533588
1775582117000812500,2966.9648125,549.2707454850897,1.1848457189848431,180,-33.439375335350945,523.456052034162,241.45691081281404,7.037934928667286,3,-70.68729629466522,0
1775582118000831200,2967.964831298828,549.2664959812537,1.040040215781759,180,-33.43937681766739,523.451802530326,241.4569110435762,7.033440201756673,3,-70.68729648361257,0
1775582119000850200,2968.9648500976564,549.2796900495887,1.7818283632554441,180,-33.43937760766125,523.464996598661,241.4569113505592,7.030293692445034,3,-70.68729668804049,0.051760662285936024
1775582120000869400,2969.9648693847657,549.2796174325049,1.6663667714127541,180,-33.43937757702565,523.4649239815772,241.4569111967894,7.073911660805674,3,-70.68729662289216,0
1775582121000886800,2970.96488671875,549.1824546428397,1.187536022878506,180,-33.43937362233411,523.367761191912,241.45691139436673,7.089147639401252,3,-70.68731052390379,0
1775582122000906000,2971.9649060058596,549.2161713950336,1.8613543967656458,180,-33.439365384329236,523.4014779441059,241.45692449480632,7.07682042391071,3,-70.68731659597621,0.10889303248449804
1775582123000924700,2972.964924560547,549.1793357459828,2.1953624723760603,180,-33.43936670627549,523.3646422950551,241.45692490713967,7.078139695989139,3,-70.68731678173503,0.09153534409378758
1775582124000943000,2973.9649431152343,549.1879636207595,2.6557252606071584,180,-33.439361404068684,523.3732701698318,241.45692542996255,6.392292156077423,3,-70.68732814276694,0.13359152291262316
1775582125000962000,2974.964962158203,549.0588808301836,4.282070091612873,-1,-33.43936055317644,523.2441873792559,-1,6.434423985316404,4.000000000123873,-70.68732993400491,0
1775582126000980700,2975.964980712891,549.0588808301836,4.2149881162622975,-1,-33.439360515086506,523.2441873792559,-1,6.429076331295149,4.000000000143759,-70.68733001387665,0
1775582127000999400,2976.964999511719,549.0588808301836,4.036102582100687,-1,-33.439358072768805,523.2441873792559,-1,6.282812706162341,4.000000000238804,-70.68733303284714,0
1775582128001018000,2977.965018066406,550.3751221848652,2.89000010490413,180,-33.439360749145806,524.5604287339374,268.24219419280575,6.275867185551444,4.000000000001942,-70.68734583934423,1.1299999952316109
1775582129001036300,2978.9650363769533,550.3751220842823,3.6000694757618703,-1,-33.43936146868721,524.5604286333546,-1,7.2611100529965595,4.000000000013573,-70.68735044251771,0
1775582130001055500,2979.965055419922,550.3751220842823,3.259999990463143,180,-33.43936376681684,524.5604286333546,202.85158319263263,7.089491483436451,4.0000000000354765,-70.68736713966008,0
1775582131001074000,2980.9650739746094,550.3751220842823,3.2799999713896555,180,-33.43936383489822,524.5604286333546,202.85158319263263,7.0855312115650815,4.0000000000341815,-70.68736763430775,0
1775582132001092900,2981.9650927734374,550.3751220842823,1.6200000047683147,168.57180631631064,-33.4393639121616,524.5604286333546,202.85158319263263,7.307710744738858,4.000000000036483,-70.68736819566757,0
1775582133001110000,2982.965110107422,550.3751220842823,1.5205262406934614,-1,-33.439364527831664,524.5604286333546,-1,7.186122376181092,4.000000000043257,-70.68737139794337,0
1775582134001129200,2983.9651291503906,550.3751220842823,1.7888544086558393,-1,-33.43936469401727,524.5604286333546,-1,7.172811650855729,4.000000000061317,-70.68737261014724,0
1775582135001147000,2984.9651469726564,550.3751220842823,1.9006578341868363,-1,-33.43936476557214,524.5604286333546,-1,7.1695247334888395,4.000000000076602,-70.68737313208828,0
1775582136001165600,2985.9651655273437,550.3751220842823,1.967739809537412,-1,-33.439364805556956,524.5604286333546,-1,7.167656205861493,4.000000000090986,-70.68737342374867,0
1775582137001184500,2986.9651845703124,550.3751220842823,2.023641455662892,-1,-33.43936734120879,524.5604286333546,-1,6.963878905994431,4.000000000100069,-70.6873919194961,0
1775582138001202700,2987.965202636719,551.4240723429248,1.7599999904632389,156.71439516103203,-33.43936975498489,525.609378891997,289.3359425881572,6.828836438958875,4.000000000001032,-70.68740443502944,0.9100000262260343
1775582139001221000,2988.9652211914063,551.4240722786635,3.2599999904632564,180,-33.439371918841985,525.6093788277358,289.3359375,6.807364297609265,4.000000000007231,-70.68740035900854,0
1775582140001239300,2989.9652392578123,551.4240722786635,1.3999999761581419,180,-33.43937216253313,525.6093788277358,289.3359375,7.005679326371836,4.000000000017107,-70.68740157585034,0
1775582141001257500,2990.9652575683594,551.4240722786635,1.639999985694885,180,-33.43937228130514,525.6093788277358,289.3359375,6.997084921549804,4.000000000022027,-70.68740216892377,0
1775582142001276000,2991.965275878906,551.4240722786635,1.7329526292503221,-1,-33.439372330307506,525.6093788277358,-1,6.999810447781414,4.0000000000232205,-70.68740241361107,0
1775582143001294600,2992.965294677734,551.4240722786635,1.934198821862124,-1,-33.4393723967065,525.6093788277358,-1,7.067968265305828,4.000000000017248,-70.68740274516627,0
1775582144001313800,2993.9653137207033,551.4240722786635,1.867116713231511,-1,-33.43937241333917,525.6093788277358,-1,7.066898839989609,4.000000000009363,-70.68740282821945,0
1775582145001331500,2994.9653315429687,551.4240722786635,1.5540672283687493,-1,-33.439378596665954,525.6093788277358,-1,6.8306128862225375,4.000000000005418,-70.68741726627714,0
1775582146001349400,2995.9653493652345,551.4240722786635,1.5876082160440372,-1,-33.43937861733487,525.6093788277358,-1,6.828613477837841,4.0000000000135145,-70.68741737914274,0
1775582147001368300,2996.965368408203,551.4240722786635,1.8000347378809352,-1,-33.43938064929033,525.6093788277358,-1,6.628351181392678,4.000000000021575,-70.68742847493178,0
1775582148001387000,2997.9653869628905,551.4240722786635,1.6323296662244584,-1,-33.439380705810485,525.6093788277358,-1,6.622785410147514,4.000000000036382,-70.68742878356834,0
1775582149001405000,2998.965405029297,551.4240722786635,1.6099690077742665,-1,-33.43938078687143,525.6093788277358,-1,6.614671059897752,4.000000000060282,-70.68742922621347,0
1775582150001424000,2999.965423828125,552.3894043108448,1.71059197080013,-1,-33.43938188989346,526.5747108599171,-1,6.423555719990091,3.9999999999999996,-70.68743370920804,0.20000000298023224
1775582151001441800,3000.965441894531,552.3894043108448,1.71059197080013,-1,-33.43938009969769,526.5747108599171,-1,6.473950418255937,4.000000000004246,-70.6874287598962,0
1775582152001459700,3001.965459716797,552.3894043108448,1.934198821862124,-1,-33.43938011737374,526.5747108599171,-1,6.471105878003558,4.000000000013611,-70.68742882968603,0
1775582153001478100,3002.9654780273436,552.3894043108448,1.5886108682784015,180,-33.43938274698095,526.5747108599171,241.45699689409705,6.0993726251826565,3,-70.6874392120915,0
1775582154001496800,3003.965496826172,552.3894043108448,1.5321107007678172,180,-33.43938753176785,526.5747108599171,241.45699689409705,8.904112810028998,3,-70.68744838387381,0
1775582155001514500,3004.9655144042968,552.3894043108448,1.4659533241998894,180,-33.43938758790428,526.5747108599171,241.45699689409705,8.885401854525927,3,-70.68744864874338,0
1775582156001534000,3005.965533935547,552.3894043108448,1.4639658665231339,180,-33.4393876814265,526.5747108599171,241.45699689409705,9.022482323363418,3,-70.68744909001106,0
1775582157001552400,3006.9655524902346,552.3894043108448,1.3860236758338886,180,-33.43938509712292,526.5747108599171,241.45699689409705,8.94724409017376,3,-70.68745046118906,0
1775582158001570300,3007.9655703125,552.3894043108448,1.3872218296517211,180,-33.439385206026934,526.5747108599171,241.45699689409705,9.115766149151074,3,-70.68745087692255,0
1775582159001588500,3008.9655883789064,552.3894043108448,1.2861684757595555,180,-33.43938531813092,526.5747108599171,241.45699689409705,9.278941814010594,3,-70.68745130487167,0
1775582159998435000,3009.9624350585937,552.3894043108448,1.2839086424177422,180,-33.439385368531134,526.5747108599171,241.45699689409705,9.26422361117227,3,-70.68745149727103,0
1775582160998421200,3010.962421142578,552.3894043108448,1.172015088563379,180,-33.43938541885823,526.5747108599171,241.45699689409705,9.26063337895212,3,-70.68745168939121,0
1775582161998456800,3011.962456787109,552.3894043108448,1.0291085108857867,180,-33.439385460602715,526.5747108599171,241.45699689409705,9.248473548936365,3,-70.68745184874788,0
1775582162998452000,3012.962451904297,552.3894043108448,1.0216848705206458,180,-33.439375640975875,526.5747108599171,241.45699689409705,9.246761263751827,3,-70.68744888660758,0
1775582163998455000,3013.962455078125,552.3894043108448,1.029255794499772,180,-33.4393756937178,526.5747108599171,241.45699689409705,9.238752673965507,3,-70.68744901366625,0
1775582164998504400,3014.962504394531,552.3894043108448,1.7668143674057846,180,-33.43937574702615,526.5747108599171,241.45699689409705,9.229788667114592,3,-70.68744914208948,0
1775582165998511600,3015.96251171875,552.3894043108448,1.7418437045430364,180,-33.43937590209497,526.5747108599171,241.45699689409705,9.227106297129822,3,-70.68744951566018,0
1775582166998523100,3016.962523193359,552.3894043108448,1.664037630591652,180,-33.439376051034785,526.5747108599171,241.45699689409705,9.199863547344616,3,-70.68744987446571,0
1775582167998583300,3017.962583251953,552.3894043108448,1.649341519314591,180,-33.4393761859849,526.5747108599171,241.45699689409705,9.188573376548185,3,-70.68745019956914,0
1775582168998599700,3018.962599609375,552.3894043108448,1.6745049013872442,180,-33.43938488737525,526.5747108599171,241.45699689409705,9.183261501655824,3,-70.6874572202189,0
1775582169998614500,3019.9626145019533,552.3894043108448,1.643959874033461,180,-33.43938497334214,526.5747108599171,241.45699689409705,9.158481439920394,3,-70.68745750582302,0
1775582170998677500,3020.9626774902345,552.3894043108448,1.5403511808844441,180,-33.43938505600587,526.5747108599171,241.45699689409705,9.170843463475897,3,-70.68745778045316,0
1775582171998698200,3021.9626982421873,552.3894043108448,1.469581191750174,180,-33.43938512796666,526.5747108599171,241.45699689409705,9.150104132479074,3,-70.68745801952538,0
1775582172998708700,3022.9627087402346,552.3894043108448,1.4646078106665776,180,-33.43938519295498,526.5747108599171,241.45699689409705,9.131419769207074,3,-70.68745823543327,0
1775582173998771700,3023.9627717285157,552.3894043108448,1.4575808807829091,180,-33.43938525697175,526.5747108599171,241.45699689409705,9.112625135338545,3,-70.68745844811338,0
1775582174998831400,3024.962831298828,552.3894043108448,1.2867581166816093,180,-33.4393827454063,526.5747108599171,241.45699689409705,8.760127728232236,3,-70.68745786352963,0
1775582175998890000,3025.962889892578,552.3894043108448,1.374743315589603,180,-33.439382798515425,526.5747108599171,241.45699689409705,8.747550629889052,3,-70.68745801629986,0
1775582176998945800,3026.962945800781,552.3894043108448,1.1743196801468578,180,-33.43938285876591,526.5747108599171,241.45699689409705,8.739159200086767,3,-70.68745818961247,0
1775582177998998500,3027.962998535156,552.3894043108448,1.0375189685671282,180,-33.439382902610554,526.5747108599171,241.45699689409705,8.73164368164382,3,-70.68745831573315,0
1775582178999050500,3028.963050537109,552.3894043108448,1.774115389739701,180,-33.439382936748274,526.5747108599171,241.45699689409705,8.725182053323701,3,-70.68745841393151,0
1775582179999100700,3029.9631005859374,552.3894043108448,1.7359090593664313,180,-33.439383034832055,526.5747108599171,241.45699689409705,8.701472748851593,3,-70.68745869607294,0
1775582180999149000,3030.963149169922,552.3894043108448,1.6936330289102273,180,-33.439380654329675,526.5747108599171,241.45699689409705,8.512752149912666,3,-70.68746239513072,0
1775582181999195000,3031.9631948242186,552.3894043108448,1.7177466297119732,180,-33.439380750900156,526.5747108599171,241.45699689409705,8.492855095338477,3,-70.6874626206882,0
1775582182999241000,3032.963240966797,552.3894043108448,1.6930230822707848,180,-33.43938084959924,526.5747108599171,241.45699689409705,8.488140808206145,3,-70.68746285121736,0
1775582183999284700,3033.9632846679688,552.3894043108448,1.646254004129448,180,-33.43938094484231,526.5747108599171,241.45699689409705,8.479838069610844,3,-70.68746307367441,0
1775582184999326200,3034.963326171875,552.3894043108448,1.595359882534917,180,-33.43938103412833,526.5747108599171,241.45699689409705,8.461318559399565,3,-70.6874632822177,0
1775582185999367700,3035.9633676757812,552.3894043108448,1.5907370991138725,180,-33.43938111731299,526.5747108599171,241.45699689409705,8.4439057376157,3,-70.68746347651019,0
1775582186999407400,3036.9634074707033,552.3894043108448,1.537573082635137,180,-33.43937907542206,526.5747108599171,241.45699689409705,8.197678882678783,3,-70.68744086094475,0
1775582187999446000,3037.963446044922,552.3894043108448,1.4628986900171885,180,-33.439379155499786,526.5747108599171,241.45699689409705,8.183353163571901,3,-70.68744111577836,0
1775582188999484200,3038.9634841308593,552.3894043108448,1.3867465132213632,180,-33.439379227875996,526.5747108599171,241.45699689409705,8.188120417883521,3,-70.68744134610317,0
1775582189999519500,3039.96351953125,552.3894043108448,1.454381370835256,180,-33.439379292576646,526.5747108599171,241.45699689409705,8.176696314727295,3,-70.6874415520019,0
1775582190999556600,3040.963556640625,552.3894043108448,1.4582172318443534,180,-33.439379363230074,526.5747108599171,241.45699689409705,8.163653892814542,3,-70.68744177684432,0
1775582191999592200,3041.963592285156,552.3894043108448,1.3812782774095407,180,-33.439379433794,526.5747108599171,241.45699689409705,8.151056638477682,3,-70.68744200140189,0
1775582192999625700,3042.963625732422,552.3894043108448,1.2841581308912813,180,-33.43937476449598,526.5747108599171,241.45699689409705,8.15546175989997,3,-70.68744526115273,0
1775582193999659500,3043.963659423828,548.3670093072578,1.8411546940632575,180,-33.43936422793985,522.5523158563301,241.45692478953492,8.152857524359154,3,-70.68740271214526,0.10146511776920529
1775582194999692800,3044.963692871094,548.2869317801669,2.168266735684514,180,-33.43936575403974,522.4722383292392,241.4569254241985,8.153946030868344,3,-70.68740308710063,0
1775582195999725300,3045.963725341797,548.2869317801669,1.774189910698744,180,-33.43936580161386,522.4722383292392,241.4569254241985,8.125085486953251,3,-70.68740290326734,0
1775582196999755500,3046.9637556152343,548.2869317801669,1.6609581282040782,180,-33.43936583332511,522.4722383292392,241.4569254241985,8.106556979089207,3,-70.68740278073047,0
1775582197999787300,3047.9637873535157,548.6922498689964,1.5393036753714358,180,-33.439366460608,522.8775564180687,241.45692525961852,8.09023142071456,3,-70.68740257524782,0.029703858716062567
1775582198999817200,3048.963817138672,548.5824670279399,1.9488866307640007,180,-33.4393665744358,522.7677735770121,241.45692580768963,8.073599364036896,3,-70.68740273221655,0.11724478916849544
1775582199999846400,3049.9638464355467,548.9091924186796,2.303773671403247,180,-33.43936675182431,523.0944989677519,241.45692632858288,8.074704334296491,3,-70.68740303893958,0.2025396437687717
1775582200999877600,3050.963877685547,548.6855456959456,2.7274956442917206,180,-33.439366195736746,522.8708522450179,241.45692871799568,8.075810827091843,3,-70.68740444118885,0.29314599317574075
1775582201999905500,3051.963905517578,548.7643035622314,3.07543759191063,180,-33.43936720465133,522.9496101113036,241.4569313372849,7.037185102533796,3,-70.68740066781655,0.3679438890735061
1775582202999935200,3052.963935302734,548.6481784582138,3.3062229504626424,180,-33.43936779360807,522.8334850072861,241.45693087712266,6.443896765911134,3,-70.68739863036436,0
1775582203999962400,3053.963962402344,548.7996651967987,1.8567824152649899,180,-33.439365948905106,522.984971745871,241.4569276865687,6.476961583250614,3,-70.68739926931329,0.12490492199047416
1775582204999990500,3054.963990478516,548.7994913887233,1.6259664714364421,180,-33.4393658884621,522.9847979377955,241.45692731858145,6.47843084535294,3,-70.68739913626678,0
1775582206000017400,3055.9640173339844,548.7994913887233,1.6009059535982701,180,-33.439365897235795,522.9847979377955,241.45692731858145,6.4713608640199265,3,-70.68739908968314,0
1775582207000045300,3056.9640454101564,548.7994913887233,1.6007667155534036,180,-33.43936591096548,522.9847979377955,241.45692731858145,6.472700619642375,3,-70.68739901678585,0
1775582208000072000,3057.9640720214843,548.7994913887233,1.5402188845188782,180,-33.439365924663775,522.9847979377955,241.45692731858145,6.47907376884039,3,-70.68739894405526,0
1775582209000098300,3058.964098388672,548.7994913887233,1.5383632910973126,180,-33.439365937763576,522.9847979377955,241.45692731858145,6.468960284893609,3,-70.68739887450239,0
1775582210000126000,3059.9641259765626,548.7994913887233,1.531597951218567,180,-33.43936614036385,522.9847979377955,241.45692731858145,6.472049214173697,3,-70.68740046791062,0
1775582211000151600,3060.964151611328,548.7994913887233,1.5292210677192926,180,-33.439366147554104,522.9847979377955,241.45692731858145,6.465958511986789,3,-70.68740042345233,0
1775582212000176000,3061.9641760253908,548.7994913887233,1.4656188948565114,180,-33.439366159751955,522.9847979377955,241.45692731858145,6.488504197002246,3,-70.6874003480313,0
1775582213000202800,3062.9642026367187,548.7994913887233,1.3834970862329037,180,-33.43936616633512,522.9847979377955,241.45692731858145,6.482989891165472,3,-70.68740030732667,0
1775582214000227800,3063.964227783203,548.7994913887233,1.29034443585009,180,-33.439366172186446,522.9847979377955,241.45692731858145,6.478150655411164,3,-70.68740027114715,0
1775582215000253700,3064.9642536621095,548.7994913887233,1.2835271785765752,180,-33.43936617726664,522.9847979377955,241.45692731858145,6.474297334395036,3,-70.68740023973561,0
1775582216000278000,3065.964278076172,548.7994913887233,1.1680681922698246,180,-33.43936756548036,522.9847979377955,241.45692731858145,6.499943582836296,3,-70.68739866437623,0
1775582217000303400,3066.964303466797,548.7994913887233,1.2802086460342323,180,-33.43936756774461,522.9847979377955,241.45692731858145,6.498067869363741,3,-70.68739864064047,0
1775582218000328000,3067.9643278808594,548.7994913887233,1.1675603095713791,180,-33.439367570454046,522.9847979377955,241.45692731858145,6.4944374078208496,3,-70.68739861223803,0
1775582219000352500,3068.9643525390625,548.7994913887233,1.1631653761740655,180,-33.43936757270449,522.9847979377955,241.45692731858145,6.490933301368026,3,-70.68739858864704,0
1775582220000376600,3069.9643764648436,548.7994913887233,1.7972302388682344,180,-33.4393675749404,522.9847979377955,241.45692731858145,6.498722607486565,3,-70.68739856520844,0
1775582221000401200,3070.964401123047,548.7994913887233,1.742343165433913,180,-33.43936758020794,522.9847979377955,241.45692731858145,6.489745530200459,3,-70.68739850998978,0
1775582222000426500,3071.9644265136717,548.7994913887233,1.697911351623433,180,-33.43936690728157,522.9847979377955,241.45692731858145,6.556756680343043,3,-70.68739964720002,0
1775582223000450600,3072.9644504394532,548.7994913887233,1.6927458097505226,180,-33.439366914052535,522.9847979377955,241.45692731858145,6.548656363870748,3,-70.68739959373052,0
1775582224000474400,3073.9644743652343,548.7994913887233,1.6057279909385527,180,-33.439366920745044,522.9847979377955,241.45692731858145,6.539876443846504,3,-70.68739954088062,0
1775582225000498200,3074.964498291016,548.7994913887233,1.6415950144045506,180,-33.43936692674906,522.9847979377955,241.45692731858145,6.535074580387825,3,-70.68739949346771,0
1775582226000521700,3075.9645217285156,548.7994913887233,1.5957128976761377,180,-33.439366932990026,522.9847979377955,241.45692731858145,6.5276719035872475,3,-70.68739944418364,0
1775582227000545500,3076.9645456542967,548.7994913887233,1.596024336299414,180,-33.43936693886179,522.9847979377955,241.45692731858145,6.520319516193818,3,-70.6873993978152,0
1775582228000569300,3077.9645693359375,548.7994913887233,1.537555043479182,180,-33.439367842610636,522.9847979377955,241.45692731858145,6.59437378814344,3,-70.68739843044244,0
1775582229000592400,3078.9645922851564,548.7994913887233,1.4670212930507949,180,-33.43936784594114,522.9847979377955,241.45692731858145,6.587814399015329,3,-70.68739838895324,0
1775582230000616200,3079.9646162109375,548.7994913887233,1.383998591399608,180,-33.43936784897145,522.9847979377955,241.45692731858145,6.590767940088858,3,-70.68739835120354,0
1775582231000639500,3080.964639404297,548.7994913887233,1.2876794419027,180,-33.439367851783814,522.9847979377955,241.45692731858145,6.73387845263125,3,-70.687398316169,0
1775582232000663300,3081.964663330078,548.7994913887233,1.2831692317909704,180,-33.43936785423175,522.9847979377955,241.45692731858145,6.755219267537068,3,-70.68739828567415,0
1775582233000686600,3082.9646865234376,548.7994913887233,1.163378844062899,180,-33.43936785674543,522.9847979377955,241.45692731858145,6.875462415472566,3,-70.68739825436032,0
1775582234000709600,3083.9647097167967,548.7994913887233,1.1673316239596283,180,-33.43936580106223,522.9847979377955,241.45692731858145,6.795245859810176,3,-70.68740016164624,0
1775582235000732000,3084.9647319335936,548.7994913887233,1.0300742788459436,180,-33.43936580622436,522.9847979377955,241.45692731858145,6.803215445308405,3,-70.68740013338444,0
1775582236000755200,3085.964755126953,548.553588617593,1.7802971761825528,180,-33.43936804021604,522.7388951666653,241.45695495420995,6.800624754157124,3,-70.68741155151484,0.09403027170076911
1775582237000778800,3086.9647788085936,548.5272294152528,1.4935304119254156,180,-33.4393680331674,522.7125359643251,241.45695474065406,6.7921113238110715,3,-70.68741152839259,0
1775582238000801300,3087.964801269531,548.6871514003724,1.04936792237746,180,-33.43936801947425,522.8724579494447,241.45695413560816,6.785189170035023,3,-70.68741132800984,0
1775582239000824600,3088.9648244628906,548.6871514003724,1.810371699595913,180,-33.43936805437787,522.8724579494447,241.45695413560816,6.800056871942369,3,-70.68741139045595,0
1775582240000848400,3089.9648483886717,548.4222997799516,1.7477530504791916,180,-33.4393661863871,522.6076063290238,241.45695369866928,6.797946235620239,3,-70.68741124705353,0.03763466052771306
1775582241000870100,3090.9648701171873,548.5964534608647,1.557477128153017,180,-33.43936364684445,522.781760009937,241.45695406907203,6.79933174520855,3,-70.68741141261634,0
1775582242000893700,3091.964893798828,548.5964534608647,1.4750830321140722,180,-33.439363687461956,522.781760009937,241.45695406907203,6.827768225258804,3,-70.68741149731774,0
1775582243000916700,3092.964916748047,548.5964534608647,1.4650204269480889,180,-33.43936370926245,522.781760009937,241.45695406907203,6.820912068754176,3,-70.68741154277922,0
1775582244000939300,3093.9649392089846,548.5698939198628,1.9046712161668204,180,-33.439363961375314,522.7552004689351,241.45695381714378,6.81419339115028,3,-70.68741148174013,0.028873792203996936
1775582245000961300,3094.964961181641,548.5687449518591,1.6936765135567247,180,-33.439363997000996,522.7540515009314,241.45695373637048,6.813279397976086,3,-70.68741154002824,0
1775582246000984600,3095.9649846191405,548.5687449518591,1.6555668812987296,180,-33.43936264091205,522.7540515009314,241.45695373637048,6.90861667782508,3,-70.68740617739469,0
1775582247001007600,3096.9650075683594,548.5687449518591,1.5449118534019608,180,-33.43936267517336,522.7540515009314,241.45695373637048,6.899248476888284,3,-70.6874062505461,0
1775582248001031000,3097.9650310058596,548.5844875583425,1.4721872209101399,180,-33.439362065762744,522.7697941074148,241.45694670469015,6.893255631197902,3,-70.68740332357561,0.008340500094729478
1775582249001052000,3098.965052001953,548.5830319849774,1.3856379603354023,180,-33.439362067552224,522.7683385340497,241.45694667505586,6.894614027276522,3,-70.68740331181179,0
1775582250001075200,3099.9650751953127,548.6175846680999,1.0407035284597013,180,-33.439369824775355,522.8028912171721,241.4569470952001,7.164378802555294,3,-70.68738309322868,0
1775582251001098500,3100.965098388672,548.5602813446894,1.7929807516161262,180,-33.43937006825811,522.7455878937617,241.4569477193262,7.160942580538733,3,-70.68738342513917,0
1775582252001121300,3101.9651213378907,548.5439185798168,1.409871420728632,180,-33.43937018610766,522.7292251288891,241.45694790003571,7.148258782465006,3,-70.68738364571045,0
1775582253001143000,3102.965143066406,548.5439185798168,1.391118417299483,180,-33.43937018241624,522.7292251288891,241.45694790003571,7.147568169451708,3,-70.68738373200783,0
1775582254001166600,3103.9651665039064,548.5331574128941,1.877003756168976,180,-33.43937017099391,522.7184639619663,241.4569470763073,7.984826064981761,3,-70.68738397771916,0.10462613513759461
1775582255001189000,3104.965189208984,548.6507989643142,2.2451485950965706,180,-33.43937041786938,522.8361055133864,241.45694683883505,8.40937849152351,3,-70.6873850610348,0.07712923781659643
1775582256001211000,3105.9652109375,548.5455946521834,2.6755197688824635,180,-33.439369940974785,522.7309012012556,241.45694707467038,8.695940740473478,3,-70.6873862253601,0.08441525500781812
1775582257001234000,3106.9652338867186,548.5244489153847,3.1023157501216505,180,-33.43937029234938,522.709755464457,241.45694797695793,7.546295655139919,3,-70.68739435759744,0.08938814430611947
1775582258001256400,3107.965256347656,548.5259434645995,3.4962575267483174,180,-33.439369754660355,522.7112500136718,241.45694983338103,6.960250409141001,3,-70.68739884691738,0.2011405282134573
1775582259001279000,3108.9652790527343,548.3885718043894,1.6482510637846717,180,-33.43936968085759,522.5738783534616,241.45694982439448,6.700810835331779,3,-70.68740058597385,0
1775582260001301200,3109.965301269531,548.5031130407006,2.069349822038526,180,-33.43937026229057,522.6884195897728,241.45694754892037,6.687242376328017,3,-70.68739977239184,0.03768422196358682
1775582261001324000,3110.9653239746094,548.5311704492196,2.436358641493965,180,-33.43937038101432,522.7164769982919,241.45694754599788,6.11763324077127,3,-70.68740280963856,0.04780793753268238
1775582262001346300,3111.9653461914063,548.5974745303392,2.893058946049338,180,-33.439370609055736,522.7827810794115,241.45694801643495,5.7448155472100835,3,-70.68740475471914,0.07339909839480496
1775582263001369300,3112.965369384766,550.3210449358448,2.370231928200941,-1,-33.439371352018235,524.5063514849171,-1,5.731579749896939,4.000000000000009,-70.68740541775138,0
1775582264001391600,3113.9653916015627,549.8276367336512,2.381412523986112,-1,-33.43937183950164,524.0129432827234,-1,5.700544421637015,4.000000000000002,-70.68740584218395,0
1775582265001414400,3114.9654143066405,549.6381836095825,2.370231928200941,-1,-33.43937221416263,523.8234901586547,-1,5.675234228997046,4.00000000000001,-70.68740616467188,0
1775582266001435400,3115.9654353027345,549.5832519680262,2.4820354870119754,-1,-33.43937253862987,523.7685585170984,-1,5.654966829519694,4,-70.68740644200831,0
1775582267001459200,3116.9654592285156,549.6341552883387,2.5267568039123596,-1,-33.43937284514294,523.8194618374109,-1,5.634089522431808,3.9999999999999902,-70.6874067033805,0
1775582268001481500,3117.9654814453124,549.6341552883387,2.2137073190495977,-1,-33.439372857117625,523.8194618374109,-1,5.652479960770911,3.999999999999994,-70.68740671359166,0
1775582269001504500,3118.9655043945313,549.7358398577198,2.0012807972127,-1,-33.439372885952224,523.9211464067921,-1,5.6522448385277935,4.000000000000015,-70.68740674270556,0
1775582270001526300,3119.9655263671875,549.8957519680262,1.8894775049617403,-1,-33.43937296286537,524.0810585170984,-1,5.646913855904687,4.000000000000002,-70.68740681003464,0
1775582271001548800,3120.965548828125,549.9003906389698,1.8894775049617403,-1,-33.43937336783947,524.0856971880421,-1,5.618922268348048,3.999999999999999,-70.68740716038964,0
1775582272001571000,3121.965571044922,549.8986816545948,2.1466252104189847,-1,-33.4393737377648,524.0839882036671,-1,5.593178119703391,3.9999999999999902,-70.68740748031954,0
1775582273001594000,3122.965593994141,549.8986816545948,2.191346660599406,-1,-33.43937409983377,524.0839882036671,-1,5.5768249522454125,4.000000000000002,-70.68740779345485,0
1775582274001616000,3123.965615966797,549.8986816545948,2.2248876482746938,-1,-33.43937411000631,524.0839882036671,-1,5.577899870079569,4.000000000000019,-70.68740780225258,0
1775582275001638700,3124.965638671875,549.8986816545948,2.2248876482746938,-1,-33.43937445227058,524.0839882036671,-1,5.55381649529588,4.000000000000036,-70.6874080982598,0
1775582276001660700,3125.9656606445315,549.8986816545948,2.403773182436304,-1,-33.43937471904044,524.0839882036671,-1,5.558729980045345,4.00000000000005,-70.68740832897569,0
1775582277001684200,3126.965684326172,549.8986816545948,2.4932158162370714,-1,-33.439374923757946,524.0839882036671,-1,5.545948473148827,4.000000000000092,-70.68740850602562,0
1775582278001706200,3127.965706298828,549.8986816545948,2.593838779262935,-1,-33.439379044154066,524.0839882036671,-1,5.417366973933865,4.000000000000138,-70.68740118471767,0
1775582279001728800,3128.9657287597656,549.8986816545948,2.582658450037839,-1,-33.43937915112382,524.0839882036671,-1,5.410867110907321,4.000000000000244,-70.68740131071513,0
1775582280001750500,3129.965750488281,549.8986816545948,2.6832816796237777,-1,-33.439379236649216,524.0839882036671,-1,5.461817848806295,4.000000000000415,-70.68740141145373,0
1775582281001772800,3130.965772705078,549.8986816545948,2.7280029965241614,-1,-33.43937932444197,524.0839882036671,-1,5.597873607103806,4.000000000000442,-70.68740151486303,0
1775582282001796400,3131.965796386719,549.8986816545948,0.7185619110417696,-1,-33.43937943575556,524.0839882036671,-1,6.3772277210000565,4.000000000000443,-70.68740164597702,0
1775582283001818000,3132.9658181152345,549.8986816545948,0.7185619110417696,-1,-33.43937943705312,524.0839882036671,-1,6.715846472808743,4.0000000000004645,-70.68740164750538,0
1775582284001840600,3133.965840576172,549.8986816545948,2.6497404253884147,-1,-33.43937947146951,524.0839882036671,-1,6.732772880615525,4.000000000000447,-70.68740168804372,0
1775582285001862700,3134.965862548828,549.8986816545948,2.6609210211735856,-1,-33.43937948961908,524.0839882036671,-1,6.731001082632329,4.000000000000415,-70.68740170942174,0
1775582285998653000,3135.9626528320314,549.8986816545948,2.7503636549743535,-1,-33.43937949607959,524.0839882036671,-1,6.7636366901368605,4.000000000000386,-70.68740171703143,0
1775582286998638600,3136.962638671875,549.8986816545948,2.850986618000217,-1,-33.43937951322027,524.0839882036671,-1,6.764088003065888,4.000000000000336,-70.68740173722107,0
1775582287998675700,3137.96267578125,549.8986816545948,2.9404295183610594,-1,-33.439379690620825,524.0839882036671,-1,6.746590222047389,4.000000000000441,-70.68740194617753,0
1775582288998675000,3138.9626750488283,549.8986816545948,3.029872152161827,-1,-33.43937980165603,524.0839882036671,-1,6.737082339714853,4.000000000000704,-70.68740207696361,0
1775582289998683000,3139.962682861328,549.8986816545948,3.1193147859625947,-1,-33.43937987536028,524.0839882036671,-1,6.744240452405978,4.0000000000010365,-70.68740216377832,0
1775582290998734800,3140.962734863281,548.766845703125,3.1193147859625947,-1,-33.439379912142506,522.9521522521973,-1,6.7603727533867985,4,-70.68740220516749,0
1775582291998750000,3141.96275,549.8986816545948,3.219938015548533,-1,-33.43937994915584,524.0839882036671,-1,6.772676792333415,4.000000000002094,-70.68740224876686,0
1775582292998773800,3142.9627736816406,548.7072754036635,2.828625959550025,-1,-33.43937997715862,522.8925819527358,-1,6.769873628655826,4.000000000000065,-70.68740228027532,0
1775582293998834200,3143.9628342285155,551.3896484375,2.828625959550025,-1,-33.43937999425434,525.5749549865723,-1,6.768190139828797,4,-70.68740229955377,0
1775582294998850800,3144.962850830078,553.093505859375,2.828625959550025,-1,-33.43937999852798,527.2788124084473,-1,6.76924138857156,4,-70.68740230437307,0
1775582295998877400,3145.9628774414064,554.500732421875,2.828625959550025,-1,-33.43938000051837,528.6860389709473,-1,6.77890787163918,4,-70.68740230661757,0
1775582296998935800,3146.9629357910158,554.5007324349135,2.906888264125697,-1,-33.439380023922624,528.6860389839858,-1,6.7780245006367075,3.999999999999955,-70.68740233301,0
1775582297998960400,3147.962960449219,556.2624511867762,2.7280029965241614,-1,-33.43938003118749,530.4477577358484,-1,6.7772811763149585,4.00000000000008,-70.68740234103498,0
1775582298998973400,3148.962973388672,556.2624511867762,2.772724313424545,-1,-33.43938003798797,530.4477577358484,-1,6.776599567505086,3.000000000000074,-70.6874023486666,0
1775582299999030500,3149.9630305175783,556.2624511867762,2.996331164486539,-1,-33.4393800442318,530.4477577358484,-1,6.77597429180582,3.0000000000001026,-70.68740235567351,0
1775582300999085800,3150.9630859375,556.2624511867762,3.052232810612019,-1,-33.4393800496789,530.4477577358484,-1,6.778467391840971,3.0000000000002163,-70.68740236178635,0
1775582301999140000,3151.9631401367187,556.2624511867762,3.0969541275124026,-1,-33.43938005027334,530.4477577358484,-1,6.822005758983499,3.000000000000536,-70.68740236245344,0
1775582302999192300,3152.9631923828124,556.2624511867762,3.1416754444127863,-1,-33.43938009764503,530.4477577358484,-1,6.818632496610478,3.0000000000008216,-70.68740241561477,0
1775582303999242200,3153.9632421875,559.0753173828125,3.1416754444127863,-1,-33.43938013642411,533.2606239318848,-1,6.8720412175983565,3,-70.68740245884443,0
1775582304999292400,3154.9632924804687,556.2624511867762,3.041052481386923,-1,-33.43938017602332,530.4477577358484,-1,6.869410866521507,3.0000000000013087,-70.6874025032837,0
1775582305999340000,3155.9633400878906,556.2624511867762,3.018691822936731,-1,-33.43938021315901,530.4477577358484,-1,6.866266609121713,3.000000000002173,-70.68740254495835,0
1775582306999387000,3156.9633869628906,556.2624511867762,3.041052481386923,-1,-33.439380247216036,530.4477577358484,-1,6.864203861492814,3.0000000000022973,-70.68740258317801,0
1775582307999431700,3157.963431640625,556.2624511867762,3.007511493711635,-1,-33.43938024782349,530.4477577358484,-1,6.864148377023927,3.0000000000022364,-70.68740258385972,0
1775582308999475000,3158.9634748535154,558.8516845852137,3.052232810612019,-1,-33.43938028104153,533.0369911342859,-1,6.8961867453527175,3,-70.68740262086105,0
1775582309999518000,3159.9635180664063,558.8516845852137,3.1193147859625947,-1,-33.43937758348236,533.0369911342859,-1,6.752391380861093,3,-70.68740794294568,0
1775582310999559000,3160.9635588378906,559.279907239601,2.7280029965241614,-1,-33.4393776117155,533.4652137886733,-1,6.749713360345999,3,-70.68740796623779,0
1775582311999601000,3161.963600830078,560.4458007952198,2.6497404253884147,-1,-33.43937762102734,534.6311073442921,-1,6.750295614149199,3,-70.68740797333456,0
1775582312999640800,3162.963640869141,561.8291015764698,2.034821918168025,-1,-33.43937799390373,536.0144081255421,-1,6.714057760258324,3,-70.6874082719876,0
1775582313999679000,3163.963678955078,561.8264160305262,2.1242645519687926,-1,-33.43937817824342,536.0117225795984,-1,6.715748646865573,3.000000000000004,-70.6874084120232,0
1775582314999717000,3164.9637170410156,561.8264160305262,1.4534441320628484,-1,-33.43937865118018,536.0117225795984,-1,6.670589276112413,3.000000000000014,-70.68740878721094,0
1775582315999754800,3165.963754638672,561.8264160305262,1.5540672283687493,-1,-33.439378783068896,536.0117225795984,-1,6.660928856772031,3.0000000000000555,-70.68740889184022,0
1775582316999792400,3166.963792480469,561.8264160305262,1.822395396331127,-1,-33.43937887920082,536.0117225795984,-1,6.696079150660923,3.000000000000078,-70.6874089681031,0
1775582317999827500,3167.963827392578,561.8159179845825,1.978920138762508,-1,-33.43937910201385,536.0012245336547,-1,6.673912388947736,3,-70.68740912135877,0
1775582318999862300,3168.9638623046876,561.8100586067885,1.9118381634119321,-1,-33.4393791466415,535.9953651558608,-1,6.679153285754796,3.0000000000000004,-70.6874091923805,0
1775582319999897600,3169.963897705078,561.8344726711512,1.844756054781319,-1,-33.439379234847785,536.0197792202234,-1,6.67219604570185,3,-70.68740924929985,0
1775582320999930400,3170.963930419922,561.8344726711512,1.7664937502056473,-1,-33.4393793119903,536.0197792202234,-1,6.747261475933672,3.0000000000000098,-70.68740931045636,0
1775582321999964700,3171.9639645996094,561.8344726711512,1.7776740794307433,-1,-33.43938092941558,536.0197792202234,-1,6.6680072164294115,3.000000000000029,-70.68741059270756,0
1775582322999998500,3172.9639985351564,561.8344726711512,1.71059197080013,-1,-33.4393823474234,536.0197792202234,-1,6.51581706257205,3.0000000000000466,-70.68741171686598,0
1775582324000030500,3173.964030517578,561.8344726711512,1.5652475575938454,-1,-33.43938239246913,536.0197792202234,-1,6.514721058228288,3.000000000000017,-70.68741175257703,0
1775582325000062000,3174.964062011719,560.5888672014698,1.5764278868189412,-1,-33.43938245223802,534.7741737505421,-1,6.5085589036261755,3.0000000000000013,-70.68741175482715,0
1775582326000094700,3175.9640947265625,560.3645019689575,1.5764278868189412,-1,-33.43938245370115,534.5498085180297,-1,6.507720821907896,3.000000000000001,-70.6874117730056,0
1775582327000125400,3176.9641254882813,560.3645019689575,1.6994116415750342,-1,-33.439383801170926,534.5498085180297,-1,6.418110823398364,3.0000000000000053,-70.68741281618492,0
1775582328000157200,3177.9641572265623,558.9155273577198,1.8112150671060312,-1,-33.439384973776484,533.1008339067921,-1,6.283617403295979,3,-70.68741368396273,0
1775582329000188000,3178.964187988281,558.9155273577198,1.9118381634119321,-1,-33.43938500097021,533.1008339067921,-1,6.281396369265447,3,-70.68741370408723,0
1775582330000218400,3179.9642182617185,558.9155273577198,2.359051598975845,-1,-33.43938608911032,533.1008339067921,-1,6.15392764386227,3,-70.68741450935703,0
1775582331000248300,3180.964248291016,558.9155273577198,2.4484944993366877,-1,-33.43938705300412,533.1008339067921,-1,6.037310347778886,3,-70.68741522267928,0
1775582332000278000,3181.964278076172,558.9155273577198,2.1578055396440807,-1,-33.43938785536442,533.1008339067921,-1,5.980845534078953,3.000000000000001,-70.68741581645993,0
1775582333000308200,3182.9643081054687,558.9155273577198,2.2137073190495977,-1,-33.43938856038326,533.1008339067921,-1,5.893644489128678,3,-70.68741633820376,0
1775582334000337200,3183.9643371582033,558.9155273577198,2.314330282075461,-1,-33.439386164850774,533.1008339067921,-1,5.517380260589766,4.000000000000006,-70.68741303105224,0
1775582335000366800,3184.9643669433594,558.9155273577198,2.381412523986112,-1,-33.439386718511614,533.1008339067921,-1,5.541780980444818,4.00000000000001,-70.68741347397105,0
1775582336000395500,3185.9643955078127,558.9155273577198,2.4484944993366877,-1,-33.43938672735991,533.1008339067921,-1,5.639279072023426,4.000000000000008,-70.68741348104952,0
1775582337000424400,3186.964424560547,558.9155273577198,2.5043961454621675,-1,-33.43938673814535,533.1008339067921,-1,5.6670563648331775,4.000000000000013,-70.6874134896777,0
1775582338000452600,3187.9644526367188,558.9155273577198,2.47085515778688,-1,-33.43938675852304,533.1008339067921,-1,5.70147222493133,4.000000000000021,-70.68741350597948,0
1775582339000481300,3188.964481201172,558.9155273577198,2.5602977915876473,-1,-33.43938734660038,533.1008339067921,-1,5.678315056280065,4.000000000000032,-70.68741397643086,0
1775582340000509200,3189.964509277344,558.9155273577198,2.5714781208127433,-1,-33.439387379800735,533.1008339067921,-1,5.6761079150331515,4.000000000000032,-70.68741400299055,0
1775582341000538000,3190.9645380859374,558.9155273577198,2.582658450037839,-1,-33.43938740452902,533.1008339067921,-1,5.673238099615832,3.0000000000000484,-70.68741402277273,0
1775582342000565500,3191.9645654296874,558.9155273577198,2.616199437713127,-1,-33.43938563928059,533.1008339067921,-1,5.476066332429953,3.0000000000000724,-70.68741320616512,0
1775582343000593200,3192.9645932617186,558.9155273577198,2.4149535116614,-1,-33.439385660720674,533.1008339067921,-1,5.473828189930903,3.0000000000000893,-70.68741322282804,0
1775582344000621000,3193.96462109375,558.9155273577198,2.191346660599406,-1,-33.43938567925553,533.1008339067921,-1,5.472236821561154,3.0000000000000955,-70.68741323723303,0
1775582345000648000,3194.964647949219,558.9155273577198,2.2696089651750775,-1,-33.43938634841405,533.1008339067921,-1,5.5203029805669654,3.000000000000098,-70.68741375729276,0
1775582346000676000,3195.9646760253904,558.9155273577198,2.3478712697507493,-1,-33.439386977301574,533.1008339067921,-1,5.457251306177361,3.0000000000000933,-70.68741424605449,0
1775582347000703700,3196.9647038574217,558.9155273577198,2.2137073190495977,-1,-33.43938706370493,533.1008339067921,-1,5.455483798297852,3.0000000000001714,-70.68741431320585,0
1775582348000730600,3197.9647307128907,558.0844726711512,2.3031499528503656,-1,-33.43938773304194,532.2697792202234,-1,5.38247686275883,3,-70.68741474246046,0
1775582349000756700,3198.9647568359374,558.2683105627075,2.3031499528503656,-1,-33.43938773755933,532.4536171117797,-1,5.38188926255947,3,-70.68741474149455,0
1775582350000783600,3199.9647836914064,557.8121338030323,2.8845276056755047,-1,-33.439388364626716,531.9974403521046,-1,5.394010199240945,3.0000000000000004,-70.68741513853736,0
1775582351000811500,3200.9648115234377,556.3172607561573,2.8621669472253126,-1,-33.43938889026359,530.5025673052296,-1,5.334354198751216,4,-70.687415471357,0
1775582352000838400,3201.9648383789063,556.1947021633387,2.2807892944001735,-1,-33.43938938335608,530.3800087124109,-1,5.277388943225528,3.999999999999995,-70.68741578174671,0
1775582353000865000,3202.964864990234,556.2817382942885,2.5155764746872635,-1,-33.439389852975694,530.4670448433608,-1,5.223066518317885,3.999999999999999,-70.6874160773608,0
1775582354000891600,3203.9648916015626,556.2817382942885,2.5714781208127433,-1,-33.439390240455644,530.4670448433608,-1,5.17623512414511,3.999999999999998,-70.68741632126998,0
1775582355000919300,3204.964919189453,556.2817382942885,2.4373141701115917,-1,-33.439390576999756,530.4670448433608,-1,5.189360577545497,4,-70.68741653311629,0
1775582356000946000,3205.964945800781,556.2817382942885,2.4932158162370714,-1,-33.43939081544165,530.4670448433608,-1,5.161694402177991,3.999999999999994,-70.68741668320966,0
1775582357000972300,3206.964972167969,556.2817382942885,2.4484944993366877,-1,-33.439390988157335,530.4670448433608,-1,5.140310446694159,4.000000000000003,-70.68741679192998,0
1775582358000998400,3207.9649982910155,556.2817382942885,2.47085515778688,-1,-33.43939099276714,530.4670448433608,-1,5.141675368692596,4.000000000000003,-70.68741679483173,0
1775582359001025800,3208.965025878906,556.2817382942885,2.079543235068409,-1,-33.43939107466956,530.4670448433608,-1,5.131434074478888,4.000000000000006,-70.68741684638731,0
1775582360001051400,3209.965051513672,556.2817382942885,2.1578055396440807,-1,-33.439391320467365,530.4670448433608,-1,5.132221564672723,4.000000000000042,-70.68741700111103,0
1775582361001078000,3210.965078125,556.2817382942885,2.2025269898245017,-1,-33.43939133920527,530.4670448433608,-1,5.1317879741334735,4.000000000000059,-70.68741701290608,0
1775582362001104000,3211.9651037597655,556.2817382942885,2.2584286359499814,-1,-33.43939161055183,530.4670448433608,-1,5.265853479903148,4.0000000000000675,-70.68741718371211,0
1775582363001130500,3212.9651306152346,552.7316894670948,2.2248876482746938,-1,-33.43939161474373,526.9169960161671,-1,5.26690554725434,4.000000000000002,-70.68741716718615,0
1775582364001156900,3213.965156982422,552.8110351711512,2.2248876482746938,-1,-33.43939161530236,526.9963417202234,-1,5.26683994822505,3.9999999999999947,-70.68741716749899,0
1775582365001183500,3214.96518359375,552.8110351711512,2.3366909405256533,-1,-33.43939186245413,526.9963417202234,-1,5.250524283130265,4.0000000000000036,-70.6874173058992,0
1775582366001210600,3215.9652106933595,552.8110351711512,2.3255106113005573,-1,-33.43939200277132,526.9963417202234,-1,5.233351894531523,3.99999999999999,-70.68741738447412,0
1775582367001235000,3216.9652348632812,552.8110351711512,2.2137073190495977,-1,-33.4393921227524,526.9963417202234,-1,5.335502189685883,4.000000000000022,-70.68741745166122,0
1775582368001261800,3217.96526171875,552.8110351711512,2.191346660599406,-1,-33.43939223016643,526.9963417202234,-1,5.453527742806488,4.000000000000011,-70.687417511811,0
1775582369001288200,3218.9652880859376,552.8110351711512,2.1130842227436966,-1,-33.439392236432205,526.9963417202234,-1,5.453584506127282,4.000000000000004,-70.68741751531974,0
1775582370001314000,3219.965313964844,552.8110351711512,2.079543235068409,-1,-33.43939227530257,526.9963417202234,-1,5.543809665638776,4.0000000000000036,-70.6874175370864,0
1775582371001340700,3220.965340576172,551.1604004055262,2.0012807972127,-1,-33.43939237155705,525.3457069545984,-1,5.531541933227573,4.000000000000003,-70.68741758655077,0
1775582372001366300,3221.9653662109376,551.5491943508387,2.079543235068409,-1,-33.43939240084361,525.7345008999109,-1,5.528045457813824,3.9999999999999925,-70.68741760401376,0
1775582373001393000,3222.9653928222656,551.8996582180262,2.168986002149214,-1,-33.43939242390981,526.0849647670984,-1,5.524657745539835,3.999999999999998,-70.68741761665444,0
1775582374001418200,3223.9654182128907,552.144165054895,2.247248306724886,-1,-33.439392037235066,526.3294716039672,-1,5.496499114984533,3.9999999999999942,-70.68741714865425,0
1775582375001444900,3224.9654448242186,552.605590836145,2.2919696236252696,-1,-33.43939209314581,526.7908973852172,-1,5.488473921316026,4.000000000000001,-70.68741717359698,0
1775582376001471000,3225.9654709472657,552.6660156399012,2.046002247393121,-1,-33.43939210458452,526.8513221889734,-1,5.486837811493669,3.999999999999999,-70.6874171781609,0
1775582377001496300,3226.9654963378907,552.6660156399012,2.1242645519687926,-1,-33.4393924437142,526.8513221889734,-1,5.437845282076654,4,-70.68741736124309,0
1775582378001522400,3227.9655224609373,551.5915527483448,2.101903893518601,-1,-33.43939267958846,525.7768592974171,-1,5.403587279277939,4.000000000000003,-70.68741748619156,0
1775582379001548300,3228.9655483398437,551.5415039211512,2.1578055396440807,-1,-33.43939289085589,525.7268104702234,-1,5.372577897993107,4.000000000000001,-70.6874175851799,0
1775582380001574400,3229.965574462891,551.5415039211512,2.370231928200941,-1,-33.4393929230549,525.7268104702234,-1,5.3678439410374565,4.000000000000008,-70.68741760026661,0
1775582381001600300,3230.9656003417967,552.1689453274012,2.4261338408864956,-1,-33.439392942652894,526.3542518764734,-1,5.364875871057388,4,-70.687417596557,0
1775582382001626400,3231.965626464844,552.1689453274012,2.2807892944001735,-1,-33.43939294810511,526.3542518764734,-1,5.364079282957554,4.000000000000002,-70.6874175988444,0
1775582383001653200,3232.9656533203124,552.1547851711512,2.3366909405256533,-1,-33.43939317203488,526.3400917202234,-1,5.330808287383214,3.9999999999999956,-70.68741768989837,0
1775582384001678600,3233.9656787109375,552.1547851711512,2.2584286359499814,-1,-33.439393380195646,526.3400917202234,-1,5.2996934361597505,4.000000000000003,-70.68741777454039,0
1775582385001704200,3234.9657041015626,551.2382812639698,2.5267568039123596,-1,-33.43939353871994,525.4235878130421,-1,5.275877153145094,3.999999999999996,-70.68741783674342,0
1775582386001730600,3235.96573046875,550.1835937649012,2.370231928200941,-1,-33.43939362170675,524.3689003139734,-1,5.265218326284115,4.000000000000024,-70.68741786779192,0
1775582387001756700,3236.965756591797,549.6142578274012,2.4373141701115917,-1,-33.43939366992498,523.7995643764734,-1,5.257921873469494,3.99999999999999,-70.68741788513483,0
1775582388001782000,3237.965781982422,549.6142578274012,2.3031499528503656,-1,-33.43939367785887,523.7995643764734,-1,5.256728255940767,4.000000000000005,-70.68741788798846,0
1775582389001808000,3238.965807861328,549.7341308742762,2.359051598975845,-1,-33.43939373294608,523.9194374233484,-1,5.248376659299614,3.999999999999976,-70.68741790753555,0
1775582390001833500,3239.9658334960936,549.7341308742762,2.4149535116614,-1,-33.439393785357424,523.9194374233484,-1,5.248103613421682,4.000000000000382,-70.68741792613314,0
1775582391001859000,3240.9658591308594,549.7341308742762,2.537937133137455,-1,-33.439393829770474,523.9194374233484,-1,5.241342214957215,4.00000000000106,-70.68741794189263,0
1775582392001886000,3241.965885986328,549.4816894680262,2.605019108488031,-1,-33.43939386781685,523.6669960170984,-1,5.235628292936333,3.9999999999999347,-70.6874179619676,0
1775582393001911600,3242.9659116210937,549.5490722786635,2.247248306724886,-1,-33.43939388042697,523.7343788277358,-1,5.23377596227021,3.999999999999965,-70.68741796994792,0
1775582394001937000,3243.965937011719,549.5490722786635,2.191346660599406,-1,-33.43939389028099,523.7343788277358,-1,5.232308652291503,4.000000000000028,-70.68741797540541,0
1775582395001963300,3244.965963378906,548.568391032517,1.1832443976568159,180,-33.439392675357844,522.7536975815892,241.45692918536943,5.093131406844929,3,-70.68741610233597,0
1775582396001989400,3245.9659892578125,548.568391032517,1.8342476044279283,180,-33.43939164373926,522.7536975815892,241.45692918536943,4.965062926137384,3,-70.68741445845116,0
1775582397002014200,3246.966014160156,548.568391032517,1.7509485952550101,180,-33.43939163769647,522.7536975815892,241.45692918536943,4.966254029403918,3,-70.68741444882194,0
1775582398002042400,3247.966042480469,548.568391032517,1.704413837499881,180,-33.43939163432996,522.7536975815892,241.45692918536943,5.1443745895618616,3,-70.68741444345741,0
1775582399002065700,3248.9660656738283,548.568391032517,1.6534199034433485,180,-33.439391624896714,522.7536975815892,241.45692918536943,5.144992856751161,3,-70.68741442842554,0
1775582400002091800,3249.966091796875,548.568391032517,1.6462549012967727,180,-33.43939161551816,522.7536975815892,241.45692918536943,5.145616919381458,3,-70.68741441348084,0
1775582401002118400,3250.9661184082033,548.568391032517,1.5949833748214812,180,-33.43939160840841,522.7536975815892,241.45692918536943,5.178207337519394,3,-70.68741440215143,0
1775582402002143000,3251.9661430664064,548.568391032517,1.5346196159505066,180,-33.439391603956324,522.7536975815892,241.45692918536943,5.179498950218234,3,-70.68741439505702,0
1775582403002169600,3252.9661696777343,548.568391032517,1.4678229532103906,180,-33.43939054436854,522.7536975815892,241.45692918536943,5.193965649702442,3,-70.68741270660327,0
1775582404002195700,3253.9661958007814,548.568391032517,1.462495896739438,180,-33.43938958590904,522.7536975815892,241.45692918536943,5.10041991386844,3,-70.68741117929748,0
1775582405002222600,3254.96622265625,548.568391032517,2.101903893518601,-1,-33.43938951033538,522.7536975815892,-1,5.257214295404105,4.000000000268774,-70.68741105887081,0
1775582406002247400,3255.966247314453,548.568391032517,2.1242645519687926,-1,-33.43938741482604,522.7536975815892,-1,5.156107849744074,4.000000000283264,-70.68740823353146,0
1775582407002272300,3256.966272216797,548.568391032517,1.956559480312316,-1,-33.439387405013996,522.7536975815892,-1,5.1543468022246115,4.000000000242218,-70.68740821754302,0
1775582408002299000,3257.966298828125,548.568391032517,1.978920138762508,-1,-33.439387384682405,522.7536975815892,-1,5.150685356359555,4.000000000186943,-70.68740818441327,0
1775582409002324500,3258.9663244628905,548.568391032517,2.034821918168025,-1,-33.439387372069646,522.7536975815892,-1,5.15038534752486,4.00000000016365,-70.68740816386114,0
1775582410002350300,3259.966350341797,551.038696304895,1.978920138762508,-1,-33.43938766399004,525.2240028539672,-1,5.150066803443995,4.000000000000016,-70.68740843264112,0
1775582411002376200,3260.9663762207033,551.1202392727137,1.71059197080013,-1,-33.439387666616604,525.3055458217859,-1,5.178796297706275,3.999999999999996,-70.68740843404795,0
1775582411999824000,3261.9638239746096,551.1560058733448,1.744132958475418,-1,-33.43938785237817,525.3413124224171,-1,5.158157694321353,3.9999999999999836,-70.68740853287692,0
1775582412999815000,3262.9638149414063,551.0157470842823,1.7553134209805514,-1,-33.439388017551295,525.2010536333546,-1,5.139737964210554,3.9999999999999964,-70.68740862075241,0
1775582413999841300,3263.9638413085936,550.9161377092823,1.8000347378809352,-1,-33.439388165489746,525.1014442583546,-1,5.123184936581613,4.000000000000007,-70.68740869945869,0
1775582414999828200,3264.963828125,550.9161377092823,2.079543235068409,-1,-33.43938828066025,525.1014442583546,-1,5.1102633448533545,3.999999999999985,-70.68740876073176,0
1775582415999823400,3265.9638232421876,550.4624023577198,1.7888544086558393,-1,-33.43938828103021,524.6477089067921,-1,5.110231508896125,3.999999999999985,-70.68740876092858,0
1775582416999853000,3266.9638530273437,550.4624023577198,2.1130842227436966,-1,-33.43938838562711,524.6477089067921,-1,5.098468583100012,4.000000000000011,-70.6874088165763,0
1775582417999849500,3267.963849365234,550.3323974758387,2.18016633137431,-1,-33.43938848030583,524.5177040249109,-1,5.087798523997701,4.000000000000006,-70.68740886694731,0
1775582418999845400,3268.9638454589845,550.3323974758387,2.2025269898245017,-1,-33.43938857473959,524.5177040249109,-1,5.130382058440535,3.0000000000000084,-70.687408917188,0
1775582419999880200,3269.963880126953,561.9440918108448,1.9230184926370282,-1,-33.43938866520789,536.1293983599171,-1,5.120036798166753,3,-70.68740896531901,0
1775582420999881700,3270.9638818359376,561.9440918108448,1.9118381634119321,-1,-33.43938866622057,536.1293983599171,-1,5.1199305125755314,3.000000000000044,-70.68740896585778,0
1775582421999879400,3271.9638793945314,561.9440918108448,2.247248306724886,-1,-33.43938874010609,536.1293983599171,-1,5.111467542931203,3.0000000000000218,-70.68740900516639,0
1775582422999910000,3272.9639099121096,561.9414062649012,1.934198821862124,-1,-33.439388780981616,536.1267128139734,-1,5.106783901939101,3,-70.68740902691302,0
1775582423999904300,3273.963904296875,560.8560791155323,1.967739809537412,-1,-33.43938880577813,535.0413856646046,-1,5.103944375683332,3,-70.68740904010525,0
1775582424999906000,3274.9639060058594,557.77978515625,1.967739809537412,-1,-33.439388817187485,531.9650917053223,-1,5.102941285419137,3,-70.68740904612083,0
1775582425999938300,3275.9639382324217,559.2160644680262,1.956559480312316,-1,-33.43938883043807,533.4013710170984,-1,5.505904728648229,3,-70.68740905312039,0
1775582426999969300,3276.963969238281,558.8843994280323,2.1466252104189847,-1,-33.43938883642493,533.0697059771046,-1,5.505170577043733,3.000000000000013,-70.68740905628293,0
1775582428000002300,3277.9640021972655,559.8034668117762,2.2025269898245017,-1,-33.43938883939912,533.9887733608484,-1,5.504810371180672,3,-70.68740905785404,0
1775582429000029700,3278.964029785156,560.5163574377075,2.392592853211208,-1,-33.43938884284427,534.7016639867797,-1,5.504397677713752,3,-70.68740905964836,0
1775582430000060200,3279.9640600585935,561.3088379055262,2.0571825766182172,-1,-33.43938884837126,535.4941444545984,-1,5.503714467447323,3.0000000000000266,-70.68740906259352,0
1775582431000090000,3280.964090087891,561.3088379055262,2.079543235068409,-1,-33.4393888528534,535.4941444545984,-1,5.5049780991500565,3.000000000000004,-70.68740906496119,0
1775582432000119800,3281.964119873047,548.5896884603426,1.8153792550216783,180,-33.439386639174174,522.7749950094149,241.45691466351147,5.3310517288728105,3,-70.68740589745136,0.02088088992644708
1775582433000148700,3282.964148681641,548.6405275287107,2.1568541761732924,180,-33.439384802927414,522.8258340777829,241.45691477268113,5.174261442124853,3,-70.68740313942112,0.03239716992014099
1775582434000179200,3283.964179199219,548.6277187466621,1.4496911260546061,180,-33.43938473559653,522.8130252957344,241.456914656332,5.293768317750762,3,-70.68740307653252,0
1775582435000208100,3284.9642080078124,548.6277187466621,1.3972241000426981,180,-33.4393847259604,522.8130252957344,241.456914656332,5.337923722919561,3,-70.68740306223962,0
1775582436000237000,3285.964237060547,548.6277187466621,1.384608988755413,180,-33.439384722208835,522.8130252957344,241.456914656332,5.372131361076913,3,-70.68740305667505,0
1775582437000265500,3286.964265380859,549.0454650577158,1.908177981871245,180,-33.4393851808342,523.230771606788,241.45691626758378,6.351970563354483,3,-70.6874032530031,0.29656108173757867
1775582438000293600,3287.9642937011718,548.9655999587849,2.2647885993520203,180,-33.439382322386834,523.1509065078571,241.4569152643806,6.525913319747254,3,-70.68740462567247,0.15814324803913984
1775582439000322300,3288.964322265625,549.0130986068398,2.7790178970176243,180,-33.4393810754446,523.198405155912,241.4569404993946,6.840899624326063,3,-70.6874101770999,0.2630216212449295
1775582440000350500,3289.9643505859376,548.9550823681056,3.180865560242226,180,-33.43937843046007,523.1403889171779,241.4569419625318,7.515505965822767,3,-70.68741197954614,0.4767216610756442
1775582441000379100,3290.9643791503904,548.9085770053789,3.088404521146839,180,-33.43937709083652,523.0938835544512,241.45694085746214,8.624326168024007,3,-70.68741469492836,0.13718199136767212
1775582442000406800,3291.9644067382815,549.074732882902,3.2299804872074214,180,-33.43937479249324,523.2600394319743,241.4569419252361,8.315536822218437,3,-70.68741434846707,0.10893818001765794
1775582443000435500,3292.964435546875,548.7631029011682,3.396992455929007,180,-33.43937202777676,522.9484094502404,241.4569374797922,8.643592027128792,3,-70.6874125607399,0.14283754942843202
1775582444000461600,3293.964461669922,549.0211411518976,3.692253367453105,180,-33.439370146010916,523.2064477009699,241.45694418297657,8.609798477365283,3,-70.6874136647811,0.04928763815830788
1775582445000490000,3294.9644899902346,548.871708217077,3.9981401999878106,180,-33.43936877561112,523.0570147661492,241.45694773725612,8.177096702925885,3,-70.68741416486115,0.10641985879850384
1775582446000517000,3295.964517089844,548.9885156890377,4.281911316626437,180,-33.439368031594306,523.17382223811,241.45694677914577,9.251470407989443,3,-70.68741534003112,0.25907768746098353
1775582447000545300,3296.964545166016,548.8161077098921,1.37784335553107,180,-33.43936740446341,523.0014142589644,241.4569387260804,9.118675122098647,3,-70.68741412498072,0.013648023218436016
1775582448000572700,3297.9645727539064,548.7581282835454,1.9759361237682398,180,-33.43936548792921,522.9434348326176,241.45694098414435,8.802038428859403,3,-70.6874126766135,0.0527933050562199
1775582449000599300,3298.9645993652343,548.7260246481746,2.330789039277948,180,-33.43936354272649,522.9113311972469,241.45694458140582,8.479972766439218,3,-70.68741314386132,0.03771564788312758
1775582450000627500,3299.9646274414063,548.8057236690074,2.80068172754212,180,-33.4393619415632,522.9910302180797,241.45694675461692,8.62270514269866,3,-70.68741408122065,0.0325128823199385
1775582451000654800,3300.964654785156,561.2683105608448,1.5876082160440372,-1,-33.43936683678101,535.4536171099171,-1,9.22278368369823,3,-70.68741497293537,0
1775582452000681700,3301.964681640625,558.8905029445887,1.6770509831248424,-1,-33.439380883126375,533.0758094936609,-1,21.007565639900424,3.000000000000005,-70.6874167060487,0
1775582453000709000,3302.9647092285154,558.8905029445887,1.744132958475418,-1,-33.43940267939122,533.0758094936609,-1,33.38030639197284,3.0000000000000018,-70.68741939538859,0
1775582454000736300,3303.964736328125,557.5246582180262,1.6994116415750342,-1,-33.43940930062081,531.7099647670984,-1,30.317280599815568,3,-70.68742014638529,0
1775582455000763000,3304.964762939453,557.5246582180262,1.7888544086558393,-1,-33.43940996105401,531.7099647670984,-1,24.36430517780557,3.000000000000004,-70.6874202212933,0
1775582456000790500,3305.9647905273437,557.1101074358448,1.8112150671060312,-1,-33.43941077041973,531.2954139849171,-1,34.387311092789865,3.0000000000000027,-70.68742031309363,0
1775582457000817700,3306.964817626953,556.6398925930262,1.844756054781319,-1,-33.43941094472552,530.8251991420984,-1,30.95577038072301,3.999999999999997,-70.68742033286385,0
1775582458000843800,3307.96484375,556.1076660305262,1.855936384006415,-1,-33.43941104854221,530.2929725795984,-1,36.683106303501766,4.000000000000001,-70.68742034463898,0
1775582459000870100,3308.9648701171873,555.6700439592823,1.9006578341868363,-1,-33.43941107947002,529.8553505083546,-1,38.21461184912667,3.9999999999999973,-70.68742026447057,0
1775582460000897300,3309.964897216797,555.6700439592823,1.978920138762508,-1,-33.43941108464311,529.8553505083546,-1,30.021970931484297,3.999999999999997,-70.687420265001,0
1775582461000924200,3310.9649240722656,554.7005615374073,2.046002247393121,-1,-33.43941108945303,528.8858680864796,-1,41.92603029020445,3.9999999999999947,-70.6874202654942,0
1775582462000951300,3311.9649514160155,554.7005615374073,2.101903893518601,-1,-33.439411091293024,528.8858680864796,-1,35.637595584112276,3.999999999999999,-70.68742026568287,0
1775582463000978000,3312.964978027344,553.4975586077198,2.1578055396440807,-1,-33.43941109169343,527.6828651567921,-1,29.582783274441773,3.9999999999999956,-70.68742026572393,0
1775582464001004000,3313.9650041503905,552.1892089983448,2.1578055396440807,-1,-33.43941109184313,526.3745155474171,-1,26.97238524303623,4.000000000000002,-70.68742026573928,0
1775582465001030700,3314.965030761719,551.2443847805262,2.034821918168025,-1,-33.43941109186291,525.4296913295984,-1,26.738919580692382,4.000000000000026,-70.68742026574132,0
1775582466001057800,3315.965057861328,551.9406738439575,1.7888544086558393,-1,-33.43941112030377,526.1259803930297,-1,50.226840451359934,3.9999999999999942,-70.6874201531849,0
1775582467001085000,3316.9650849609375,548.7189963795245,3.30352754449842,180,-33.43936858372265,522.9043029285967,241.45696132134572,26.203039812640363,3,-70.68744396378445,0.2543635787430037
1775582468001111000,3317.9651110839845,548.7315312782302,3.4997687992187445,180,-33.43935807155705,522.9168378273025,241.45696952267105,18.614327219253376,3,-70.68745230699311,0.19877543808866435
1775582469001137200,3318.965137207031,548.5044117318466,3.75109232385985,180,-33.439358924966754,522.6897182809189,241.45696105347437,15.845267425952715,3,-70.68745054946602,0.08234127807162045
1775582470001164000,3319.9651640625,548.4563160249963,4.018023862546956,180,-33.439340928174836,522.6416225740686,241.45695860917715,13.22307818172493,3,-70.68744433832471,0.047290461610791444
1775582471001190700,3320.965190673828,548.5608679018915,3.923786894124251,180,-33.43933654106226,522.7461744509637,241.45694965621476,13.35934399548888,3,-70.68743892605639,0.2311157785987284
1775582472001216500,3321.9652165527345,548.5714651504532,1.4777072102531197,180,-33.43933619716211,522.7567716995254,241.45694801207515,12.909125044431452,3,-70.6874377880447,0.01069335896290877
1775582473001243400,3322.965243408203,548.7386913280934,2.0058142638192775,180,-33.439335094850534,522.9239978771657,241.45694798483643,10.964082746113522,3,-70.68743263365856,0.030777024396747257
1775582474001270300,3323.9652702636718,548.5267551634461,2.369465643917585,180,-33.439334775329755,522.7120617125183,241.45694474686988,9.742688605736001,3,-70.68742858605587,0.02253031245286974
1775582475001297000,3324.965296875,548.6349192140624,2.84358043588181,180,-33.43933436306082,522.8202257631347,241.4569429609736,9.160235472618751,3,-70.68742544060322,0.00890355239427315
1775582476001322500,3325.9653225097654,548.6034626578912,3.3160210900031366,180,-33.43933408813306,522.7887692069635,241.45694293403682,9.37615265797476,3,-70.68742313996188,0.12094949326440793
1775582477001348900,3326.965348876953,548.5349919572473,3.74572147028172,180,-33.439333634417046,522.7202985063195,241.45694426769944,8.82602882349511,3,-70.6874219326514,0.17163660203428166
1775582478001376300,3327.965376220703,548.5935924751684,4.137487593847171,180,-33.439333292369625,522.7788990242407,241.4569459434595,8.446108347456377,3,-70.68742139916986,0.15123759274687928
1775582479001402000,3328.9654020996095,551.3364257952198,1.6882313123499382,-1,-33.43933650544637,525.5217323442921,-1,8.272393331583014,4.000000000000007,-70.68742148141637,0
1775582480001428200,3329.965428222656,551.1694336077198,1.7664937502056473,-1,-33.43933906098452,525.3547401567921,-1,8.130573339272381,4.000000000000005,-70.68742154552088,0
1775582481001454800,3330.9654548339845,551.2282714983448,1.8112150671060312,-1,-33.439340762734915,525.4135780474171,-1,8.738333298574243,4.00000000000001,-70.68742158820852,0
1775582482001481500,3331.9654814453124,551.2080078264698,1.855936384006415,-1,-33.4393759634538,525.3933143755421,-1,42.792528287110066,4.000000000000005,-70.68742247120275,0
1775582483001507800,3332.9655078125,551.0015869289637,1.9006578341868363,-1,-33.439390685187085,525.1868934780359,-1,32.92754810473677,3.9999999999999925,-70.68742284049083,0
1775582484001533400,3333.9655334472654,551.0441894661635,1.956559480312316,-1,-33.439396609257926,525.2294960152358,-1,27.897931515751512,3.999999999999999,-70.68742298909349,0
1775582485001560600,3334.965560546875,551.1058349749073,2.0012807972127,-1,-33.43939989296845,525.2911415239796,-1,24.67770128513631,4.000000000000003,-70.6874230714639,0
1775582486001586400,3335.965586425781,551.1523437639698,2.068362905843313,-1,-33.43940189018512,525.3376503130421,-1,22.48988201331589,3.999999999999995,-70.68742312156319,0
1775582487001613000,3336.9656130371095,551.4257812649012,2.101903893518601,-1,-33.43940196439256,525.6110878139734,-1,22.404478680642608,4.000000000000002,-70.68742312342464,0
1775582488001639400,3337.965639404297,551.6859130999073,2.1466252104189847,-1,-33.43940201656366,525.8712196489796,-1,22.344241613030732,3.9999999999999885,-70.68742312473333,0
1775582489001665800,3338.9656657714845,551.6873779445887,2.18016633137431,-1,-33.43940339933671,525.8726844936609,-1,20.683777422567758,3.9999999999999862,-70.68742315941957,0
1775582490001692400,3339.9656923828124,551.6765136877075,2.2137073190495977,-1,-33.439404375113945,525.8618202367797,-1,19.433351468921355,4,-70.68742318377325,0
1775582491001719000,3340.965718994141,551.6765136877075,2.2137073190495977,-1,-33.43940512846395,525.8618202367797,-1,18.409953035008936,3.999999999999982,-70.68742320257553,0
1775582492001744400,3341.9657443847655,551.44372560177,2.247248306724886,-1,-33.43940564039707,525.6290321508422,-1,17.680739688613787,3.9999999999999942,-70.68742320884387,0
1775582493001771300,3342.9657712402345,551.5996093908325,2.191346660599406,-1,-33.43940566166856,525.7849159399047,-1,17.674715919781036,3.999999999999988,-70.68742320910432,0
1775582494001797000,3343.9657971191405,551.7080078292638,2.2137073190495977,-1,-33.439405671414356,525.8933143783361,-1,18.027989237368207,3.9999999999999987,-70.68742320922365,0
1775582495001824000,3344.9658239746095,551.3452148595825,2.2025269898245017,-1,-33.43940609874491,525.5305214086547,-1,17.987698147741693,4.000000000000003,-70.68742321445606,0
1775582496001849600,3345.965849609375,551.4753418127075,2.2248876482746938,-1,-33.439406113082505,525.6606483617797,-1,18.325803598237414,3.999999999999998,-70.68742321463162,0
1775582497001876500,3346.965876464844,551.1445312658325,2.0571825766182172,-1,-33.439406467655076,525.3298378149047,-1,18.64482625014582,4.000000000000017,-70.68742321897315,0
1775582498001903400,3347.9659033203125,550.8732910323888,2.6721013503986817,-1,-33.43940673414109,525.0585975814611,-1,18.410606520900654,4.000000000000012,-70.68742322223612,0
1775582499001928400,3348.965928466797,551.2482910305262,1.855936384006415,-1,-33.439406862494984,525.4335975795984,-1,19.09387207789025,3.9999999999999916,-70.68742322380776,0
1775582500001955000,3349.965955078125,551.7670898605138,1.6323296662244584,-1,-33.439407297993846,525.9523964095861,-1,18.93733627377485,3.9999999999999942,-70.68742322914018,0
1775582501001981700,3350.965981689453,548.6322473473847,4.6340404036188145,180,-33.439393102038416,522.817553896457,241.4569298846917,18.899431438768193,3,-70.68741569877109,0.28747041622093145
1775582502002007800,3351.9660078125,548.5595661560073,4.776980086223431,180,-33.43935238837776,522.7448727050796,241.45693709973472,14.022362665576408,3,-70.68737232015658,0.8405509465655324
1775582503002034200,3352.9660341796875,548.6918604727834,3.7895751936894566,180,-33.439351944405985,522.8771670218557,241.4568880908335,11.815781541086254,3,-70.68735032159998,0.24394024933819347
1775582504002060000,3353.966060058594,548.8175962986425,3.64206717058682,180,-33.43936572637108,523.0029028477147,241.4568940475413,10.537414979203776,3,-70.68734318731363,0.6044352331103593
1775582505002086700,3354.966086669922,548.9177622767165,3.938114727099174,180,-33.4393723691914,523.1030688257888,241.45689521212955,9.489312754370822,3,-70.68733939151392,0.8512724205663972
1775582506002112800,3355.966112792969,548.8935703802854,1.6374614239674825,180,-33.43937456604065,523.0788769293576,241.45687948198196,9.330507030070624,3,-70.68733423154114,0.13014622817921076
1775582507002139100,3356.966139160156,548.7367156110704,1.992036234188615,180,-33.439383828624905,522.9220221601427,241.45686772831888,9.22890098118403,3,-70.68732730761646,0.30706723976398526
1775582508002165500,3357.966165527344,549.0523519152775,1.3159132688033421,180,-33.43938773745831,523.2376584643498,241.4568674418004,8.86073689786738,3,-70.6873221326236,0
1775582509002191600,3358.9661916503906,549.2124013602734,1.886133375212489,180,-33.43941378332277,523.3977079093456,241.45681064337384,8.700308143585156,3,-70.68728173057006,0.11310081776262053
1775582510002217700,3359.9662177734376,549.4781857943162,2.235244205159007,180,-33.43941092057423,523.6634923433885,241.45676346616926,8.701292075953063,3,-70.68724974560803,0.11694161033032188
1775582511002243600,3360.9662436523436,549.7264844896272,2.6122172473204994,180,-33.439410979879774,523.9117910386994,241.45674068670132,8.706784873627468,3,-70.68723427338779,0.1145465225312994
1775582512002270200,3361.966270263672,549.898144540377,2.946588351151371,180,-33.43940809929284,524.0834510894492,241.45673670432075,8.707770424025862,3,-70.68723157472309,0.27302917040171965
1775582513002296800,3362.966296875,549.9919284284115,3.354138208081984,180,-33.43940909259957,524.1772349774837,241.456741923302,8.682918665041303,3,-70.68723372945556,0.24876779820323167
1775582514002322400,3363.9663225097656,549.9957419661805,1.6460110904183236,180,-33.43942498395076,524.1810485152528,241.45674113869478,10.39101657410802,3,-70.68721118178715,0
1775582515002349300,3364.9663493652342,549.9957419661805,1.400707801877226,180,-33.43942535020861,524.1810485152528,241.45674113869478,10.355742782683416,3,-70.68721000902734,0
1775582516002376000,3365.9663759765626,550.1766675272956,1.9146613055105661,180,-33.43942260902937,524.3619740763679,241.45674313749345,10.335573169266159,3,-70.68721109031503,0
1775582517002401000,3366.966401123047,550.1612730752677,1.4212289710473909,180,-33.43942335613197,524.3465796243399,241.4567431264158,10.288602124270628,3,-70.6872095542884,0
1775582518002427600,3367.966427734375,550.2884863950312,1.9785534256758226,180,-33.439425055781484,524.4737929441035,241.45674760838764,10.242679175729288,3,-70.68721223832871,0.14754078087651892
1775582519002454800,3368.9664548339842,550.2506719166413,1.5905977521259798,180,-33.43942447578354,524.4359784657136,241.45675202245906,10.243391020263529,3,-70.68721638482806,0.0444399419744758
1775582520002480000,3369.9664802246093,550.2902316739783,2.031284479992242,180,-33.4394236393798,524.4755382230505,241.45675493461994,10.244100701179974,3,-70.6872191194507,0
1775582521002506200,3370.9665063476564,550.2902316739783,1.7953840003673336,180,-33.43942413574719,524.4755382230505,241.45675493461994,10.214411714981154,3,-70.68721756953502,0
1775582522002532900,3371.9665329589843,550.2902316739783,1.7138601207900825,180,-33.439424518226765,524.4755382230505,241.45675493461994,10.174575337041164,3,-70.68721637523598,0
1775582523002558700,3372.9665588378907,550.3014269955456,2.069909011465128,180,-33.439424976299954,524.4867335446179,241.45675470790331,10.120054217500691,3,-70.68721454654926,0
1775582524002585900,3373.9665859375,550.1411086712033,2.493808507882532,180,-33.43942600691075,524.3264152202755,241.4567550012573,10.068646907663583,3,-70.68721329115773,0.07904298687407214
1775582525002612200,3374.9666123046877,550.5714621869847,2.9622147176037013,180,-33.43942323524328,524.756768736057,241.4567624127394,10.069390052156018,3,-70.68722002750025,0.5084889045883807
1775582526002637800,3375.966637939453,550.2465359419584,3.3757911023819,180,-33.43943821916845,524.4318424910307,241.45676495949397,8.424301924798252,3,-70.68717822126607,0.49558574276026585
1775582527002663700,3376.9666635742187,550.3550245054066,3.75726222093859,180,-33.439442928873746,524.5403310544789,241.45676809277654,7.599919826365769,3,-70.68716211176528,0.5297807428710314
1775582528002689800,3377.966689697266,550.3662068629637,1.1235456195991715,180,-33.43944295225588,524.551513412036,241.45675941698028,7.249063658976758,3,-70.68715167138724,0.023304414314064433
1775582529002716700,3378.9667165527344,550.5387780563906,1.0427828696879544,180,-33.43946571269112,524.7240846054628,241.45678224157243,7.250330327177726,3,-70.68716233037912,0
1775582530002743300,3379.966743408203,550.3136462308466,1.7812429617659327,180,-33.439469873069896,524.4989527799189,241.45678593518178,7.24668328361329,3,-70.68716398967803,0.05585170193906939
1775582531002769200,3380.9667690429687,550.0925923818722,2.1087326355090887,180,-33.4394735240964,524.2778989309445,241.45678828484682,7.435267803182715,3,-70.68716519127854,0.12206741111517078
1775582532002795800,3381.9667956542967,550.119671901688,2.5693427546367764,180,-33.43947646418181,524.3049784507602,241.45679048944555,8.360421308298754,3,-70.68716635910488,0.13111691854800114
1775582533002822000,3382.9668217773437,550.2209214633331,3.0542493267977493,180,-33.43947960197083,524.4062280124053,241.4567933242564,9.240754634311013,3,-70.68716802785443,0.06833313678720995
1775582534002848300,3383.9668481445315,549.9925536848605,3.048253948084435,180,-33.43944199169808,524.1778602339327,241.45681364181308,8.850302429344655,3,-70.68720500200175,0.585480571509186
1775582535002874400,3384.966874267578,550.2701808577403,3.2166049942277573,180,-33.43943943524921,524.4554874068126,260.15173756712034,9.270420071385383,3,-70.68724415194824,1.3939437042505172
1775582536002901000,3385.9669008789065,550.1506898384541,2.4592772036944384,180,-33.43944179507235,524.3359963875264,261.15078849104015,9.46792389129003,3,-70.68724207671873,0.4814852979110053
1775582537002926800,3386.9669267578124,550.1302718697116,2.6422305828120867,180,-33.439445294932455,524.3155784187838,261.1508000736388,10.159267635309103,3,-70.68725523698406,0.715088469657137
1775582538000309000,3387.9643090820314,549.6054676203057,2.789119341585965,180,-33.4394504410023,523.790774169378,261.1508109483841,10.458787910010008,3,-70.68726963156443,0.8846701261204405
1775582539000300500,3388.9643005371095,549.6848324611783,1.2123327788220244,180,-33.439457228484116,523.8701390102506,261.150794009434,10.476313291950586,3,-70.68725688146336,0
1775582540000324000,3389.964323974609,549.6848324611783,1.150790028656556,180,-33.439459953277186,523.8701390102506,261.150794009434,10.536111324917048,3,-70.68725670198633,0
1775582541000314600,3390.9643146972658,549.6848324611783,1.1468776377021266,180,-33.43946053345017,523.8701390102506,261.150794009434,10.802664282169529,3,-70.68725659207844,0
1775582542000317700,3391.9643176269533,549.6848324611783,1.7017761355641885,180,-33.43946111743155,523.8701390102506,261.150794009434,10.898468597081173,3,-70.68725648144913,0
1775582543000337200,3392.9643371582033,549.6848324611783,1.687942644273434,180,-33.43946194913243,523.8701390102506,261.150794009434,11.029146472942129,3,-70.68725632389182,0
1775582544000314000,3393.9643142089844,549.6848324611783,1.6823381939312014,180,-33.43946247584865,523.8701390102506,261.150794009434,10.99933265019472,3,-70.68725622411078,0
1775582545000302300,3394.9643022460937,549.6848324611783,1.6623559797856886,180,-33.43946300319031,523.8701390102506,261.150794009434,11.087711943701642,3,-70.68725612421125,0
1775582546000319500,3395.964319580078,549.6848324611783,1.572389793172947,180,-33.439463518392365,523.8701390102506,261.150794009434,11.135453029240951,3,-70.68725602661145,0
1775582547000310000,3396.9643100585936,549.6848324611783,1.539243035894923,180,-33.43946398221949,523.8701390102506,261.150794009434,11.208686067663395,3,-70.68725593874412,0
1775582548000297000,3397.964296875,549.6848324611783,1.5671249471509843,180,-33.43946442550888,523.8701390102506,261.150794009434,11.23282126192405,3,-70.68725585476744,0
1775582549000314600,3398.9643146972658,549.8612392134964,1.7739143236712065,180,-33.439456726941316,524.0465457625687,261.15073536808666,11.211343222636621,3,-70.68718978535449,0.12289692253874075
1775582550000304600,3399.9643046875,550.4385792342946,1.51196060540642,114.6226227473085,-33.43947097486672,524.6238857833669,226.77863003999371,11.17860785120606,3,-70.68719200793475,1.0503563828229923
1775582551000301800,3400.9643017578123,550.2317261062562,1.7016599334636293,101.40491766999206,-33.4394818623648,524.4170326553285,222.31570301988012,11.331086124171208,3,-70.6871993155752,1.3496061648395163
1775582552000321800,3401.9643217773437,550.1204087287188,1.920704693019863,116.63168195870242,-33.4394569273976,524.305715277791,219.8430276431621,10.169313110771471,3,-70.68722597975979,1.330978286016962
1775582553000339000,3402.9643388671875,550.336033555679,1.7596893664048185,180,-33.43944261429023,524.5213401047513,228.26387274381605,10.69140407168787,3,-70.68723675332089,0.5716457131603088
1775582554000365800,3403.964365722656,550.2270895792171,1.8070971474424053,180,-33.43943418361511,524.4123961282894,228.26386608303028,10.744753055857645,3,-70.68722965540627,0.11384484675987146
1775582555000377600,3404.964377685547,550.1472564525902,1.8144130236140374,180,-33.43943118353043,524.3325630016625,228.26386516673938,11.185799994321979,3,-70.68722611788684,0.07197894043061617
1775582556000398000,3405.9643981933596,550.1100047985092,1.8289186703117624,180,-33.43942417332071,524.2953113475814,228.26386805847136,11.574127309738474,3,-70.68722744888147,0
1775582557000417800,3406.9644177246096,550.1445810124278,1.618334825172142,180,-33.439423736405175,524.3298875615001,228.2638753096421,11.514972902739547,3,-70.68723598924065,0.28759520018422147
1775582558000437800,3407.9644377441405,550.1760635999963,1.3941774146255794,180,-33.439415989377494,524.3613701490685,228.2638672890934,10.637563198439,3,-70.68721575706547,0.1691841571177689
1775582559000459300,3408.964459228516,550.1147791873664,1.6265301161102077,180,-33.43941785893144,524.3000857364386,228.26387065144328,10.724891954309273,3,-70.6872185270233,0.1472093175182513
1775582560000480300,3409.9644802246094,550.1162989903241,1.886858084748219,180,-33.43942058405676,524.3016055393964,228.26387123210938,11.150941001570086,3,-70.68721738760884,0.18993487766835845
1775582561000501500,3410.9645014648436,550.1908821314573,2.1748119956004515,180,-33.439423761880356,524.3761886805296,228.26387309881534,11.41353496196263,3,-70.68721838948944,0.2828550935329611
1775582562000523300,3411.9645231933596,549.8788127657026,2.4920404118472397,180,-33.43942966983846,524.0641193147749,228.26387790332504,11.63428848381159,3,-70.68722254489325,0.6779772431314414
1775582563000544800,3412.9645446777345,550.1430886685848,2.7733747973003386,180,-33.43943427574313,524.3283952176571,228.26388257913896,11.80263903112531,3,-70.68722749115301,0.8958509789853091
1775582564000567600,3413.9645676269533,549.9219297152013,2.9656181889183904,180,-33.43944226236253,524.1072362642735,228.26388670653637,9.441579753820553,3,-70.68722593351572,0.7829626269976587
1775582565000589000,3414.964589111328,549.8182550268248,1.9422413257773063,180,-33.439448016697,524.003561575897,219.8810770136441,9.479448223563132,3,-70.6872315644805,0.8309390748304316
1775582566000611800,3415.9646118164064,549.7570925988257,2.0780173588974074,180,-33.43944869376888,523.942399147898,220.7985597417878,10.091054040163364,3,-70.6872332728338,0.535914550877976
1775582567000634600,3416.964634521484,549.7749298065901,2.227916016876103,180,-33.43945120597496,523.9602363556623,220.79855668670263,10.158319563146144,3,-70.68723121918241,0.43148666975526095
1775582568000657700,3417.9646577148437,549.8314739819616,2.2510930973747554,180,-33.439447580484185,524.0167805310339,220.79857558225936,10.592785194941245,3,-70.68724953504532,0.45043458654429286
1775582569000681200,3418.964681152344,549.6711386190727,2.4782106679196763,180,-33.43945018861914,523.856445168145,220.79857765404674,9.109293271038476,3,-70.68724788676022,0.11926383278545069
1775582570000704300,3419.964704345703,549.7273371536285,2.6325814484072363,180,-33.439451161929526,523.9126437027007,220.79857731782224,8.10234608841543,3,-70.68725867857547,0.19322672993753104
1775582571000726800,3420.9647268066406,549.7218581521884,3.0044217205541415,180,-33.439451843603024,523.9071647012606,245.6158023690083,8.288287584543664,3,-70.68728384715858,1.026568375325836
1775582572000750000,3421.96475,549.5032625170425,3.2739569959379984,180,-33.4394550747816,523.6885690661147,245.6158116805767,7.704963164344729,3,-70.68730333462972,1.071661018252108
1775582573000774400,3422.9647744140625,549.2216634880751,3.4919533650574004,180,-33.43945442855693,523.4069700371474,245.61581867191384,7.142667916830693,3,-70.68731084796305,0.9831155779322177
1775582574000797700,3423.964797607422,549.2195305898786,3.702920557829275,180,-33.43945247208186,523.4048371389508,245.6158319752526,6.754786685043759,3,-70.68731819792963,0.9361950697146387
1775582575000821500,3424.964821533203,549.1404030947015,3.4975410000193783,180,-33.43945094703373,523.3257096437737,245.61582714793883,6.424704305962662,3,-70.68732330250215,0.534712959817859
1775582576000845800,3425.964845703125,549.1461185747758,1.601975341087047,180,-33.43944566266389,523.331425123848,245.61582585812147,6.456142529812259,3,-70.68733670578534,0
1775582577000869600,3426.9648696289064,549.1461185747758,1.517117519357975,180,-33.4394453264378,523.331425123848,245.61582585812147,6.36930314705392,3,-70.68733777535314,0
1775582578000893700,3427.964893798828,549.1461185747758,1.5641061393181082,180,-33.43944530444566,523.331425123848,245.61582585812147,6.363728604952345,3,-70.68733784531227,0
1775582579000917500,3428.9649174804686,549.1461185747758,1.5129662664942465,180,-33.43944528118272,523.331425123848,245.61582585812147,6.357733628986206,3,-70.68733791931396,0
1775582580000941800,3429.9649418945314,549.0246413340792,1.440022440665598,180,-33.439441729778416,523.2099478831515,245.6158785884739,6.348122107052284,3,-70.68735675529481,0
1775582581000966100,3430.964966064453,549.0246413340792,1.3635114008419276,180,-33.439441681435454,523.2099478831515,245.6158785884739,6.367079504401289,3,-70.68735697054203,0
1775582582000991200,3431.9649912109376,548.8899177145213,1.7560077640512433,180,-33.43943794082013,523.0752242635936,245.61587909226836,6.372923541291797,3,-70.68735490927533,0.05435884889369575
1775582583001016000,3432.9650161132813,548.8739896928892,2.061358537845378,180,-33.43943762797812,523.0592962419614,245.6158775713459,6.374419915386759,3,-70.68735435879948,0
1775582584001040100,3433.9650400390624,548.7713028546423,1.746264668713026,180,-33.43943761832937,522.9566094037145,245.615873248197,6.362927135768974,3,-70.68735324945796,0.09781933886762413
1775582585001065700,3434.965065673828,548.6224570730701,2.0619626302160103,180,-33.439437766708174,522.8077636221424,245.61587340518219,6.371775401878403,3,-70.68735331672148,0.15511706903314193
1775582586001090000,3435.9650900878905,548.623852246441,1.6898307706762719,180,-33.43943793201763,522.8091587955132,245.6158729391454,6.428452002420205,3,-70.6873538229451,0
1775582587001115000,3436.9651149902343,548.623852246441,1.6387301362939128,180,-33.43943784507481,522.8091587955132,245.6158729391454,6.420993353106232,3,-70.68735425281511,0
1775582588001139700,3437.9651396484373,548.623852246441,1.5852431084498946,180,-33.43943344951957,522.8091587955132,245.6158729391454,6.423963141172666,3,-70.68735823803357,0
1775582589001164300,3438.9651643066404,548.497138146311,1.5870227082538582,180,-33.43943298738265,522.6824446953833,245.61588166492362,6.41752930560129,3,-70.68736164365535,0.0008157818785765767
1775582590001189600,3439.9651896972655,548.6105154268444,1.4620521462542497,180,-33.439432974442596,522.7958219759166,245.61588166542714,6.412769366840482,3,-70.68736194378002,0
1775582591001213400,3440.9652133789064,548.3612833498046,1.8134437335749678,180,-33.43943524433715,522.5465898988768,245.61588455578698,6.40754898487753,3,-70.68736328048439,0.29232123368287916
1775582592001238800,3441.9652387695314,548.3574538836256,1.5404193797382948,180,-33.43943439476444,522.5427604326978,245.6158875643568,6.4003886748805465,3,-70.68736469269395,0.0745402001913599
1775582593001263900,3442.965263916016,548.4888318190351,1.7921358273629278,180,-33.439434826538005,522.6741383681074,245.6158869503903,6.401874628293602,3,-70.68736448845112,0.07479763958583904
1775582594001289500,3443.965289550781,548.4089615941048,1.876037676030546,180,-33.439428952323404,522.594268143177,245.61589393857042,6.434648228477313,3,-70.68736989207466,0.08497147769470727
1775582595001314000,3444.965313964844,548.3689404921606,1.5474206015516898,180,-33.439428224497526,522.5542470412329,245.61589778591775,6.477565044524127,3,-70.68737130801652,0.03224387910817107
1775582596001339400,3445.9653393554686,548.4299747264013,1.8951566010382235,180,-33.439428147755514,522.6152812754735,245.61590016042018,6.47903034911908,3,-70.68737219297138,0.05093097966907263
1775582597001364500,3446.965364501953,548.4715182837099,2.1472411172530577,180,-33.43942933558045,522.6568248327821,245.6158939469977,6.47266902312632,3,-70.68737024066178,0.05512483051764344
1775582598001389600,3447.9653896484374,548.3058119174093,1.5724903440675282,180,-33.43942965287054,522.4911184664816,245.6158934793879,6.474141664088027,3,-70.68737007982872,0.029884916177796594
1775582599001414400,3448.9654143066405,548.3016956737265,1.4634929884987375,180,-33.43942949835275,522.4870022227988,245.61589343112615,6.466565943576086,3,-70.68737023328615,0
1775582600001440000,3449.965439941406,548.3016956737265,1.517210337748883,180,-33.439429476896166,522.4870022227988,245.61589343112615,6.477760840258671,3,-70.68737069256642,0
1775582601001464800,3450.96546484375,548.3016956737265,1.4528434328640973,180,-33.43942946398245,522.4870022227988,245.61589343112615,6.471789439922922,3,-70.68737096898586,0
1775582602001490400,3451.9654904785157,548.3016956737265,1.375434709871741,180,-33.43942947227089,522.4870022227988,245.61589343112615,6.511211368024594,3,-70.68737146230293,0
1775582603001515500,3452.965515625,548.3693259498104,1.8324116843270133,180,-33.43943216926682,522.5546324988827,245.61589517217226,6.506810681024505,3,-70.68737241503412,0.28740314933086886
1775582604001540900,3453.9655407714845,548.3759613521397,2.1060468470112816,180,-33.43943297077323,522.561267901212,245.6158994061161,6.508271759122939,3,-70.68737403932431,0.2048226921623576
1775582605001567000,3454.965566894531,548.2221770733595,2.3216458353583005,180,-33.43943363776574,522.4074836224318,245.61589719927895,6.506698380326146,3,-70.68737378229399,0.1726602915800042
1775582606001591800,3455.965591796875,548.2295643677935,2.5875888294171063,180,-33.4394338804821,522.4148709168658,245.61590131425305,6.508162914783849,3,-70.68737533904574,0.18232054031553574
1775582607001617000,3456.9656169433592,548.3181511927396,2.6695518284811977,180,-33.439433931682935,522.5034577418119,245.61589972343597,6.509628213810467,3,-70.68737475046736,0.1115116866025479
1775582608001642800,3457.9656428222656,548.1738592116162,2.8584681480388534,180,-33.439434331340884,522.3591657606885,245.6158971356001,6.524482301419587,3,-70.6873737908562,0.05891035054504715
1775582609001668000,3458.9656682128907,548.1892814310268,3.0015775301241057,180,-33.439434628548305,522.374587980099,245.6158909833374,6.525944165890206,3,-70.68737148294018,0.09578235817778857
1775582610001693200,3459.9656931152344,548.21876171045,3.0989852228007693,180,-33.439436616338554,522.4040682595223,245.61590043902106,5.960737494256664,3,-70.68739353064069,0.15539426945924184
1775582611001718000,3460.965718017578,548.2228222461417,1.346274974343076,180,-33.439436613219655,522.408128795214,245.61590023306775,5.9390685642811745,3,-70.6873943248155,0
1775582612001744000,3461.9657438964846,548.2361232256517,1.8861107032866602,180,-33.43943707201654,522.421429774724,245.6158985777925,5.936167366708449,3,-70.68739398712509,0.08110779100716688
1775582613001769000,3462.9657690429685,548.244181943126,1.3085382694160375,180,-33.439436741246126,522.4294884921983,245.61589382001074,5.958512844724367,3,-70.68739248848901,0
1775582614001794600,3463.9657946777343,548.244181943126,1.1579937460956882,180,-33.43943677078792,522.4294884921983,245.61589382001074,5.976845146508692,3,-70.6873927819362,0
1775582615001820200,3464.9658200683593,548.244181943126,1.0167139393443225,180,-33.439436797651574,522.4294884921983,245.61589382001074,5.9716193430635425,3,-70.68739304878062,0
1775582616001845800,3465.965845703125,548.2369012935087,1.6931681976333857,180,-33.43943742582195,522.422207842581,245.6158986512168,5.970603045220914,3,-70.68739467729591,0
1775582617001870600,3466.965870605469,548.2369012935087,1.6390027172774355,180,-33.43943745708236,522.422207842581,245.6158986512168,5.964970433003066,3,-70.68739493497417,0
1775582618001896400,3467.965896484375,548.1645815428346,1.622356880273397,180,-33.43943743574001,522.3498880919069,245.61588963607556,5.989293857891297,3,-70.6873923139443,0.029358357962906523
1775582619001922600,3468.965922607422,548.1648459164426,1.6161482119850876,180,-33.43943742586316,522.3501524655148,245.61588954776195,5.990898848603255,3,-70.68739228897067,0
1775582620001947400,3469.9659475097656,548.1648459164426,1.5813280797365075,180,-33.439437470562524,522.3501524655148,245.61588954776195,5.981909819640743,3,-70.68739261757645,0
1775582621001972200,3470.9659721679686,548.1168627152219,1.1456640410993575,180,-33.439437309476446,522.3021692642942,245.6158757539815,5.977155283804302,3,-70.68738844561415,0.018292684215187673
1775582622001998300,3471.9659982910157,548.3981008864939,1.6553458440010351,180,-33.43943755813907,522.5834074355662,245.61587620394965,5.978751739525179,3,-70.68738859796532,0.023508392759973948
1775582623002024200,3472.966024169922,548.2377517875284,1.5235278790927134,180,-33.43943762931655,522.4230583366007,245.6158762680953,5.994798085534287,3,-70.68738891734095,0.013211161232624868
1775582624002049500,3473.9660495605467,548.2744735172018,1.0100517871750552,180,-33.439437187302566,522.4597800662741,245.61587841336632,5.996399767426085,3,-70.68738959062232,0
1775582625002075000,3474.966074951172,548.2744735172018,1.0088004796126995,180,-33.439437196722984,522.4597800662741,245.61587841336632,5.995378033603959,3,-70.68738965634236,0
1775582626002100700,3475.966100830078,548.2744735172018,1.6332588222880289,180,-33.43943476997805,522.4597800662741,245.61587841336632,6.007950047778496,3,-70.68739037894046,0
1775582627002126000,3476.9661259765626,548.4481057589874,1.6200128354268886,180,-33.43943346518751,522.6334123080596,245.61588325238353,6.00267784270291,3,-70.68739205620602,0.031233304304730102
1775582628002151000,3477.9661508789063,548.3209326444194,1.272189939421929,180,-33.43943314344203,522.5062391934916,245.61588766368968,6.00666591625431,3,-70.68739375778244,0.02267508882156671
1775582629002176000,3478.9661760253907,548.3164693815634,1.261732521410275,180,-33.43943313726224,522.5017759306356,245.6158876356132,6.008258061044466,3,-70.68739375234577,0
1775582630002202600,3479.9662026367187,548.4292329223827,1.7193444735734535,180,-33.43943138034655,522.6145394714549,245.61589159452444,6.005743994807786,3,-70.68739508919882,0.01959084698008467
1775582631002227700,3480.966227783203,548.4294084962457,1.611755384823816,180,-33.43943137349351,522.614715045318,245.61589153587454,6.011879855196497,3,-70.68739507290387,0
1775582632002253600,3481.9662536621095,548.4294084962457,1.5847856602268848,180,-33.439431366679976,522.614715045318,245.61589153587454,6.006771539610742,3,-70.68739527908522,0
1775582633002278400,3482.9662783203125,548.3542093746364,1.025236563308805,180,-33.43942768241476,522.5395159237087,245.6158875124977,6.0534758793975705,3,-70.68739686705196,0
1775582634002303500,3483.966303466797,548.4255968341604,1.6901356788546402,180,-33.43942731354745,522.6109033832327,245.61588787915971,6.052280811657303,3,-70.68739705312596,0.024266180582244355
1775582635002329900,3484.966329833984,548.4296884424984,1.1664018850912712,180,-33.43942760998229,522.6149949915707,245.61588547350146,6.053867872036243,3,-70.68739628330071,0
1775582636002355500,3485.96635546875,548.5231603011489,1.7389476682034224,180,-33.439427926963006,522.7084668502212,245.61588009185542,6.058048834316267,3,-70.68739463919584,0.007571347421461398
1775582637002380800,3486.966380859375,548.5287095271051,1.5670000627829792,180,-33.43942792435261,522.7140160761774,245.61588002893797,6.05963480431889,3,-70.68739462033875,0
1775582638002406100,3487.96640625,548.5890763131902,1.8403636694693677,180,-33.43942842914778,522.7743828622624,245.61587181155232,6.052105656929612,3,-70.68739222424458,0.01902117199415327
1775582639002431500,3488.9664313964845,548.5892467042431,1.6566630080874758,180,-33.439426000309666,522.7745532533154,245.61587175463544,6.155602904435408,3,-70.6873919906532,0
1775582640002457000,3489.96645703125,548.6560218781233,1.279847151601566,180,-33.43942540508577,522.8413284271955,245.61587244346038,6.149557541925875,3,-70.68739235282564,0
1775582641002482400,3490.966482421875,548.6560218781233,1.0222382015362408,180,-33.43942541069222,522.8413284271955,245.61587244346038,6.191280076548664,3,-70.68739254098398,0
1775582642002508300,3491.9665083007812,548.4141124552116,1.681381202708562,180,-33.43942615525676,522.5994190042838,245.61587227204188,6.189869754668543,3,-70.68739256047598,0.03145394297335675
1775582643002534000,3492.966533935547,548.5920083113015,1.2812424280247328,180,-33.43942682500955,522.7773148603737,245.61586537814338,6.184044071654293,3,-70.68739039328447,0
1775582644002559700,3493.966559814453,548.5590367848054,1.7677880995479192,180,-33.439427172837256,522.7443433338776,245.61586039329154,6.180968740149625,3,-70.68738879125435,0.021281930289704872
1775582645002584800,3494.9665847167967,548.5972281172872,1.9708741487723709,180,-33.439426763417075,522.7825346663594,245.61585282562027,6.239162496973271,3,-70.68736143540175,0.03397430480730613
1775582646002610700,3495.966610595703,548.3839467316866,2.1921073592334057,180,-33.439426656099506,522.5692532807589,245.61584285044344,6.254951087461321,3,-70.68735823715568,0.10482032198685731
1775582647002635000,3496.9666350097655,548.2707257643342,2.31452403728426,180,-33.439426368836166,522.4560323134065,245.6158353657251,7.402100428966768,3,-70.68735618649917,0.10462182981512182
1775582648002661600,3497.966661621094,548.2172492798418,1.309190629237295,180,-33.43942602217817,522.402555828914,245.61583526270294,9.686634689069532,3,-70.68736517773102,0
1775582649002687700,3498.9666877441405,548.2172492798418,1.1575066625365784,180,-33.4394260697211,522.402555828914,245.61583526270294,9.893771263375273,3,-70.68736534574468,0
1775582650002712800,3499.966712890625,548.2172492798418,1.1479044291547098,180,-33.43942625046924,522.402555828914,245.61583526270294,10.090092763356605,3,-70.68736598449695,0
1775582651002738000,3500.9667380371093,548.2172492798418,1.0125827550032942,180,-33.43942629345705,522.402555828914,245.61583526270294,10.072280525366502,3,-70.68736613641309,0
1775582652002763300,3501.9667631835937,548.2172492798418,1.6814641662528103,180,-33.43941188627227,522.402555828914,245.61583526270294,9.525351545433235,3,-70.68737383958606,0
1775582653002788900,3502.9667888183594,548.5552677940577,1.6546244842676068,180,-33.43941485081812,522.74057434313,245.6158295037277,9.498924109932638,3,-70.68736942616597,0.06625251048419642
1775582654002814700,3503.966814697266,548.6163602191955,1.0376685279801658,180,-33.43941415271816,522.8016667682678,245.61583371684748,9.47177388464055,3,-70.68737282503723,0
1775582655002840000,3504.9668400878904,548.6163602191955,1.7404622143499486,180,-33.43941566425331,522.8016667682678,245.61583371684748,9.418038531976856,3,-70.68735737193323,0
1775582656002865400,3505.9668654785155,548.6163602191955,1.6671429062563916,180,-33.4394158574857,522.8016667682678,245.61583371684748,9.378531119838973,3,-70.68735761767002,0
1775582657002891500,3506.9668916015626,548.6163602191955,1.6417162611301206,180,-33.439416039036665,522.8016667682678,245.61583371684748,9.342384199463773,3,-70.68735784855134,0
1775582658002916400,3507.9669162597656,548.6163602191955,1.6097229032013438,180,-33.439412692312075,522.8016667682678,245.61583371684748,9.390494510027313,3,-70.68736605835959,0
1775582659002942200,3508.966942138672,548.6163602191955,1.5444386956416047,180,-33.43941289814899,522.8016667682678,245.61583371684748,9.411239758037375,3,-70.68736620982064,0
1775582660002968000,3509.966968017578,548.6163602191955,1.5459288345451017,180,-33.43941310122151,522.8016667682678,245.61583371684748,9.580532160592181,3,-70.68736635924758,0
1775582661002993200,3510.9669931640624,548.6163602191955,1.4906795756428601,180,-33.43941322371032,522.8016667682678,245.61583371684748,9.668194042326176,3,-70.68736644937857,0
1775582662003018500,3511.9670185546875,548.6163602191955,1.433391545230193,180,-33.43941333928452,522.8016667682678,245.61583371684748,9.761630121896001,3,-70.6873665344216,0
1775582663003044600,3512.9670446777345,548.6163602191955,1.427074521573258,180,-33.439413447562664,522.8016667682678,245.61583371684748,9.847164934393003,3,-70.68736661409595,0
1775582664000733700,3513.9647336425783,548.6163602191955,1.4285642125852727,180,-33.439412090451135,522.8016667682678,245.61583371684748,9.829428708489738,3,-70.68736681548793,0
1775582665000711400,3514.9647114257814,548.6163602191955,1.3552935385448799,180,-33.43941220549223,522.8016667682678,245.61583371684748,9.914356972354067,3,-70.68736689435389,0
1775582666000731600,3515.964731689453,548.6163602191955,1.3580378420688448,180,-33.439412309676655,522.8016667682678,245.61583371684748,9.96369350074636,3,-70.68736696577707,0
1775582667000706300,3516.9647062988283,548.6163602191955,1.3512102729081308,180,-33.43941241536687,522.8016667682678,245.61583371684748,10.03781447270703,3,-70.68736703823257,0
1775582668000677000,3517.964677001953,548.6163602191955,1.2627669336489085,180,-33.43941252105757,522.8016667682678,245.61583371684748,10.11071965204936,3,-70.6873671106884,0
1775582669000687000,3518.9646870117185,548.6163602191955,1.0204068589554334,180,-33.439412612982764,522.8016667682678,245.61583371684748,10.106346127725878,3,-70.68736717370733,0
1775582670000654300,3519.964654296875,548.6163602191955,1.021092533333141,180,-33.439411107978046,522.8016667682678,245.61583371684748,10.01654969031617,3,-70.68736755673191,0
1775582671000623600,3520.964623535156,548.6163602191955,1.677612884260752,180,-33.43941117121873,522.8016667682678,245.61583371684748,10.054235235768711,3,-70.68736759648536,0
1775582672000632300,3521.9646323242187,548.6163602191955,1.659410689942237,180,-33.4394113437394,522.8016667682678,245.61583371684748,10.16385683780351,3,-70.68736770493277,0
1775582673000601600,3522.9646015625,548.6163602191955,1.6536958749481048,180,-33.439411514898175,522.8016667682678,245.61583371684748,10.269397886918386,3,-70.68736781252409,0
1775582674000569300,3523.9645693359375,548.6163602191955,1.5964986319475403,180,-33.439411683829384,522.8016667682678,245.61583371684748,10.27291334629366,3,-70.68736791871517,0
1775582675000575500,3524.9645754394533,548.6163602191955,1.5879451833965699,180,-33.43941184325287,522.8016667682678,245.61583371684748,10.368008487487037,3,-70.68736801892963,0
1775582676000544000,3525.9645439453125,548.6163602191955,1.5471979518146093,180,-33.43941200273541,522.8016667682678,245.61583371684748,10.459880804316455,3,-70.6873681191812,0
1775582677000513500,3526.9645134277343,548.6163602191955,1.4936058766447544,180,-33.43941215234576,522.8016667682678,245.61583371684748,10.429105580266508,3,-70.68736821322707,0
1775582678000520200,3527.964520263672,548.6163602191955,1.538324630820643,180,-33.4394122931884,522.8016667682678,245.61583371684748,10.510310519141198,3,-70.6873683017615,0
1775582679000526600,3528.964526611328,548.6163602191955,1.487359754438728,180,-33.439412442010756,522.8016667682678,245.61583371684748,10.52452835856825,3,-70.68736839531202,0
1775582680000534500,3529.964534423828,548.6163602191955,1.426300365327247,180,-33.439412582424346,522.8016667682678,245.61583371684748,10.602597224060471,3,-70.68736848357675,0
1775582681000543500,3530.964543457031,548.6163602191955,1.2645212636983159,180,-33.439412712631636,522.8016667682678,245.61583371684748,10.6743728712218,3,-70.68736856542574,0
1775582682000553200,3531.9645532226564,548.6163602191955,1.348405903281547,180,-33.43941281425063,522.8016667682678,245.61583371684748,10.65488590195633,3,-70.68736862930399,0
1775582683000564200,3532.9645642089845,548.6163602191955,1.350893637552294,180,-33.43941293054029,522.8016667682678,245.61583371684748,10.718186450779402,3,-70.68736870240431,0
1775582684000575000,3533.964574951172,548.6163602191955,1.150266622821618,180,-33.43941304712649,522.8016667682678,245.61583371684748,10.739278213978972,3,-70.68736877569101,0
1775582685000587300,3534.964587158203,548.6163602191955,1.1389371508955204,180,-33.43941313213317,522.8016667682678,245.61583371684748,10.783758836397649,3,-70.68736882912667,0
1775582686000600300,3535.964600341797,548.6163602191955,1.1449691690386186,180,-33.439413215846166,522.8016667682678,245.61583371684748,10.827265287099037,3,-70.68736888174911,0
1775582687000614100,3536.9646142578126,548.6163602191955,1.147639959699618,180,-33.439413299922265,522.8016667682678,245.61583371684748,10.813766874188305,3,-70.6873689345998,0
1775582688000627500,3537.9646274414063,548.6163602191955,1.0144548105971334,180,-33.43941338474866,522.8016667682678,245.61583371684748,10.85688998540046,3,-70.68736898792211,0
1775582689000642600,3538.964642578125,548.6163602191955,1.0160388803005307,180,-33.43941345110784,522.8016667682678,245.61583371684748,10.876058762987125,3,-70.68736902963586,0
1775582690000658400,3539.9646584472657,548.6163602191955,1.0145529595149851,180,-33.43941351789197,522.8016667682678,245.61583371684748,10.909955123813718,3,-70.68736907161674,0
1775582691000674800,3540.9646748046875,548.6163602191955,1.6744546544335228,180,-33.43941358468605,522.8016667682678,245.61583371684748,10.942914679205714,3,-70.68736911360388,0
1775582692000690400,3541.9646904296874,548.6163602191955,1.6202491831205934,180,-33.43941376382142,522.8016667682678,245.61583371684748,10.921546293834066,3,-70.68736922620933,0
1775582693000708000,3542.9647080078125,548.6163602191955,1.6487381251211208,180,-33.43941393289702,522.8016667682678,245.61583371684748,11.004815957026228,3,-70.68736933249116,0
1775582694000724500,3543.9647243652344,548.6163602191955,1.5921446906711407,180,-33.439416624558255,522.8016667682678,245.61583371684748,10.599205553240834,3,-70.68733417987329,0
1775582695000743400,3544.964743408203,548.6163602191955,1.6128728409726596,180,-33.43941675873712,522.8016667682678,245.61583371684748,10.687058509210146,3,-70.68733451997548,0
1775582696000761000,3545.964760986328,548.6163602191955,1.5467137092365275,180,-33.43941689767624,522.8016667682678,245.61583371684748,10.774415214517497,3,-70.68733487214344,0
1775582697000779300,3546.964779296875,548.6163602191955,1.5419301920698079,180,-33.4394170245266,522.8016667682678,245.61583371684748,10.768964717719706,3,-70.68733519367011,0
1775582698000798000,3547.9647978515627,548.6163602191955,1.4290326090661014,180,-33.43941715159159,522.8016667682678,245.61583371684748,10.84728069356517,3,-70.68733551574083,0
1775582699000817700,3548.964817626953,548.6163602191955,1.4880309309181956,180,-33.43941726153207,522.8016667682678,245.61583371684748,10.914826824968412,3,-70.68733579440617,0
1775582700000837400,3549.9648374023436,548.6163602191955,1.4304662080482942,180,-33.43941737922796,522.8016667682678,245.61583371684748,10.881892856327685,3,-70.68733609272904,0
1775582701000856600,3550.964856689453,548.6163602191955,1.4284441545465205,180,-33.439417488738094,522.8016667682678,245.61583371684748,10.949116603091564,3,-70.68733637030357,0
1775582702000877000,3551.964876953125,548.6163602191955,1.3537772650620445,180,-33.43940890088452,522.8016667682678,245.61583371684748,10.22860905751875,3,-70.68733834482367,0
1775582703000897300,3552.964897216797,548.6163602191955,1.3507343941273287,180,-33.43940902738547,522.8016667682678,245.61583371684748,10.298120782757977,3,-70.68733855444835,0
1775582704000917500,3553.9649174804686,548.6163602191955,1.264150322398558,180,-33.43940915439135,522.8016667682678,245.61583371684748,10.365950387551354,3,-70.68733876490975,0
1775582705000938500,3554.9649384765626,548.6163602191955,1.2622511435696675,180,-33.43940926485109,522.8016667682678,245.61583371684748,10.34801422931187,3,-70.68733894795254,0
1775582706000959000,3555.964958984375,548.6163602191955,1.1455037308363147,180,-33.43940937577791,522.8016667682678,245.61583371684748,10.406821767092955,3,-70.68733913176933,0
1775582707000980700,3556.964980712891,548.6163602191955,1.25799977109212,180,-33.439409467165234,522.8016667682678,245.61583371684748,10.423113402826585,3,-70.68733928320722,0
1775582708001001500,3557.9650014648437,548.6163602191955,1.0174430945522301,180,-33.439409578063284,522.8016667682678,245.61583371684748,10.480160341289436,3,-70.68733946697635,0
1775582709001022500,3558.9650224609377,548.6163602191955,1.01407163116463,180,-33.439409651008134,522.8016667682678,245.61583371684748,10.517264760079007,3,-70.68733958785323,0
1775582710001044000,3559.9650439453126,548.6163602191955,1.657873230808578,180,-33.43940972314181,522.8016667682678,245.61583371684748,10.507758778261396,3,-70.68733970738593,0
1775582711001065200,3560.965065185547,548.6163602191955,1.643186245408717,180,-33.43940991739043,522.8016667682678,245.61583371684748,10.606131529622724,3,-70.68734002927526,0
1775582712001088300,3561.9650881347657,548.6163602191955,1.572637620746765,180,-33.43941010864554,522.8016667682678,245.61583371684748,10.656432558501864,3,-70.68734034620404,0
1775582713001109500,3562.9651096191405,548.6163602191955,1.6051316346545894,180,-33.439410285491114,522.8016667682678,245.61583371684748,10.740437227188757,3,-70.68734063925476,0
1775582714001131000,3563.9651311035154,548.6163602191955,1.5413261177760378,180,-33.439410471287516,522.8016667682678,245.61583371684748,10.82583451434739,3,-70.68734094713791,0
1775582715001154000,3564.9651540527343,548.6163602191955,1.5357026334391795,180,-33.43941064095341,522.8016667682678,245.61583371684748,10.807405550351755,3,-70.68734122829122,0
1775582716001176800,3565.9651767578125,548.6163602191955,1.5362928777277889,180,-33.439410810673294,522.8016667682678,245.61583371684748,10.884543570146013,3,-70.68734150953398,0
1775582717001198600,3566.965198486328,548.6163602191955,1.488520916039323,180,-33.439410981238936,522.8016667682678,245.61583371684748,10.94423786548423,3,-70.68734179217826,0
1775582718001222100,3567.965222167969,548.6163602191955,1.4268512583972657,180,-33.439411142448456,522.8016667682678,245.61583371684748,11.014858688950985,3,-70.6873420593185,0
1775582719001244200,3568.965244140625,548.6163602191955,1.4173705433793369,180,-33.43941129069925,522.8016667682678,245.61583371684748,11.050320686106216,3,-70.68734230498482,0
1775582720001266000,3569.9652658691407,549.26865227893,1.7778170704967178,180,-33.43942488280211,523.4539588280022,245.61573927890606,11.040964515006634,3,-70.68724127999683,0.6549153703987628
1775582721001289000,3570.9652890625,549.4859444769099,1.6695400449784614,180,-33.4394224947753,523.6712510259822,255.13517057233932,10.991413005938032,3,-70.68724402897156,0.6132754316665198
1775582722001312300,3571.9653122558593,549.4037581859156,1.7557607427171478,180,-33.4394242794818,523.5890647349879,255.13516379505342,11.029667979098008,3,-70.68723853106972,0.04484094795588559
1775582723001334500,3572.965334472656,549.4226923724636,1.7233825664254039,180,-33.43942568670356,523.6079989215359,255.13516477945998,11.030782647619546,3,-70.68723964218633,0.41458909906058217
1775582724001358000,3573.965358154297,549.6305331066251,1.7871909274792734,180,-33.43942779630009,523.8158396556973,255.1351588716298,11.069320309105308,3,-70.68723375738556,0.3270475999142376
1775582725001381000,3574.9653811035155,549.5321223959327,1.6849103594167396,180,-33.43942895733635,523.7174289450049,255.13516635483055,11.06609095261613,3,-70.6872426292823,0.28916702641396536
1775582726001407700,3575.965407714844,549.5350294131786,1.5110286975917522,180,-33.4394292215245,523.7203359622508,255.13516543956308,11.014092408110141,3,-70.68724122442951,0
1775582727001426700,3576.9654267578126,549.5350294131786,1.5300394077003592,180,-33.43942953681841,523.7203359622508,255.13516543956308,11.001355563807664,3,-70.68724093965446,0
1775582728001450500,3577.965450439453,549.6672453144565,1.5048170387397246,180,-33.43942737166006,523.8525518635288,255.13515197582882,10.993918723918247,3.0192990006770453,-70.68722612773409,0
1775582729001473300,3578.965473388672,549.6507093571126,1.4650012514434492,180,-33.439427734868865,523.8360159061849,255.13515239826663,10.998283126457917,3.0585807978329185,-70.68722619500419,0
1775582730001496300,3579.9654963378907,549.6507093571126,1.4144081889585094,180,-33.43942801010024,523.8360159061849,255.13515239826663,10.941239539229178,3.041390986504642,-70.68722582716264,0
1775582731001519400,3580.9655192871096,549.6507093571126,1.3531117150622043,180,-33.439428152579175,523.8360159061849,255.13515239826663,10.910778437863708,3.0004250412358906,-70.6872256367422,0
1775582732001542700,3581.9655427246093,549.9315085401759,1.344173532866949,180,-33.439427014173994,524.1168150892481,255.13515119351388,10.883183303332775,3,-70.68722415705213,0
1775582733001567000,3582.965566894531,549.7998967925087,1.6265129651336165,180,-33.43942588139624,523.9852033415809,255.13515181068936,10.867681118122787,3.11264192441314,-70.6872244218485,0.06225152596236987
1775582734001589500,3583.9655895996093,549.946581129916,1.5046431843150951,180,-33.43941677348898,524.1318876789883,255.13515078913903,10.622492807475709,3.084288833510555,-70.68723790519066,0
1775582735001613000,3584.9656130371095,549.946581129916,1.5262368223999194,180,-33.4394171166049,524.1318876789883,255.13515078913903,10.568301970374968,3.1529672149665604,-70.68723739962785,0
1775582736001636600,3585.96563671875,549.946581129916,1.4521797045406923,180,-33.4394173181087,524.1318876789883,255.13515078913903,10.536391025024729,3.3297121550620665,-70.68723710272286,0
1775582737001660400,3586.965660400391,549.946581129916,1.481998924358929,180,-33.43941749861191,524.1318876789883,255.13515078913903,10.50781574263744,3.3722806240162266,-70.68723683676116,0
1775582738001683500,3587.965683349609,549.946581129916,1.4333834204067473,180,-33.43941782401508,524.1318876789883,255.13515078913903,10.480482540578318,3.415895903321341,-70.68723635729712,0
1775582739001707500,3588.9657075195314,549.946581129916,1.3588634086852835,180,-33.43941799536629,524.1318876789883,255.13515078913903,10.453114663083264,3.474014987306442,-70.68723610482036,0
1775582740001731000,3589.965730957031,549.946581129916,1.2977293323951238,180,-33.43941828815722,524.1318876789883,255.13515078913903,10.405537590500092,3.5619969522578248,-70.68723567340872,0
1775582741001755000,3590.9657548828127,549.8977648215368,1.2375410311689772,180,-33.43941835963054,524.0830713706091,255.1351577399459,10.404193616637688,3.6107831457629365,-70.68724193573915,0.03772289375740498
1775582742001778700,3591.9657788085938,549.9833847703412,1.5593121784751123,180,-33.439418987285585,524.1686913194135,255.13516019250457,10.404872433534305,3.8927984003415044,-70.68724431337286,0.08040633623186307
1775582743001802000,3592.9658020019533,549.842069924809,1.5621947661073012,180,-33.43941866805058,524.0273764738813,255.13516558942348,10.35613305463809,3.9630323350427883,-70.68724896746987,0.04489094321808432
1775582744001824500,3593.965824462891,550.0384224392474,1.5696691246493562,180,-33.439418607472916,524.2237289883196,255.13516586455546,10.356823351845385,4.008961008090307,-70.68724922761947,0
1775582745001849000,3594.965849121094,550.0384224392474,1.5429612875333354,180,-33.439418798372145,524.2237289883196,255.13516586455546,10.32510351755642,4.001504478250424,-70.68724902272986,0
1775582746001872600,3595.9658725585937,550.0384224392474,1.537209455803917,180,-33.43941898067144,524.2237289883196,255.13516586455546,10.294908952118579,4.035311117928229,-70.68724882707043,0
1775582747001896200,3596.9658962402345,550.0384224392474,1.5346869689803646,180,-33.43941915949301,524.2237289883196,255.13516586455546,10.265068019025364,4.07413236232208,-70.68724863514359,0
1775582748001919700,3597.9659196777343,550.0384224392474,1.502984704954725,180,-33.43941945601444,524.2237289883196,255.13516586455546,10.22229984354311,4.108048362478298,-70.68724831689103,0
1775582749001943600,3598.965943603516,550.0384224392474,1.5017750954926894,180,-33.439419622023514,524.2237289883196,255.13516586455546,10.194418321324145,4.140869173592224,-70.68724813871569,0
1775582750001966600,3599.9659665527342,550.0384224392474,1.4918565013074485,180,-33.43941978594287,524.2237289883196,255.13516586455546,10.166819547184923,4.128238038928762,-70.68724796278322,0
1775582751001991400,3600.965991455078,550.0384224392474,1.4618535324372983,180,-33.439420066529934,524.2237289883196,255.13516586455546,10.183889024479813,4.098052807475688,-70.68724766163282,0
1775582752002014200,3601.966014160156,550.0384224392474,1.4050982432260377,180,-33.43942021931116,524.2237289883196,255.13516586455546,10.157851709696994,4.297207021363691,-70.68724749765477,0
1775582753002038500,3602.9660385742186,550.0384224392474,1.394629851591309,180,-33.43942047786932,524.2237289883196,255.13516586455546,10.11602607511265,4.300535938102719,-70.68724722014771,0
1775582754002062300,3603.9660622558595,550.0384224392474,1.3284512152291443,180,-33.4394207302459,524.2237289883196,255.13516586455546,10.07200528365133,4.268371475011718,-70.68724694927526,0
1775582755002086400,3604.966086425781,550.0384224392474,1.327876764611463,180,-33.43942096847956,524.2237289883196,255.13516586455546,10.03036283502801,4.260564075814315,-70.68724669358221,0
1775582756002109700,3605.9661096191408,550.0384224392474,1.255426952012284,180,-33.43942108727396,524.2237289883196,255.13516586455546,10.009526401882528,4.168308448779342,-70.68724656608174,0
1775582757002133500,3606.966133544922,550.0384224392474,1.2504776705497225,180,-33.43942119272492,524.2237289883196,255.13516586455546,9.99156843618459,4.101880951877469,-70.68724645290263,0
1775582758002156800,3607.9661567382814,549.9370966078714,1.245986799884144,180,-33.4394261133772,524.1224031569436,255.13515528217602,9.973671972264869,4.113790005429627,-70.68723714736711,0
1775582759002180600,3608.9661806640624,549.8698079669848,1.5905720725292458,180,-33.43942598352798,524.0551145160571,255.1351564717492,9.955692924449435,4.298103385728894,-70.68723804098629,0.012853869195730177
1775582760002204400,3609.9662043457033,549.8695775326341,1.4573399297926595,180,-33.43942615272088,524.0548840817064,255.13515643536357,9.926933900650184,4.177933583422111,-70.68723771837671,0
1775582761002227700,3610.966227783203,549.8695775326341,1.4001870006656014,180,-33.43942631354473,524.0548840817064,255.13515643536357,9.916747795083156,4.138402799295776,-70.68723752915797,0
1775582762002252500,3611.966252441406,550.0164798106998,1.6152479130992048,180,-33.439426629484466,524.2017863597721,255.13515134865406,9.894833991929971,4.196197327600055,-70.6872329393569,0
1775582763002276000,3612.966276123047,549.9493575803936,1.5513062252453043,180,-33.43942723067181,524.1346641294658,255.13515335502018,9.973718058230054,4.1608036625427784,-70.68723446242142,0.05206024784904892
1775582764002300000,3613.9662998046874,549.954498517327,1.4583645671573877,180,-33.43942713397699,524.1398050663993,255.13515323682577,9.974473517413513,4.071737220426543,-70.6872343552433,0
1775582765002324200,3614.96632421875,549.954498517327,1.4574083352849354,180,-33.43942729605529,524.1398050663993,255.13515323682577,9.950203666542913,4.036168978967613,-70.68723415249256,0
1775582766002347500,3615.9663474121094,550.0603652680293,1.3298972888238982,180,-33.43942378477274,524.2456718171015,255.13514374720523,9.981999507949899,3.936931825954021,-70.68723175573489,0
1775582767002371000,3616.96637109375,549.9832819141448,1.1339933382693133,180,-33.43942417250847,524.168588463217,255.13514126371246,9.961884119088177,3.8757277302841864,-70.68722934442832,0
1775582768002395100,3617.9663950195313,549.9832819141448,1.0053522536927324,180,-33.439424282313475,524.168588463217,255.13514126371246,9.947569931799155,3.845099150673107,-70.6872291706299,0
1775582769002419000,3618.9664189453124,549.9832819141448,1.0024994003842937,180,-33.43942543119767,524.168588463217,255.13514126371246,10.377737394828614,3.980038595996476,-70.68722735218597,0
1775582770002442800,3619.966442871094,549.9172517899424,1.5946166138878373,180,-33.43942663670787,524.1025583390146,255.1351386734779,10.797993709584693,4.157325364261784,-70.68722276617807,0.03246435468861101
1775582771002466600,3620.9664665527343,549.9195995442569,1.4556023486964695,180,-33.43942941804434,524.1049060933292,255.13513858927118,10.58647458302126,4.0784515789804106,-70.68721826261162,0
1775582772002490600,3621.966490722656,549.9195995442569,1.4788441459626755,180,-33.439430609895574,524.1049060933292,255.13513858927118,11.015523924406468,3.979754553124869,-70.68721629251235,0
1775582773002515000,3622.9665148925783,549.9171538380906,1.5329958770881404,180,-33.43943251457947,524.1024603871629,255.1351365242372,11.39790580990092,4.176687314742337,-70.68721189615508,0.07989127098097222
1775582774002538200,3623.966538330078,549.9933718172833,1.122192408778324,180,-33.43943369823258,524.1786783663556,255.13513560854204,11.739495729680677,3.9894134613369707,-70.6872088847992,0
1775582775002562600,3624.9665625,550.0831098724157,1.5857566775855316,180,-33.43943353401098,524.2684164214879,255.13513267376322,12.021943516600889,4.159540515405117,-70.68720303798229,0
1775582776002585600,3625.9665856933593,550.1063077785075,1.558965760085458,180,-33.439433906046716,524.2916143275797,255.1351328035746,11.985345158916394,4.129673764290918,-70.68720100051853,0.007998802421717481
1775582777002609700,3626.9666096191404,550.1529733845964,1.6613279361533666,180,-33.439434388330874,524.3382799336687,255.1351330157548,12.261450432196321,4.038095672984546,-70.68719912743623,0.015530278734083355
1775582778002632700,3627.9666328125,550.1624185154215,1.528622566529396,180,-33.439435543810895,524.3477250644937,255.1351329520432,12.510138308981373,3.9767200676104575,-70.68719690094842,0
1775582779002656800,3628.9666567382815,550.0656774416566,1.7298239327263853,180,-33.439437888452886,524.2509839907289,255.13513041112157,12.5999693444559,3.8147333477886605,-70.68719132102777,0.06296488923561978
1775582780002680600,3629.9666806640626,549.9898801399395,1.9670033581731605,180,-33.43943960765627,524.1751866890118,255.1351304061435,12.810644935222951,3.3499544893979047,-70.68718932010741,0.044057106881024835
1775582781002704600,3630.9667045898436,549.9735173331574,1.4025105820337225,180,-33.43943978856358,524.1588238822296,255.13513035095693,13.130224938494802,3.3793156447688397,-70.68718959358269,0
1775582782002730000,3631.9667299804687,549.9735173331574,1.3767266938931109,180,-33.43943994444232,524.1588238822296,255.13513035095693,13.07776777063511,3.315722292672098,-70.68718929786205,0
1775582783002751700,3632.9667517089842,549.9542616261169,1.160140400682223,180,-33.43943923467569,524.1395681751892,255.13512531314774,13.027248579190417,3.2393004732218036,-70.68718157184621,0.057332786246176264
1775582784002777000,3633.9667770996093,549.9408957036212,1.711599278722321,180,-33.439437547074135,524.1262022526935,255.13512239378088,12.97402753006449,3.311450093596865,-70.68717680624353,0
1775582785002801200,3634.966801269531,549.9408957036212,1.6403659719019825,180,-33.43943776088162,524.1262022526935,255.13512239378088,12.909631504940238,3.194249207031702,-70.68717635976311,0
1775582786002824400,3635.9668244628906,549.9408957036212,1.6620779461008444,180,-33.43943795601333,524.1262022526935,255.13512239378088,12.936825497116455,3.342605056599143,-70.68717595228209,0
1775582787002848500,3636.9668486328123,549.9408957036212,1.5778085899630376,180,-33.43943815196777,524.1262022526935,255.13512239378088,12.866547655454438,3.273689924269295,-70.68717554308301,0
1775582788002872000,3637.9668720703125,550.2184856198728,1.548707784647373,180,-33.43943629631396,524.4037921689451,255.13512135277267,12.804193094853815,3.262148642874631,-70.68717360175017,0.04194944536834414
1775582789002896400,3638.966896484375,550.0296456217766,1.7457082410375686,180,-33.43943824540749,524.2149521708488,255.135122499901,12.743229499345503,3.272782386793318,-70.68717451095095,0.08749037829753453
1775582790000872700,3639.9648728027346,550.0755348335952,1.9828868730976223,180,-33.43943906643529,524.2608413826674,255.13512109156653,12.710319443107055,3,-70.68717162451861,0.039275620896743274
1775582791000855000,3640.9648549804688,550.1856101900339,2.2000579541104264,180,-33.43943894707311,524.3709167391062,255.1351242794488,12.58423704396533,3,-70.68717511261228,0.05155809805080203
1775582792000872700,3641.9648728027346,550.3253004616126,2.2889353597334128,180,-33.4394367757663,524.5106070106849,255.13512310048984,12.584546814318804,3,-70.68717338390485,0.029293502177712084
1775582793000852200,3642.964852294922,550.2452908605337,2.3164418522237047,180,-33.43943745079254,524.430597409606,255.13511641472482,12.584856621068509,3,-70.68716400113516,0.007785798638726591
1775582794000822300,3643.964822265625,550.2096423730254,2.3393288340196587,180,-33.4394381832364,524.3949489220977,255.1351114492053,12.651055143980651,3,-70.687156965189,0
1775582795000825900,3644.964825927734,550.2096423730254,1.737864929751211,180,-33.43943850364911,524.3949489220977,255.1351114492053,12.522857440588108,3,-70.6871561911803,0
1775582796000800000,3645.9648000488282,550.3891225345433,1.6789088484060037,180,-33.439436438781826,524.5744290836155,255.13511567795078,12.453303588617002,3,-70.68716152446044,0.05869770930173587
1775582797000767500,3646.964767578125,550.3979874951765,1.3799310505626732,180,-33.43943630906863,524.5832940442488,255.13511573672048,12.455018672859351,3,-70.6871615996398,0
1775582798000769000,3647.964769042969,550.3979874951765,1.368615479022672,180,-33.43941633256576,524.5832940442488,255.13511573672048,12.146726662386152,3,-70.68718649598331,0
1775582799000740000,3648.964739990234,550.3979874951765,1.4371065921939787,180,-33.43941656193455,524.5832940442488,255.13511573672048,12.140020138047825,3,-70.6871860972168,0
1775582800000708000,3649.9647080078125,550.4618273954839,1.363747285702498,180,-33.43941231324306,524.6471339445561,255.1351239530191,12.09667311644853,3,-70.6871961965602,0
1775582801000708600,3650.964708496094,550.4287982378155,1.7887252037104748,180,-33.43940925700025,524.6141047868878,255.13512731712612,12.058081670020526,3,-70.68720007732881,0.05832103422333966
1775582802000682000,3651.9646818847655,550.3975936891511,1.6412041508061717,180,-33.439409081351286,524.5829002382234,255.13512762931728,12.064683499184534,3,-70.68720047249853,0.031546197289516714
1775582803000660500,3652.9646604003906,550.393571132794,1.9751834067730432,180,-33.43941022671354,524.5788776818663,255.1351237982046,12.065083145146101,3,-70.68719555404594,0.0275762783099121
1775582804000665000,3653.9646650390623,550.1354169202968,2.1523990519808462,180,-33.439409599691054,524.3207234693691,255.13511935020188,12.160456556431983,3,-70.68718969037782,0.022783795366180946
1775582805000668400,3654.964668457031,550.2443040926009,1.2093441076204252,180,-33.43941047509635,524.4296106416732,255.13512343260538,12.160840856486312,3,-70.68719507475406,0
1775582806000673800,3655.964673828125,550.2443040926009,1.164422383287023,180,-33.43941063735294,524.4296106416732,255.13512343260538,12.130073092871434,3,-70.68719478919985,0
1775582807000679400,3656.9646794433593,550.2443040926009,1.0325021897250322,180,-33.43941078652114,524.4296106416732,255.13512343260538,12.107525404074009,3,-70.68719452667982,0
1775582808000686000,3657.9646860351563,550.1529701622203,1.6961304688121808,180,-33.43941096707773,524.3382767112926,255.1351178915648,12.085550214347675,3,-70.68718713774304,0.023872006636757013
1775582809000694300,3658.9646943359376,550.2589267138392,1.585703856723495,180,-33.43941069144094,524.4442332629114,255.1351115409689,12.17657031568897,3,-70.68717876490386,0.006964690586585496
1775582810000703700,3659.9647038574217,550.3414136320353,1.5750124314108316,180,-33.43941058043966,524.5267201811075,255.1350980735011,12.176950340336639,3,-70.68716102645762,0.0093920813287773
1775582811000713500,3660.9647133789063,550.2773741148412,1.8362284709100964,180,-33.439410923940265,524.4626806639135,255.1350968330835,12.177330256574967,3,-70.68715939953283,0
1775582812000724000,3661.964723876953,550.4227696936578,1.6830708063447668,180,-33.43941058615676,524.60807624273,255.1350811880917,12.131168025799152,3,-70.68713813672228,0.0178106484453763
1775582813000735000,3662.964734863281,550.466476934962,1.965754617309833,180,-33.43940987340126,524.6517834840342,255.13507466620808,12.131556299823579,3,-70.68712958661374,0.01702381885670173
1775582814000746200,3663.9647463378906,550.4978515757248,1.6585055621667508,180,-33.43940701386911,524.683158124797,255.1350759035589,12.08566261650256,3,-70.68713049803443,0.030543740440897825
1775582815000759000,3664.9647590332033,550.5369489276782,1.9190460989564964,180,-33.439405799257734,524.7222554767504,255.13507753123207,12.086058709034347,3,-70.68713256580826,0.025535158947664775
1775582816000771300,3665.9647712402343,550.6736237248406,2.111960211016849,180,-33.43940380180874,524.8589302739128,255.13507639060424,12.08645549435124,3,-70.68713101806412,0.08388680222826474
1775582817000786000,3666.964785888672,550.6157300537452,2.419373043825692,180,-33.43940419891874,524.8010366028175,255.1350724309789,12.140080283374791,3,-70.68712584466475,0.21302017545540097
1775582818000799700,3667.9647998046876,550.7276656832546,1.4231753427137148,180,-33.43939858428586,524.9129722323269,255.1350663052326,12.140468536978219,3,-70.68711764653175,0.045298480063526936
1775582819000813600,3668.9648134765625,550.7490526661277,1.040790760816658,180,-33.439396390040024,524.9343592152,255.13506462925997,12.140854083323235,3,-70.68711537899797,0
1775582820000828700,3669.964828613281,550.623901472427,1.731013728151349,180,-33.43939497617948,524.8092080214992,255.13505279407548,12.11868460726263,3,-70.6870995833187,0.011241103990182627
1775582821000844300,3670.9648442382813,550.5892587015405,1.933244235345538,180,-33.43939317800565,524.7745652506128,255.1350521663116,12.119075207069562,3,-70.68709870164841,0.012993152337456156
1775582822000859600,3671.9648596191405,550.6554179750383,1.3154001005130365,180,-33.43939074841306,524.8407245241106,255.13504940417636,12.182868282208512,3,-70.68709497845282,0
1775582823000875000,3672.964875,550.694682776928,1.8722768531335143,180,-33.439390320856724,524.8799893260002,255.13504877398037,12.146192032282167,3,-70.68709358657318,0.09875259598276685
1775582824000893200,3673.964893066406,550.6699507674202,2.0934484572383916,180,-33.439388488855734,524.8552573164925,255.13505430472685,12.146578240934955,3,-70.68710076899102,0.16242248155420508
1775582825000908800,3674.9649086914064,550.6684576384723,2.183877319572279,180,-33.4393874086336,524.8537641875446,255.13504555832873,12.154226853357649,3,-70.68708925841085,0.03301500954584033
1775582826000927000,3675.964927001953,550.8054048242047,1.0582305742561613,180,-33.439389082781936,524.990711373277,255.13505146336607,12.154612293811681,3,-70.68709705116302,0
1775582827000943000,3676.9649431152343,550.8623549463227,1.7552083910752516,180,-33.43939616585051,525.047661495395,255.1350528506604,12.146528484186973,3,-70.68709942979076,0.04083669405535375
1775582828000962000,3677.964962158203,550.7765098754317,1.9737854601230953,180,-33.43940096900624,524.9618164245039,255.13506418049332,12.146914315022723,3,-70.6871144193602,0.1391993181809603
1775582829000979500,3678.9649794921875,550.7318792417645,1.9778334324891054,180,-33.439403269577,524.9171857908368,255.1350661338147,12.164643360646606,3,-70.6871168017361,0.4478991581591998
1775582830000998100,3679.964998046875,550.7233472950757,1.631201096723865,180,-33.43939418340944,524.9086538441479,255.13507293538265,11.974066867845979,3,-70.68714762810501,0.20612049842077645
1775582831001016000,3680.9650161132813,550.7185232099146,1.3729377420967774,180,-33.43939412086995,524.9038297589868,255.13507270157223,11.97448218244059,3,-70.68714732619385,0
1775582832001035000,3681.9650349121093,550.7876151241362,1.7723473908265215,180,-33.43939717487285,524.9729216732085,255.13508481328887,11.90212220597637,3,-70.68716143106356,0.05934266373851369
1775582833001053700,3682.9650537109374,550.8046469194815,1.4678438413168464,180,-33.439396994331474,524.9899534685537,255.13508459054657,11.902550445721571,3,-70.68716114001394,0
1775582834001073000,3683.9650729980467,550.8046469194815,1.3735097411192745,180,-33.439397282662505,524.9899534685537,255.13508459054657,11.859978159100002,3,-70.68716047554983,0
1775582835001091800,3684.965091796875,550.7174510182813,1.7791098952973174,180,-33.43939660321031,524.9027575673535,255.13506846022716,11.835759300007062,3,-70.68714081722867,0.03786562216019737
1775582836001111800,3685.965111816406,550.7107023550197,1.4657845662104292,180,-33.43939670142844,524.896008904092,255.135068263674,11.836199004896226,3,-70.68714056976393,0
1775582837001131500,3686.9651315917968,550.790438214317,1.4601903619350518,180,-33.43939429024255,524.9757447633892,255.13505460620667,11.761956726289108,3,-70.68712243494372,0.007164829986547333
1775582838001149700,3687.9651496582032,550.5634068436921,1.8748524812092975,180,-33.43939319167244,524.7487133927643,255.13505189656536,11.762407714172346,3,-70.68711906452803,0.04620569423660874
1775582839001170000,3688.965169921875,550.6365987751633,2.2345086383171524,180,-33.43939262231051,524.8219053242356,255.135050090658,11.762860338443536,3,-70.68711682140716,0.03522319635109268
1775582840001190700,3689.965190673828,550.7292612511665,2.665775489958675,180,-33.43939360101504,524.9145678002387,255.13504979351612,11.819507407787716,3,-70.68711647683182,0
1775582841001210600,3690.9652106933595,550.7292612511665,1.7582731779010718,180,-33.43939442536896,524.9145678002387,255.13504979351612,11.68507558893379,3,-70.68711398411878,0
1775582842001230600,3691.965230712891,550.6246772585437,1.616473229964568,180,-33.43939576699364,524.8099838076159,255.1350446865975,11.627385384072491,3,-70.68710681530968,0.044393119914659704
1775582843001250300,3692.9652502441404,550.6251231916249,1.5392719947659037,180,-33.439395731797596,524.8104297406971,255.13504454622108,11.628437850326021,3,-70.68710663964352,0
1775582844001271600,3693.965271484375,550.7016574526206,1.537419826329137,180,-33.43939727603658,524.8869640016928,255.1350432895132,11.584196218735242,3,-70.6871047983158,0
1775582845001291300,3694.9652912597658,550.7016574526206,1.4661868353221683,180,-33.43939754452402,524.8869640016928,255.1350432895132,11.579839433186367,3,-70.6871039656192,0
1775582846001311200,3695.9653112792967,550.8177487198263,1.8604599058205578,180,-33.439389873005105,525.0030552688986,255.13504383881462,11.575774988410421,3,-70.68710318777802,0.09868566288220128
1775582847001332200,3696.9653322753907,550.9049565941095,2.1748258460862226,180,-33.43938779708697,525.0902631431818,255.13504486094325,11.576259590899888,3,-70.6871043331886,0.06810498510863114
1775582848001353200,3697.965353271484,550.956577363424,1.4334081465714623,180,-33.4393863362653,525.1418839124963,255.13504834727888,11.583045926067706,3,-70.68710843407949,0
1775582849001373200,3698.9653732910156,550.6777764391154,1.9101491207929044,180,-33.43938540362289,524.8630829881877,255.13504529463762,11.545714348185975,3,-70.68710409717191,0.2022165511854607
1775582850001394000,3699.9653937988282,550.7517761457711,2.1272279103001037,180,-33.439383848150285,524.9370826948434,255.13504096855195,11.257648807139498,3,-70.68709277785092,0.07345617088969568
1775582851001415000,3700.965414794922,550.7563304146752,1.4314064036452483,180,-33.43938507519351,524.9416369637474,255.1350407823588,11.664391535847496,3,-70.68708761485603,0
1775582852001436200,3701.9654362792967,551.1668184055015,1.9101974492809213,180,-33.43937019490571,525.3521249545738,255.13503468046127,11.970401254953416,3,-70.68707485822698,0.10120719919573735
1775582853001456600,3702.9654565429687,551.262513725087,2.0125375122924876,180,-33.43936263994198,525.4478202741593,255.13504705592368,11.914457486789354,3,-70.68708710403565,0.35612970543133343
1775582854001477600,3703.9654775390627,550.7626426601782,2.3319266982366083,180,-33.43936125147056,524.9479492092505,255.13504719710758,11.996982543057838,3,-70.68708347290786,0.3406443122135351
1775582855001499400,3704.965499511719,550.7479635030031,1.523247169200816,180,-33.439352893859095,524.9332700520754,255.13504887323126,11.307979703168751,3,-70.68707966448818,0.08253656743713873
1775582856001521000,3705.965520996094,550.7135689714924,1.965810194486877,180,-33.43938041317309,524.8988755205646,255.1350543751007,11.509621700083287,3,-70.68708395782835,0.21598280876965884
1775582857001542100,3706.965542236328,550.861219489947,1.197825396477387,180,-33.4393609896055,525.0465260390192,255.13505732652726,11.061456998507188,3,-70.68712805007021,0.040331601337895796
1775582858001563100,3707.965563232422,550.5691812029108,1.802734200461895,180,-33.43937181029967,524.7544877519831,255.13506034281087,11.081283450032625,3,-70.68712844617197,0.08311837876090833
1775582859001584600,3708.965584716797,550.9258421594277,1.9278775774777834,180,-33.43940223231975,525.1111487085,255.13507155821952,11.049859279887801,3,-70.68714001200088,0.4529180245576903
1775582860001605600,3709.9656057128905,550.8959137937054,2.102221265728387,180,-33.43941752262621,525.0812203427777,255.13508264350534,11.011966944365213,3,-70.68715177902938,0.41512328454977576
1775582861001626400,3710.965626464844,550.7909581679851,1.5635556634143057,180,-33.439411060815495,524.9762647170573,255.13508380513605,10.759288657113098,3,-70.68716211418256,0.12240468701914264
1775582862001647900,3711.9656479492187,550.7925117416307,1.4502448993810964,180,-33.43941229266902,524.977818290703,255.13508355523112,10.793106952841413,3,-70.68716241834512,0
1775582863001668900,3712.9656689453127,550.6803130172193,1.756069209216758,180,-33.4394077891619,524.8656195662916,255.13509813432626,10.786060795106556,3,-70.68717677582671,0.0350508975800442
1775582864001689300,3713.965689453125,550.7141585126519,1.1691649493902865,180,-33.43940573898585,524.8994650617242,255.13509753178158,10.786679306955095,3,-70.6871760847005,0
1775582865001711900,3714.9657119140625,550.6015524128452,1.75107494658052,180,-33.439403621526175,524.7868589619175,255.1351000287212,10.766963094591432,3,-70.68717826723828,0.03128951210588617
1775582866001733400,3715.9657333984374,550.4635154949501,1.840494772349204,180,-33.43940521546513,524.6488220440224,255.13510692058549,10.767954948942156,3,-70.68718540929758,0.15821483474912798
1775582867001755000,3716.9657548828127,550.5026353318244,2.1063666980167057,180,-33.439389769628725,524.6879418808967,255.13511233320745,9.970528610875512,3,-70.68719316264084,0.2434206995928469
1775582868001776000,3717.965776123047,550.435420576483,1.6332759817421605,180,-33.43938870635516,524.6207271255553,255.13511945871346,10.051780489214018,3,-70.68719952337457,0.10549252933864295
1775582869001798100,3718.965798095703,550.2785772383213,1.2861001862661614,180,-33.439388619663845,524.4638837873936,255.1351263377294,10.052523189311225,3,-70.6872056935621,0
1775582870001819100,3719.9658190917967,550.179590205662,1.2786966669442144,180,-33.439388929982144,524.3648967547342,255.13512602857625,10.0333315687764,3,-70.68720517798094,0
1775582871001840000,3720.9658400878907,550.1800440186635,1.7835665015968603,180,-33.43938977229835,524.3653505677357,255.13512287499634,10.0164917033884,3,-70.68720214982176,0.020496601880635238
1775582872001862100,3721.965862060547,550.2024650471285,1.8053936501340355,180,-33.43939062458321,524.3877715962008,255.13512039285166,10.017241374339505,3,-70.68719996286057,0.01490853625501085
1775582873001883400,3722.965883300781,550.2159271994606,2.017740594911405,180,-33.43938362196674,524.4012337485328,255.13512136346748,9.948464003011168,3,-70.68722137219939,0.034811904077453396
1775582874001905400,3723.965905517578,550.2171881860122,1.5468847470220946,180,-33.43938630740318,524.4024947350845,255.13512126862213,10.583209237232305,3,-70.68722355535525,0
1775582875001926400,3724.965926513672,550.0722830127925,1.4633031003940604,180,-33.43938688191164,524.2575895618647,255.13513213338425,10.550274566465346,3,-70.68723374127222,0
1775582876001948000,3725.965947998047,550.2240195143968,1.3784092292327759,180,-33.439384971789124,524.409326063469,255.13513255575083,10.528085724980711,3,-70.68723364155501,0.019352698396287563
1775582877001969400,3726.9659694824218,550.1757083237171,1.7928862315517688,180,-33.43941403463968,524.3610148727894,255.13513235848882,9.983254405943487,3,-70.68718900344358,0.015008353974033538
1775582878001991200,3727.9659912109373,550.1713213343173,1.177672694685886,180,-33.43941124836704,524.3566278833896,255.1351267371778,9.947949773756205,3,-70.68718372647933,0
1775582879002012700,3728.9660126953127,550.1713213343173,1.1584190137145205,180,-33.43938146597399,524.3566278833896,255.1351267371778,9.479386515809189,3,-70.68722566874703,0
1775582880002034700,3729.966034667969,550.2328366022557,1.0175757798488945,180,-33.439380113557014,524.418143151328,255.13513055621144,9.466668304962647,3,-70.6872284280843,0
1775582881002056200,3730.9660561523438,550.2131787184626,1.680043816935895,180,-33.43939758530874,524.3984852675349,255.13514403626993,9.228253789310731,3,-70.68721885532678,0.08945014033323823
1775582882002078500,3731.9660783691406,550.1455412367359,1.9606269732428676,180,-33.43939870730057,524.3308477858081,255.13514697908562,9.22914029349314,3,-70.68722111848224,0.11936095266811947
1775582883002099500,3732.966099365234,550.1751205194741,2.2775788683811085,180,-33.43939901611299,524.3604270685464,255.13515265958335,9.206454748097242,3,-70.68722520086497,0.2303801146326007
1775582884002122000,3733.9661220703124,550.1848540259525,1.327564193198951,180,-33.43939887678699,524.3701605750248,255.13515244322474,9.207348131651788,3,-70.68722503752281,0
1775582885002143500,3734.9661435546873,550.1848540259525,1.1752396340198525,180,-33.439391502235516,524.3701605750248,255.13515244322474,9.185722291886314,3,-70.68723294765672,0
1775582886002164700,3735.966164794922,550.1848540259525,1.2743961573621587,180,-33.43939168808945,524.3701605750248,255.13515244322474,9.190729192562955,3,-70.68723283470493,0
1775582887002186200,3736.966186279297,550.1848540259525,1.27280935809504,180,-33.439391905088314,524.3701605750248,255.13515244322474,9.176654059025346,3,-70.68723270282493,0
1775582888002208300,3737.966208251953,549.9450426734984,1.7881337271732818,180,-33.43939239358542,524.1303492225707,255.13514939296,9.16268704875986,3,-70.68723030699458,0.010787886393328717
1775582889002229800,3738.966229736328,550.0038689626381,1.9078399779377624,180,-33.43939327776424,524.1891755117103,255.13514611829765,9.163753991021112,3,-70.6872278919754,0
1775582890002251300,3739.9662512207033,549.9606017861515,1.72306776420314,180,-33.43939290563094,524.1459083352238,255.13514753225468,9.131611226097643,3,-70.68722857578105,0.04166176517658475
1775582891002273500,3740.9662734375,550.0721042063087,2.0289744549617486,180,-33.43939269187363,524.257410755381,255.13514768242925,9.187031920915848,3,-70.68722868133091,0
1775582892002294800,3741.9662946777344,550.0881822714582,1.7486584364755422,180,-33.43939224508662,524.2734888205305,255.13515055215524,9.149684232099371,3,-70.68723061387786,0.04341362838262547
1775582893002317000,3742.966317138672,549.9878460252658,1.97986460838254,180,-33.43939183675388,524.173152574338,255.1351469186515,9.150585270931783,3,-70.68722789951724,0.047179515803733675
1775582894002338300,3743.966338378906,550.0009473767132,1.3936284429516217,180,-33.439392894675976,524.1862539257854,255.135147317368,9.155560774168288,3,-70.68722822933157,0.04426463266133854
1775582895002360300,3744.9663603515623,550.1488867569715,1.8252874340407828,180,-33.439392864276414,524.3341933060437,255.13514530210398,9.24251771106831,3,-70.68722677804476,0.05427958906755518
1775582896002381300,3745.9663813476564,549.8708795038983,2.046528846941137,180,-33.43939591855667,524.0561860529706,255.13514089369426,9.370945201638113,3,-70.68722274022613,0.19068142140645872
1775582897002403800,3746.966403808594,549.9070946332067,1.8691442322163363,180,-33.43939433070726,524.092401182279,255.13513648101252,9.371814274369926,3,-70.68721925156427,0.07660129188305986
1775582898002424300,3747.966424316406,550.0473329760134,1.9472775901823114,180,-33.43939323439917,524.2326395250857,255.135138404935,9.372676523142841,3,-70.68722071760234,0.045966758049044654
1775582899002446600,3748.966446533203,550.1390422619879,2.01614579155125,180,-33.43938310836806,524.3243488110602,255.13512509348652,9.161318905560412,3,-70.68722427375882,0.14874422116465122
1775582900002468000,3749.9664680175783,550.2313267020509,2.1869912608665993,180,-33.43938536230028,524.4166332511231,255.13513774822698,9.826086955499708,3,-70.68723308174418,0.3340429808490021
1775582901002490600,3750.966490722656,550.2074753018096,1.0753574065315392,180,-33.43938715359416,524.3927818508819,255.13513749125093,10.17613153549684,3,-70.68723312692994,0
1775582902002511600,3751.96651171875,550.2074753018096,1.0360703528905222,180,-33.439389405292445,524.3927818508819,255.13513749125093,10.620886069022728,3,-70.68723082883432,0
1775582903002533400,3752.9665334472656,550.2074753018096,1.6939933459839518,180,-33.43939173218983,524.3927818508819,255.13513749125093,11.01757719977019,3,-70.68722845399007,0
1775582904002555000,3753.9665549316405,550.2074753018096,1.6579047633009516,180,-33.439394307035606,524.3927818508819,255.13513749125093,11.131310369720032,3,-70.68722582608834,0
1775582905002577400,3754.966577392578,550.3491287566721,1.6537344195772827,180,-33.43939569607812,524.5344353057444,255.13512982571086,11.513667726414864,3,-70.68721409069921,0
1775582906002598000,3755.9665979003908,550.3491287566721,1.61710058433866,180,-33.4393965043448,524.5344353057444,255.13512982571086,11.897492659741262,3,-70.6872131861809,0
1775582907002620200,3756.9666201171876,550.328232711181,1.6066220772812456,180,-33.43939821432283,524.5135392602533,255.1351198034514,12.186005138623077,3,-70.68719690875122,0.02547697005365658
1775582908002642200,3757.966642089844,550.3858951563016,1.8956816292212795,180,-33.439402264988765,524.5712017053738,255.13511463800654,12.293782730553946,3,-70.68718761671091,0
1775582909002664200,3758.9666643066407,550.3377923592925,2.1566777004310356,180,-33.43940292153819,524.5230989083648,255.135112423335,12.290752706934708,3,-70.68718382924585,0.015568126667657802
1775582910002685200,3759.9666853027343,550.2026500087231,2.4574816631609404,180,-33.439404738816194,524.3879565577954,255.13511039060546,12.291114217925129,3,-70.6871811556391,0.07730027301086144
1775582911002706400,3760.966706542969,550.2771426616237,2.7236086397088535,180,-33.43940564752936,524.4624492106959,255.1351148515638,12.141511354127518,3,-70.68718491739814,0.27098122091560983
1775582912002729000,3761.966729003906,550.371509751305,2.571792703133363,180,-33.439406735744136,524.5568163003772,255.13510829755063,11.989350955721576,3,-70.68717277520292,0.24882591531056905
1775582913002751000,3762.9667509765627,550.3866774979979,1.0747311469865064,180,-33.43940458424433,524.5719840470701,255.13510164070323,11.989765640625992,3,-70.6871642082857,0
1775582914002772700,3763.9667727050783,550.3866774979979,1.0359651816274213,180,-33.43940477081073,524.5719840470701,255.13510164070323,11.981639523230797,3,-70.68716395548692,0
1775582915002794200,3764.966794189453,550.1568801784888,1.7202843759129711,180,-33.43940616358964,524.342186727561,255.13509613884037,11.96022771229076,3,-70.68715677297213,0.10735847231814012
1775582916000673300,3765.9646733398436,550.1471229018643,1.4767565441923705,180,-33.43940914444308,524.3324294509366,255.1350959129938,11.96325159176512,3,-70.68715715271028,0.035697717756743005
1775582917000656400,3766.9646564941404,550.341672279872,1.9015129344263626,180,-33.439409257992715,524.5269788289443,255.13509484989504,11.964985472741251,3,-70.68715580130122,0.08217362463858666
1775582918000668400,3767.964668457031,550.4020123090595,2.0313440406047873,180,-33.43941082430501,524.5873188581318,255.13509063870242,11.965403217009863,3,-70.68715049426734,0.08897406689404413
1775582919000656000,3768.964655761719,550.2268455354497,1.6828330819708135,180,-33.439403187299796,524.412152084522,255.13508935367327,11.514658816488959,3,-70.68717068281947,0.022108429825376398
1775582920000669700,3769.9646696777345,550.4085746835917,1.9343275234541202,180,-33.43940287134429,524.593881232664,255.13510440912916,11.515153220895337,3,-70.68718839281489,0
1775582921000642600,3770.964642578125,550.4085746835917,1.7267164400761974,180,-33.4394035500821,524.593881232664,255.13510440912916,11.448517003840767,3,-70.68718743380478,0
1775582922000619800,3771.964619873047,550.4085746835917,1.7048801457169527,180,-33.43940408232055,524.593881232664,255.13510440912916,11.4028030392406,3,-70.68718668178825,0
1775582923000592600,3772.964592529297,550.4085746835917,1.6502917312025664,180,-33.439404592020765,524.593881232664,255.13510440912916,11.352445227042928,3,-70.6871859616167,0
1775582924000598300,3773.9645983886717,550.1496574413031,1.9390475795835578,180,-33.439404985388265,524.3349639903754,255.13510399689983,11.28015996257958,3,-70.68718444737199,0.0495353181280642
1775582925000565500,3774.9645654296874,550.3836182812229,1.3133479669888304,180,-33.4393966231404,524.5689248302951,255.13510221867062,10.463969862117196,3,-70.68719266364992,0
1775582926000539000,3775.9645388183594,550.3836182812229,1.2775376594675996,180,-33.43939691156861,524.5689248302951,255.13510221867062,10.44120503611687,3,-70.68719225501555,0
1775582927000542200,3776.9645422363283,550.3836182812229,1.2771208491437602,180,-33.43939718272122,524.5689248302951,255.13510221867062,10.428429241979966,3,-70.68719187085658,0
1775582928000515600,3777.964515625,550.4416106129065,1.1495042255380694,180,-33.43939823718592,524.6269171619788,255.1350996101827,10.407170029349937,3,-70.68718900654764,0
1775582929000487700,3778.9644877929686,550.4416106129065,1.0067488307791963,180,-33.4393987527868,524.6269171619788,255.1350996101827,10.365997125971276,3,-70.68718826635373,0
1775582930000493600,3779.9644936523437,550.4416106129065,1.0090681336192726,180,-33.43939891829278,524.6269171619788,255.1350996101827,10.35333148121424,3,-70.68718802875422,0
1775582931000501200,3780.964501220703,550.39103381522,1.6173847716032739,180,-33.43940082930744,524.5763403642923,255.13509100918398,10.340654710709838,3,-70.68717968060778,0.01608231548347699
1775582932000511000,3781.964510986328,550.5899475468323,1.732601943554799,180,-33.439399640603355,524.7752540959045,255.13509275099278,10.366223775510793,3,-70.6871813002917,0.10364583749127892
1775582933000521000,3782.9645209960936,550.5730201592669,1.807999990966528,180,-33.439399421470405,524.7583267083392,255.13509926611258,10.366913433467813,3,-70.68718750865644,0.14613524505219194
1775582934000530400,3783.964530517578,550.6045469045639,2.020787024620246,180,-33.439400080412575,524.7898534536362,255.13510848175227,10.305585079260046,3,-70.68719442297335,0.33619870980079075
1775582935000541700,3784.964541748047,550.5198649289086,2.3387251068076966,180,-33.43940114592531,524.7051714779809,255.13511609444916,10.306286342338087,3,-70.68720164024717,0.5167699349841383
1775582936000556500,3785.964556640625,550.4917098991573,1.5884808796846526,180,-33.43940016123213,524.6770164482296,255.13510696433508,10.236707334358703,3,-70.68718990294656,0.019728711590036294
1775582937000566500,3786.96456640625,550.4783504428342,1.589433874564899,180,-33.439400113598495,524.6636569919065,255.1351069438452,10.274214712837844,3,-70.68718987889011,0
1775582938000578800,3787.9645788574217,550.2300805328414,1.893822602004101,180,-33.43940053279154,524.4153870819137,255.1351047940239,10.250984148093575,3,-70.68718710074279,0.2756077850785618
1775582939000591600,3788.9645915527344,550.3753957888111,2.227816021587541,180,-33.439400613736545,524.5607023378834,255.13510945600208,10.251694227330342,3,-70.68719145710868,0.34267448574261894
1775582940000605200,3789.9646052246094,550.3010078361258,2.443278107409833,180,-33.439402455063885,524.486314385198,255.13511256331313,10.254988927897339,3,-70.68719441979682,0.2594167329007303
1775582941000618500,3790.964618408203,550.3020747909322,1.6917896848335092,180,-33.43940223670271,524.4873813400045,255.13511188062944,10.25570001249715,3,-70.68719377580942,0
1775582942000633300,3791.9646333007813,550.3020747909322,1.5153920774464236,180,-33.439402924386734,524.4873813400045,255.13511188062944,10.204881579616762,3,-70.68719296778471,0
1775582943000647400,3792.9646474609376,550.3020747909322,1.5058565079294883,180,-33.43940327919472,524.4873813400045,255.13511188062944,10.176680135545181,3,-70.68719255088742,0
1775582944000662800,3793.964662841797,550.3020747909322,1.4999851432026727,180,-33.43940362571318,524.4873813400045,255.13511188062944,10.149079170288502,3,-70.68719214373027,0
1775582945000678100,3794.9646782226564,550.3020747909322,1.434734000798442,180,-33.439403966109346,524.4873813400045,255.13511188062944,10.126396747398942,3,-70.68719174376673,0
1775582946000694300,3795.9646943359376,550.3020747909322,1.3579633220339302,180,-33.4394042482536,524.4873813400045,255.13511188062944,10.101187130029915,3,-70.68719148428693,0
1775582947000709000,3796.9647092285154,550.4578733863309,1.7147539293660703,180,-33.439406342343396,524.6431799354032,255.13514314283682,9.219472436986337,3,-70.68723980084955,0.17909093725402106
1775582948000725800,3797.9647258300784,550.3036662200466,1.8341465933013315,180,-33.43940535059992,524.4889727691188,255.1351423331535,9.220360763344784,3,-70.68723916281961,0.08020679953254871
1775582948514776800,3798.478776855469,557.2103226386565,1.8341465933013315,180,-33.43939952895269,531.3956291877288,255.1351423331535,8.721228017249663,3.2464992357185065,-70.68723696644936,0.08020679953254871
1775582949000742700,3798.964742675781,550.2354063615203,1.9086919405747658,180,-33.439398388651306,524.4207129105926,255.13514320762215,8.72133574852736,3,-70.68723752030243,0
1775582950000759000,3799.9647590332033,550.3425569375977,1.7004976112319101,180,-33.43939695322734,524.52786348667,255.13515008614712,8.714833468114966,3,-70.68724169601873,0.09633992289464006
1775582951000776200,3800.9647761230467,550.2453861832619,1.377392610761478,180,-33.43940338326809,524.4306927323341,255.13515049835613,9.527290110346962,3,-70.68722331511916,0.046081237911277786
1775582952000793900,3801.9647939453125,549.948734450154,1.7929704222869665,180,-33.43940893477735,524.1340409992263,255.1351430452293,9.898195637297265,3.0203146114332458,-70.68721647868536,0.12795309863860294
1775582953000810800,3802.9648107910157,550.126279970631,1.8154003189708638,180,-33.439409625363105,524.3115865197033,276.1973830401121,10.168252516626472,3,-70.68720817855186,0.5689093631359299
1775582954000828000,3803.9648278808595,550.4599074777216,2.1632234679131015,180,-33.439414692137916,524.6452140267938,276.1973894449238,10.680025186898748,3,-70.68721518602456,0.683967081862351
1775582955000845800,3804.964845703125,550.1381996460259,2.2335373237850695,180,-33.43941351985643,524.3235061950982,276.19738489606704,10.673934370529675,3,-70.68721402304948,0.4451242459640918
1775582956000864000,3805.964864013672,550.0305618355051,2.437069054697398,180,-33.439414710894894,524.2158683845773,276.19738307149845,11.167246865571729,3,-70.68721218468502,0.05985850957014206
1775582957000881700,3806.9648815917967,550.171454985626,2.2439200418065335,180,-33.439412899414705,524.3567615346983,276.19738364914724,11.711578762552747,3,-70.68721253267061,0.09078070850564947
1775582958000899800,3807.964899902344,549.9939413191751,1.6525882948832142,180,-33.43941115672442,524.1792478682473,276.1973761503326,11.784945232622407,3,-70.68720315555372,0.12349086242473718
1775582959000917000,3808.9649169921877,550.0520074553788,1.7305504973053702,180,-33.43940883956106,524.237314004451,276.19739093636184,11.80134253777616,3,-70.68722128016095,0.12479401048206994
1775582960000936000,3809.9649360351564,550.2359423423186,1.7831478482734648,180,-33.43940925959256,524.4212488913909,276.1973970770031,11.751600006506845,3,-70.68722831442044,0.39614187947320145
1775582961000954000,3810.9649541015624,550.2444472014904,1.9267508031788922,180,-33.439405362653666,524.4297537505627,276.19739622026896,11.752038130932668,3,-70.68722803248384,0.35270642021608034
1775582962000972800,3811.9649729003904,550.245369726792,1.5259566839591965,180,-33.4394054047295,524.4306762758642,276.1973957489445,11.781951886655968,3,-70.68722745442919,0
1775582963000991200,3812.9649912109376,550.245369726792,1.417419708739501,180,-33.439405921487,524.4306762758642,276.1973957489445,11.737981860074326,3,-70.6872271862687,0
1775582964001010200,3813.9650102539063,550.245369726792,1.3332065275657086,180,-33.439406361738556,524.4306762758642,276.1973957489445,11.699959844279245,3.0209484131633983,-70.68722695780937,0
1775582965001029000,3814.9650290527343,550.245369726792,1.4049156390065398,180,-33.43940711693768,524.4306762758642,276.1973957489445,11.638553143190743,3.1123903418804675,-70.68722656591459,0
1775582966001048000,3815.965048095703,550.245369726792,1.335109062009822,180,-33.43940753469366,524.4306762758642,276.1973957489445,11.602170127378578,3.1534987154686775,-70.68722634912885,0
1775582967001066800,3816.965066650391,550.245369726792,1.1365836927426456,180,-33.439408264581566,524.4306762758642,276.1973957489445,11.537960993923916,3.3181888413816942,-70.68722597036884,0
1775582968001086200,3817.965086181641,550.245369726792,1.1329377577982267,180,-33.439408899333195,524.4306762758642,276.1973957489445,11.484613057645419,3.333857617595079,-70.68722564097779,0
1775582969001105000,3818.965104980469,550.245369726792,0.9971125926526768,180,-33.43940915815658,524.4306762758642,276.1973957489445,11.462825016029326,3.3833525516104275,-70.6872255066668,0
1775582970001124600,3819.965124511719,550.245369726792,1.6049327567749352,180,-33.43940935774528,524.4306762758642,276.1973957489445,11.452419758612134,3.610860019650346,-70.68722540309442,0
1775582971001143800,3820.965143798828,550.0785092879087,1.590581168267912,180,-33.43939639455304,524.2638158369809,276.19736724323093,11.407220096359982,3.630059429556215,-70.6871951467085,0
1775582972001162500,3821.965162597656,550.0785092879087,1.6142908332866135,180,-33.439400853800876,524.2638158369809,276.19736724323093,10.673117582789825,3.7143349843179445,-70.68720262416116,0
1775582973001183000,3822.9651828613282,550.0785092879087,1.5964962453588094,180,-33.43940142658798,524.2638158369809,276.19736724323093,10.623914381740883,3.7513040910919937,-70.68720198216927,0
1775582974001202000,3823.965201904297,550.0785092879087,1.54892023284952,180,-33.43940176968697,524.2638158369809,276.19736724323093,10.588391668193822,3.728530742969098,-70.68720159761666,0
1775582975001221600,3824.9652216796876,550.0785092879087,1.566284483847674,180,-33.43940230113294,524.2638158369809,276.19736724323093,10.53757212891462,3.6901520748898937,-70.6872010019608,0
1775582976001240600,3825.9652404785156,550.0785092879087,1.5593361460692596,180,-33.43941164045869,524.2638158369809,276.19736724323093,10.555449608928967,3.6379950078022376,-70.68717441757721,0
1775582977001260300,3826.9652602539063,550.4299247758463,1.7524689919304497,180,-33.439408466100566,524.6152313249186,276.1973674626312,10.522248304422941,3.5118199133272494,-70.68717510771552,0.027201806079855458
1775582978001279700,3827.9652797851563,550.3572597904131,2.002103139789865,180,-33.43940796168128,524.5425663394853,276.19736966897204,10.546170301918055,3.1135272638194973,-70.68717736056486,0.05165792546035357
1775582979001299200,3828.9652993164063,550.354188897647,1.5810930543629838,180,-33.43940797859093,524.5394954467192,276.1973695025499,10.546830528576976,3.362421249480576,-70.68717719487458,0
1775582980001319000,3829.9653188476564,550.354188897647,1.5220718387499141,180,-33.43940837117547,524.5394954467192,276.1973695025499,10.490656838079174,3.312315780712813,-70.6871769147461,0
1775582981001338400,3830.9653383789064,550.354188897647,1.475625772993744,180,-33.43940858987165,524.5394954467192,276.1973695025499,10.459641572374768,3.2522204220333326,-70.68717675869554,0
1775582982001358000,3831.965358154297,550.2513972967863,1.4179254871466394,180,-33.43940475186446,524.4367038458586,276.1973704933646,10.430785883384242,3.1891421148097705,-70.68717833937399,0.020507954719846844
1775582983001378600,3832.9653786621093,550.2483800677583,1.4183942666888416,180,-33.43940512998374,524.4336866168305,276.19737042106055,10.381191872709413,3.1489252327448223,-70.68717798413796,0
1775582984001399000,3833.9653989257813,550.2483800677583,1.4184036604543366,180,-33.4394052940115,524.4336866168305,276.19737042106055,10.355192409735812,3.304857163996006,-70.68717786161754,0
1775582985001418200,3834.9654182128907,550.2746846992522,1.34338018593663,180,-33.439399964330825,524.4599912483245,276.1973668748125,10.32939645067411,3.243648493928522,-70.68717547426289,0
1775582986001438200,3835.965438232422,550.1784477699548,1.7497142410708648,180,-33.439398143261045,524.3637543190271,276.1973656124016,10.306820064893058,3.295049998224289,-70.68717455304579,0
1775582987001457200,3836.96545703125,550.1784477699548,1.6008509921940397,180,-33.43939833207634,524.3637543190271,276.1973656124016,10.267924129724028,3.216603536384129,-70.68717435202309,0
1775582988001477000,3837.9654770507814,550.1784477699548,1.5419332475039864,180,-33.43939858454711,524.3637543190271,276.1973656124016,10.231718956749853,3.1400381231255614,-70.68717408322942,0
1775582989001497300,3838.965497314453,550.1822858536616,1.572763877940416,180,-33.4393942641431,524.3675924027339,276.1973539249947,10.707239100293862,3.1180251163320567,-70.68716235663503,0.0584010612987153
1775582990001517300,3839.9655173339843,550.2376055382192,1.813821691409271,180,-33.439395616815524,524.4229120872915,276.1973543361287,11.132053596451744,3.0545395179219046,-70.68716158630285,0.010753911242530948
1775582991001536300,3840.965536376953,550.3955173334107,1.567807748341486,180,-33.43940076071749,524.580823882483,276.19736320675986,11.444956850200034,3.200474706333054,-70.68716957239779,0.31333073078422946
1775582992001557000,3841.9655568847656,550.3994308505207,1.6303016844948197,180,-33.439405190684866,524.584737399593,276.197366111012,11.784360798707992,3.2784161124677658,-70.68717232627097,0.33372087440251014
1775582993001577000,3842.965576904297,550.405913147144,1.6919256610504083,180,-33.43940780977063,524.5912196962163,276.19736253136386,11.860731021126883,3.2702634928018424,-70.68716812365302,0.05712209723924226
1775582994001596400,3843.965596435547,550.3817275650799,1.7300479828608155,180,-33.439408278884606,524.5670341141522,276.19736341482144,12.158012827013161,3.2550251157934285,-70.68716823063957,0.050568565891385496
1775582995001616100,3844.9656162109377,550.2191976392642,1.7146851160332703,180,-33.43941155246444,524.4045041883364,276.19735816398844,12.422782472288278,3.249638613881294,-70.68715950946965,0
1775582996001636900,3845.9656369628906,550.2753449268639,1.5903491561176237,180,-33.439417678372806,524.4606514759362,276.1973559742936,12.375184780872091,3.2923424392582388,-70.68715514434972,0.02525053505178337
1775582997001657300,3846.9656572265626,550.2638851515949,1.6910147720455733,180,-33.43942141664366,524.4491917006671,276.19736029443914,12.37553013085896,3.2511042217304142,-70.68716023589533,0.043066228929166145
1775582998001676500,3847.965676513672,550.1220149854198,1.7160855752573947,180,-33.439420591726545,524.3073215344921,276.1973566396334,12.311436195863477,3.2205898767090386,-70.687155295411,0.08131529604624216
1775582999001697000,3848.965697021484,550.1109791556373,1.5249548353492377,180,-33.43942058542402,524.2962857047096,276.19735638971,12.311793126325613,3.219559287069803,-70.68715496361796,0
1775583000001717000,3849.9657170410155,550.2239436879754,1.695888922844643,180,-33.439420136583934,524.4092502370477,276.19734937516824,12.260837458658786,3.4376620591722973,-70.68714559695667,0.023624843099318414
1775583001001736700,3850.965736816406,550.2894509742036,1.1516254162242965,180,-33.43942006074274,524.4747575232759,276.1973472376591,12.278245583963534,3.2154331277327266,-70.68714277906533,0
1775583002001756700,3851.965756591797,550.2894509742036,1.1327446489583621,180,-33.439420164614795,524.4747575232759,276.1973472376591,12.24954577106582,3.1602247338022735,-70.68714263166831,0
1775583003001775900,3852.9657758789062,550.3467210214585,1.614179554039675,180,-33.43942163513496,524.5320275705308,276.1973410755944,12.182251247017975,3.3328300131378645,-70.6871340209913,0.01268860596740706
1775583004001795800,3853.9657958984376,557.2103226386565,1.463314859052582,180,-33.43939563807932,531.3956291877288,276.19734099924665,11.186684645819257,3.2294251744534925,-70.6871435409071,0
1775583005001816300,3854.96581640625,550.170223750174,1.6737071189175206,180,-33.43940517295928,524.3555302992463,276.19734982765624,29.540052162471348,3.3793288492747635,-70.68720035767602,0.2646843846303899
1775583006001835300,3855.9658352050783,550.1117839887738,1.3487978254272366,180,-33.43941851065624,524.2970905378461,276.19734931918697,26.824090260766205,3.3337040521375316,-70.68717541569978,0
1775583007001855500,3856.96585546875,550.1117839887738,1.3396628542294207,180,-33.43942335975999,524.2970905378461,276.19734931918697,24.400290343167956,3.3612815622126337,-70.68716409792395,0
1775583008001874400,3857.9658745117185,550.1117839887738,1.138873483719686,180,-33.439426732834136,524.2970905378461,276.19734931918697,22.605325296082068,3.279074089270975,-70.68715622519136,0
1775583009001894100,3858.9658940429686,550.1117839887738,1.24887782743659,180,-33.43942700906744,524.2970905378461,276.19734931918697,22.435484386921416,3.245742794458407,-70.68715558046468,0
1775583010001914600,3859.9659145507812,550.3429135233164,1.137005142942725,180,-33.43944712815593,524.5282200723886,276.1973443304688,22.22553628002051,3.2058350629898786,-70.68712986327301,0
1775583011001934600,3860.9659345703126,550.3224951410666,1.702546652291706,180,-33.43944239642215,524.5078016901389,276.1973441022961,21.829045902299082,3.230582697763837,-70.68712896208578,0
1775583012001954000,3861.9659541015626,550.3590225083753,1.672400424190998,180,-33.43943872965937,524.5443290574476,276.19734477037207,21.477377803402863,3.0552361697125665,-70.6871316522162,0.4826114420238772
1775583013001973800,3862.9659738769533,550.7789601217955,1.4342079416588713,129.4782297312941,-33.43944060073963,524.9642666708678,280.193509459082,21.215321266288548,3,-70.68714609443005,0.8856875923144403
1775583014001993700,3863.965993652344,550.4138668533415,1.583889337424603,179.2158946993611,-33.43944728560321,524.5991734024137,276.5307253469961,20.006748470752903,3,-70.6871304200973,0.7058423498916594
1775583015002013200,3864.9660131835935,550.3370927264914,1.7863864752120184,180,-33.43945000793915,524.5223992755637,276.48188261344853,19.100639795490597,3,-70.68711201186818,0.36845605569883727
1775583016002034200,3865.9660341796875,550.3104911539704,1.456359213271097,180,-33.43945074214984,524.4957977030426,276.4818819205659,18.47371448347867,3,-70.68710782661535,0
1775583017002053600,3866.9660537109376,550.5160583294928,1.5141080152643678,180,-33.43944954907127,524.7013648785651,276.48187509522376,17.857967375953287,3.0282340940988055,-70.68708869409609,0.04983237655274744
1775583018002073600,3867.9660734863282,550.6223430903628,1.6917100912477885,180,-33.43944679463913,524.8076496394351,276.48186918388285,17.33842756652695,3.039945623295018,-70.68707372325845,0.028984226705117848
1775583019002093800,3868.96609375,550.802460107021,1.7796265480721092,180,-33.43944748100267,524.9877666560933,276.4818750758343,17.348714445996055,3,-70.68708939260907,0.12713249487456635
1775583020002113800,3869.966113769531,550.717881676741,1.8038900325708336,180,-33.43944868128491,524.9031882258132,276.4818715034698,17.074782058258393,3,-70.6870802376948,0
1775583021002133200,3870.966133300781,550.5899234004319,1.7857440157136166,180,-33.43945008179867,524.7752299495041,276.48186787135705,16.802342077145106,3,-70.68707128274767,0.030845578558448654
1775583022002153700,3871.966153808594,550.6387544721365,1.926608589047939,180,-33.43945270905234,524.8240610212088,276.48186882126436,16.80178964942534,3,-70.68707333369062,0.06442656281117617
1775583023002173400,3872.966173339844,550.6380896037444,1.5728791563392515,180,-33.439437307894906,524.8233961528167,276.4818686543383,15.885662149444075,3,-70.68713002790273,0
1775583024002193400,3873.966193359375,550.6289982832968,1.7683710753098496,180,-33.43943502601258,524.8143048323691,276.48187850733586,15.711211765662803,3,-70.68715072356076,0.1564297003892391
1775583025002214000,3874.9662138671874,550.3649572599679,1.7830703217114905,180,-33.43943964206816,524.5502638090402,276.48187832064093,15.710909110743172,3,-70.68714974629192,0.08891320171957552
1775583026002233600,3875.966233642578,550.5120910620317,1.161386120706375,180,-33.43944121321482,524.697397611104,276.481880862399,15.592945323882372,3,-70.68715430351288,0
1775583027002253000,3876.966253173828,550.5808505117893,1.6894790996065316,180,-33.43942505175703,524.7661570608616,276.48187834005114,12.885434909532407,3,-70.68715775430273,0.08796183411430983
1775583028002273000,3877.966272949219,550.6397156147286,1.7772768738578306,180,-33.439424250101965,524.8250221638009,276.4818810338145,12.885689961939146,3,-70.68716180204376,0.13906001809646848
1775583029002293000,3878.96629296875,550.503721293062,1.7623999213388681,180,-33.439421597013855,524.6890278421342,276.4818753623465,12.776400619384694,3,-70.68715294934042,0.09637372483539079
1775583030002314000,3879.9663139648437,550.6412548311055,1.8956954291255814,180,-33.43941961635899,524.8265613801777,276.4818810945466,12.776675389611244,3,-70.68716145813235,0.12055808887926948
1775583031002332700,3880.9663327636717,550.5346193416044,1.774938785940312,180,-33.4394187685695,524.7199258906767,276.48188371222665,12.776950368199723,3,-70.68716533569055,0.0916973030455871
1775583032002353200,3881.9663532714844,550.496675892733,1.860703272491656,180,-33.439417000606795,524.6819824418053,276.48188998728426,12.777295959984025,3,-70.68717460286703,0.09817667649529825
1775583033002373600,3882.9663735351564,550.408480623737,1.3565047415790719,180,-33.439417728523296,524.5937871728092,276.4818938775944,12.777570765743908,3,-70.68718012541113,0.01356107295402166
1775583034002393900,3883.966393798828,550.3461343804374,1.6798968993764378,180,-33.439416624628066,524.5314409295097,276.4818936831743,12.67733169923378,3,-70.68717919187097,0.011399878653431568
1775583035002413000,3884.9664130859373,550.3838899172843,1.7831117325347658,180,-33.439417583361134,524.5691964663565,276.48189023716384,12.67762395235664,3,-70.68717417650035,0.006260190048450468
1775583036002433300,3885.9664333496094,550.4764036871493,1.4898862829779047,180,-33.439417501681206,524.6617102362216,276.4818905196276,12.677916398915157,3,-70.68717458409904,0
1775583037002453200,3886.9664533691407,550.4253208925948,1.6831610446472873,180,-33.439418545097645,524.610627441667,276.48188926293375,12.62618232062425,3,-70.68717228125477,0.014933117988507072
1775583038002473500,3887.966473388672,550.4229127690196,1.4794353419684119,180,-33.43941857623878,524.6082193180919,276.4818892111061,12.626483673343728,3,-70.68717220100115,0
1775583039002494000,3888.9664938964843,550.4162913700566,1.679653931116059,180,-33.43942040500352,524.6015979191288,276.4818950278099,12.538306630640028,3,-70.68717936838797,0.06618247190391681
1775583040002514400,3889.966514404297,550.2919168742374,1.7384834020340585,180,-33.4394208353772,524.4772234233096,276.4819009975547,12.51343695610614,3,-70.6871864207884,0.27865651630258154
1775583041002533600,3890.9665336914063,550.6811238238588,1.9708045773544254,180,-33.439419920865696,524.8664303729311,276.48190471119716,12.37626610695853,3,-70.68718964065312,0.428081012769255
1775583042000172000,3891.9641721191406,550.4268170716241,2.340986668504957,180,-33.43941949055822,524.6121236206964,276.4819040671566,12.273319018401773,3,-70.68718773846888,0.2239391984605637
1775583043000152000,3892.9641520996092,550.5964181814343,2.738697688466806,180,-33.4394218089052,524.7817247305065,276.48190641902715,12.213761351905875,3,-70.68718870572566,0.2643543653300082
1775583044000168700,3893.9641687011717,550.2704460257664,3.1125795241433503,180,-33.43942286083214,524.4557525748387,276.48190773522435,12.427417610932125,3,-70.68719008168611,0.2597349033755567
1775583045000159000,3894.964158935547,550.1503591099754,3.4577535788762246,180,-33.439431070866284,524.3356656590477,276.48190648994813,9.97718706425791,3,-70.68717533346108,0.47806675934836806
1775583046000140000,3895.964140136719,550.0113151753321,3.7961740597409217,180,-33.43943317901908,524.1966217244044,276.481911648494,9.558830571287848,3,-70.68717562390177,0.43134082444625094
1775583047000154000,3896.9641540527346,550.1161635760218,4.136898506698351,180,-33.439432771820684,524.301470125094,276.4819157704145,9.02055206446087,3,-70.68717877764675,0.6731604112536919
1775583048000137700,3897.9641376953123,550.117909793742,1.569792994970779,180,-33.439431903827234,524.3032163428143,276.48191477174527,8.322926877276947,3,-70.68718108808312,0
1775583049000123100,3898.964123046875,550.117909793742,1.4746770438280499,180,-33.43943189958268,524.3032163428143,276.48191477174527,8.912649941636023,3,-70.68718099240749,0
1775583050000138200,3899.9641381835936,550.117909793742,1.3833917623042336,180,-33.43942345877673,524.3032163428143,276.48191477174527,9.00504174375419,3,-70.68718403502504,0
1775583051000123100,3900.964123046875,550.117909793742,1.2927656437764703,180,-33.43942351693677,524.3032163428143,276.48191477174527,9.206503144029602,3,-70.68718392230569,0
1775583052000113400,3901.9641135253905,550.117909793742,3.242298673998725,-1,-33.439424034943066,524.3032163428143,-1,8.843855815288299,4.000000000247585,-70.68718251992519,0
1775583053000127200,3902.9641271972655,550.117909793742,3.242298673998725,-1,-33.43942408612994,524.3032163428143,-1,8.81288884625813,4.000000000228402,-70.68718242350634,0
1775583054000110000,3903.9641101074217,550.117909793742,0.7185619110417696,-1,-33.439425560128704,524.3032163428143,-1,8.038986874361704,4.000000000237076,-70.68718459299097,0
1775583055000101600,3904.9641015625,550.117909793742,0.7185619110417696,-1,-33.439425560250136,524.3032163428143,-1,8.038909220508955,4.000000000237011,-70.6871845926586,0
1775583056000120600,3905.964120605469,550.117909793742,0.7185619110417696,-1,-33.43941842395523,524.3032163428143,-1,7.628981622307937,4.000000000241334,-70.68719320519071,0
1775583057000139000,3906.9641389160156,550.117909793742,0.7185619110417696,-1,-33.439419215809814,524.3032163428143,-1,7.391722458182843,4.000000000246248,-70.68719170649698,0
1775583058000158200,3907.964158203125,550.117909793742,0.7185619110417696,-1,-33.43941990896658,524.3032163428143,-1,7.177601683439646,4.000000000249109,-70.68719039460247,0
1775583059000178000,3908.9641779785156,550.117909793742,0.7185619110417696,-1,-33.43942050173671,524.3032163428143,-1,6.989290193182957,4.000000000260856,-70.68718927270342,0
1775583060000196600,3909.964196533203,550.117909793742,0.7185619110417696,-1,-33.439421014861445,524.3032163428143,-1,6.822085006971809,4.000000000272632,-70.68718830154428,0
1775583061000215600,3910.9642155761717,550.117909793742,0.7185619110417696,-1,-33.43942147182326,524.3032163428143,-1,6.669653730790799,4.000000000278985,-70.6871874366812,0
1775583062000234200,3911.9642341308595,550.117909793742,0.7185619110417696,-1,-33.439422013313454,524.3032163428143,-1,6.437176557784158,4.000000000294555,-70.68718133802166,0
1775583063000254200,3912.964254150391,550.117909793742,0.7185619110417696,-1,-33.43942230624752,524.3032163428143,-1,6.335459599431731,4.00000000035725,-70.68718094269694,0
1775583064000273200,3913.9642731933595,550.117909793742,0.7185619110417696,-1,-33.43942253021411,524.3032163428143,-1,6.256576962143841,4.000000000443564,-70.68718064044623,0
1775583065000292400,3914.964292236328,550.117909793742,0.7185619110417696,-1,-33.43942257083973,524.3032163428143,-1,6.242168360385932,4.000000000372287,-70.68718058562055,0
1775583066000311300,3915.964311279297,550.117909793742,0.7185619110417696,-1,-33.439422577942416,524.3032163428143,-1,6.239652764988205,4.000000000362021,-70.68718057603522,0
1775583067000331000,3916.9643310546876,550.117909793742,0.7185619110417696,-1,-33.43942259887075,524.3032163428143,-1,6.232218224434417,4.000000000334647,-70.68718054779173,0
1775583068000349400,3917.9643493652343,550.117909793742,0.7185619110417696,-1,-33.43942152344612,524.3032163428143,-1,6.229253229024548,4.000000000324807,-70.68717462212639,0
1775583069000370000,3918.964369873047,550.117909793742,0.7185619110417696,-1,-33.43942152365846,524.3032163428143,-1,6.229194358878558,4.000000000324585,-70.68717462199915,0
1775583070000388600,3919.964388671875,550.117909793742,0.7185619110417696,-1,-33.43942183494607,524.3032163428143,-1,6.129798590733988,4.000000000330541,-70.68717443546265,0
1775583071000408000,3920.9644079589843,550.117909793742,0.7185619110417696,-1,-33.43942211366944,524.3032163428143,-1,6.039413509032846,4.000000000347467,-70.68717426844,0
1775583072000428300,3921.9644282226564,550.117909793742,0.7185619110417696,-1,-33.439422363141254,524.3032163428143,-1,5.957351881269538,4.000000000367172,-70.6871741189461,0
1775583073000447700,3922.9644477539064,550.117909793742,0.7185619110417696,-1,-33.43942257722329,524.3032163428143,-1,5.886020502531184,4.000000000407392,-70.68717399065925,0
1775583074000467200,3923.9644672851564,550.117909793742,0.7185619110417696,-1,-33.43941951022628,524.3032163428143,-1,5.780471268895586,4.000000000573679,-70.68718049694341,0
1775583075000486000,3924.9644858398437,550.117909793742,0.7185619110417696,-1,-33.43941964026522,524.3032163428143,-1,5.748663512163594,4.000000000852508,-70.68718036776862,0
1775583076000507000,3925.9645068359373,550.117909793742,0.7185619110417696,-1,-33.43941972474934,524.3032163428143,-1,5.727907106749507,4.000000001293094,-70.68718028384593,0
1775583077000525800,3926.9645258789064,550.117909793742,0.7185619110417696,-1,-33.439419803289525,524.3032163428143,-1,5.708543966582241,4.000000001372187,-70.68718020582767,0
1775583078000545000,3927.964544921875,550.117909793742,0.7185619110417696,-1,-33.43941980918442,524.3032163428143,-1,5.707096426332773,4.000000001275079,-70.68718019997196,0
1775583079000565000,3928.964564941406,550.117909793742,0.7185619110417696,-1,-33.439419814975004,524.3032163428143,-1,5.705674454270207,4.000000001192046,-70.68718019421988,0
1775583080000585000,3929.9645849609374,550.117909793742,0.7185619110417696,-1,-33.43941982303758,524.3032163428143,-1,5.703690201870779,4.000000001092753,-70.68718018621087,0
1775583081000604400,3930.9646044921874,550.117909793742,0.7185619110417696,-1,-33.43941982488562,524.3032163428143,-1,5.703242349019652,4.000000001072231,-70.68718018437511,0
1775583082000624000,3931.9646240234374,550.117909793742,0.7185619110417696,-1,-33.439419910253775,524.3032163428143,-1,5.682100199093479,4.000000001239106,-70.68718009957426,0
1775583083000643800,3932.964643798828,550.117909793742,0.7185619110417696,-1,-33.439419984467385,524.3032163428143,-1,5.663657572616417,4.000000001406839,-70.68718002585382,0
1775583084000663800,3933.9646638183594,550.117909793742,0.7185619110417696,-1,-33.43942004799864,524.3032163428143,-1,5.647822967278218,4.000000001625054,-70.68717996274475,0
1775583085000683800,3934.964683837891,550.117909793742,0.7185619110417696,-1,-33.43942008746261,524.3032163428143,-1,5.637968056312852,4.0000000025978375,-70.68717992354304,0
1775583086000702700,3935.964702636719,550.117909793742,0.7185619110417696,-1,-33.43942011395877,524.3032163428143,-1,5.631344846819837,4.000000003851153,-70.68717989722295,0
1775583087000723700,3936.9647236328124,550.117909793742,0.7185619110417696,-1,-33.43942013218673,524.3032163428143,-1,5.626786733020941,4.000000005580022,-70.68717987911613,0
1775583088000742400,3937.964742431641,550.117909793742,0.7185619110417696,-1,-33.43942015033336,524.3032163428143,-1,5.622245317376609,4.000000005586817,-70.6871798610901,0
1775583089000762600,3938.9647626953124,550.117909793742,0.7185619110417696,-1,-33.439420167647356,524.3032163428143,-1,5.61790936733199,4.000000005837505,-70.68717984389116,0
1775583090000781600,3939.9647814941404,550.117909793742,0.7185619110417696,-1,-33.43942017519346,524.3032163428143,-1,5.616023829898468,4.000000004060034,-70.68717983639519,0
1775583091000802000,3940.964802001953,550.117909793742,0.7185619110417696,-1,-33.43942018195655,524.3032163428143,-1,5.614334373764356,4.000000003187823,-70.68717982967706,0
1775583092000821500,3941.964821533203,550.117909793742,0.7185619110417696,-1,-33.43942018970313,524.3032163428143,-1,5.612397194368561,4.0000000025570275,-70.68717982198197,0
1775583093000841200,3942.964841308594,550.117909793742,0.7185619110417696,-1,-33.439420191379504,524.3032163428143,-1,5.611985136757369,4.000000002451819,-70.68717982031673,0
1775583094000861700,3943.964861816406,550.117909793742,0.7185619110417696,-1,-33.43942019226743,524.3032163428143,-1,5.611771341223217,4.000000002399558,-70.6871798194347,0
1775583095000881400,3944.964881347656,550.117909793742,0.7185619110417696,-1,-33.43942021709394,524.3032163428143,-1,5.605537122134349,4.000000004035166,-70.6871797947732,0
1775583096000900900,3945.964900878906,550.117909793742,0.7185619110417696,-1,-33.439420232862894,524.3032163428143,-1,5.601577056100208,4.000000006335053,-70.68717977910906,0
1775583097000920800,3946.9649208984374,550.117909793742,0.7185619110417696,-1,-33.439420243455984,524.3032163428143,-1,5.598918412661879,4.000000009412488,-70.68717976858638,0
1775583098000940300,3947.9649401855468,553.9378662109375,0.7185619110417696,-1,-33.43942027140112,528.1231727600098,-1,5.597485792995888,4,-70.68717983374061,0
1775583099000960300,3948.964960205078,550.117909793742,4.628660564150922,-1,-33.4394202803556,524.3032163428143,-1,7.010370086532199,4.000000017403857,-70.68717982477057,0
1775583100000980000,3949.964979980469,553.9378662109375,4.628660564150922,-1,-33.43942030983444,528.1231727600098,-1,7.008471626155146,4,-70.68717989351687,0
1775583101001000400,3950.9650004882815,553.9378662109375,4.628660564150922,-1,-33.43942033364347,528.1231727600098,-1,7.007299945739471,4,-70.68717994904085,0
1775583102001020000,3951.965020019531,550.117909793742,0.7185619110417696,-1,-33.43942033848431,524.3032163428143,-1,7.006125534319771,4.00000003198147,-70.6871799441136,0
1775583103001039600,3952.965039550781,550.117909793742,0.7185619110417696,-1,-33.43942033923801,524.3032163428143,-1,7.005893260785294,4.0000000276698575,-70.68717994334645,0
1775583104001059600,3953.9650595703124,550.117909793742,0.7185619110417696,-1,-33.43942033998396,524.3032163428143,-1,7.005663574368475,4.000000024411705,-70.68717994258716,0
1775583105001079600,3954.9650795898438,553.9378662109375,0.7185619110417696,-1,-33.43942035585672,528.1231727600098,-1,7.004644405919684,4,-70.68717997960954,0
1775583106001099500,3955.965099609375,553.9378662109375,0.7185619110417696,-1,-33.439413854207935,528.1231727600098,-1,6.795376955906953,3,-70.6871870485365,0
1775583107001119500,3956.965119384766,553.9378662109375,0.7185619110417696,-1,-33.439413870667735,528.1231727600098,-1,6.794831540820204,3,-70.68718708089389,0
1775583108001139200,3957.9651391601565,553.9378662109375,0.7185619110417696,-1,-33.43941387387477,528.1231727600098,-1,6.794982809125199,3,-70.68718708719842,0
1775583109001159400,3958.965159423828,550.117909793742,0.7185619110417696,-1,-33.439413882852534,524.3032163428143,-1,6.793618632111879,3.0000000166970042,-70.6871870777712,0
1775583110001178600,3959.9651787109374,550.117909793742,0.7185619110417696,-1,-33.439413896456166,524.3032163428143,-1,6.79098123145249,4.0000000169460135,-70.68718706348655,0
1775583111001199000,3960.96519921875,550.117909793742,0.7185619110417696,-1,-33.43941390635933,524.3032163428143,-1,6.789062613189882,4.000000023250391,-70.68718705308761,0
1775583112001217800,3961.9652177734374,553.9378662109375,0.7185619110417696,-1,-33.43941392664594,528.1231727600098,-1,6.787933748652783,4,-70.68718709300069,0
1775583114001259300,3963.9652592773436,553.9378662109375,0.7185619110417696,-1,-33.43940765267817,528.1231727600098,-1,6.655879577576804,6,-70.68719598840464,0
1775583115001279000,3964.9652790527343,550.117909793742,0.7185619110417696,-1,-33.43940766071344,524.3032163428143,-1,6.6551386555035315,6.000000024917898,-70.68719597916416,0
1775583116001314800,3965.9653146972655,553.9378662109375,0.7185619110417696,-1,-33.439407680318766,528.1231727600098,-1,6.6541704065631455,4,-70.68719601151446,0
1775583125986837800,3975.950837646484,557.2103226386565,-1,-1,-33.439402926098666,531.3956291877288,-1,6.458304953360508,3.287302207270088,-70.68720754896506,-1
1775583131497100800,3981.461100830078,557.2103226386565,-1,-1,-33.43940209785117,531.3956291877288,-1,6.477844287206612,3.301230623774675,-70.68720347597697,-1
1775583137972121900,3987.936121826172,557.2103226386565,-1,-1,-33.439401631164664,531.3956291877288,-1,6.6765494871877475,3.34488671532177,-70.68719852588079,-1
1775583143981334000,3993.945333984375,557.2103226386565,-1,-1,-33.439407710679916,531.3956291877288,-1,6.3114395797030625,3.2975994298999978,-70.68719012897664,-1
1775583146031679200,3995.9956791992186,557.2103226386565,-1,-1,-33.439408407766074,531.3956291877288,-1,6.478129800802473,3.297616442059782,-70.68719383280346,-1
1775583149982710800,3999.9467106933594,557.2103226386565,-1,-1,-33.4394060259631,531.3956291877288,-1,6.452792668378858,3.326660239694699,-70.68719860021972,-1
1775583156877740000,4006.8417399902346,557.2103226386565,-1,-1,-33.43940518414339,531.3956291877288,-1,6.404333257190938,3.305967464868827,-70.68720156230887,-1
1775583162979442200,4012.943442138672,557.2103226386565,-1,-1,-33.43939505077425,531.3956291877288,-1,9.895160443039583,3.338137394608868,-70.6872218011102,-1
1775583169014097000,4018.978096923828,557.2103226386565,-1,-1,-33.43938347949177,531.3956291877288,-1,10.215277329276548,3.291372443068495,-70.68725396861264,-1
1775583175859517200,4025.823517089844,557.2103226386565,-1,-1,-33.43938347949177,531.3956291877288,-1,10.215277329276548,3.3463102812198455,-70.68725396861264,-1
1775583181858190000,4031.822190185547,557.2103226386565,-1,-1,-33.43938347949177,531.3956291877288,-1,10.215277329276548,3.298549741154139,-70.68725396861264,-1
1775583187597547000,4037.5615471191404,557.2103226386565,-1,-1,-33.43938347949177,531.3956291877288,-1,10.215277329276548,3.3196895896248635,-70.68725396861264,-1
1775583193769134000,4043.733134033203,557.2103226386565,-1,-1,-33.43938347949177,531.3956291877288,-1,10.215277329276548,3.3539020542436084,-70.68725396861264,-1
1775583199899533000,4049.8635329589843,557.2103226386565,-1,-1,-33.43938347949177,531.3956291877288,-1,10.215277329276548,3.3102049461686125,-70.68725396861264,-1
1775583206007250000,4055.97125,557.2103226386565,-1,-1,-33.43938347949177,531.3956291877288,-1,10.215277329276548,3.342619045790623,-70.68725396861264,-1
1775583212002314000,4061.9663139648437,557.2103226386565,-1,-1,-33.43938347949177,531.3956291877288,-1,10.215277329276548,3.3712692781544322,-70.68725396861264,-1
1775583217893039000,4067.8570390625,557.2103226386565,-1,-1,-33.43938347949177,531.3956291877288,-1,10.215277329276548,3.3207694059581483,-70.68725396861264,-1
1775583223857795000,4073.821795166016,557.2103226386565,-1,-1,-33.43938347949177,531.3956291877288,-1,10.215277329276548,3.3485429528683723,-70.68725396861264,-1
1775583229719234000,4079.6832341308595,557.2103226386565,-1,-1,-33.43938347949177,531.3956291877288,-1,10.215277329276548,3.3731088597026497,-70.68725396861264,-1
1775583235844842000,4085.808842041016,557.2103226386565,-1,-1,-33.43938347949177,531.3956291877288,-1,10.215277329276548,3.329625854978076,-70.68725396861264,-1
1775583241841323000,4091.805322998047,557.2103226386565,-1,-1,-33.43938347949177,531.3956291877288,-1,10.215277329276548,3.3584700612943226,-70.68725396861264,-1
1775583247730905000,4097.694905029297,557.2103226386565,-1,-1,-33.43938347949177,531.3956291877288,-1,10.215277329276548,3.383930364405484,-70.68725396861264,-1
1775583253900728000,4103.8647280273435,557.2103226386565,-1,-1,-33.43930608097556,531.3956291877288,-1,10.850481626582175,3.341902849102161,-70.68740068585987,-1
1775583260030827000,4109.994826904297,557.2103226386565,-1,-1,-33.43930759931938,531.3956291877288,-1,10.474535243015724,3.3748571957111624,-70.68739920050633,-1
1775583266939241000,4116.903240966797,557.2103226386565,-1,-1,-33.43938347949177,531.3956291877288,-1,10.215277329276548,3.354803348032851,-70.68725396861264,-1
1775583272949289000,4122.9132890625,557.2103226386565,-1,-1,-33.43930950475061,531.3956291877288,-1,10.43169336302972,3.383798505391555,-70.68739697602396,-1
1775583278915470000,4128.879469970703,557.2103226386565,-1,-1,-33.43931387467487,531.3956291877288,-1,10.148083009578407,3.3357235427907193,-70.68739118981577,-1
1775583284927753000,4134.891752929688,557.2103226386565,-1,-1,-33.43931515145165,531.3956291877288,-1,9.540909709492059,3.364989097116057,-70.68736465449416,-1
1775583290786219000,4140.750218994141,557.2103226386565,-1,-1,-33.43931822608881,531.3956291877288,-1,10.02076201863057,3.3896458537248453,-70.68736598395687,-1
1775583296934701000,4146.898701171875,557.2103226386565,-1,-1,-33.43931558541828,531.3956291877288,-1,9.656859194058082,3.34675650773532,-70.68737316183504,-1
1775583302905595000,4152.8695949707035,557.2103226386565,-1,-1,-33.439321422797974,531.3956291877288,-1,9.435017372057178,3.3747836751199567,-70.68735198750853,-1
1775583308789717000,4158.753717041016,557.2103226386565,-1,-1,-33.43932669098478,531.3956291877288,-1,9.43516436318274,3.400027657268687,-70.6873528603583,-1
1775583314924167200,4164.888167236328,557.2103226386565,-1,-1,-33.43932156564184,531.3956291877288,-1,8.941317462508614,3.3571128318128234,-70.6873489974093,-1
1775583320934895900,4170.898895751953,557.2103226386565,-1,-1,-33.439310563211905,531.3956291877288,-1,9.21034993108702,3.3865172564479638,-70.68736792572744,-1
1775583326911521800,4176.875521728515,557.2103226386565,-1,-1,-33.43931153145631,531.3956291877288,-1,8.962827124287152,3.4143455329153474,-70.68736242143207,-1
1775583332928032800,4182.8920327148435,557.2103226386565,-1,-1,-33.43931110817675,531.3956291877288,-1,8.351269147434394,3.367834653956391,-70.68736029551361,-1
1775583338786222000,4188.750222167969,557.2103226386565,-1,-1,-33.439319197518216,531.3956291877288,-1,8.334203657376683,3.392279300520647,-70.68735001019327,-1
1775583344936446000,4194.900446044922,557.2103226386565,-1,-1,-33.43931450491487,531.3956291877288,-1,8.216597753017522,3.4251367103490775,-70.68735511985318,-1
1775583350905417000,4200.869416992187,557.2103226386565,-1,-1,-33.43932096013096,531.3956291877288,-1,7.988185328322264,3.3777143293894234,-70.68735001481133,-1
1775583351190374000,4201.154373779297,557.2103226386565,-1,-1,-33.439320893057,531.3956291877288,-1,7.988015984613031,3.377730130250919,-70.6873501574664,-1
1775583356921104000,4206.885103759766,557.2103226386565,-1,-1,-33.439326378559464,531.3956291877288,-1,7.681718350982894,3.406730520303466,-70.6873374737263,-1
1775583362946123000,4212.910123046875,557.2103226386565,-1,-1,-33.439323854347386,531.3956291877288,-1,7.898815330874655,3.360701862857414,-70.68734352266199,-1
1775583368803530000,4218.767530029297,557.2103226386565,-1,-1,-33.439324853192815,531.3956291877288,-1,7.843480491750589,3.3852410100566503,-70.68734388167856,-1
1775583374927931000,4224.891930908203,557.2103226386565,-1,-1,-33.43932211305579,531.3956291877288,-1,7.75778216995267,3.417464419251342,-70.68734977525787,-1
1775583380909159000,4230.873158935547,557.2103226386565,-1,-1,-33.439323104422755,531.3956291877288,-1,7.754483384156637,3.3703632567905535,-70.68735036006906,-1
1775583384006635000,4233.970635009766,559.0528564453125,-1,-1,-33.439323250417765,533.2381629943848,-1,7.750662442728773,192,-70.6873503497809,-1
1775583385006655000,4234.970655029297,559.0528564592823,0.7185619110417696,-1,-33.43932339615657,533.2381630083546,-1,7.747367683685081,192,-70.68735033952083,0
1775583386006675700,4235.97067578125,559.0528564592823,0.7185619110417696,-1,-33.43932349793312,533.2381630083546,-1,7.7446980365100035,191.99999999999997,-70.68735033235575,0
1775583387006695700,4236.970695800781,559.0528564592823,0.7185619110417696,-1,-33.43932092060959,533.2381630083546,-1,7.670817126526945,192.00000000000003,-70.68735592931168,0
1775583388006715600,4237.970715576172,559.0528564453125,0.7185619110417696,-1,-33.439321047880284,533.2381629943848,-1,7.667564836508735,192,-70.68735591575103,0
1775583389006735600,4238.970735595703,559.0528564592823,0.7185619110417696,-1,-33.43932107323913,533.2381630083546,-1,7.6673359226795155,192,-70.68735591304905,0
1775583390003819000,4239.967819091797,559.0528564453125,0.7185619110417696,-1,-33.43932110925068,533.2381629943848,-1,7.666420102398512,192,-70.68735590921204,0
1775583391003728400,4240.967728271485,559.0528564592823,0.7185619110417696,-1,-33.439321145250055,533.2381630083546,-1,7.6660527476387745,192,-70.68735590537632,0
1775583392003630000,4241.967630126953,559.0528564592823,0.7185619110417696,-1,-33.43932115775139,533.2381630083546,-1,7.665739124850861,192,-70.6873559040443,0
1775583393003503400,4242.967503417969,559.0528564453125,0.7185619110417696,-1,-33.43931808204869,533.2381629943848,-1,7.601105601912678,192,-70.68736272301322,0
1775583394003358700,4243.967358642578,559.0528564453125,0.7185619110417696,-1,-33.439318178931885,533.2381629943848,-1,7.599140722002596,256,-70.68736270857045,0
1775583398900641000,4248.864641113281,557.2103226386565,-1,-1,-33.439314723846636,531.3956291877288,-1,7.443884640277678,3.380665194109472,-70.68736344346203,-1
1775583404902172200,4254.86617211914,557.2103226386565,-1,-1,-33.439332775648516,531.3956291877288,-1,6.970511745304269,3.4094007273983737,-70.68732382614657,-1
1775583410897830000,4260.861829833984,557.2103226386565,-1,-1,-33.4393260514546,531.3956291877288,-1,6.868872150807043,3.437682002946059,-70.68732473979885,-1
1775583416894445800,4266.858445800781,557.2103226386565,-1,-1,-33.43933143827967,531.3956291877288,-1,6.671255650907618,3.391258208443649,-70.68732635081867,-1
1775583422924257000,4272.888257080078,557.2103226386565,-1,-1,-33.439335276975,531.3956291877288,-1,6.489801779465919,3.420614404691872,-70.6873201719653,-1
1775583428893086000,4278.8570859375,557.2103226386565,-1,-1,-33.43933260155751,531.3956291877288,-1,6.5850819985310105,3.4479650500906307,-70.68731501328075,-1
1775583434907258000,4284.871258056641,557.2103226386565,-1,-1,-33.439328243124926,531.3956291877288,-1,6.4974732772229835,3.4024629710404035,-70.68732184386924,-1
1775583440938409000,4290.902408935547,557.2103226386565,-1,-1,-33.43932229538981,531.3956291877288,-1,6.533309169561346,3.431683279162757,-70.68732801218336,-1
1775583446913730000,4296.877729980469,557.2103226386565,-1,-1,-33.439320005089094,531.3956291877288,-1,6.500762604284871,3.459093523461605,-70.68733064175451,-1
1775583452915870000,4302.879869873047,557.2103226386565,-1,-1,-33.43931790380464,531.3956291877288,-1,6.45099458313297,3.413175766524307,-70.6873347344348,-1
1775583458917518000,4308.881518066406,557.2103226386565,-1,-1,-33.439321492352384,531.3956291877288,-1,6.316134046883052,3.4416178868932934,-70.68733109727832,-1
1775583464915852000,4314.879852050782,557.2103226386565,-1,-1,-33.43932176919722,531.3956291877288,-1,6.3344208240301585,3.46979168616601,-70.68733084229127,-1
1775583470924875000,4320.888875,557.2103226386565,-1,-1,-33.43932637520648,531.3956291877288,-1,6.17849751889697,3.424181855000291,-70.68732329287485,-1
1775583476917524000,4326.881523925781,557.2103226386565,-1,-1,-33.43931715014033,531.3956291877288,-1,6.133293806690036,3.4521605194816893,-70.68731994625604,-1
1775583482919808800,4332.883808837891,557.2103226386565,-1,-1,-33.43931439905855,531.3956291877288,-1,6.027120380915972,3.4802129224320093,-70.68732219325611,-1
1775583488939033000,4338.903033203125,557.2103226386565,-1,-1,-33.43931133805278,531.3956291877288,-1,5.898732864222339,3.4350826587418584,-70.68732273255785,-1
1775583494908030000,4344.872030029297,557.2103226386565,-1,-1,-33.439320266801055,531.3956291877288,-1,5.991955819518922,3.4623913701884286,-70.687316575765,-1
1775583501009045200,4350.973045166015,557.2103226386565,-1,-1,-33.43931953967277,531.3956291877288,-1,5.961284017871783,3.419586155277881,-70.68731770965205,-1
1775583507911049700,4357.8750498046875,557.2103226386565,-1,-1,-33.43931934020465,531.3956291877288,-1,5.830907811647138,3.4745678026656996,-70.68731773384599,-1
1775583513919880000,4363.883879882813,557.2103226386565,-1,-1,-33.439316745451855,531.3956291877288,-1,5.742811241241651,3.4287536599179256,-70.68731990327636,-1
1775583519919633000,4369.8836328125,557.2103226386565,-1,-1,-33.439315529072765,531.3956291877288,-1,5.698865504148723,3.4570428780088642,-70.68732357067742,-1
1775583525925286100,4375.889286132812,557.2103226386565,-1,-1,-33.43931111732194,531.3956291877288,-1,5.5934331695721,3.4851662865493838,-70.68732863986067,-1
1775583531920700200,4381.884700195313,557.2103226386565,-1,-1,-33.43931697494928,531.3956291877288,-1,5.572459155059962,3.4393830780620704,-70.68731497892605,-1
1775583537927775700,4387.8917756347655,557.2103226386565,-1,-1,-33.43931837625355,531.3956291877288,-1,5.46551305637559,3.4678722100438266,-70.68731428851262,-1
1775583543913547000,4393.87754711914,557.2103226386565,-1,-1,-33.43932214632355,531.3956291877288,-1,5.465764407828302,3.4953745898168957,-70.68731315764543,-1
1775583549909971000,4399.873970947266,557.2103226386565,-1,-1,-33.43932019123342,531.3956291877288,-1,5.39438467568528,3.4498117281619516,-70.687315612148,-1
1775583555912181000,4405.876180908203,557.2103226386565,-1,-1,-33.439318536795156,531.3956291877288,-1,5.37565433988715,3.478035867558779,-70.68731813622657,-1
1775583561893141000,4411.857141113282,557.2103226386565,-1,-1,-33.439317679077774,531.3956291877288,-1,5.369622940201818,3.505398376914401,-70.68731975035293,-1
1775583567896779000,4417.860779052734,557.2103226386565,-1,-1,-33.43931879155523,531.3956291877288,-1,5.303937226128147,3.460164854872969,-70.6873235575025,-1
1775583573930467000,4423.894467041016,557.2103226386565,-1,-1,-33.439320120740945,531.3956291877288,-1,5.288210670751533,3.4893244758395077,-70.68732270914742,-1
1775583579917529000,4429.881529052735,557.2103226386565,-1,-1,-33.43931902111438,531.3956291877288,-1,5.267734175579299,3.5166610655260726,-70.68732556120639,-1
1775583585910067200,4435.874067138672,557.2103226386565,-1,-1,-33.439320944016075,531.3956291877288,-1,5.267313435648869,3.471194750500187,-70.68732326587427,-1
1775583591916181000,4441.880180908203,557.2103226386565,-1,-1,-33.43932710718953,531.3956291877288,-1,5.134634952192996,3.4994161259231378,-70.68731339086051,-1
1775583597937801000,4447.90180102539,557.2103226386565,-1,-1,-33.439325496405466,531.3956291877288,-1,5.141107003335281,3.455062457407261,-70.68731374083328,-1
1775583603917151000,4453.881150878906,557.2103226386565,-1,-1,-33.43932467987665,531.3956291877288,-1,5.131769348665811,3.4820468889455336,-70.68731524433447,-1
1775583609924554800,4459.8885546875,557.2103226386565,-1,-1,-33.439327781736786,531.3956291877288,-1,5.047950382092139,3.510306629439057,-70.68731316547267,-1
1775583615014014000,4464.978013916016,557.2103226386565,-1,-1,-33.43932802077425,531.3956291877288,-1,5.0572239650174495,3.511711163296736,-70.68731688228915,-1
1775583616505309200,4466.469309082031,557.2103226386565,-1,-1,-33.43933368422789,531.3956291877288,-1,4.994284245516828,3.4827972320044043,-70.68730685161412,-1
1775583622593243100,4472.557243164062,557.2103226386565,-1,-1,-33.43934622270991,531.3956291877288,-1,4.778190441654157,3.5123457871161494,-70.68729256300466,-1
1775583628591946200,4478.555946289062,557.2103226386565,-1,-1,-33.439348930450144,531.3956291877288,-1,4.710406410631345,3.4670790650156755,-70.68728885063983,-1
1775583634592484900,4484.556484863281,557.2103226386565,-1,-1,-33.43935346820281,531.3956291877288,-1,4.645448851025685,3.495087266870296,-70.68728195325177,-1
1775583640586776000,4490.5507761230465,557.2103226386565,-1,-1,-33.43934956325396,531.3956291877288,-1,4.687602561751244,3.5228462550925626,-70.68728802792573,-1
1775583646591028000,4496.555028076172,557.2103226386565,-1,-1,-33.4393509403109,531.3956291877288,-1,4.623572392080412,3.477897706432565,-70.6872879577716,-1
1775583651244557800,4501.208557861328,557.2103226386565,-1,-1,-33.43935229403393,531.3956291877288,-1,4.646233277873251,3.53959936366103,-70.68728541709267,-1
1775583652588769800,4502.5527697753905,557.2103226386565,-1,-1,-33.439351383407946,531.3956291877288,-1,4.646252268095425,3.5057307265439834,-70.68728521845948,-1
1775583658589712100,4508.553712158203,557.2103226386565,-1,-1,-33.43935339112355,531.3956291877288,-1,4.583936324956721,3.533475648649898,-70.68728337183457,-1
1775583664594300000,4514.5582998046875,557.2103226386565,-1,-1,-33.43935272687659,531.3956291877288,-1,4.584250976466142,3.488713571881407,-70.68728427474376,-1
1775583670580137000,4520.544136962891,557.2103226386565,-1,-1,-33.43934986956598,531.3956291877288,-1,4.622676953902473,3.5162024960931073,-70.68728915835682,-1
1775583676588913000,4526.552912841797,557.2103226386565,-1,-1,-33.43934860028177,531.3956291877288,-1,4.5963006611160235,3.544052159209206,-70.68729185544375,-1
1775583682591887000,4532.555887207031,557.2103226386565,-1,-1,-33.439348936013204,531.3956291877288,-1,4.616915029542595,3.499539668141232,-70.68729201794517,-1
1775583689023226000,4538.987226074219,557.2103226386565,-1,-1,-33.4393482402086,531.3956291877288,-1,4.576476640723092,3.5396104951888647,-70.68729465937827,-1
1775583695898163000,4545.862162841797,557.2103226386565,-1,-1,-33.439350851617334,531.3956291877288,-1,4.58688851002509,3.5202539728563718,-70.68729160171227,-1
1775583702010209000,4551.974208984375,557.2103226386565,-1,-1,-33.4393521997333,531.3956291877288,-1,4.455344587541176,3.5509881127476017,-70.68729336199239,-1
1775583708336212200,4558.300212158203,557.2103226386565,-1,-1,-33.439351979626565,531.3956291877288,-1,4.449378323682258,3.5157633664314076,-70.68729429236996,-1
1775583714504322000,4564.468322021485,557.2103226386565,-1,-1,-33.439350688523334,531.3956291877288,-1,4.4294815010272535,3.5482131575043963,-70.6872966783097,-1
1775583720500902100,4570.464902099609,557.2103226386565,-1,-1,-33.43935447146377,531.3956291877288,-1,4.507881021125087,3.5033814963454657,-70.68729558609164,-1
1775583726510913800,4576.47491381836,557.2103226386565,-1,-1,-33.43935433319025,531.3956291877288,-1,4.374264568482735,3.5317499667757146,-70.68729641562841,-1
1775583732501113900,4582.465113769531,557.2103226386565,-1,-1,-33.43935408828369,531.3956291877288,-1,4.441782512857348,3.5588478745952554,-70.68729726610584,-1
1775583738767487000,4588.731487060547,557.2103226386565,-1,-1,-33.43935477245908,531.3956291877288,-1,4.345575246596068,3.521729591075711,-70.6872954381944,-1
1775583744774831000,4594.738831054688,557.2103226386565,-1,-1,-33.439358355443524,531.3956291877288,-1,4.276232035521096,3.549942465699293,-70.68728905967868,-1
1775583744903344000,4594.8673442382815,557.2103226386565,-1,-1,-33.43935876383299,531.3956291877288,-1,4.276232210187537,3.5499897265367553,-70.68728999844735,-1
1775583750572793000,4600.53679296875,557.2103226386565,-1,-1,-33.43936337747085,531.3956291877288,-1,4.211093556889397,3.5715194133195833,-70.68728450517271,-1
1775583756513892000,4606.477892089843,557.2103226386565,-1,-1,-33.439364234946666,531.3956291877288,-1,4.15778269686391,3.525732303860714,-70.68728361555208,-1
1775583762538845200,4612.502845214844,557.2103226386565,-1,-1,-33.439361830479946,531.3956291877288,-1,4.562389046794237,3.554515492046467,-70.68728571788257,-1
1775583762889759000,4612.8537590332035,557.2103226386565,-1,-1,-33.439361570419834,531.3956291877288,-1,4.6529855377228015,3.554532208909167,-70.68728319239908,-1
1775583768855105000,4618.819104980469,557.2103226386565,-1,-1,-33.43938347949177,531.3956291877288,-1,10.215277329276548,3.5187916008422135,-70.68725396861264,-1
1775583770004509000,4619.968509033203,559.015380859375,0.07000000029802322,84.55758483040695,-33.43936384758177,533.2006874084473,270,14.741534851496908,192,-70.68728734863357,0
1775583771004520000,4620.968520019531,559.0153808742762,0.7185619110417696,-1,-33.439363847584765,533.2006874233484,-1,14.741709530281067,191.99999999999997,-70.68728734863537,0
1775583772004531500,4621.968531494141,559.0153808742762,0.7185619110417696,-1,-33.43936539440646,533.2006874233484,-1,14.627505337992883,191.99999999999997,-70.68728826815227,0
1775583773004543000,4622.96854296875,559.0153808742762,0.7185619110417696,-1,-33.43936634909656,533.2006874233484,-1,14.556573337660195,191.99999999999997,-70.6872888356732,0
1775583774004554200,4623.9685541992185,559.0153808742762,0.7185619110417696,-1,-33.43936728642524,533.2006874233484,-1,14.486593447447458,127.99999999999999,-70.68728939287352,0
1775583775004565200,4624.968565185547,559.0153808742762,0.7185619110417696,-1,-33.439347413363265,533.2006874233484,-1,13.664391701908185,127.99999999999999,-70.68730673788754,0
1775583776002314500,4625.966314453125,559.0153808742762,0.7185619110417696,-1,-33.43934847167098,533.2006874233484,-1,13.602270669823763,95.99999999999999,-70.68730710246884,0
1775583777002247400,4626.9662473144535,559.0153808742762,0.7185619110417696,-1,-33.439348698584936,533.2006874233484,-1,13.588917185565583,3.9999999999999996,-70.68730718063946,0
1775583778002184400,4627.966184326172,559.0153808742762,0.7185619110417696,-1,-33.43934870371523,533.2006874233484,-1,13.588618902698887,3.999999999999996,-70.68730718240684,0
1775583779002086100,4628.966086181641,559.0153808742762,0.7185619110417696,-1,-33.43935510357364,533.2006874233484,-1,13.206323306930063,4.000000000000002,-70.68730938712345,0
1775583780001980700,4629.965980712891,559.0153808742762,0.7185619110417696,-1,-33.43935705736291,533.2006874233484,-1,13.087391549284886,3.999999999999997,-70.68731006019328,0
1775583781001892600,4630.965892578125,559.0153808742762,0.7185619110417696,-1,-33.439368929176155,533.2006874233484,-1,12.28230069054655,4,-70.68730216598436,0
1775583782001789000,4631.965788818359,559.0153808742762,0.7185619110417696,-1,-33.439369378599835,533.2006874233484,-1,12.253260071757362,4.000000000000001,-70.68730237742027,0
1775583783001688600,4632.965688476563,559.0153808742762,0.7185619110417696,-1,-33.439380594284344,533.2006874233484,-1,11.504737786338174,3.999999999999997,-70.68730765395232,0
1775583784001606000,4633.965605957032,559.0153808742762,4.18144712858701,-1,-33.439388902794256,533.2006874233484,-1,10.91716651060641,4.000000000007093,-70.68731156277471,0
1775583785001507600,4634.9655075683595,559.0153808742762,4.371512991973716,-1,-33.43939524948749,533.2006874233484,-1,10.446092414180866,4.000000000007874,-70.68731454864064,0
1775583786001418500,4635.965418457031,559.0153808742762,3.901938631399536,-1,-33.439400209999434,533.2006874233484,-1,10.06256394246775,4.000000000008888,-70.68731688236358,0
1775583787001346600,4636.965346679687,559.0153808742762,3.3988232831500684,-1,-33.43941160507608,533.2006874233484,-1,9.742968413407086,4.000000000009856,-70.68731022223584,0
1775583788001266400,4637.965266357422,559.0153808742762,3.253479003223821,-1,-33.43941460884475,533.2006874233484,-1,9.459935745969254,4.00000000001043,-70.68731232367917,0
1775583789001187300,4638.96518725586,559.0153808742762,3.0857737982873066,-1,-33.439417049380744,533.2006874233484,-1,9.223582161832727,4.000000000011886,-70.68731403108363,0
1775583790001125600,4639.965125732422,559.0153808742762,1.3771418449911594,180,-33.43942974357902,533.2006874233484,276.48201633373714,7.880676543739467,3,-70.68732291197327,0
1775583791001068300,4640.965068359375,559.0153808742762,1.3715358666202644,180,-33.43942984366364,533.2006874233484,276.48201633373714,7.9956419031402595,3,-70.68732298199268,0
1775583792001015600,4641.965015625,559.0153808742762,1.3765177692804316,180,-33.43942994444823,533.2006874233484,276.48201633373714,8.067822386502675,3,-70.68732305250181,0
1775583793000965400,4642.964965332031,559.0153808742762,1.3728242975946696,180,-33.43942439200028,533.2006874233484,276.48201633373714,8.114229450831054,3,-70.687325935009,0
1775583794000919800,4643.964919921875,559.0153808742762,1.3707201412441439,180,-33.43942451362163,533.2006874233484,276.48201633373714,8.223598441637893,3,-70.68732599935129,0
1775583795000879900,4644.964879882812,548.9738517170772,1.3712543574006,180,-33.43938806576881,523.1591582661495,276.4819651905993,8.212511842304187,3,-70.6873000286147,0
1775583796000837400,4645.964837402344,548.9738517170772,1.2825734251739733,180,-33.43938786887643,523.1591582661495,276.4819651905993,8.189397334595238,3,-70.68729984671793,0
1775583797000800300,4646.964800292969,549.176701374352,1.8302671852346237,180,-33.43938780552113,523.3620079234242,276.4819650752037,8.18433799187597,3,-70.68729969223372,0.01094756370237362
1775583798000765400,4647.96476538086,549.1762949861586,1.6744731922882656,180,-33.43938763141918,523.3616015352309,276.48196504018307,8.163777606491443,3,-70.68729946692362,0
1775583799000734200,4648.964734130859,549.1762949861586,1.277601165291425,180,-33.43939294535332,523.3616015352309,276.48196504018307,8.222909460079292,3,-70.68728576915936,0
1775583800000705300,4649.964705322265,549.1762949861586,3.1081344567374987,-1,-33.439391929353285,523.3616015352309,-1,8.140169597738726,4.000000000542615,-70.68728531218349,0
1775583801000678100,4650.964678222656,549.1762949861586,3.0857737982873066,-1,-33.43939188674058,523.3616015352309,-1,8.135588101302046,4.000000000519904,-70.68728529301718,0
1775583802000652300,4651.96465234375,549.1762949861586,0.7185619110417696,-1,-33.439391797618015,523.3616015352309,-1,8.125990682314649,4.000000000477854,-70.68728525293169,0
1775583803000629500,4652.964629394532,549.1762949861586,0.7185619110417696,-1,-33.43939094741446,523.3616015352309,-1,8.033802043350422,4.000000000613827,-70.68728487052765,0
1775583804000608000,4653.964607910157,549.1762949861586,0.7185619110417696,-1,-33.43939024944168,523.3616015352309,-1,7.9573227248671845,4.000000000718149,-70.6872845565939,0
1775583805000588000,4654.964588134766,549.1762949861586,0.7185619110417696,-1,-33.439389708059814,523.3616015352309,-1,7.897493050056477,4.000000000896439,-70.68728431309151,0
1775583806000570400,4655.9645703125,549.1762949861586,0.7185619110417696,-1,-33.43938927899361,523.3616015352309,-1,7.849753092523066,4.000000001102314,-70.68728412010637,0
1775583807000553200,4656.964553222656,549.1762949861586,0.7185619110417696,-1,-33.43938920453042,523.3616015352309,-1,7.841443967663171,4.000000000936272,-70.68728408661435,0
1775583808000538600,4657.964538574219,549.1762949861586,0.7185619110417696,-1,-33.43938916464378,523.3616015352309,-1,7.836992564574761,4.000000000866032,-70.68728406867416,0
1775583809000525000,4658.964525146484,549.1762949861586,1.1609122853679839,180,-33.439381341039265,523.3616015352309,276.48196504018307,6.907150368198473,3,-70.68728054977814,0
1775583810000511700,4659.96451171875,549.1762949861586,1.0299731718096106,180,-33.43938129826723,523.3616015352309,276.48196504018307,6.952654429704589,3,-70.68728053054015,0
1775583811000500200,4660.96450024414,549.1762949861586,1.7661518267072034,180,-33.43938126386704,523.3616015352309,276.48196504018307,7.028469350298981,3,-70.68728051506766,0
1775583812000489700,4661.964489746094,549.1762949861586,1.7001929209271338,180,-33.43938115767552,523.3616015352309,276.48196504018307,7.242326063412262,3,-70.68728046730487,0
1775583813000480300,4662.964480224609,549.1762949861586,1.7145495250210798,180,-33.43938105947085,523.3616015352309,276.48196504018307,7.245007230759278,3,-70.68728042313442,0
1775583814000471600,4663.964471435547,549.1762949861586,1.7170067792588648,180,-33.43938095449554,523.3616015352309,276.48196504018307,7.442285724149012,3,-70.6872803759187,0
1775583815000464400,4664.964464355468,549.1762949861586,1.6857386243010377,180,-33.439380846263035,523.3616015352309,276.48196504018307,7.560945433894199,3,-70.68728032723796,0
1775583816000457700,4665.964457763672,549.1762949861586,1.6420915124154325,180,-33.43938073725018,523.3616015352309,276.48196504018307,7.742535347938722,3,-70.68728027820622,0
1775583817000451300,4666.964451416015,549.1762949861586,1.634349720129613,180,-33.4393806297009,523.3616015352309,276.48196504018307,7.908154031351339,3,-70.68728022983277,0
1775583818000448300,4667.964448242187,549.1762949861586,1.5875391569771913,180,-33.43938052333153,523.3616015352309,276.48196504018307,7.917417863388495,3,-70.68728018199003,0
1775583819000442000,4668.964442138672,549.1762949861586,1.5865760046325925,180,-33.43938041950106,523.3616015352309,276.48196504018307,8.066274780542892,3,-70.6872801352892,0
1775583820000438300,4669.964438232422,549.1762949861586,1.584494558217359,180,-33.439380313174865,523.3616015352309,276.48196504018307,8.183633624049119,3,-70.68728008746588,0
1775583821000435000,4670.964435058594,549.1762949861586,1.628206620778059,180,-33.43938020383153,523.3616015352309,276.48196504018307,8.326541860125571,3,-70.6872800382855,0
1775583822000432600,4671.964432617187,549.1762949861586,1.5334287053163538,180,-33.439380084820044,523.3616015352309,276.48196504018307,8.474239094192638,3,-70.68727998475657,0
1775583823000430300,4672.964430419922,549.1762949861586,1.5269604430699606,180,-33.43937997919113,523.3616015352309,276.48196504018307,8.490240537216252,3,-70.68727993724687,0
1775583824000428800,4673.964428710938,549.1762949861586,1.5783991735805143,180,-33.43937987174782,523.3616015352309,276.48196504018307,8.616247300246584,3,-70.68727988892108,0
1775583825000427500,4674.964427490235,549.1762949861586,1.4633095185677663,180,-33.439379754045305,523.3616015352309,276.48196504018307,8.745910708956439,3,-70.68727983598093,0
1775583826000426800,4675.964426757812,549.1762949861586,1.4544457786729956,180,-33.43937965353678,523.3616015352309,276.48196504018307,8.730091595476637,3,-70.68727979077426,0
1775583827000426200,4676.964426269531,549.1762949861586,1.3746363836583937,180,-33.439379552122276,523.3616015352309,276.48196504018307,8.839576579962738,3,-70.68727974516011,0
1775583828000426500,4677.964426513672,549.1762949861586,1.6841628449467236,180,-33.439379461344416,523.3616015352309,276.48196504018307,8.861471836805041,3,-70.68727970433011,0
1775583829000426200,4678.964426269531,549.1762949861586,0.7185619110417696,-1,-33.4393778269154,523.3616015352309,-1,8.733250928103448,4.000000000249722,-70.68727896919765,0
1775583830000427000,4679.9644270019535,549.1762949861586,0.7185619110417696,-1,-33.439377741419065,523.3616015352309,-1,8.717497808963774,4.000000000236082,-70.68727893074316,0
1775583831000428300,4680.964428222656,549.1762949861586,0.7185619110417696,-1,-33.43937243571844,523.3616015352309,-1,8.33062240778209,4.000000000259773,-70.68727908555039,0
1775583832000430000,4681.964430175782,549.1762949861586,0.7185619110417696,-1,-33.43937148139059,523.3616015352309,-1,8.110746498973395,4.000000000267111,-70.68727852393657,0
1775583833000431000,4682.964431152343,549.1762949861586,0.7185619110417696,-1,-33.439371443267696,523.3616015352309,-1,8.101845298970927,4.000000000256004,-70.68727850150157,0
1775583834000433400,4683.964433349609,549.1762949861586,0.7185619110417696,-1,-33.439370593060055,523.3616015352309,-1,7.900585467403188,4.000000000269125,-70.68727800116162,0
1775583835000435200,4684.964435302734,549.1762949861586,0.7185619110417696,-1,-33.439370583318826,523.3616015352309,-1,7.898256427713949,4.000000000265835,-70.68727799542899,0
1775583836000437800,4685.964437744141,549.1762949861586,0.7185619110417696,-1,-33.439370555702965,523.3616015352309,-1,7.891637629161522,4.000000000256901,-70.6872779791773,0
1775583837000440600,4686.964440673828,549.1762949861586,0.7185619110417696,-1,-33.43937054818789,523.3616015352309,-1,7.8898403247476905,4.000000000254568,-70.68727797475475,0
1775583838000443400,4687.964443359375,549.1762949861586,0.7185619110417696,-1,-33.43937050635676,523.3616015352309,-1,7.879798226832261,4.000000000242254,-70.68727795013747,0
1775583839000446200,4688.964446289063,549.1762949861586,0.7185619110417696,-1,-33.43937047419251,523.3616015352309,-1,7.872069653652205,4.000000000233514,-70.68727793120907,0
1775583840000449500,4689.964449462891,549.1762949861586,0.7185619110417696,-1,-33.43937045385541,523.3616015352309,-1,7.867181530788679,4.000000000228274,-70.68727791924087,0
1775583841000452600,4690.964452636718,549.1762949861586,0.7185619110417696,-1,-33.439370418483186,523.3616015352309,-1,7.858667378134181,4.000000000219663,-70.68727789842461,0
1775583842000456000,4691.964456054688,549.1762949861586,0.7185619110417696,-1,-33.439370346417476,523.3616015352309,-1,7.841285324888243,4.00000000020384,-70.68727785601456,0
1775583843000459800,4692.964459716797,549.1762949861586,0.7185619110417696,-1,-33.4393703188639,523.3616015352309,-1,7.834633379757388,4.000000000198326,-70.6872778397995,0
1775583844000463400,4693.964463378907,549.1762949861586,0.7185619110417696,-1,-33.43937028027173,523.3616015352309,-1,7.8253043770061455,4.00000000019104,-70.68727781708834,0
1775583845000467700,4694.964467773438,549.1762949861586,0.7185619110417696,-1,-33.439369281041905,523.3616015352309,-1,7.57958755677319,4.000000000194741,-70.6872772290501,0
1775583846000473900,4695.964473876953,549.1762949861586,0.7185619110417696,-1,-33.43936840170827,523.3616015352309,-1,7.356568308291152,4.000000000195605,-70.68727671156977,0
1775583847000475600,4696.964475585937,549.1762949861586,0.7185619110417696,-1,-33.4393683997265,523.3616015352309,-1,7.35606519803457,4.0000000001951195,-70.68727671040351,0
1775583848000479200,4697.964479248047,549.1762949861586,0.7185619110417696,-1,-33.43936762515828,523.3616015352309,-1,7.153846143553815,4.000000000197862,-70.68727625457672,0
1775583849000484400,4698.964484375,549.1762949861586,0.7185619110417696,-1,-33.43936695514909,523.3616015352309,-1,6.974197279107955,4.000000000205881,-70.68727586028201,0
1775583850000488000,4699.96448803711,549.1762949861586,0.7185619110417696,-1,-33.43936634900749,523.3616015352309,-1,6.8075903084482,4.000000000206086,-70.68727550357283,0
1775583851000493600,4700.964493652344,549.1762949861586,0.7185619110417696,-1,-33.43936634117941,523.3616015352309,-1,6.805419585457401,4.000000000203232,-70.68727549896609,0
1775583852000498000,4701.9644978027345,549.1762949861586,0.7185619110417696,-1,-33.43936626354904,523.3616015352309,-1,6.783785926872038,4.000000000178455,-70.68727545328127,0
1775583853000502000,4702.964501953125,549.1762949861586,0.7185619110417696,-1,-33.4393656762663,523.3616015352309,-1,6.617781932914742,4.000000000189644,-70.68727510767039,0
1775583854000507400,4703.964507324219,549.1762949861586,0.7185619110417696,-1,-33.43936517273159,523.3616015352309,-1,6.472061775893791,4.0000000002017515,-70.68727481134451,0
1775583855000512300,4704.9645122070315,549.1762949861586,0.7185619110417696,-1,-33.43936510737931,523.3616015352309,-1,6.45291508269115,4.0000000001766844,-70.68727477288525,0
1775583856000517400,4705.964517333984,549.1762949861586,0.7185619110417696,-1,-33.43936509041471,523.3616015352309,-1,6.447941534617962,4.00000000017109,-70.68727476290172,0
1775583857000521200,4706.964521240235,549.1762949861586,0.7185619110417696,-1,-33.43936459721594,523.3616015352309,-1,6.301399725959834,4.000000000184801,-70.68727447265846,0
1775583858000526300,4707.964526367187,549.1762949861586,0.7185619110417696,-1,-33.43936454571616,523.3616015352309,-1,6.285908237752302,4.000000000165819,-70.68727444235127,0
1775583859000531500,4708.964531494141,549.1762949861586,0.7185619110417696,-1,-33.43936407802775,523.3616015352309,-1,6.143367463591433,4.000000000175704,-70.6872741671206,0
1775583860000536600,4709.964536621093,549.1762949861586,0.7185619110417696,-1,-33.43936406787697,523.3616015352309,-1,6.140245408420593,4.000000000171643,-70.68727416114697,0
1775583861000541700,4710.964541748047,549.1762949861586,0.7185619110417696,-1,-33.43936367627679,523.3616015352309,-1,6.018237198166678,4.000000000192807,-70.6872739306936,0
1775583862000547300,4711.964547363281,549.1762949861586,0.7185619110417696,-1,-33.439363670103894,523.3616015352309,-1,6.016302778608382,4.000000000189581,-70.6872739270609,0
1775583863000552200,4712.964552246094,549.1762949861586,0.7185619110417696,-1,-33.43936088898564,523.3616015352309,-1,5.789001932438114,4.000000000193753,-70.68727850649913,0
1775583864000557600,4713.964557617188,549.1762949861586,0.7185619110417696,-1,-33.43936065667501,523.3616015352309,-1,5.688868113737034,4.000000000197823,-70.68727815658453,0
1775583865000563700,4714.964563720703,549.1762949861586,0.7185619110417696,-1,-33.4393604434281,523.3616015352309,-1,5.595374785871885,4.000000000201454,-70.6872778353844,0
1775583866000568000,4715.964568115234,549.1762949861586,0.7185619110417696,-1,-33.43936024594517,523.3616015352309,-1,5.507377868852523,4.000000000203959,-70.68727753792852,0
1775583867000574200,4716.96457421875,549.1762949861586,0.7185619110417696,-1,-33.439360245778246,523.3616015352309,-1,5.5073123592292195,4.000000000203774,-70.6872775376771,0
1775583868000578800,4717.964578857422,549.1762949861586,0.7185619110417696,-1,-33.4393600602708,523.3616015352309,-1,5.423350147185925,4.000000000203974,-70.68727725825912,0
1775583869000584200,4718.964584228515,549.6516113430262,1.1403946472000868,-1,-33.439371273215656,523.8369178920984,-1,5.333078930307811,4.0000000000000036,-70.68727084521856,0
1775583870000590000,4719.96459008789,549.6870117336512,1.196296426605604,-1,-33.439371466243564,523.8723182827234,-1,5.838431653425691,4.000000000000001,-70.6872710873883,0
1775583871000595500,4720.964595458984,549.6784668108448,1.2521980727310837,-1,-33.43936887006624,523.8637733599171,-1,5.663991893008426,3.999999999999998,-70.6872693107092,0
1775583872000599800,4721.964599853515,549.6943359524012,1.4534441320628484,-1,-33.439377241838876,523.8796425014734,-1,10.940643350026177,4.0000000000000036,-70.68726520809773,0
1775583873000606200,4722.964606201172,549.8958740374073,1.4758049237930777,-1,-33.43938501636485,524.0811805864796,-1,12.13114305569725,4,-70.68727526053878,0
1775583874000611800,4723.964611816406,550.0249023567885,1.4758049237930777,-1,-33.439387671896306,524.2102089058608,-1,34.25697384352363,3.9999999999999987,-70.68727930632114,0
1775583875000617500,4724.96461743164,550.1850586077198,1.4199031443875605,-1,-33.439394248015404,524.3703651567921,-1,32.31554985705134,4.000000000000002,-70.68728845284386,0
1775583876000622800,4725.964622802734,550.3972168108448,1.3080997188565635,-1,-33.43938494900562,524.5825233599171,-1,14.81623047247468,4.0000000000000036,-70.68726137535883,0
1775583877000628500,4726.964628417969,550.6564941545948,1.6435099954495545,-1,-33.43938605403724,524.8418007036671,-1,14.93060101940044,4.000000000000001,-70.6872633096767,0
1775583878000634000,4727.964634033203,550.8027343899012,1.2074767558307,-1,-33.439386536132844,524.9880409389734,-1,14.879651135407673,4.000000000000002,-70.68726410958529,0
1775583879000639000,4728.964638916015,550.9873047024012,1.5876082160440372,-1,-33.43938724247712,525.1726112514734,-1,14.774485556015106,4,-70.68726633798029,0
1775583880000646100,4729.964646240234,551.1066894661635,1.3416408398118889,-1,-33.439387662315504,525.2919960152358,-1,14.712731132791824,4,-70.68726756972899,0
1775583881000651000,4730.964651123047,548.9347281949595,1.3032893071305147,180,-33.43941883001449,523.1200347440317,261.21401966564724,13.570210698686894,3,-70.68731715079433,0
1775583882000657400,4731.964657470703,548.9347281949595,1.369170626751363,180,-33.439427898035845,523.1200347440317,261.21401966564724,11.588592543647257,3,-70.68739577880203,0
1775583883000663000,4732.964663085938,548.9347281949595,1.3570023183160544,180,-33.439435652635396,523.1200347440317,261.21401966564724,10.930678471413183,3,-70.68740122850676,0
1775583884000668200,4733.9646682128905,548.9347281949595,1.2848435610287603,180,-33.43943629433222,523.1200347440317,261.21401966564724,10.958430263431792,3,-70.68740167947246,0
1775583885000674800,4734.964674804687,548.7319501843303,1.841810499588926,180,-33.43945679295263,522.9172567334026,273.02065924106125,11.057969129003311,3,-70.68725962659269,0.037925626749161896
1775583886000680000,4735.964679931641,549.1253339173272,2.1768453824505265,180,-33.43945501441523,523.3106404663995,273.0206511875095,11.05853278121523,3,-70.68725092271762,0.08395223273430685
1775583887000685300,4736.964685302734,549.0126767326146,2.592825479635891,180,-33.43945362430458,523.1979832816869,273.0206537069006,11.079835821615296,3,-70.68725374772418,0.22802556927392542
1775583888000691500,4737.96469140625,548.9884313233197,1.547696139988785,180,-33.43945363523389,523.1737378723919,273.0206533205468,11.08040666859005,3,-70.68725332376296,0
1775583889000696300,4738.964696289063,548.9884313233197,1.4765563487175521,180,-33.4394541458817,523.1737378723919,273.0206533205468,11.089699237480264,3,-70.68725293410307,0
1775583890000703000,4739.9647028808595,548.9884313233197,1.3800342822018572,180,-33.43945460498214,523.1737378723919,273.0206533205468,11.05504882566568,3,-70.68725258377741,0
1775583891000711000,4740.9647109375,548.9884313233197,1.2877019530821394,180,-33.43945500183619,523.1737378723919,273.0206533205468,11.025124345246699,3,-70.68725228095008,0
1775583892000713000,4741.964712890625,549.5779598513618,1.0405489068124387,180,-33.439439965327665,523.7632664004341,273.0206265645993,11.012026135424207,3,-70.68722381238146,0
1775583893000721000,4742.964720947266,549.5779598513618,1.7788933090270889,180,-33.439440155554585,523.7632664004341,273.0206265645993,10.995498631160885,3,-70.6872235821824,0
1775583894000724700,4743.964724853516,549.5779598513618,1.0244770452920455,180,-33.43944071239985,523.7632664004341,273.0206265645993,11.077747598922425,3,-70.68722290832795,0
1775583895000730600,4744.964730712891,549.5779598513618,1.024621093936547,180,-33.439440897284896,523.7632664004341,273.0206265645993,11.078169369749505,3,-70.68722268459327,0
1775583896000736800,4745.964736816406,549.5779598513618,1.7445168597222704,180,-33.43943201049037,523.7632664004341,273.0206265645993,10.99577037002813,3,-70.68724954433047,0
1775583897000743000,4746.964742919922,549.5779598513618,1.7300995695837378,180,-33.439432609165586,523.7632664004341,273.0206265645993,10.987054701928098,3,-70.68724867834642,0
1775583898000749300,4747.964749267579,549.5779598513618,1.6557780092530208,180,-33.4394332028247,523.7632664004341,273.0206265645993,11.079531858155185,3,-70.68724781961821,0
1775583899000754000,4748.96475390625,549.5779598513618,1.6827343619176005,180,-33.43943123614112,523.7632664004341,273.0206265645993,10.221847054041032,3,-70.68721965632581,0
1775583900000759600,4749.964759521485,549.5779598513618,1.6446232861057768,180,-33.43943172093809,523.7632664004341,273.0206265645993,10.18703196536433,3,-70.68721917321258,0
1775583901000765400,4750.96476538086,549.5779598513618,1.642011299204836,180,-33.439432190398975,523.7632664004341,273.0206265645993,10.290017976531365,3,-70.68721870538216,0
1775583902000106000,4751.964105957031,549.5779598513618,1.6398227406683248,180,-33.43943265603532,523.7632664004341,273.0206265645993,10.306267123120184,3,-70.68721824136301,0
1775583903000100000,4752.964100097656,549.5779598513618,1.6356686808543748,180,-33.43943312420931,523.7632664004341,273.0206265645993,10.376913414053822,3,-70.68721777481504,0
1775583904000110600,4753.9641105957035,549.5779598513618,1.5927264209270862,180,-33.43943359555794,523.7632664004341,273.0206265645993,10.47434687950611,3,-70.68721730510346,0
1775583905000094500,4754.964094482422,549.5779598513618,1.0281353441898775,180,-33.43943403704407,523.7632664004341,273.0206265645993,10.44394725386349,3,-70.68721686515066,0
1775583906000088300,4755.964088378906,556.1982422005385,1.6099690077742665,-1,-33.4394333770767,530.3835487496108,-1,9.560943498370388,3.9999999999999987,-70.68724102494711,0
1775583907000096800,4756.964096679688,556.1982422005385,0.7185619110417696,-1,-33.43943291241154,530.3835487496108,-1,8.843398536695227,4,-70.6872580352059,0
1775583908000084000,4757.964083984375,556.1982422005385,1.4422638028377524,-1,-33.43943257412606,530.3835487496108,-1,8.281846383483547,4.000000000000604,-70.68727041901263,0
1775583909000070100,4758.964070068359,556.1982422005385,1.5876082160440372,-1,-33.43943241141573,530.3835487496108,-1,7.823553126126175,4.0000000000003295,-70.68728004724228,0
1775583910000075300,4759.964075195313,556.1982422005385,1.6546903246746503,-1,-33.43943219540282,530.3835487496108,-1,7.438532998438304,4.000000000000156,-70.68728760243508,0
1775583911000055300,4760.964055175781,556.1982422005385,1.7776740794307433,-1,-33.43943201964964,530.3835487496108,-1,7.109936379358608,4.000000000000495,-70.68729374951744,0
1775583912000037600,4761.964037597656,556.1982422005385,1.0733126052094923,-1,-33.439431878419796,530.3835487496108,-1,7.112238279410955,4.000000000000779,-70.68729395761562,0
1775583913000043500,4762.964043457031,556.1982422005385,1.1403946472000868,-1,-33.43942639253685,530.3835487496108,-1,6.809644606595503,4.00000000000187,-70.68730954561191,0
1775583914000032800,4763.964032714844,556.1982422005385,1.0199999809264806,180,-33.439426394804045,530.3835487496108,14.414059636289341,6.807603816771333,4.000000000002861,-70.68730957520668,0
1775583915000017400,4764.964017333984,556.1982422005385,1.4310834736126563,-1,-33.439426677493095,530.3835487496108,-1,6.559072456802584,4.0000000000035465,-70.68731326529127,0
1775583916000021000,4765.9640209960935,556.1982422005385,1.6435099954495545,-1,-33.43942691731971,530.3835487496108,-1,6.329297854307201,4.000000000004545,-70.6873163958706,0
1775583917000027100,4766.96402709961,556.1982422005385,1.7329526292503221,-1,-33.43942691851083,530.3835487496108,-1,6.328168633339971,4.000000000004817,-70.68731641141895,0
1775583918000033000,4767.964032958985,556.1982422005385,1.7329526292503221,-1,-33.43942692591469,530.3835487496108,-1,6.370494522028109,4.000000000003293,-70.68731650806517,0
1775583919000039200,4768.9640390625,556.1982422005385,0.97268957554361,-1,-33.43942598949155,530.3835487496108,-1,6.459336410076345,4.000000000001894,-70.68732078597338,0
1775583920000044300,4769.9640441894535,556.1982422005385,1.0621322759843963,-1,-33.43942627205745,530.3835487496108,-1,6.243553306802108,4.000000000000496,-70.68732335679542,0
1775583921000051200,4770.964051269531,556.1982422005385,1.118033988749895,-1,-33.439426518488915,530.3835487496108,-1,6.042527096638335,4.000000000000127,-70.68732559886152,0
1775583922000056000,4771.964056152344,556.1982422005385,0.8799999952316281,180,-33.439426520740696,530.3835487496108,253.82812366052167,6.040667527872238,4.000000000000049,-70.68732561934844,0
1775583923000061400,4772.9640615234375,556.1982422005385,0.983869904768706,-1,-33.439426525757476,530.3835487496108,-1,6.038282567575576,4.000000000000017,-70.68732566499173,0
1775583924000068000,4773.964068115234,556.1982422005385,0.983869904768706,-1,-33.43942653172442,530.3835487496108,-1,6.033333656230275,4.00000000000013,-70.68732571927983,0
1775583925000073500,4774.964073486328,548.9184583490714,1.824924869484829,180,-33.4394451977998,523.1037648981437,273.0207191024439,5.942187883597574,3,-70.68732248406124,0
1775583926000079600,4775.964079589844,548.9184583490714,1.7504098834386677,180,-33.43944547722758,523.1037648981437,273.0207191024439,5.935526644875571,3,-70.68732246698796,0
1775583927000085500,4776.964085449219,548.9184583490714,1.7304468507344586,180,-33.43944574890022,523.1037648981437,273.0207191024439,6.106342637029794,3,-70.68732245038854,0
1775583928000090400,4777.964090332031,548.9184583490714,1.6504417028789324,180,-33.439446013742476,523.1037648981437,273.0207191024439,6.105967601626371,3,-70.68732243420645,0
1775583929000096300,4778.9640961914065,548.9184583490714,1.6412842501910725,180,-33.43944626380478,523.1037648981437,273.0207191024439,6.224983699964798,3,-70.68732241892742,0
1775583930000102400,4779.964102294922,548.9184583490714,1.5911393110856646,180,-33.43944651858507,523.1037648981437,273.0207191024439,6.326032105325829,3,-70.68732240336013,0
1775583931000106800,4780.964106689453,548.9184583490714,1.5344543898250813,180,-33.43944011458562,523.1037648981437,273.0207191024439,6.405626061665871,3,-70.68732039930079,0
1775583932000112600,4781.964112548828,548.9184583490714,1.5798109706404748,180,-33.43944035710578,523.1037648981437,273.0207191024439,6.399755977804148,3,-70.68732039002575,0
1775583933000119300,4782.964119384766,548.9184583490714,1.5292153872640895,180,-33.4394406139837,523.1037648981437,273.0207191024439,6.406987868774203,3,-70.6873203802016,0
1775583934000124700,4783.964124755859,548.9184583490714,1.4614804587715093,180,-33.43944085382708,523.1037648981437,273.0207191024439,6.401162574584839,3,-70.68732037102892,0
1775583935000130000,4784.964130126953,549.2060288162902,1.8839964815109582,180,-33.43943674555021,523.3913353653625,273.0207345556794,6.506100579418727,3,-70.68732640846333,0.08695480040790317
1775583936000136400,4785.964136474609,549.2686692159623,2.22354549484435,180,-33.43943688474296,523.4539757650346,273.02073168205834,6.5075902064595885,3,-70.68732532054317,0.04484428034843998
1775583937000142000,4786.964142089843,549.2763866968453,1.6083675183854316,180,-33.43943178037348,523.4616932459176,273.0207315918675,6.505260630941378,3,-70.68732970498968,0
1775583938000147500,4787.964147460937,549.2763866968453,1.5437239228991595,180,-33.439432026013854,523.4616932459176,273.0207315918675,6.525919044520582,3,-70.68732973212221,0
1775583939000153600,4788.964153564453,549.2763866968453,1.3825414187065352,180,-33.439432251487744,523.4616932459176,273.0207315918675,6.519501742797906,3,-70.68732975702721,0
1775583940000158000,4789.964157958984,549.2763866968453,1.3738101594760872,180,-33.43943259793342,523.4616932459176,273.0207315918675,6.5649767734568325,3,-70.68732979529433,0
1775583941000163600,4790.964163574219,549.2763866968453,1.375004666590466,180,-33.439432844976025,523.4616932459176,273.0207315918675,6.687456549226552,3,-70.68732986723832,0
1775583942000169200,4791.964169189453,549.2763866968453,1.283397855998826,180,-33.4394330316972,523.4616932459176,273.0207315918675,6.682174320169699,3,-70.6873298877722,0
1775583943000175000,4792.964175048828,549.2763866968453,1.1507363383679943,180,-33.43942633033475,523.4616932459176,273.0207315918675,6.629896331545287,3,-70.687333124426,0
1775583944000180200,4793.964180175782,549.2763866968453,1.6570125177650032,180,-33.43942647075036,523.4616932459176,273.0207315918675,6.682019812700894,3,-70.68733313420145,0
1775583945000187400,4794.9641875,549.2763866968453,1.6404623018198747,180,-33.43942696051655,523.4616932459176,273.0207315918675,6.958695765688997,3,-70.68733316829795,0
1775583946000191200,4795.964191162109,549.2763866968453,1.6414175309969408,180,-33.43942748275033,523.4616932459176,273.0207315918675,7.240449601568802,3,-70.68733320465476,0
1775583947000197400,4796.964197265625,549.2763866968453,1.6158205258682645,180,-33.43942781659077,523.4616932459176,273.0207315918675,7.381094244703796,3,-70.68733322291058,0
1775583948000203000,4797.964203125,549.2763866968453,1.6498219262569738,180,-33.4394281514812,523.4616932459176,273.0207315918675,7.428473908403333,3,-70.68733324624216,0
1775583949000210000,4798.964209960937,549.2763866968453,1.5914481992579732,180,-33.439422193038155,523.4616932459176,273.0207315918675,7.346748247115663,3,-70.6873246526179,0
1775583950000214000,4799.964214111328,549.2763866968453,1.6290253900909808,180,-33.43942254465283,523.4616932459176,273.0207315918675,7.512084615974677,3,-70.6873247051403,0
1775583951000220000,4800.964219970703,549.2763866968453,1.5896583729370497,180,-33.439422910718775,523.4616932459176,273.0207315918675,7.503161121062186,3,-70.68732475982132,0
1775583952000225500,4801.964225585937,549.2763866968453,1.4660417407368211,180,-33.43942325978387,523.4616932459176,273.0207315918675,7.519460898694863,3,-70.68732481196285,0
1775583953000231000,4802.964230957031,549.2763866968453,1.4574125807570368,180,-33.43942356069602,523.4616932459176,273.0207315918675,7.576292397565844,3,-70.68732485691156,0
1775583954000236000,4803.964236083984,549.2763866968453,1.4543783061098574,180,-33.439426549092616,523.4616932459176,273.0207315918675,8.396554359008777,3,-70.68731854598299,0
1775583955000242400,4804.964242431641,549.2763866968453,1.4581663582722229,180,-33.43942197877133,523.4616932459176,273.0207315918675,8.077070721058373,3,-70.68731776504218,0
1775583956000248300,4805.964248291016,549.2763866968453,1.4526266490994635,180,-33.4394223209834,523.4616932459176,273.0207315918675,8.071919263965562,3,-70.68731783897647,0
1775583957000253700,4806.9642536621095,549.2763866968453,1.3569649675143662,180,-33.43942266601125,523.4616932459176,273.0207315918675,8.149227292922973,3,-70.6873179135191,0
1775583958000258600,4807.964258544922,549.2763866968453,1.3561700477485774,180,-33.439422970878304,523.4616932459176,273.0207315918675,8.208456383272857,3,-70.68731797938507,0
1775583959000264700,4808.964264648437,549.2763866968453,1.3650299834734863,180,-33.4394232781583,523.4616932459176,273.0207315918675,8.258297989009936,3,-70.68731804577237,0
1775583960000269800,4809.964269775391,549.2763866968453,1.2690323345912626,180,-33.43942388594514,523.4616932459176,273.0207315918675,8.346893001618552,3,-70.6873181770836,0
1775583961000275200,4810.964275146484,549.2763866968453,1.2742998767374616,180,-33.439419227996495,523.4616932459176,273.0207315918675,8.328915398890345,3,-70.68732950746235,0
1775583962000280300,4811.964280273438,549.0831489646807,1.8040591685223968,180,-33.439415687504685,523.268455513753,273.020704742015,8.318847040181861,3,-70.68731314157652,0.16776841872199658
1775583963000287000,4812.9642868652345,549.1801851885393,1.5589009079034464,180,-33.43941643633204,523.3654917376116,273.0207021090145,8.302019016879884,3,-70.68731142175392,0.07946230141752707
1775583964000292400,4813.964292236328,549.1909502232447,1.469068484844045,180,-33.439416444185085,523.376256772317,273.0207020044754,8.303090015040782,3,-70.68731136094912,0
1775583965000297500,4814.964297363281,549.1909502232447,1.37906403359282,180,-33.43941679362243,523.376256772317,273.0207020044754,8.28947961256163,3,-70.68731127380931,0
1775583966000302300,4815.964302246094,549.1909502232447,1.3746937946138478,180,-33.43941710237244,523.376256772317,273.0207020044754,8.310115941936361,3,-70.6873111968158,0
1775583967000309000,4816.964309082031,549.1909502232447,1.278649673003833,180,-33.43941122705594,523.376256772317,273.0207020044754,8.027534831351772,3,-70.68731372353363,0
1775583968000314000,4817.964314208984,549.1909502232447,1.282558293734891,180,-33.43941177387983,523.376256772317,273.0207020044754,8.057320919955414,3,-70.68731358155253,0
1775583969000319200,4818.964319335938,549.3202932998538,1.8131049192438216,180,-33.43940727786085,523.5055998489261,273.02070253733115,8.048202326462832,3,-70.68731405114566,0.07339215527847665
1775583970000326000,4819.9643259277345,549.2744125016034,2.0263806718383606,180,-33.43940832313087,523.4597190506756,273.02069347395764,8.049311446778484,3,-70.68730876353965,0.04941304484709766
1775583971000331500,4820.9643315429685,549.2919168965891,2.264522533070117,180,-33.43940825902105,523.4772234456614,273.0206909775806,8.130762358312884,3,-70.68730729479803,0.029245760913769774
1775583972000336400,4821.964336425781,549.2914962284267,1.6636594844414736,180,-33.439408264439194,523.476802777499,273.0206908844637,8.131857519724411,3,-70.68730723928893,0
1775583973000342000,4822.964342041016,549.2914962284267,1.6497397804114435,180,-33.439402796172445,523.476802777499,273.0206908844637,8.07746239897479,3,-70.68731771532511,0
1775583974000347100,4823.964347167968,549.2914962284267,1.5920896509077842,180,-33.43940321966445,523.476802777499,273.0206908844637,8.063703590965511,3,-70.6873175017526,0
1775583975000353300,4824.9643532714845,549.2914962284267,1.5922669265663338,180,-33.43940387954496,523.476802777499,273.0206908844637,8.193015835885026,3,-70.6873171689663,0
1775583976000359000,4825.964358886718,549.2914962284267,1.591310438771691,180,-33.43940457081822,523.476802777499,273.0206908844637,8.413136986596705,3,-70.68731682034822,0
1775583977000364800,4826.964364746093,549.2914962284267,1.5361878415689152,180,-33.43940529175324,523.476802777499,273.0206908844637,8.62449102684436,3,-70.68731645677133,0
1775583978000369700,4827.964369628906,549.2914962284267,1.4658467481191428,180,-33.43940570140235,523.476802777499,273.0206908844637,8.617871723964486,3,-70.68731625017995,0
1775583979000375300,4828.964375244141,549.2914962284267,1.460932483677727,180,-33.43940490563514,523.476802777499,273.0206908844637,8.309486005255952,3,-70.68729293005812,0
1775583980000381400,4829.964381347656,549.2914962284267,1.381969312426583,180,-33.43940525103465,523.476802777499,273.0206908844637,8.299867137565252,3,-70.68729283965297,0
1775583981000386800,4830.96438671875,549.2914962284267,1.3789159815416372,180,-33.439405558450716,523.476802777499,273.0206908844637,8.287740102812572,3,-70.68729275918963,0
1775583982000392400,4831.9643923339845,549.2914962284267,1.2821752448859733,180,-33.439405862692965,523.476802777499,273.0206908844637,8.275991771721307,3,-70.68729267955702,0
1775583983000398000,4832.96439819336,549.2914962284267,1.2823315034536327,180,-33.439406127471585,523.476802777499,273.0206908844637,8.310950334233457,3,-70.68729261025364,0
1775583984000403200,4833.964403320312,549.2914962284267,1.0332720478524469,180,-33.43940639157417,523.476802777499,273.0206908844637,8.310700660093676,3,-70.6872925411272,0
1775583985000408600,4834.964408691406,549.2914962284267,1.0321036368919903,180,-33.43940461782546,523.476802777499,273.0206908844637,8.350876655759066,3,-70.68730569833942,0
1775583986000415000,4835.964415039062,549.2914962284267,1.7576412620802109,180,-33.43940509826672,523.476802777499,273.0206908844637,8.334885916662431,3,-70.68730551041179,0
1775583987000419600,4836.964419677734,549.2914962284267,1.7268429435973076,180,-33.43940588301388,523.476802777499,273.0206908844637,8.572266773212881,3,-70.68730520345298,0
1775583988000425000,4837.964425048828,549.2914962284267,1.6507775984547541,180,-33.439406687149685,523.476802777499,273.0206908844637,8.795270430403757,3,-70.68730488891019,0
1775583989000431600,4838.964431640625,549.2914962284267,1.6803861340811463,180,-33.439407483885944,523.476802777499,273.0206908844637,8.999386605604736,3,-70.68730457726178,0
1775583990000436000,4839.964436035156,549.2914962284267,1.6779980310929121,180,-33.439408324680414,523.476802777499,273.0206908844637,9.199233004832523,3,-70.68730424837972,0
1775583991000441600,4840.964441650391,549.2914962284267,1.5950652019262652,180,-33.43940426045512,523.476802777499,273.0206908844637,9.102838288644373,3,-70.68729096322568,0
1775583992000447700,4841.964447753906,549.2914962284267,1.5911598660018622,180,-33.43940510129926,523.476802777499,273.0206908844637,9.28868377548416,3,-70.6872907613856,0
1775583993000453400,4842.964453369141,549.2914962284267,1.4643033642113836,180,-33.43940596524999,523.476802777499,273.0206908844637,9.467324237298383,3,-70.68729055399892,0
1775583994000458800,4843.9644587402345,549.4633775977418,1.4562567676053448,180,-33.43939823908318,523.648684146814,273.020712230797,9.481789515643488,3,-70.68730914098597,0.03491844653288654
1775583995000463400,4844.964463378907,549.3306062445045,1.8856237922887211,180,-33.43939792042909,523.5159127935767,273.0207133771677,9.482634131210274,3,-70.68731007819542,0.08182563067532067
1775583996000469800,4845.964469726562,549.3230326510966,2.2364983196329145,180,-33.439395588371376,523.5083392001688,273.02071525642293,9.483481845950934,3,-70.68731170186125,0.111309794238424
1775583997000475400,4846.964475341797,549.2798619130626,1.2247400423589083,180,-33.43939169560034,523.4651684621349,273.0207164727815,9.486667392328535,3,-70.68731286967649,0
1775583998000480800,4847.964480712891,549.1557991774753,1.1779305088715926,180,-33.43939325061063,523.3411057265475,273.02071588887225,9.252845044518708,3,-70.68729305625952,0
1775583999000486400,4848.964486328125,549.1557991774753,1.0310228817912694,180,-33.43939349680306,523.3411057265475,273.02071588887225,9.271801921528194,3,-70.68729311581649,0
1775584000000491300,4849.964491210938,549.1557991774753,1.0296225789580085,180,-33.439393684800805,523.3411057265475,273.02071588887225,9.26264339289088,3,-70.68729316129546,0
1775584001000497700,4850.964497558593,549.1557991774753,1.1600052085226742,180,-33.43939419639599,523.3411057265475,273.02071588887225,9.23609777364089,3,-70.6872932850566,0
1775584002000502500,4851.964502441407,549.1557991774753,1.7927724999247256,180,-33.43939443034941,523.3411057265475,273.02071588887225,9.228241213620253,3,-70.6872933416528,0
1775584003000508700,4852.964508789062,549.1557991774753,1.7470195240748274,180,-33.439388882719136,523.3411057265475,273.02071588887225,9.194030914680942,3,-70.6873162760413,0
1775584004000514000,4853.964514160156,549.1557991774753,1.729019256098484,180,-33.43938943455987,523.3411057265475,273.02071588887225,9.166656898209675,3,-70.68731626064272,0
1775584005000519200,4854.964519287109,549.1557991774753,1.694057493383283,180,-33.43938997155008,523.3411057265475,273.02071588887225,9.16336602564367,3,-70.68731624565852,0
1775584006000524500,4855.964524658203,549.1557991774753,5.165316900075678,-1,-33.43939874788075,523.3411057265475,-1,8.70031080276689,4.000000000110469,-70.6873160007636,0
1775584007000529700,4856.964529785157,549.1557991774753,2.5267568039123596,-1,-33.439405768130754,523.3411057265475,-1,8.31048081562155,4.0000000001132285,-70.68731580487042,0
1775584008000536000,4857.964536132812,549.1557991774753,2.4373141701115917,-1,-33.43941163924074,523.3411057265475,-1,7.969714716695596,4.000000000110967,-70.68731564104284,0
1775584009000541700,4858.964541748047,549.1557991774753,2.593838779262935,-1,-33.439414256751945,523.3411057265475,-1,7.643771715241786,4.000000000119058,-70.68732124814674,0
1775584010000547000,4859.964547119141,549.1557991774753,2.392592853211208,-1,-33.439418499191774,523.3411057265475,-1,7.388523367754918,4.000000000118659,-70.68732075673607,0
1775584011000552700,4860.964552734375,549.1557991774753,2.4932158162370714,-1,-33.439422183667034,523.3411057265475,-1,7.159735504209968,4.0000000001253975,-70.68732032995561,0
1775584012000557800,4861.964557861328,549.1557991774753,2.6609210211735856,-1,-33.4394252253689,523.3411057265475,-1,6.964957416443959,4.0000000001449365,-70.68731997762892,0
1775584013000564200,4862.9645642089845,549.1557991774753,2.806265301099833,-1,-33.43942779792427,523.3411057265475,-1,6.795866468748862,4.000000000102691,-70.68731967964443,0
1775584014000568600,4863.9645686035155,549.1557991774753,2.8845276056755047,-1,-33.43943003619373,523.3411057265475,-1,6.645256037606996,4.000000000042276,-70.687319420381,0
1775584015000574200,4864.96457421875,549.1557991774753,2.593838779262935,-1,-33.439432066284574,523.3411057265475,-1,6.501300622184089,4.000000000027261,-70.68731942569742,0
1775584016000579800,4865.964579833984,549.1557991774753,1.749999999999876,180,-33.43943232743602,523.3411057265475,106.52341955099746,6.4831399915492085,4.000000000016231,-70.68731939410559,0
1775584017000585500,4866.964585449219,549.1557991774753,1.9118381634119321,-1,-33.43943441184463,523.3411057265475,-1,6.401804586959524,4.000000000008227,-70.68731914195193,0
1775584018000591000,4867.964591064453,549.1557991774753,2.090723564293505,-1,-33.439436257998814,523.3411057265475,-1,6.267442480928243,4.000000000000915,-70.68731891862022,0
1775584019000596700,4868.964596679688,549.1557991774753,4.4497752965493875,-1,-33.439437878361296,523.3411057265475,-1,6.153717194831769,4.000000000034734,-70.68731872260284,0
1775584020000602400,4869.964602294922,549.1557991774753,3.734233426463022,-1,-33.43943800475364,523.3411057265475,-1,6.144394118319869,4.000000000112311,-70.68731870731298,0
1775584021000608000,4870.964607910157,549.1557991774753,3.8348566560489603,-1,-33.43943599224504,523.3411057265475,-1,6.12851869597432,4.000000000186462,-70.68732427247016,0
1775584022000613000,4871.964613037109,549.1557991774753,1.7000000476806298,180,-33.43943600138073,523.3411057265475,86.83600864951032,6.127874050109135,4.000000000207172,-70.68732427023079,0
1775584023000619000,4872.964618896484,549.1557991774753,3.644790792662254,-1,-33.43943604848503,523.3411057265475,-1,6.31386140230899,4.000000000250836,-70.68732425868443,0
1775584024000623900,4873.964623779297,549.1557991774753,1.9006578341868363,-1,-33.43943784991305,523.3411057265475,-1,6.179593540558978,4.000000000324717,-70.68732381711236,0
1775584025000630000,4874.964630126953,549.1557991774753,1.8894775049617403,-1,-33.43943942210131,523.3411057265475,-1,6.059981898004337,4.000000000381535,-70.6873234317323,0
1775584026000635100,4875.964635253907,549.1557991774753,1.8894775049617403,-1,-33.439440785965985,523.3411057265475,-1,5.954274329904653,4.0000000004092495,-70.68732309741722,0
1775584027000640500,4876.964640625,549.1557991774753,0.7185619110417696,-1,-33.43944333981677,523.3411057265475,-1,5.730096348733873,4.0000000004461365,-70.68731881197237,0
1775584027999246300,4877.96324633789,549.1557991774753,0.7185619110417696,-1,-33.43944334400727,523.3411057265475,-1,5.729767445023385,4.000000000444307,-70.68731881137694,0
1775584028999242200,4878.9632421875,549.1557991774753,0.7185619110417696,-1,-33.43944335468337,523.3411057265475,-1,5.728915200704341,4.000000000439698,-70.68731880985997,0
1775584029999259100,4879.963259033203,549.1557991774753,0.7185619110417696,-1,-33.439443395793695,523.3411057265475,-1,5.725606479188382,4.000000000422772,-70.68731880401863,0
1775584030999261400,4880.96326147461,549.1557991774753,0.7185619110417696,-1,-33.4394444379065,523.3411057265475,-1,5.640856898241953,4.000000000433005,-70.68731865594539,0
1775584031999267000,4881.963267089844,549.1557991774753,0.7185619110417696,-1,-33.43944537753116,523.3411057265475,-1,5.563336050161206,4.000000000454023,-70.68731852243464,0
1775584032999287600,4882.963287597656,549.1557991774753,0.7185619110417696,-1,-33.43944373928324,523.3411057265475,-1,5.548778240421058,4.000000000439596,-70.68732182725081,0
1775584033999301600,4883.9633015136715,549.1557991774753,0.7185619110417696,-1,-33.439443748246056,523.3411057265475,-1,5.548079522931164,4.000000000435505,-70.68732182519322,0
1775584034999316700,4884.963316650391,549.1557991774753,0.7185619110417696,-1,-33.439443802720774,523.3411057265475,-1,5.543839081075507,4.000000000412127,-70.68732181268756,0
1775584035999345400,4885.963345458985,549.1557991774753,1.4422638028377524,-1,-33.439444807350526,523.3411057265475,-1,5.463918308852016,4.000000000836452,-70.68732158205604,0
1775584036999352300,4886.963352294922,549.1557991774753,1.4869852530181737,-1,-33.43944570567776,523.3411057265475,-1,5.391368348286263,4.000000000898167,-70.68732137582828,0
1775584037999361500,4887.963361572266,549.1557991774753,1.5652475575938454,-1,-33.439446500458004,523.3411057265475,-1,5.326357897422099,4.000000000972256,-70.68732119337166,0
1775584038999389400,4888.963389404297,549.1557991774753,1.5876082160440372,-1,-33.439447649428935,523.3411057265475,-1,5.264486847374214,4.000000000973627,-70.68732099638613,0
1775584039999396900,4889.9633969726565,549.1557991774753,1.5652475575938454,-1,-33.43944768693842,523.3411057265475,-1,5.261331903979359,4.000000000882401,-70.68732098769486,0
1775584040999405800,4890.963405761719,549.1557991774753,1.5428868991436533,-1,-33.43944770425401,523.3411057265475,-1,5.259880186621215,4.000000000818148,-70.6873209836827,0
1775584041999434000,4891.963434082031,549.1557991774753,1.5317065699185575,-1,-33.43944775474201,523.3411057265475,-1,5.263875326785399,4.0000000007303464,-70.68732097198419,0
1775584042999462700,4892.963462646484,549.1557991774753,1.5205262406934614,-1,-33.439448547428604,523.3411057265475,-1,5.196448659686064,4.000000000698635,-70.68732078831187,0
1775584043999491300,4893.963491210938,549.1557991774753,1.4310834736126563,-1,-33.43944856686032,523.3411057265475,-1,5.194792593091803,4.000000000648061,-70.68732078380937,0
1775584044999517400,4894.963517333985,549.1557991774753,1.5093459114683656,-1,-33.439448525822954,523.3411057265475,-1,5.122364676275662,4.000000000660038,-70.68732168693067,0
1775584045999543300,4895.963543212891,549.1557991774753,1.5876082160440372,-1,-33.43944922247335,523.3411057265475,-1,5.063206715057517,4.000000000673279,-70.6873215049859,0
1775584046999567600,4896.963567626953,549.1557991774753,1.6546903246746503,-1,-33.43944986643297,523.3411057265475,-1,5.007902146423883,4.00000000066621,-70.68732133680243,0
1775584047999592000,4897.9635920410155,549.1557991774753,1.721772300025226,-1,-33.43944986644112,523.3411057265475,-1,5.007911826898953,4.0000000006550165,-70.68732133680032,0
1775584048999613000,4898.963613037109,549.1557991774753,1.6546903246746503,-1,-33.439450480117316,523.3411057265475,-1,4.954633815201228,4.000000000655606,-70.687321176526,0
1775584049999635200,4899.963635253906,549.1557991774753,1.6435099954495545,-1,-33.4394510673558,523.3411057265475,-1,4.903109311487244,4.000000000655186,-70.68732102315641,0
1775584050999656000,4900.96365600586,549.1557991774753,1.5652475575938454,-1,-33.439450054921494,523.3411057265475,-1,4.892758062460531,4.000000000646196,-70.68732321948511,0
1775584051999674600,4901.963674560547,549.1557991774753,0.7185619110417696,-1,-33.43945064475636,523.3411057265475,-1,4.842409554682118,4.000000000658591,-70.68732302587354,0
1775584052999694300,4902.963694335937,549.1557991774753,0.7185619110417696,-1,-33.4394511992284,523.3411057265475,-1,4.7945980186931525,4.000000000673174,-70.68732284386971,0
1775584053999712800,4903.963712646484,549.1557991774753,0.7185619110417696,-1,-33.43945172009771,523.3411057265475,-1,4.749246051553301,4.0000000006897425,-70.68732267289587,0
1775584054999730200,4904.963730224609,549.1557991774753,0.7185619110417696,-1,-33.439451735933226,523.3411057265475,-1,4.747871068596116,4.000000000668431,-70.68732266769791,0
1775584055999747300,4905.963747314453,549.1557991774753,0.7185619110417696,-1,-33.43945176818981,523.3411057265475,-1,4.745057724723415,4.000000000628695,-70.6873226571098,0
1775584056999763500,4906.963763427734,549.1557991774753,0.7185619110417696,-1,-33.43945182463812,523.3411057265475,-1,4.740171665582365,4.000000000569011,-70.68732263858081,0
1775584057999779300,4907.963779296875,549.1557991774753,1.3416408398118889,-1,-33.43945185348198,523.3411057265475,-1,4.737652984578245,4.0000000005232925,-70.68732262911288,0
1775584058999796000,4908.963795898438,549.1557991774753,1.3304605105867928,-1,-33.43945186181699,523.3411057265475,-1,4.737178700906263,4.000000000517191,-70.68732262637695,0
1775584059999810300,4909.963810302735,549.1557991774753,1.4758049237930777,-1,-33.43945248083458,523.3411057265475,-1,4.682560521440527,4.000000000522427,-70.68732242318623,0
1775584060999824100,4910.96382421875,549.1557991774753,2.101903893518601,-1,-33.43945304138195,523.3411057265475,-1,4.632546747383348,4.000000000511921,-70.68732223918819,0
1775584061999838500,4911.963838378906,549.1557991774753,1.9006578341868363,-1,-33.439453048452805,523.3411057265475,-1,4.632238774434337,4.000000000462384,-70.6873222368672,0
1775584062999852000,4912.9638520507815,549.1557991774753,1.978920138762508,-1,-33.4394530670044,523.3411057265475,-1,4.630584949661978,4.000000000333187,-70.6873222307777,0
1775584063999864600,4913.963864501953,549.1557991774753,4.1143651532364345,-1,-33.4394531475294,523.3411057265475,-1,4.623361284775019,4.0000000001766,-70.6873222043456,0
1775584064999877000,4914.963877197266,549.1557991774753,4.203807787037202,-1,-33.4394484807154,523.3411057265475,-1,4.481534672157852,4.000000000080648,-70.68732569714862,0
1775584065999890000,4915.963889892578,549.1557991774753,2.1500000953669725,180,-33.43944849790189,523.3411057265475,264.72658662914546,4.480277780559548,4.000000000022489,-70.68732569039771,0
1775584066999902700,4916.963902832032,549.1557991774753,1.990000009536318,180,-33.439448545447846,523.3411057265475,264.72658662914546,4.526097682725749,4.000000000007837,-70.68732567172152,0
1775584067999913200,4917.963913330078,549.1557991774753,2.2919696236252696,-1,-33.43944929527876,523.3411057265475,-1,4.490108978210533,4.000000000002744,-70.68732537718594,0
1775584068999925200,4918.963925292969,549.1557991774753,2.3478712697507493,-1,-33.43944999263997,523.3411057265475,-1,4.439027282488254,4.000000000001989,-70.68732510326062,0
1775584069999937000,4919.963937011718,549.1557991774753,2.537937133137455,-1,-33.439450637870856,523.3411057265475,-1,4.3914968353754045,4.000000000002605,-70.68732484981224,0
1775584070999947800,4920.963947753906,549.1557991774753,2.537937133137455,-1,-33.439450652713816,523.3411057265475,-1,4.4099690407227445,4.000000000003243,-70.6873248439819,0
1775584071999959000,4921.963958984375,549.1557991774753,2.549117462362551,-1,-33.43945058783614,523.3411057265475,-1,4.326629849359339,4.000000000005903,-70.68732463053381,0
1775584072999970000,4922.963969970703,549.1557991774753,2.47085515778688,-1,-33.439451167407256,523.3411057265475,-1,4.290150847518592,4.000000000028381,-70.68732440777536,0
1775584073999980800,4923.963980712891,549.1557991774753,5.176497495860849,-1,-33.43945170516597,523.3411057265475,-1,4.356353405768983,4.000000000111093,-70.68732420108755,0
1775584074999990000,4924.963989990234,549.1557991774753,2.160000085827401,180,-33.43945218316223,523.3411057265475,81.21100218304727,4.31784808188302,4.00000000019594,-70.68732401736945,0
1775584076000001300,4925.964001220703,548.956588181667,1.162891012089921,180,-33.43945295359465,523.1418947307393,273.0207778928993,4.195419494296921,3,-70.68733308904696,0
1775584077000011000,4926.9640109863285,548.956588181667,1.026260553874394,180,-33.43945296174952,523.1418947307393,273.0207778928993,4.352232410456184,3,-70.68733314684509,0
1775584078000020000,4927.964020019531,548.956588181667,1.768389624239389,180,-33.43945187515646,523.1418947307393,273.0207778928993,4.435559362462039,3,-70.68733618895456,0
1775584079000030000,4928.964030029297,548.956588181667,1.7329935239517305,180,-33.43945189615247,523.1418947307393,273.0207778928993,4.434654892989326,3,-70.68733632196934,0
1775584080000039000,4929.96403881836,548.956588181667,1.6944386619175547,180,-33.43945191628597,523.1418947307393,273.0207778928993,4.433242502146651,3,-70.6873364495199,0
1775584081000049200,4930.964049072266,548.956588181667,1.687233491288311,180,-33.4394519355023,523.1418947307393,273.0207778928993,4.431342692846208,3,-70.68733657125998,0
1775584082000058600,4931.96405859375,548.956588181667,1.687024963649521,180,-33.4394519547565,523.1418947307393,273.0207778928993,4.457392142315096,3,-70.68733669323996,0
1775584083000067600,4932.964067626953,548.7011497076601,1.0504401529310707,180,-33.43945157984255,522.8864562567323,273.0207906343726,4.455269462791961,3,-70.68733915654546,0
1775584084000076000,4933.9640759277345,548.7011497076601,1.8341964277874583,180,-33.43944958079051,522.8864562567323,273.0207906343726,4.48780912467392,3,-70.68733662876859,0
1775584085000085000,4934.964084960938,548.7011497076601,1.7455963198436748,180,-33.439449609896734,522.8864562567323,273.0207906343726,4.517420253622449,3,-70.68733689387572,0
1775584086000094500,4935.964094482422,548.7011497076601,1.6947371976674308,180,-33.439449638441495,522.8864562567323,273.0207906343726,4.6017722961975105,3,-70.68733715386897,0
1775584087000103000,4936.964103027343,548.7011497076601,1.6876585882525208,180,-33.439449656458166,522.8864562567323,273.0207906343726,4.600579014106318,3,-70.68733731796958,0
1775584088000112000,4937.9641120605465,548.7011497076601,1.2816409944554599,180,-33.43944967429223,522.8864562567323,273.0207906343726,4.599477881145729,3,-70.68733748040682,0
1775584089000120600,4938.964120605468,548.7011497076601,2.828989071000126,180,-33.439449902879474,522.8864562567323,273.0207906343726,4.575525182810054,4.000000000093076,-70.68733956243939,0
1775584090000129000,4939.96412890625,548.7011497076601,2.769010559706857,180,-33.439449260869445,522.8864562567323,273.0207906343726,5.064786679810463,4.000000000041216,-70.68734427894809,0
1775584091000137700,4940.964137695312,548.7011497076601,2.7790069782557354,180,-33.43944926507729,522.8864562567323,273.0207906343726,5.10609990880625,4.000000000005481,-70.68734431379042,0
1775584092000147000,4941.964146972657,548.7011497076601,2.3091748297916244,180,-33.439449271876505,522.8864562567323,273.0207906343726,5.841779618461243,4.000000000000365,-70.68734437009,0
1775584093000154600,4942.964154541016,548.7011497076601,5.06469420360989,-1,-33.439449355349865,522.8864562567323,-1,5.833419032231093,4.000000000017368,-70.68734506127595,0
1775584094000163300,4943.964163330078,548.7011497076601,5.176497495860849,-1,-33.43944979075697,522.8864562567323,-1,5.73227753825306,4.000000000060212,-70.68734866658511,0
1775584095000171800,4944.964171875,548.7011497076601,5.433645334598131,-1,-33.43945019389131,522.8864562567323,-1,5.637015439298782,4.000000000155524,-70.68735200466543,0
1775584096000179200,4945.964179199219,548.7011497076601,4.969999790180746,180,-33.43944847073857,522.8864562567323,268.94523314373606,5.628126023548707,4.000000000256115,-70.6873571168646,0
1775584097000188000,4946.964187988281,548.7011497076601,2.789999961846906,180,-33.43944847133748,522.8864562567323,268.94523314373606,5.629860835969348,4.000000000346735,-70.68735712096714,0
1775584098000195600,4947.96419555664,548.7011497076601,5.757875148685988,-1,-33.43944889562499,522.8864562567323,-1,5.5858609089875255,4.000000000444688,-70.6873600273283,0
1775584099000204500,4948.964204589844,548.7011497076601,2.559999942766757,180,-33.439449283558304,522.8864562567323,259.80456800549223,5.5026987858110745,4.000000000624005,-70.6873626846638,0
1775584100000213200,4949.9642131347655,548.7011497076601,2.5499999523035504,180,-33.439449635299475,522.8864562567323,259.80456800549223,5.428050864799674,4.0000000009609415,-70.6873650940839,0
1775584101000220700,4950.964220703125,548.7011497076601,2.5799999236931708,180,-33.439449955907584,522.8864562567323,259.80456800549223,5.361019737516941,4.000000001350774,-70.68736729024312,0
1775584102000228900,4951.964228759765,548.7011497076601,2.5799999236931708,180,-33.43944901455043,522.8864562567323,259.80456800549223,5.582212506370543,4.000000001657306,-70.68737237210736,0
1775584103000236500,4952.964236572266,548.7011497076601,2.5799999236931708,180,-33.43944943599862,522.8864562567323,259.80456800549223,6.0444329816997,4.00000000199897,-70.68737488538774,0
1775584104000243700,4953.964243652344,548.7011497076601,2.6099998950827916,180,-33.439449812174985,522.8864562567323,259.80456800549223,6.014461554916521,4.0000000026905145,-70.68737712869242,0
1775584105000251600,4954.964251708984,548.7011497076601,2.5299999713771366,180,-33.43944986739678,522.8864562567323,259.80456800549223,6.045584517535144,4.000000002388734,-70.68737745800418,0
1775584106000259800,4955.964259765625,548.7011497076601,2.9516098475861554,-1,-33.439450260858784,522.8864562567323,-1,5.975986319037423,4.000000002243159,-70.68737980439073,0
1775584107000268000,4956.9642680664065,548.7011497076601,2.9739705060363475,-1,-33.43945062696412,522.8864562567323,-1,5.882234643917264,4.000000002073471,-70.68738198763741,0
1775584108000275700,4957.964275634766,548.7011497076601,2.47085515778688,-1,-33.4394505680653,522.8864562567323,-1,5.875369070287313,4.000000001805672,-70.68738178916784,0
1775584109000284200,4958.964284179688,548.7011497076601,2.2919696236252696,-1,-33.43945057406345,522.8864562567323,-1,5.873839088304642,4.000000001552019,-70.68738182485745,0
1775584110000292400,4959.964292236328,548.7011497076601,2.4261338408864956,-1,-33.43945092443551,522.8864562567323,-1,5.783249365427624,4.000000001303365,-70.68738390960593,0
1775584111000300000,4960.964300048828,548.7011497076601,2.537937133137455,-1,-33.439451249081415,522.8864562567323,-1,5.698132085089236,4.000000001209477,-70.6873858412812,0
1775584112000307700,4961.964307617188,548.7011497076601,2.5602977915876473,-1,-33.439451251764154,522.8864562567323,-1,5.697431535761508,4.000000001309791,-70.6873858572438,0
1775584113000315000,4962.964314941406,548.7011497076601,2.549117462362551,-1,-33.43945128101051,522.8864562567323,-1,5.689698501654474,4.000000001091555,-70.68738603126252,0
1775584114000323000,4963.964322998047,548.7011497076601,2.7056423380739694,-1,-33.439450313352005,522.8864562567323,-1,5.592789095719336,4.000000001115683,-70.6873877279096,0
1775584115000330500,4964.964330566406,548.7011497076601,2.1130842227436966,-1,-33.439450367914596,522.8864562567323,-1,5.579750044629707,4.000000000862166,-70.68738801782011,0
1775584116000338400,4965.964338378906,548.7011497076601,2.314330282075461,-1,-33.43945072927155,522.8864562567323,-1,5.4926058364136185,4.000000000846312,-70.68738993783849,0
1775584117000346000,4966.964346191407,548.7011497076601,2.5043961454621675,-1,-33.43945105431629,522.8864562567323,-1,5.412977561767141,4.000000000812122,-70.68739166491719,0
1775584118000354300,4967.964354248047,548.7011497076601,2.3031499528503656,-1,-33.43945105628911,522.8864562567323,-1,5.412500205080085,4.000000000837488,-70.68739167539943,0
1775584119000361500,4968.964361572265,548.7011497076601,4.852267681772991,-1,-33.43945144862795,522.8864562567323,-1,5.318792344502898,4.000000000951713,-70.68739422038283,0
1775584120000369700,4969.964369628906,548.7011497076601,5.1317761789604655,-1,-33.43945171835891,522.8864562567323,-1,5.250510643628221,4.000000001156621,-70.6873956418141,0
1775584121000377600,4970.964377685546,548.7011497076601,5.288300788111808,-1,-33.439451721736305,522.8864562567323,-1,5.249659915789233,4.000000001518939,-70.68739565961233,0
1775584122000385300,4971.964385253907,548.7011497076601,5.511907372613727,-1,-33.43944779617524,522.8864562567323,-1,5.050437030700051,4.000000001940834,-70.68738676065655,0
1775584123000393500,4972.964393554687,548.7011497076601,2.6800000667242476,180,-33.439447804541736,522.8864562567323,239.4138460083378,5.049380441482779,4.000000002154246,-70.68738679781278,0
1775584124000400100,4973.964400146484,548.7011497076601,5.65725191910005,-1,-33.43944812301044,522.8864562567323,-1,4.997189577658608,4.00000000269683,-70.6873882121572,0
1775584125000407600,4974.964407470703,548.7011497076601,5.019999980799154,180,-33.439448155777015,522.8864562567323,256.6403521578949,5.044052541813054,4.000000003218111,-70.68738835767608,0
1775584126000415000,4975.964415039062,548.7011497076601,5.210038216976062,-1,-33.439448170374476,522.8864562567323,-1,5.13248030793094,4.00000000370994,-70.68738842250455,0
1775584127000422400,4976.964422363281,552.4417727459222,2.2300000190733913,97.14703484329421,-33.439447691316026,526.6270792949945,69.25780219271456,5.206817235606467,4.000000000004644,-70.68739655305394,1.8600000143050357
1775584128000431400,4977.9644313964845,552.4417724749073,2.2025269898245017,-1,-33.4394486868201,526.6270790239796,-1,5.173791547162836,4.000000000001413,-70.68739463054693,0
1775584129000438300,4978.964438232422,552.4417724749073,2.359051598975845,-1,-33.43944874314196,526.6270790239796,-1,5.101788104449266,4.0000000000114815,-70.68740436280414,0
1775584130000446700,4979.964446777344,552.4417724749073,2.47085515778688,-1,-33.439443577351895,526.6270790239796,-1,6.226697614011357,4.0000000000280105,-70.68739138475348,0
1775584131000453000,4980.964453125,552.4417724749073,2.2807892944001735,-1,-33.4394435804478,526.6270790239796,-1,6.226640789345557,4.0000000000246265,-70.68739153494676,0
1775584132000461300,4981.964461425781,552.4417724749073,2.4596748285617838,-1,-33.43944385627693,526.6270790239796,-1,6.104998357294301,4.000000000008032,-70.6874049164084,0
1775584133000468700,4982.96446875,552.4417724749073,2.2919696236252696,-1,-33.43944385951637,526.6270790239796,-1,6.105206695093177,4.000000000002361,-70.68740507356515,0
1775584134000476400,4983.96447631836,552.4417724749073,2.403773182436304,-1,-33.43944088390297,526.6270790239796,-1,7.602590854414842,4.000000000000202,-70.68744431951944,0
1775584135000484400,4984.964484375,552.4417724749073,2.3255106113005573,-1,-33.43944141559578,526.6270790239796,-1,7.392937137783118,4.000000000000953,-70.68746012324895,0
1775584136000491300,4985.964491210938,552.4417724749073,2.247248306724886,-1,-33.439441446167834,526.6270790239796,-1,7.380703199413096,4.00000000000203,-70.68746103195494,0
1775584137000498700,4986.964498779297,552.4417724749073,2.2248876482746938,-1,-33.43944152691397,526.6270790239796,-1,7.3483653045173325,4.000000000018742,-70.68746343200634,0
1775584138000506400,4987.964506347656,552.4417724749073,4.36033266274862,-1,-33.4394420724631,526.6270790239796,-1,7.1254021648432895,4.000000000057247,-70.68747964759312,0
1775584139000513500,4988.964513427734,552.4417724749073,4.282070091612873,-1,-33.43944253985002,526.6270790239796,-1,6.928679975939465,4.0000000001325935,-70.6874935399314,0
1775584140000522200,4989.9645222167965,552.6938476711512,4.248529103937585,-1,-33.439441285758896,526.8791542202234,-1,6.9017161143233485,3.999999999999998,-70.68747115514189,1.090000033378601
1775584141000529400,4990.964529296875,552.6938476711512,2.230000019073444,180,-33.43944070990219,526.8791542202234,92.1093825287923,6.700764961287045,4.000000000002468,-70.68746391532471,0
1775584142000537300,4991.964537353516,552.6938476711512,3.6800000667571324,180,-33.439440205778,526.8791542202234,92.1093825287923,6.55165605318806,4.000000000015527,-70.68745757734688,0
1775584143000545500,4992.964545654297,552.6938476711512,4.270889762387777,-1,-33.43944019831232,526.8791542202234,-1,6.550511201532714,4.000000000037944,-70.68745748348643,0
1775584144000552200,4993.964552246094,552.6938476711512,4.4497752965493875,-1,-33.43943975078472,526.8791542202234,-1,6.384696562909329,4.000000000073799,-70.68745185705545,0
1775584145000558800,4994.964558837891,552.6938476711512,4.320000171656999,180,-33.43943936163116,526.8791542202234,67.14848669116834,6.236832544924606,4.000000000103607,-70.68744696451762,0
1775584146000567600,4995.964567626953,552.6938476711512,2.1578055396440807,-1,-33.439437981759106,526.8791542202234,-1,7.1785394188907325,4.000000000084881,-70.68745013024352,0
1775584147000574500,4996.964574462891,552.6938476711512,2.2807892944001735,-1,-33.43943761148428,526.8791542202234,-1,6.982816834118379,4.0000000000509495,-70.68744434653075,0
1775584148000581600,4997.9645815429685,552.6938476711512,2.247248306724886,-1,-33.43943756365421,526.8791542202234,-1,6.958923844011305,4.000000000039867,-70.6874435994224,0
1775584149000590800,4998.964590820313,552.6938476711512,2.370231928200941,-1,-33.439437203735075,526.8791542202234,-1,6.75763469030082,4.000000000039077,-70.68743797746588,0
1775584150000598000,4999.964597900391,552.6938476711512,2.4373141701115917,-1,-33.43943690219314,526.8791542202234,-1,6.584265967426925,4.000000000033678,-70.68743326736441,0
1775584151000605400,5000.96460546875,552.6938476711512,2.4484944993366877,-1,-33.439436895200224,526.8791542202234,-1,6.5801987554292865,4.000000000014979,-70.6874331581348,0
1775584152000612600,5001.964612548828,549.033502606675,1.390044224226583,180,-33.43944043083479,523.2188091557473,273.02085676292114,6.007011017383134,3,-70.68745103889883,0
1775584153000620800,5002.96462084961,549.0371685391292,1.3764052597015102,180,-33.43943977958032,523.2224750882015,273.0208231527238,6.003661132095295,3,-70.68744046148836,0
1775584153999293700,5003.963293701172,549.0371685391292,1.3772156110059695,180,-33.43943980734651,523.2224750882015,273.0208231527238,6.029487756112586,3,-70.68744067786533,0
1775584154999286500,5004.963286621094,549.0371685391292,1.3792897850181955,180,-33.439439821968875,523.2224750882015,273.0208231527238,6.026319265037671,3,-70.68744079181482,0
1775584155999299800,5005.963299804687,549.0371685391292,1.2864461565538376,180,-33.43943983659055,523.2224750882015,273.0208231527238,6.022071848373469,3,-70.68744090575886,0
1775584156999293700,5006.963293701172,549.0371685391292,1.2848499640049353,180,-33.4394398492921,523.2224750882015,273.0208231527238,6.019313204661263,3,-70.68744100473974,0
1775584157999300000,5007.963300048828,549.0371685391292,1.0419674890429451,180,-33.43943843054934,523.2224750882015,273.0208231527238,6.090276782595546,3,-70.68744398655122,0
1775584158999325000,5008.963324951172,549.0371685391292,1.022058987595576,180,-33.439438440763794,523.2224750882015,273.0208231527238,6.179512270650777,3,-70.68744405209794,0
1775584159999335200,5009.963335205078,549.0371685391292,1.0211793893063819,180,-33.439438468221034,523.2224750882015,273.0208231527238,6.198423980143518,3,-70.6874442282925,0
1775584160999341000,5010.963341064453,549.0371685391292,1.0270278963420276,180,-33.439438497591034,523.2224750882015,273.0208231527238,6.4209662607941125,3,-70.68744441676134,0
1775584161999365400,5011.963365478516,549.0371685391292,1.7556788586780077,180,-33.4394385272323,523.2224750882015,273.0208231527238,6.449046639169598,3,-70.68744460697087,0
1775584162999366400,5012.963366455078,549.0371685391292,1.698109774780392,180,-33.439438558131656,523.2224750882015,273.0208231527238,6.440525091330215,3,-70.68744480525369,0
1775584163999368700,5013.963368652344,549.0371685391292,1.6498723535379525,180,-33.439437861557956,523.2224750882015,273.0208231527238,6.613663495282433,3,-70.68744605816435,0
1775584164999396400,5014.963396240234,549.0371685391292,1.6442788599583151,180,-33.43943789288469,523.2224750882015,273.0208231527238,6.678190395281264,3,-70.68744624254758,0
1775584165999402500,5015.96340258789,549.0371685391292,1.5968870405312574,180,-33.439437925782734,523.2224750882015,273.0208231527238,6.876763761928972,3,-70.68744643617926,0
1775584166999414500,5016.963414550782,549.0371685391292,1.466788885284574,180,-33.43943795838754,523.2224750882015,273.0208231527238,7.0573404372191995,3,-70.68744662808496,0
1775584167999439600,5017.963439697266,549.0371685391292,1.4628718745481402,180,-33.43943798583215,523.2224750882015,273.0208231527238,7.052932796472143,3,-70.68744678961873,0
1775584168999464400,5018.963464355469,549.0371685391292,1.457336159350999,180,-33.4394380130179,523.2224750882015,273.0208231527238,7.047262011656186,3,-70.6874469496289,0
1775584169999489300,5019.963489257812,549.0371685391292,1.3776405925601323,180,-33.43943867879237,523.2224750882015,273.0208231527238,7.133210285691328,3,-70.68744468640888,0
1775584170999512300,5020.963512207031,549.0371685391292,1.3739712501019181,180,-33.43943870277225,523.2224750882015,273.0208231527238,7.264388566494951,3,-70.68744484244037,0
1775584171999535600,5021.9635356445315,549.0371685391292,1.2867125746897399,180,-33.43943872652074,523.2224750882015,273.0208231527238,7.257123116374614,3,-70.68744499696628,0
1775584172999556400,5022.963556396485,549.0371685391292,1.3733935656938927,180,-33.43943874728308,523.2224750882015,273.0208231527238,7.250280624445389,3,-70.68744513206191,0
1775584173999577300,5023.963577392578,549.0371685391292,1.2801384862654253,180,-33.43943877081404,523.2224750882015,273.0208231527238,7.243076846583324,3,-70.68744528517242,0
1775584174999597600,5024.96359765625,549.0371685391292,1.280470764329352,180,-33.43943879161278,523.2224750882015,273.0208231527238,7.309957085491431,3,-70.68744542050496,0
1775584175999618300,5025.963618408203,549.0371685391292,1.2829629551446702,180,-33.43943540969576,523.2224750882015,273.0208231527238,7.267383187727996,3,-70.6874438865833,0
1775584176999636700,5026.96363671875,549.0371685391292,1.1663167144763922,180,-33.43943543822947,523.2224750882015,273.0208231527238,7.378178764364691,3,-70.68744402807543,0
1775584177999654700,5027.963654541016,549.0371685391292,1.802236952967072,180,-33.4394354618369,523.2224750882015,273.0208231527238,7.3851198286723845,3,-70.68744414513928,0
1775584178999672000,5028.963672119141,549.0371685391292,1.743606156184213,180,-33.43943552079567,523.2224750882015,273.0208231527238,7.594469643122525,3,-70.68744443750228,0
1775584179999690000,5029.963689941406,549.0371685391292,1.7308560378051465,180,-33.439435577986245,523.2224750882015,273.0208231527238,7.744694305780125,3,-70.68744472109722,0
1775584180999706600,5030.963706542969,549.0371685391292,1.7240064868253362,180,-33.43943563680697,523.2224750882015,273.0208231527238,7.928607474331628,3,-70.68744501277567,0
1775584181999723300,5031.963723144531,549.0371685391292,1.689947414344015,180,-33.439432942931184,523.2224750882015,273.0208231527238,7.97811898725265,3,-70.68744974793897,0
1775584182999738600,5032.963738525391,549.0371685391292,1.688332541887959,180,-33.439433011608216,523.2224750882015,273.0208231527238,8.001242574297741,3,-70.68745000930147,0
1775584183999753700,5033.963753662109,549.0371685391292,1.682503248603356,180,-33.439433082723234,523.2224750882015,273.0208231527238,8.167594239400676,3,-70.68745027994221,0
1775584184999770000,5034.963770019532,549.0371685391292,1.6029067556385088,180,-33.43943315580836,523.2224750882015,273.0208231527238,8.327209285161622,3,-70.68745055808051,0
1775584185999785000,5035.963784912109,549.0371685391292,1.5374774734046721,180,-33.43943322165426,523.2224750882015,273.0208231527238,8.310834335464413,3,-70.68745080866867,0
1775584186999798800,5036.963798828125,549.0371685391292,1.466344384939562,180,-33.43943328359389,523.2224750882015,273.0208231527238,8.417294300659812,3,-70.68745104439088,0
1775584187999812600,5037.9638125,549.0371685391292,1.4605466516457328,180,-33.439431838071094,523.2224750882015,273.0208231527238,8.479732795144034,3,-70.68745528139382,0
1775584188999827000,5038.963826904297,549.0371685391292,1.4598254443956336,180,-33.43943190165325,523.2224750882015,273.0208231527238,8.594831902175779,3,-70.68745548650264,0
1775584189999839700,5039.96383984375,549.0371685391292,1.287362398902791,180,-33.43943196513861,523.2224750882015,273.0208231527238,8.608800868055528,3,-70.68745569129922,0
1775584190999853000,5040.963853027344,549.0371685391292,1.372093515691234,180,-33.43943201431495,523.2224750882015,273.0208231527238,8.598194758509377,3,-70.68745584993653,0
1775584191999867400,5041.96386743164,549.0371685391292,1.282616924186702,180,-33.43943206978147,523.2224750882015,273.0208231527238,8.585034401717557,3,-70.68745602886524,0
1775584192999879700,5042.963879638672,549.0371685391292,1.1692686549432367,180,-33.43943211801286,523.2224750882015,273.0208231527238,8.57338688501475,3,-70.68745618445425,0
1775584193999893000,5043.963893066406,549.0371685391292,1.1647477240437085,180,-33.43943215794203,523.2224750882015,273.0208231527238,8.563537200641873,3,-70.68745631326126,0
1775584194999905500,5044.9639055175785,549.0371685391292,1.7980818583993678,180,-33.439432197380945,523.2224750882015,273.0208231527238,8.553965276488528,3,-70.68745644048673,0
1775584195999917600,5045.963917480469,549.0371685391292,1.7404643147379624,180,-33.43943228978383,523.2224750882015,273.0208231527238,8.530527887104887,3,-70.68745673856793,0
1775584196999929300,5046.963929443359,549.0371685391292,1.698617399805756,180,-33.439432376454896,523.2224750882015,273.0208231527238,8.555069040223627,3,-70.68745701815898,0
1775584197999941400,5047.96394140625,549.0371685391292,1.2824121127043349,180,-33.439432501231174,523.2224750882015,273.0208231527238,8.528163234564504,3,-70.68745742067311,0
1775584198999953200,5048.963953125,549.0371685391292,1.6994116415750342,-1,-33.43943402919749,523.2224750882015,-1,8.115390477617952,4.000000000010106,-70.68746234971958,0
1775584199999964700,5049.963964599609,549.0371685391292,1.7664937502056473,-1,-33.43943528293623,523.2224750882015,-1,7.760430678268486,4.000000000010554,-70.68746639413887,0
1775584200999976200,5050.963976074218,549.0371685391292,1.6211493369993626,-1,-33.4394363304159,523.2224750882015,-1,7.488711134637443,4.000000000010894,-70.68746977318976,0
1775584201999987700,5051.9639877929685,549.0371685391292,1.5428868991436533,-1,-33.43943635815473,523.2224750882015,-1,7.5315321677290585,4.000000000010699,-70.68746986267207,0
1775584202999998700,5052.963998779297,549.0371685391292,1.5093459114683656,-1,-33.43943644617061,523.2224750882015,-1,7.505728525724077,4.0000000000139195,-70.68747014660137,0
1775584204000010500,5053.964010498047,549.0371685391292,1.6994116415750342,-1,-33.439437411901814,523.2224750882015,-1,7.202236011990556,4.000000000017031,-70.68747326194097,0
1775584205000021500,5054.964021484375,549.0371685391292,1.5093459114683656,-1,-33.439437417123656,523.2224750882015,-1,7.200567308104005,4.000000000018532,-70.68747327878603,0
1775584206000032500,5055.964032470703,549.0371685391292,1.5205262406934614,-1,-33.43943822424327,523.2224750882015,-1,6.936681012020785,4.000000000021195,-70.68747588246256,0
1775584207000044800,5056.964044921875,549.0371685391292,1.5764278868189412,-1,-33.43943888058047,523.2224750882015,-1,6.714452369866878,4.00000000002352,-70.6874779997321,0
1775584208000054300,5057.9640541992185,549.0371685391292,1.4646244612879442,-1,-33.43943945055839,523.2224750882015,-1,6.515689906251762,4.000000000023974,-70.6874798384164,0
1775584209000065800,5058.964065673828,549.0371685391292,1.598788545269133,-1,-33.43943994809862,523.2224750882015,-1,6.336739833742612,4.000000000024395,-70.68748144342486,0
1775584210000076300,5059.964076171875,549.0371685391292,1.4981655822432696,-1,-33.439439963302235,523.2224750882015,-1,6.331199895826173,4.000000000023634,-70.68748149247001,0
1775584211000086800,5060.964086669922,549.0371685391292,1.4646244612879442,-1,-33.43943997750385,523.2224750882015,-1,6.3260212723101334,4.000000000022913,-70.68748153828282,0
1775584212000097300,5061.964097167969,549.0371685391292,2.101903893518601,-1,-33.4394399857775,523.2224750882015,-1,6.323005800384191,4.000000000014757,-70.68748156497267,0
1775584213000108300,5062.964108398438,549.0371685391292,2.247248306724886,-1,-33.43944046098921,523.2224750882015,-1,6.146841338713253,4.000000000008572,-70.68748309795187,0
1775584214000119800,5063.964119873047,549.0371685391292,2.3255106113005573,-1,-33.43944046613199,523.2224750882015,-1,6.1449155635211525,4.00000000000846,-70.68748311454189,0
1775584215000128300,5064.964128173828,549.0371685391292,2.3255106113005573,-1,-33.439440478193156,523.2224750882015,-1,6.1403855848614155,4.00000000000823,-70.68748315344983,0
1775584216000138000,5065.964137939453,558.6052246233448,0.7185619110417696,-1,-33.43943995988915,532.7905311724171,-1,5.982210237194743,3.9999999999999987,-70.68748335261935,0
1775584217000149200,5066.964149169922,558.6052246233448,1.6099690077742665,-1,-33.43943952130949,532.7905311724171,-1,5.8450632516949925,4.000000000003552,-70.68748352115308,0
1775584218000159500,5067.964159423828,558.6052246233448,1.7329526292503221,-1,-33.43943914786308,532.7905311724171,-1,5.726796553466215,4.000000000006062,-70.68748366465796,0
1775584219000170000,5068.964169921875,558.6052246233448,1.822395396331127,-1,-33.43943882052205,532.7905311724171,-1,5.708180319365281,4.000000000006557,-70.68748379044585,0
1775584220000179200,5069.964179199219,558.6052246233448,1.9118381634119321,-1,-33.43943853417497,532.7905311724171,-1,5.613309604549296,4.000000000006731,-70.68748390048091,0
1775584221000189700,5070.964189697265,558.6052246233448,1.8000347378809352,-1,-33.43943464711818,532.7905311724171,-1,5.470310772794272,4.000000000005669,-70.68748552498523,0
1775584222000200200,5071.9642001953125,558.6052246233448,1.822395396331127,-1,-33.43943464580146,532.7905311724171,-1,5.471308622156814,4.000000000005859,-70.68748552545172,0
1775584223000210200,5072.964210205078,558.6052246233448,2.012461126437796,-1,-33.43943464431159,532.7905311724171,-1,5.477311635093673,4.000000000004928,-70.68748552597954,0
1775584224000220000,5073.964219970703,558.6052246233448,2.23606797749979,-1,-33.43943451668204,532.7905311724171,-1,5.458541017271775,4.000000000001787,-70.68748557119453,0
1775584225000228900,5074.964228759765,558.6052246233448,2.3366909405256533,-1,-33.43943440119827,532.7905311724171,-1,5.398721293491835,4.0000000000013385,-70.68748561210664,0
1775584226000240400,5075.964240478515,558.6052246233448,1.7553134209805514,-1,-33.43943428992913,532.7905311724171,-1,5.4149152988856475,4.000000000001571,-70.68748565152566,0
1775584227000250400,5076.964250488281,558.6052246233448,1.744132958475418,-1,-33.43943428294688,532.7905311724171,-1,5.413116940613656,4.000000000000278,-70.68748565399923,0
1775584228000260000,5077.964260009766,558.6052246233448,1.8000347378809352,-1,-33.43943428039319,532.7905311724171,-1,5.444227387863934,4.000000000000214,-70.68748565490391,0
1775584229000270000,5078.964270019531,558.6052246233448,1.867116713231511,-1,-33.43943427867612,532.7905311724171,-1,5.580146903961209,4.000000000000621,-70.68748565551222,0
1775584230000279300,5079.964279296875,558.6052246233448,1.822395396331127,-1,-33.439434270252804,532.7905311724171,-1,5.578960057263959,4.000000000000411,-70.68748565849634,0
1775584231000289500,5080.964289550781,558.6052246233448,2.046002247393121,-1,-33.4394342682452,532.7905311724171,-1,5.577563234668153,4.000000000000389,-70.68748565920757,0
1775584232000299800,5081.9642998046875,558.6052246233448,2.034821918168025,-1,-33.439434259471376,532.7905311724171,-1,5.571422979242767,4.000000000000561,-70.68748566231586,0
1775584233000309800,5082.964309814453,558.6052246233448,2.101903893518601,-1,-33.43943412840425,532.7905311724171,-1,5.478746636336748,4.000000000001568,-70.68748570874865,0
1775584234000319500,5083.964319580078,558.6052246233448,2.101903893518601,-1,-33.43943400956138,532.7905311724171,-1,5.393338020259789,4.000000000002324,-70.6874857508508,0
1775584235000328000,5084.964327880859,558.6052246233448,2.046002247393121,-1,-33.43943400384191,532.7905311724171,-1,5.389202781687153,4.000000000002338,-70.68748575287704,0
1775584236000339000,5085.9643388671875,558.6052246233448,2.079543235068409,-1,-33.439433889910305,532.7905311724171,-1,5.306472527609764,4.0000000000025056,-70.68748579323928,0
1775584237000348700,5086.964348632812,558.6052246233448,2.593838779262935,-1,-33.43943388461232,532.7905311724171,-1,5.302679585636838,4.00000000001266,-70.68748579511617,0
1775584238000358000,5087.964357910157,558.6052246233448,4.050000190732534,180,-33.43943228895394,532.7905311724171,81.21097837717889,5.200276668059203,4.000000000061895,-70.68748678253722,0
1775584239000369200,5088.964369140625,558.6052246233448,2.6700000762924097,180,-33.43943228404071,532.7905311724171,81.21097837717889,5.807477557645152,4.000000000114356,-70.68748678324175,0
1775584240000378600,5089.964378662109,558.6052246233448,5.411284676147939,-1,-33.43943220902311,532.7905311724171,-1,5.698522654517948,4.000000000173593,-70.68748679399874,0
1775584241000387600,5090.964387695312,558.6052246233448,5.321842042347171,-1,-33.439432207236926,532.7905311724171,-1,5.695883200010881,4.000000000219116,-70.68748679425485,0
1775584242000397600,5091.964397460937,558.6052246233448,2.200000047680238,180,-33.43943220486064,532.7905311724171,112.14850706053251,5.692366566053502,4.000000000167828,-70.6874867945956,0
1775584243000406300,5092.96440625,558.6052246233448,2.627379766938223,-1,-33.43943213559956,532.7905311724171,-1,5.5895450037408345,4.000000000143546,-70.68748680452714,0
1775584244000417300,5093.964417236328,558.6052246233448,5.578989347964304,-1,-33.439431238969334,532.7905311724171,-1,5.4642001486642595,4.00000000018438,-70.68748775732517,0
1775584245000426800,5094.964426757812,558.6052246233448,2.73000001906732,180,-33.439431237916004,532.7905311724171,107.226637510822,5.461185356954986,4.000000000243686,-70.6874877565641,0
1775584246000436200,5095.964436279297,558.6052246233448,2.4300000667517136,180,-33.439431207615186,532.7905311724171,107.226637510822,5.451267862374115,4.000000000291345,-70.68748773467033,0
1775584247000445400,5096.96444555664,558.6052246233448,5.456005993048323,-1,-33.439431178845595,532.7905311724171,-1,5.433692662532661,4.000000000395496,-70.68748771388294,0
1775584248000455700,5097.964455566406,558.6052246233448,5.198858154311041,-1,-33.4394311783671,532.7905311724171,-1,5.4340705981997255,4.000000000467523,-70.6874877135372,0
1775584249000465000,5098.96446484375,558.6052246233448,5.06469420360989,-1,-33.439431176854136,532.7905311724171,-1,5.524605193947174,4.000000000495601,-70.687487712444,0
1775584250000473900,5099.964473876953,557.2103226386565,1.5099999904576267,180,-33.43942948654085,531.3956291877288,98.0860369909358,6.2333973352143355,3.719221508999241,-70.68748909539596,0
1775584251000484400,5100.964484375,548.2652140399441,1.6846922222496736,180,-33.43943752233529,522.4505205890164,273.02086278065207,5.712185673364232,3,-70.6875020928465,0
1775584252000494000,5101.964494140625,548.2652140399441,1.650002876958545,180,-33.43943758554818,522.4505205890164,273.02086278065207,5.70673534512157,3,-70.68750226608122,0
1775584253000503600,5102.96450366211,548.2652140399441,1.5951343211520306,180,-33.439437645969235,522.4505205890164,273.02086278065207,5.701299550026745,3,-70.68750243166495,0
1775584254000513000,5103.964512939453,548.2652140399441,1.5937008060817885,180,-33.439437740119246,522.4505205890164,273.02086278065207,5.782136011673909,3,-70.6875026896828,0
1775584255000523000,5104.964522949219,548.2652140399441,1.5308030967813067,180,-33.43943779773964,522.4505205890164,273.02086278065207,5.777418758989033,3,-70.68750284759133,0
1775584256000532700,5105.964532714844,548.2652140399441,1.5336446107232042,180,-33.43943785190435,522.4505205890164,273.02086278065207,5.834790731993443,3,-70.68750299602955,0
1775584257000541700,5106.964541748047,548.2652140399441,1.4661539470754432,180,-33.439435656223836,522.4505205890164,273.02086278065207,6.0386124877874465,3,-70.68750114950058,0
1775584258000552200,5107.964552246094,548.2652140399441,1.3790772503624067,180,-33.439435713447885,522.4505205890164,273.02086278065207,6.0345713512746775,3,-70.68750129848053,0
1775584259000562000,5108.964562011719,548.2652140399441,1.2888568922293826,180,-33.43943576446849,522.4505205890164,273.02086278065207,6.059924962069651,3,-70.6875014313101,0
1775584260000571100,5109.964571044922,548.2652140399441,1.0293483474751148,180,-33.43943581053517,522.4505205890164,273.02086278065207,6.162848173980607,3,-70.68750155124238,0
1775584261000580900,5110.964580810547,548.0278544640169,1.7819274782333927,180,-33.439435547965935,522.2131610130891,273.02084679820524,6.1614456141457214,3,-70.68749622810576,0.0656438891738022
1775584262000590000,5111.96459008789,548.0213817954063,1.6176903447770472,180,-33.43943555260421,522.2066883444786,273.02084662952245,6.261823490158088,3,-70.68749617349047,0
1775584263000599800,5112.964599853515,548.0213817954063,1.5432636720954882,180,-33.439432125514045,522.2066883444786,273.02084662952245,6.258351363091595,3,-70.68749860447494,0
1775584264000609500,5113.964609619141,548.0213817954063,1.5300074763203806,180,-33.43943219815403,522.2066883444786,273.02084662952245,6.261286967342238,3,-70.68749872231902,0
1775584265000619500,5114.964619628906,548.0213817954063,1.530033528328291,180,-33.439432269417736,522.2066883444786,273.02084662952245,6.261816166713101,3,-70.68749883793039,0
1775584266000628500,5115.964628417969,548.0213817954063,1.384781207232489,180,-33.43943234040632,522.2066883444786,273.02084662952245,6.256508596639336,3,-70.68749895309541,0
1775584267000637700,5116.964637695312,548.2133497726172,1.3837225591354798,180,-33.439428265140556,522.3986563216895,273.02084178338055,6.331835653275148,3,-70.68749751600551,0.02221419548001062
1775584268000648700,5117.964648681641,548.1982216434553,1.8705514043584837,180,-33.43942818847166,522.3835281925276,273.0208424572249,6.333337343788486,3,-70.68749776375424,0.09513034936558125
1775584269000658000,5118.964657958984,548.1537400446832,2.229424064632157,180,-33.43942786259721,522.3390465937555,273.0208425031259,6.334845799868858,3,-70.68749780151568,0.0798581190771161
1775584270000668000,5119.96466796875,548.0946652181447,2.6309327348705414,180,-33.439427957746446,522.2799717672169,273.0208555115081,6.878278245032064,3,-70.68750916844066,0.30469792413903224
1775584271000677000,5120.9646770019535,548.3081126464531,3.0365870422993306,180,-33.439430805713435,522.4934191955253,273.02085867860933,6.228551790279409,3,-70.687520873796,0.38930671113209653
1775584272000686000,5121.964686035156,548.2214351417497,3.3733636509871063,180,-33.439434424935484,522.406741690822,273.0208523510675,6.191097286603071,3,-70.6875301502594,0.18169437895734877
1775584273000696000,5122.964696044922,548.218673071824,1.4736251332706929,180,-33.439435184068714,522.4039796208963,273.02085209029906,6.085476383642396,3,-70.68753115881948,0
1775584274000704800,5123.964704833985,548.218673071824,1.3934199952545776,180,-33.43943522326288,522.4039796208963,273.02085209029906,6.081230966643768,3,-70.687531217406,0
1775584275000714800,5124.96471484375,548.218673071824,1.1746294257144019,180,-33.43943525851479,522.4039796208963,273.02085209029906,6.101728086199579,3,-70.68753127009971,0
1775584276000724500,5125.964724365234,548.3000192251056,1.8297490356458284,180,-33.43943214290486,522.4853257741779,273.020839379594,6.0741519695772315,3,-70.6875229450154,0
1775584277000734200,5126.964734130859,548.3000192251056,1.6824959091538845,180,-33.43943219616178,522.4853257741779,273.020839379594,6.30581739479357,3,-70.68752299553434,0
1775584278000743400,5127.9647434082035,548.3000192251056,1.6520104163525968,180,-33.439432241265465,522.4853257741779,273.020839379594,6.313110094656237,3,-70.68752303831921,0
1775584279000753000,5128.964752929687,548.2044250061736,1.6398779131619357,180,-33.43942723037839,522.3897315552458,273.02083537709797,6.306468172936898,3,-70.68752190338617,0.0640713117215255
1775584279999247600,5129.963247558594,548.2071565277874,1.392648954637687,180,-33.43942722024587,522.3924630768597,273.0208353170955,6.358911403802886,3,-70.68752188648854,0
1775584280999237000,5130.963237060547,548.2071565277874,1.4575248430999856,180,-33.4394272124013,522.3924630768597,273.0208353170955,6.354476378089876,3,-70.68752190690323,0
1775584281999260400,5131.963260498047,548.1312636528164,1.8744597348613767,180,-33.439414372808564,522.3165702018887,273.02082282979364,6.394512273776698,3,-70.68751556869418,0
1775584282999260000,5132.963260009766,548.1312636528164,1.6869384694665508,180,-33.43941438885552,522.3165702018887,273.02082282979364,6.38581969774056,3,-70.68751555071049,0
1775584283999262200,5133.963262207031,548.1312636528164,1.690577743647237,180,-33.43941440932263,522.3165702018887,273.02082282979364,6.462528523591715,3,-70.68751552777316,0
1775584284999291000,5134.963290771484,548.1312636528164,1.600513274750803,180,-33.43941442373159,522.3165702018887,273.02082282979364,6.724684127388096,3,-70.68751551162515,0
1775584285999289000,5135.9632890625,548.1312636528164,1.5913940789561503,180,-33.43941443681453,522.3165702018887,273.02082282979364,6.77417843010548,3,-70.68751549696321,0
1775584286999295700,5136.963295654297,548.1297834739089,1.9484243294587793,180,-33.43941660546954,522.3150900229812,273.0208193266743,6.766219009797783,3,-70.68751394730214,0.027534688191713157
1775584287999327700,5137.9633276367185,548.1290096342564,1.7018593508164235,180,-33.43941807091199,522.3143161833286,273.0208192364597,6.747619592959775,3,-70.68751186774509,0
1775584288999328500,5138.963328613281,548.1290096342564,1.6050512337690466,180,-33.43941810520148,522.3143161833286,273.0208192364597,6.856015530288504,3,-70.68751183996288,0
1775584289999332400,5139.963332275391,548.1951849246398,1.0421083908531292,180,-33.43941935732172,522.380491473712,273.02081297906057,6.933601377691887,3,-70.68750905699898,0
1775584290999360000,5140.963360107422,548.1951849246398,1.0333489245184357,180,-33.439419375347846,522.380491473712,273.02081297906057,6.930648350864009,3,-70.68750903521797,0
1775584291999360500,5141.963360595703,548.1951849246398,1.7677028049205203,180,-33.43941942364705,522.380491473712,273.02081297906057,6.920388489699625,3,-70.68750897685791,0
1775584292999360800,5142.9633608398435,548.1951849246398,1.731759388850483,180,-33.439419478241675,522.380491473712,273.02081297906057,7.162784522963362,3,-70.68750891089111,0
1775584293999391700,5143.963391845703,548.1951849246398,1.6947204290248676,180,-33.43941717270105,522.380491473712,273.02081297906057,7.229771172575807,3,-70.68751282672066,0
1775584294999420700,5144.963420654297,548.1951849246398,1.6483242094452883,180,-33.43941726817276,522.380491473712,273.02081297906057,7.414580717680958,3,-70.68751270482186,0
1775584295999450600,5145.963450683594,548.1951849246398,1.5964571214076324,180,-33.43941736704032,522.380491473712,273.02081297906057,7.676059374437738,3,-70.6875125785872,0
1775584296999480300,5146.963480224609,548.1951849246398,1.5857585177107172,180,-33.43941746831287,522.380491473712,273.02081297906057,7.91801418194513,3,-70.68751244928188,0
1775584297999507200,5147.963507080078,548.1951849246398,1.5293510412745925,180,-33.43941757419474,522.380491473712,273.02081297906057,8.148322806950159,3,-70.68751231409134,0
1775584298999534000,5148.9635341796875,548.1951849246398,1.5270600157152774,180,-33.439417675178376,522.380491473712,273.02081297906057,8.123944346072443,3,-70.68751218515486,0
1775584299999560000,5149.963559814453,548.1951849246398,1.3790078259597687,180,-33.43941564879523,522.380491473712,273.02081297906057,8.207906714441812,3,-70.68751394609403,0
1775584300999583500,5150.963583496094,548.1951849246398,1.3804465170772502,180,-33.43941570629461,522.380491473712,273.02081297906057,8.35278531134789,3,-70.68751387531529,0
1775584301999607600,5151.963607666015,548.1951849246398,1.1742292015293596,180,-33.43941576361242,522.380491473712,273.02081297906057,8.344298401119355,3,-70.68751380476007,0
1775584302999631600,5152.963631591797,548.1951849246398,1.1673210065304354,180,-33.439415805156514,522.380491473712,273.02081297906057,8.35348172644864,3,-70.68751375362147,0
1775584303999654000,5153.963653808593,548.1951849246398,1.1663634068548894,180,-33.439415846033086,522.380491473712,273.02081297906057,8.345147828206114,3,-70.68751370330452,0
1775584304999675100,5154.963675048828,548.1951849246398,1.7899112963752644,180,-33.4394158870493,522.380491473712,273.02081297906057,8.375795932069117,3,-70.68751365281571,0
1775584305999696100,5155.963696044922,548.1951849246398,1.7389702507544385,180,-33.43941036819589,522.380491473712,273.02081297906057,8.259808318212709,3,-70.68750622055317,0
1775584306999718700,5156.96371875,548.1951849246398,1.7250465773955779,180,-33.43941048264918,522.380491473712,273.02081297906057,8.24077145904297,3,-70.6875061495441,0
1775584307999735800,5157.963735839844,548.1951849246398,1.7189994628134377,180,-33.43941059584782,522.380491473712,273.02081297906057,8.281060098832988,3,-70.68750607931345,0
1775584308999755000,5158.963755126953,548.1951849246398,1.651423521654826,180,-33.43941070740701,522.380491473712,273.02081297906057,8.269568052688978,3,-70.68750601009994,0
1775584309999775000,5159.963774902344,548.1951849246398,1.6418794514966768,180,-33.43941081218326,522.380491473712,273.02081297906057,8.35777486544716,3,-70.68750594509468,0
1775584310999793200,5160.963793212891,548.1951849246398,1.5359950841157304,180,-33.4394109177532,522.380491473712,273.02081297906057,8.456823358143534,3,-70.68750587959701,0
1775584311999811600,5161.9638115234375,548.1951849246398,1.5878154125552915,180,-33.43940653676193,522.380491473712,273.02081297906057,8.478350892104336,3,-70.6875148737172,0
1775584312999828700,5162.9638288574215,548.1951849246398,1.585854549590398,180,-33.439406656100594,522.380491473712,273.02081297906057,8.530002359191416,3,-70.68751477207225,0
1775584313999846100,5163.963846191406,548.1951849246398,1.532830790018048,180,-33.43940684826297,522.380491473712,273.02081297906057,8.500775648239395,3,-70.68751460840075,0
1775584314999862800,5164.963862792969,548.3414484141394,1.922982993666459,180,-33.43940855458526,522.5267549632117,273.020825969087,8.554008856433535,3,-70.68752291797949,0
1775584315999879200,5165.96387915039,548.3414484141394,1.7769497936742096,180,-33.439408744484986,522.5267549632117,273.020825969087,8.539279223115377,3,-70.687522867549,0
1775584316999894800,5166.963894775391,548.3414484141394,1.702064117905626,180,-33.4394089098992,522.5267549632117,273.020825969087,8.641277920747987,3,-70.68752282362097,0
1775584317999911200,5167.963911132812,548.2553042666987,1.6474722866046416,180,-33.43941698560905,522.4406108157709,273.0208204985666,8.40781619640051,3,-70.68748805327738,0.02648480609636401
1775584318999927000,5168.963927001953,548.2548645781353,1.5441935819902393,180,-33.43941709984263,522.4401711272076,273.02082043350725,8.38983245292057,3,-70.68748799384049,0
1775584319999942700,5169.963942626953,548.2548645781353,1.5326481890940737,180,-33.43941721383643,522.4401711272076,273.02082043350725,8.394057962988997,3,-70.68748806117502,0
1775584320999958000,5170.963958007813,548.2548645781353,1.38003792921801,180,-33.439417325713755,522.4401711272076,273.02082043350725,8.394626639172316,3,-70.68748812725936,0
1775584321999972900,5171.96397290039,548.2548645781353,1.3812599845913334,180,-33.43941741619225,522.4401711272076,273.02082043350725,8.391667325448438,3,-70.68748818070371,0
1775584322999988500,5172.963988525391,548.242409048602,1.8650760520963265,180,-33.43941549618242,522.4277155976743,273.0207957538451,8.379233227621958,3,-70.68747286986873,0
1775584324000001800,5173.964001708984,548.3190898522735,1.4122710083111418,180,-33.43941210237299,522.5043964013457,273.02079592048125,8.404113381863027,3,-70.68747787920684,0
1775584325000015600,5174.964015625,548.3190898522735,1.3884766888998417,180,-33.4394121968276,522.5043964013457,273.02079592048125,8.467157006675304,3,-70.68747781977142,0
1775584326000030000,5175.964030029297,548.3920649625361,1.4559656172253819,180,-33.439404780289614,522.5773715116084,273.02080010471855,8.477304595403888,3,-70.68748080838104,0.055232496545346545
1775584327000043800,5176.964043701172,548.421907379292,1.8661980501361004,180,-33.43940387655338,522.6072139283642,273.02079910070705,8.478326539767258,3,-70.68748021131208,0.041524898968632484
1775584328000058000,5177.964058105469,548.4375762687996,1.5063139467215236,180,-33.43940298990639,522.6228828178719,273.0207987734487,8.444101274910574,3,-70.6874798090059,0
1775584329000071400,5178.964071533203,548.4059048192576,1.4761169338118525,180,-33.439403195604946,522.5912113683298,273.02079898604836,8.428917696498878,3,-70.68747988628964,0.05795816212856166
1775584330000086300,5179.964086181641,548.4179516443983,1.9054333744080127,180,-33.43940276390359,522.6032581934705,273.02079877483516,8.403921989395647,3,-70.68747824429745,0.03865373805091086
1775584331000099000,5180.964099121094,548.4284488577396,2.2664905630828343,180,-33.439405732688904,522.6137554068118,273.02079824697097,8.473325433586618,3,-70.68747776370029,0
1775584332000112000,5181.9641120605465,548.1449121600017,1.7908555213208344,180,-33.43940686643796,522.330218709074,273.0207989598687,8.437731023478271,3,-70.68747806368663,0.10565519317393432
1775584333000125400,5182.964125488281,548.3142131008208,1.4127865771499388,180,-33.43940688720033,522.499519649893,273.0207987540788,8.438763825325646,3,-70.68747793611927,0
1775584334000138200,5183.964138183594,548.3827106691897,1.9443428568228662,180,-33.43940903463557,522.568017218262,273.0207987554759,8.913812684081181,3,-70.6874775629998,0.1582945749189463
1775584335000151000,5184.964151123047,548.3757100384682,2.2781649013501353,180,-33.43940941700684,522.5610165875405,273.02079949384597,9.600388600335286,3,-70.68747872991462,0.1433731669093076
1775584336000164000,5185.9641640625,548.3787942770869,2.739230689713284,180,-33.43939655030483,522.5641008261591,273.02080057423683,9.877099206252485,3,-70.68748744724765,0.2982831688480039
1775584337000178000,5186.964177978515,548.4368412448093,3.1612515900284026,180,-33.43938932009029,522.6221477938816,273.0208091124594,10.556179397331501,3,-70.68749692931092,0.49419239111424784
1775584338000190000,5187.964189941406,548.3187272669747,3.5941922277864347,180,-33.43939658656787,522.504033816047,273.02081303270097,9.369569284256185,3,-70.68749903757855,0.525269651775833
1775584339000202800,5188.964202636719,548.3733963659033,1.1161373063337718,180,-33.43939802671898,522.5587029149756,273.0208046348983,9.359902050747861,3,-70.68749492890603,0.034888504540371734
1775584340000214800,5189.96421484375,548.3887386228889,1.9158720677175034,180,-33.439398179940376,522.5740451719612,273.02080438144935,9.896921650287899,3,-70.68749439900981,0
1775584341000227800,5190.964227783204,548.348325997591,1.062041129025424,180,-33.439396916127976,522.5336325466633,273.0208044482488,10.239663529068773,3,-70.68749437130343,0
1775584342000241200,5191.964241210938,548.348325997591,1.8522297026078902,180,-33.4393946049901,522.5336325466633,273.0208044482488,10.168204555056834,3,-70.68749554697686,0
1775584343000253200,5192.964253173828,548.348325997591,1.759049226434971,180,-33.439394713682034,522.5336325466633,273.0208044482488,10.126391309443713,3,-70.68749539608285,0
1775584344000265200,5193.9642651367185,548.348325997591,1.7048045553533229,180,-33.43939481154229,522.5336325466633,273.0208044482488,10.152036634876115,3,-70.68749526022616,0
1775584345000277200,5194.96427734375,548.348325997591,1.6546383363302568,180,-33.43939490240339,522.5336325466633,273.0208044482488,10.127593650336747,3,-70.68749513408623,0
1775584346000290300,5195.964290283203,548.348325997591,1.6461518254664795,180,-33.439395034255575,522.5336325466633,273.0208044482488,10.075829954606524,3,-70.6874949510395,0
1775584347000302800,5196.964302734375,548.348325997591,1.6401669573499584,180,-33.43939947840667,522.5336325466633,273.0208044482488,10.119939271696794,3,-70.68749172414375,0
1775584348000315100,5197.964315185547,548.348325997591,1.640069879917799,180,-33.439399531327034,522.5336325466633,273.0208044482488,10.087676618902123,3,-70.68749163137569,0
1775584349000326400,5198.964326416016,548.348325997591,1.5879749310932967,180,-33.43939958381573,522.5336325466633,273.0208044482488,10.080154438041205,3,-70.68749153936432,0
1775584350000339000,5199.9643388671875,548.348325997591,1.5314114758852295,180,-33.43939963325818,522.5336325466633,273.0208044482488,10.133313402544315,3,-70.68749145269294,0
1775584351000350000,5200.964349853516,548.348325997591,1.3829666738521706,180,-33.43939970988033,522.5336325466633,273.0208044482488,10.085114611935117,3,-70.6874913183762,0
1775584352000362200,5201.964362304688,548.348325997591,1.4558635385757734,180,-33.43939977854153,522.5336325466633,273.0208044482488,10.041848890106113,3,-70.68749119801481,0
1775584353000374800,5202.964374755859,548.348325997591,1.454494188888613,180,-33.439394864701335,522.5336325466633,273.0208044482488,10.001615409663119,3,-70.68749311706938,0
1775584354000386600,5203.9643864746095,548.348325997591,1.3756840850657432,180,-33.439394929430186,522.5336325466633,273.0208044482488,10.020780010427888,3,-70.68749303776949,0
1775584355000397600,5204.964397460937,548.348325997591,1.284299483695635,180,-33.439394987958195,522.5336325466633,273.0208044482488,10.094915492299423,3,-70.68749296606632,0
1775584356000411100,5205.9644111328125,548.348325997591,1.2771180209193647,180,-33.43939503943738,522.5336325466633,273.0208044482488,10.158744833913957,3,-70.68749290299873,0
1775584357000422700,5206.9644226074215,548.348325997591,1.2745230162929635,180,-33.43939508994589,522.5336325466633,273.0208044482488,10.139464810268999,3,-70.68749284112032,0
1775584358000434400,5207.964434326172,548.348325997591,1.275345695023599,180,-33.439395140664345,522.5336325466633,273.0208044482488,10.201646755596085,3,-70.68749277898469,0
1775584359000446500,5208.964446533203,548.348325997591,1.1696598224423644,180,-33.43938895847951,522.5336325466633,273.0208044482488,9.859605505266549,3,-70.68749226110921,0
1775584360000457200,5209.9644572753905,548.348325997591,1.784589811691438,180,-33.439389018773255,522.5336325466633,273.0208044482488,9.915787638841694,3,-70.68749221348854,0
1775584361000470000,5210.964469970703,548.348325997591,1.7272659055688389,180,-33.43938916102071,522.5336325466633,273.0208044482488,10.042962505317732,3,-70.68749210113991,0
1775584362000482000,5211.964481933594,548.348325997591,1.7166005926357002,180,-33.439389292597824,522.5336325466633,273.0208044482488,10.013136800040712,3,-70.68749199721886,0
1775584363000494000,5212.964494140625,548.348325997591,1.641985056918047,180,-33.43938942083709,522.5336325466633,273.0208044482488,9.981626443768445,3,-70.68749189593404,0
1775584364000505300,5213.964505371094,557.2103226386565,1.6722912079151133,180,-33.4393910185014,531.3956291877288,273.0208044482488,9.906245249567458,3.810629784568639,-70.68747006212062,0
1775584365000516400,5214.964516357422,548.348325997591,1.6325715769041356,180,-33.439391126828646,522.5336325466633,273.0208044482488,9.892937855214543,3,-70.68747011138704,0
1775584366000529000,5215.964528808594,548.348325997591,1.5886548311387145,180,-33.43939122916237,522.5336325466633,273.0208044482488,9.878581570758515,3,-70.68747015792766,0
1775584367000540200,5216.964540039063,548.348325997591,1.5302941620913018,180,-33.439391325206664,522.5336325466633,273.0208044482488,9.862159064381535,3,-70.68747020160791,0
1775584368000551700,5217.964551757813,548.348325997591,1.5254695393781965,180,-33.43938136924384,522.5336325466633,273.0208044482488,9.65794223003762,3,-70.68747935083691,0
1775584369000564200,5218.9645642089845,548.348325997591,1.5239289333275177,180,-33.439381599096244,522.5336325466633,273.0208044482488,9.621815960899305,3,-70.68747933528275,0
1775584370000575500,5219.964575439453,548.348325997591,1.3804723502269147,180,-33.43938173233503,522.5336325466633,273.0208044482488,9.598108923059575,3,-70.68747932626644,0
1775584371000587000,5220.964586914062,548.348325997591,1.4509812122614931,180,-33.43938184310624,522.5336325466633,273.0208044482488,9.676032657852415,3,-70.68747931877051,0
1775584372000598500,5221.964598632812,548.348325997591,1.3727930619715152,180,-33.43938196482002,522.5336325466633,273.0208044482488,9.675312523907824,3,-70.68747931053412,0
1775584373000611000,5222.964611083984,548.348325997591,1.281952183302178,180,-33.439382073941026,522.5336325466633,273.0208044482488,9.700691662510314,3,-70.68747930314987,0
1775584374000622600,5223.964622558594,548.348325997591,1.278362527173138,180,-33.43937721222524,522.5336325466633,273.0208044482488,9.454237121035591,3,-70.68748709220226,0
1775584375000635000,5224.964634765625,548.348325997591,1.16916914398206,180,-33.439379091987135,522.5336325466633,273.0208044482488,9.743393007258772,3,-70.68748169707618,0
1775584376000645600,5225.964645751953,548.348325997591,1.1605032113543952,180,-33.439379303596375,522.5336325466633,273.0208044482488,9.869053260813416,3,-70.68748166645466,0
1775584377000658000,5226.964657958984,548.348325997591,1.0317681261788518,180,-33.43937939323957,522.5336325466633,273.0208044482488,9.885660730808143,3,-70.68748165348258,0
1775584378000668400,5227.964668457032,548.348325997591,1.7578704750808634,180,-33.43937946427733,522.5336325466633,273.0208044482488,9.907095581541968,3,-70.68748164320289,0
1775584379000681200,5228.9646811523435,548.348325997591,1.7231253028206106,180,-33.43937966658856,522.5336325466633,273.0208044482488,9.87415790930912,3,-70.68748161392688,0
1775584380000692500,5229.964692382812,548.348325997591,1.7160135390263522,180,-33.43937985842811,522.5336325466633,273.0208044482488,9.841744104364057,3,-70.68748158616623,0
1775584381000704800,5230.964704833985,548.348325997591,1.6801957011863375,180,-33.439380052048634,522.5336325466633,273.0208044482488,9.962040590354068,3,-70.68748155814782,0
1775584382000715800,5231.964715820312,548.348325997591,1.640793846145256,180,-33.439380235745325,522.5336325466633,273.0208044482488,9.942131342197069,3,-70.68748153156547,0
1775584383000727300,5232.964727294921,548.348325997591,1.6352850391932463,180,-33.439380413701215,522.5336325466633,273.0208044482488,10.05098244968748,3,-70.68748150581388,0
1775584384000739800,5233.964739746094,548.348325997591,1.5901894707750326,180,-33.439380588425415,522.5336325466633,273.0208044482488,10.025118225823451,3,-70.68748148052994,0
1775584385000749600,5234.964749511719,548.348325997591,1.53268879159404,180,-33.43938075187456,522.5336325466633,273.0208044482488,9.999972730366453,3,-70.68748145687759,0
1775584386000762000,5235.9647622070315,548.348325997591,1.3810938409066893,180,-33.4393768474705,522.5336325466633,273.0208044482488,9.972669723261824,3,-70.6874893509953,0
1775584387000774400,5236.964774414062,548.348325997591,1.377150662105475,180,-33.439376987339934,522.5336325466633,273.0208044482488,9.96597034787658,3,-70.68748929736353,0
1775584388000785400,5237.964785400391,548.348325997591,1.4523378614261842,180,-33.4393771279264,522.5336325466633,273.0208044482488,10.04273694430997,3,-70.68748924345682,0
1775584389000796700,5238.964796630859,548.348325997591,1.2873932750298802,180,-33.439377285980264,522.5336325466633,273.0208044482488,10.125649702854549,3,-70.68748918285237,0
1775584390000808000,5239.964807861328,548.348325997591,1.1671443563291075,180,-33.43937740947772,522.5336325466633,273.0208044482488,10.112491973604294,3,-70.68748913549831,0
1775584391000820200,5240.9648203125,548.348325997591,1.275930789254974,180,-33.43937751179575,522.5336325466633,273.0208044482488,10.166380775546376,3,-70.6874890962653,0
1775584392000832000,5241.96483203125,548.348325997591,0.7185619110417696,-1,-33.439381657414415,522.5336325466633,-1,9.459461781146922,4.000000000014223,-70.68748704607209,0
1775584393000842800,5242.964842773437,548.348325997591,0.9056075335530156,-1,-33.43938471256808,522.5336325466633,-1,8.883819346362422,4.000000000013222,-70.68748592895075,0
1775584394000855000,5243.964854980469,548.348325997591,0.983869904768706,-1,-33.439384749659865,522.5336325466633,-1,8.876607049679235,4.000000000012729,-70.68748591538807,0
1775584395000866000,5244.964865966796,548.348325997591,0.97268957554361,-1,-33.43938477308558,522.5336325466633,-1,8.872051254840486,4.000000000012452,-70.68748590682242,0
1775584396000878600,5245.964878662109,548.348325997591,1.2410177435059877,-1,-33.43938483052649,522.5336325466633,-1,8.860861694671396,4.000000000012972,-70.68748588581906,0
1775584397000889300,5246.964889404297,548.348325997591,1.2745587311812756,-1,-33.43938485357679,522.5336325466633,-1,8.856526520580953,4.000000000013218,-70.68748587739067,0
1775584398000901400,5247.964901367188,548.348325997591,1.7329526292503221,-1,-33.43938357925078,522.5336325466633,-1,8.824146492924669,4.000000000012963,-70.68748715818091,0
1775584399000913400,5248.964913330078,548.348325997591,1.7329526292503221,-1,-33.43938366325304,522.5336325466633,-1,8.808675714271901,4.000000000012589,-70.68748712460959,0
1775584400000924700,5249.964924560547,548.348325997591,0.7185619110417696,-1,-33.43938368308094,522.5336325466633,-1,8.805024551826891,4.0000000000125,-70.68748711668543,0
1775584401000936000,5250.964936035156,548.348325997591,0.7185619110417696,-1,-33.43938387527928,522.5336325466633,-1,8.769501835957115,4.000000000011719,-70.68748703987377,0
1775584402000947500,5251.964947509766,548.348325997591,0.7185619110417696,-1,-33.439383940461795,522.5336325466633,-1,8.757425811313782,4.000000000011471,-70.68748701382373,0
1775584403000959500,5252.964959472656,548.348325997591,0.7185619110417696,-1,-33.43938398997661,522.5336325466633,-1,8.748242776888501,4.000000000011288,-70.68748699403524,0
1775584404000970800,5253.964970703125,548.348325997591,0.7185619110417696,-1,-33.43938405451567,522.5336325466633,-1,8.73625696792571,4.000000000011057,-70.68748696824234,0
1775584405000981800,5254.964981689453,548.348325997591,1.0383251428633056,180,-33.43938850778437,522.5336325466633,273.0208044482488,7.864781661929901,3,-70.6874851885032,0
1775584405999192800,5255.963192871094,548.348325997591,1.0282864159704252,180,-33.43938853884062,522.5336325466633,273.0208044482488,7.929754654224882,3,-70.68748517609166,0
1775584406999200800,5256.963200683594,548.348325997591,1.0306983109622254,180,-33.4393885698547,522.5336325466633,273.0208044482488,7.9936192574733775,3,-70.68748516369695,0
1775584407999221200,5257.963221191406,548.348325997591,1.7564457238830735,180,-33.439388600929945,522.5336325466633,273.0208044482488,7.989291881072553,3,-70.6874851512778,0
1775584408999209000,5258.963208984375,548.348325997591,1.7303098810990407,180,-33.439388694193475,522.5336325466633,273.0208044482488,8.168928067234175,3,-70.68748511400523,0
1775584409999212800,5259.963212890625,548.348325997591,1.6945984191148957,180,-33.43938878449463,522.5336325466633,273.0208044482488,8.177901563335245,3,-70.68748507791655,0
1775584410999242500,5260.9632424316405,548.348325997591,1.650449278271672,180,-33.43938887079216,522.5336325466633,273.0208044482488,8.179972922158072,3,-70.68748504342794,0
1775584411999259100,5261.963259033203,548.348325997591,1.641958122365897,180,-33.43938895200456,522.5336325466633,273.0208044482488,8.163594520916535,3,-70.68748501097159,0
1775584412999264300,5262.9632641601565,548.348325997591,1.592078546517816,180,-33.43938903193482,522.5336325466633,273.0208044482488,8.158019753366608,3,-70.68748497902763,0
1775584413999294000,5263.963293945312,548.348325997591,1.5387246170804394,180,-33.4393891073446,522.5336325466633,273.0208044482488,8.186448722436035,3,-70.68748494889027,0
1775584414999302000,5264.963302001953,548.348325997591,1.533004353035671,180,-33.43938917730333,522.5336325466633,273.0208044482488,8.171973773938971,3,-70.68748492093142,0
1775584415999321300,5265.963321289062,548.348325997591,1.4654490955855513,180,-33.43938924672106,522.5336325466633,273.0208044482488,8.185819103449202,3,-70.68748489318881,0
1775584416999357200,5266.963357177734,548.348325997591,1.464286479256748,180,-33.43938931188816,522.5336325466633,273.0208044482488,8.308341044032588,3,-70.68748486714493,0
1775584417999370500,5267.963370605468,548.348325997591,1.2916179713708758,180,-33.43938937678028,522.5336325466633,273.0208044482488,8.31229203037391,3,-70.68748484121095,0
1775584418999379700,5268.9633796386715,548.348325997591,1.169821679393867,180,-33.43938942708393,522.5336325466633,273.0208044482488,8.302075146983904,3,-70.68748482110719,0
1775584419999412000,5269.963411865235,548.348325997591,1.0390972116579855,180,-33.439389468213996,522.5336325466633,273.0208044482488,8.293827386742194,3,-70.68748480466967,0
1775584420999445000,5270.96344506836,548.348325997591,1.035586922009758,180,-33.43938950058948,522.5336325466633,273.0208044482488,8.287695106569373,3,-70.6874847917309,0
1775584421999477000,5271.963477050781,548.348325997591,1.7657410744711595,180,-33.43938953264157,522.5336325466633,273.0208044482488,8.281416481724376,3,-70.68748477892134,0
1775584422999507700,5272.9635078125,548.348325997591,1.7341474682255027,180,-33.439389625224074,522.5336325466633,273.0208044482488,8.303329443857837,3,-70.68748474192095,0
1775584423999537700,5273.963537597656,548.348325997591,1.7266006773149611,180,-33.43938971446165,522.5336325466633,273.0208044482488,8.319649254692099,3,-70.68748470625738,0
1775584424999566300,5274.96356640625,548.348325997591,1.7253819483837038,180,-33.439389802087476,522.5336325466633,273.0208044482488,8.300374878695294,3,-70.68748467123791,0
1775584425999593000,5275.963593017578,548.348325997591,1.7244952128815378,180,-33.43938988874907,522.5336325466633,273.0208044482488,8.280702326554362,3,-70.6874846366038,0
1775584426999620900,5276.9636208496095,548.348325997591,1.7252899604801168,180,-33.43938997483102,522.5336325466633,273.0208044482488,8.277368222387151,3,-70.68748460220134,0
1775584427999647200,5277.963647216797,548.348325997591,1.6928043839840188,180,-33.439390103383175,522.5336325466633,273.0208044482488,8.258137020441135,3,-70.68748455082576,0
1775584428999672800,5278.9636728515625,548.348325997591,1.6477250614592531,180,-33.43939018462824,522.5336325466633,273.0208044482488,8.240083189215666,3,-70.68748451835636,0
1775584429999697200,5279.963697265625,548.348325997591,1.6457033591862114,180,-33.439389917455514,522.5336325466633,273.0208044482488,7.999408347737925,3,-70.68746936019417,0
1775584430999720400,5280.963720458984,548.348325997591,1.536848058396613,180,-33.439389991047896,522.5336325466633,273.0208044482488,8.02114928567554,3,-70.68746939450321,0
1775584431999744000,5281.963743896485,548.348325997591,1.533668390537254,180,-33.439390054853675,522.5336325466633,273.0208044482488,8.007794075527435,3,-70.68746942424973,0
1775584432999765800,5282.963765869141,548.348325997591,1.467468918654439,180,-33.43939016127157,522.5336325466633,273.0208044482488,7.988851033118586,3,-70.68746947386215,0
1775584433999789600,5283.963789550781,548.348325997591,1.377017483473733,180,-33.439390268258194,522.5336325466633,273.0208044482488,8.200348246278057,3,-70.68746952373971,0
1775584434999810800,5284.963810791016,548.348325997591,1.4593912939856384,180,-33.43939032124413,522.5336325466633,273.0208044482488,8.200078270521162,3,-70.68746954844194,0
1775584435999831800,5285.9638317871095,548.348325997591,1.2902978795140079,180,-33.43939038042387,522.5336325466633,273.0208044482488,8.19419221857029,3,-70.68746957603177,0
1775584436999851800,5286.96385180664,548.348325997591,1.3750002340803156,180,-33.439390427699045,522.5336325466633,273.0208044482488,8.288436060052566,3,-70.68746959807163,0
1775584437999872500,5287.963872558594,548.348325997591,1.2837701849311505,180,-33.43939048194323,522.5336325466633,273.0208044482488,8.34752368740541,3,-70.68746962336047,0
1775584438999892700,5288.963892822266,548.348325997591,1.2799223083876266,180,-33.4393905290181,522.5336325466633,273.0208044482488,8.337256114440207,3,-70.68746964530696,0
1775584439999912000,5289.963911865234,548.348325997591,1.1682103236410863,180,-33.43939057557061,522.5336325466633,273.0208044482488,8.327091011147575,3,-70.68746966700992,0
1775584440999931000,5290.963930908203,548.348325997591,1.1627516563308395,180,-33.439390614305104,522.5336325466633,273.0208044482488,8.327945936654991,3,-70.68746968506808,0
1775584441999949000,5291.96394897461,548.348325997591,1.7846969178501393,180,-33.43939065251824,522.5336325466633,273.0208044482488,8.319778550550916,3,-70.68746970288319,0
1775584442999968000,5292.963968017578,548.348325997591,1.7385507033003482,180,-33.439390741099366,522.5336325466633,273.0208044482488,8.299049483094603,3,-70.68746974418005,0
1775584443999986700,5293.963986572266,548.348325997591,1.7300146577159214,180,-33.439390824394835,522.5336325466633,273.0208044482488,8.279724171986073,3,-70.68746978301272,0
1775584445000003800,5294.96400390625,548.348325997591,1.692100444181983,180,-33.43939090609507,522.5336325466633,273.0208044482488,8.260425014383188,3,-70.68746982110167,0
1775584446000022000,5295.964021972656,548.348325997591,1.688149726728278,180,-33.439390984234144,522.5336325466633,273.0208044482488,8.277031480156365,3,-70.6874698575304,0
1775584447000039200,5296.9640390625,548.348325997591,1.6021001266225574,180,-33.439391063010326,522.5336325466633,273.0208044482488,8.34952192635443,3,-70.68746989425614,0
1775584448000054800,5297.9640546875,548.348325997591,1.594678536452189,180,-33.439391133444516,522.5336325466633,273.0208044482488,8.333227317590183,3,-70.6874699270928,0
1775584449000073000,5298.9640729980465,548.348325997591,1.5341696068159794,180,-33.439391202917676,522.5336325466633,273.0208044482488,8.332032909153495,3,-70.68746995948145,0
1775584450000089600,5299.964089599609,548.348325997591,1.5298398583191475,180,-33.43939126677411,522.5336325466633,273.0208044482488,8.316985880345229,3,-70.68746998925155,0
1775584451000106000,5300.964105957031,548.348325997591,1.4637692775834295,180,-33.43939132990998,522.5336325466633,273.0208044482488,8.309309181305615,3,-70.68747001868573,0
1775584452000121900,5301.964121826172,548.348325997591,1.5235042492069142,180,-33.43939138734773,522.5336325466633,273.0208044482488,8.295324774492217,3,-70.68747004546343,0
1775584453000137200,5302.964137207031,548.348325997591,1.4606510403592836,180,-33.43939144907688,522.5336325466633,273.0208044482488,8.280722623154576,3,-70.68747007424179,0
1775584454000154400,5303.964154296875,548.348325997591,1.4575952949340885,180,-33.43939150548446,522.5336325466633,273.0208044482488,8.268393184961715,3,-70.68747010053922,0
1775584455000170200,5304.964170166016,548.2222226364538,1.4618354307386618,180,-33.43940950253294,522.4075291855261,273.0207958500407,8.255252392961705,3,-70.68746403080969,0.026232817297468694
1775584456000185300,5305.964185302734,548.2150877015665,1.3778327176275298,180,-33.43940982976582,522.4003942506388,273.02079578209833,8.23521848781038,3,-70.68746396236901,0
1775584457000201500,5306.964201416015,548.1936628688127,1.8629121657172658,180,-33.439411061740046,522.378969417885,273.02079950266176,8.2236940247634,3,-70.68746614117146,0
1775584458000217000,5307.964217041015,548.1936628688127,1.679152812137879,180,-33.439411480401006,522.378969417885,273.02079950266176,8.216862685293579,3,-70.68746613914877,0
1775584459000232200,5308.964232177735,548.3051454117522,1.6492806628377235,180,-33.43941349156537,522.4904519608244,273.02079911194244,8.209392847163054,3,-70.68746581740156,0.043863483355303344
1775584460000247000,5309.964247070313,548.3083286592737,1.5921598118772533,180,-33.439413507673486,522.493635208346,273.02079900211174,8.21046862376998,3,-70.68746575291009,0
1775584461000262000,5310.96426196289,548.3083286592737,1.6363967413385008,180,-33.43941387928362,522.493635208346,273.02079900211174,8.188716667145334,3,-70.68746574605211,0
1775584462000276700,5311.964276855469,548.3083286592737,1.6293718249154976,180,-33.43941411997882,522.493635208346,273.02079900211174,8.206581902020611,3,-70.68746574161013,0
1775584463000292900,5312.96429296875,548.3083286592737,1.5930614390362006,180,-33.43940890399417,522.493635208346,273.02079900211174,7.948171184658085,3,-70.68746590955095,0
1775584464000307500,5313.964307373047,548.4113641558215,1.5363160002545628,180,-33.439407635161956,522.5966707048938,273.0207962462315,7.9513119732979645,3,-70.6874644229416,0.026718094318450125
1775584465000321800,5314.964321777344,548.394749365747,1.4663526326828078,180,-33.439407322068774,522.5800559148192,273.02079504916003,7.9524378922264685,3,-70.6874637641963,0.01008729698852173
1775584466000336600,5315.964336669922,548.4736859221011,1.9054744798620697,180,-33.439407714045174,522.6589924711734,273.0207951683634,7.9373377814605535,3,-70.68746379967614,0
1775584467000351000,5316.964351074219,548.4736859221011,1.7721404339569602,180,-33.43940813755488,522.6589924711734,273.0207951683634,7.909478279526338,3,-70.68746375648618,0
1775584468000365300,5317.964365234375,548.4736859221011,1.7034204812422349,180,-33.4394042675963,522.6589924711734,273.0207951683634,7.828755085207094,3,-70.68746772237375,0
1775584469000380200,5318.964380126953,548.4873776929453,1.6912657176168184,180,-33.43940243051524,522.6726842420176,273.0207996419349,7.817911568342972,3,-70.68747022204826,0
1775584470000395300,5319.964395263672,548.4537612255663,1.603853099059483,180,-33.43939696236719,522.6390677746385,273.02079883739697,7.364757109963226,3,-70.6874509639732,0.003883299216599436
1775584471000408600,5320.964408691406,548.3729097684845,1.9796950508035314,180,-33.439392935653316,522.5582163175568,273.0207840650554,7.355754441586572,3,-70.68744407472666,0
1775584472000423400,5321.964423339844,548.5297864712775,1.745390739681141,180,-33.43938515273084,522.7150930203497,273.0207836943995,7.623766620473481,3,-70.68743124907644,0.07599199410766523
1775584473000437800,5322.964437744141,548.535915793851,1.708323336913024,180,-33.43938516008794,522.7212223429233,273.0207834397884,7.624962754343792,3,-70.68743112070203,0
1775584474000452600,5323.964452636718,548.535915793851,1.6513564948429702,180,-33.439385499281954,522.7212223429233,273.0207834397884,7.616906447441872,3,-70.68743116280214,0
1775584475000466400,5324.964466552734,548.535915793851,1.6831460616199858,180,-33.43938570599329,522.7212223429233,273.0207834397884,7.6038102431046335,3,-70.68743118845877,0
1775584476000480800,5325.964480712891,548.535915793851,1.68438520184897,180,-33.43938420975615,522.7212223429233,273.0207834397884,7.678393956245812,3,-70.6874358815123,0
1775584477000495600,5326.964495605469,548.382873525843,1.6035803300060347,180,-33.439382600020714,522.5681800749153,273.02078709840487,7.665961311458812,3,-70.68743789685999,0
1775584478000509200,5327.9645092773435,548.382873525843,1.5930643570012908,180,-33.43938278525236,522.5681800749153,273.02078709840487,7.6534011736577705,3,-70.68743792210066,0
1775584479000523000,5328.964522949219,548.382873525843,1.5895248564945486,180,-33.43938308019945,522.5681800749153,273.02078709840487,7.638973258819033,3,-70.68743796229174,0
1775584480000536800,5329.964536865235,548.382873525843,1.5889311896063425,180,-33.43938337242702,522.5681800749153,273.02078709840487,7.634039398634141,3,-70.68743800211223,0
1775584481000551700,5330.964551757813,548.382873525843,1.180932796562504,180,-33.4393835501206,522.5681800749153,273.02078709840487,7.621901614221916,3,-70.68743802632572,0
1775584482000565000,5331.964564941406,548.382873525843,1.0357304449119273,180,-33.43937965241166,522.5681800749153,273.02078709840487,7.406910038503903,3,-70.68744192612363,0
1775584483000580400,5332.964580322266,548.382873525843,1.0287552724973408,180,-33.4393798632829,522.5681800749153,273.02078709840487,7.417075131692866,3,-70.6874419376347,0
1775584484000593200,5333.964593261719,548.382873525843,1.7639843769710544,180,-33.439381415999506,522.5681800749153,273.02078709840487,7.612260883935516,3,-70.6874375243046,0
1775584485000607500,5334.964607421875,548.382873525843,1.7319777142608144,180,-33.43938164138266,522.5681800749153,273.02078709840487,7.597471320823446,3,-70.68743755592352,0
1775584486000621300,5335.964621337891,548.382873525843,1.7275737245818261,180,-33.43938185703055,522.5681800749153,273.02078709840487,7.583147753564179,3,-70.6874375861767,0
1775584487000635600,5336.964635742187,548.382873525843,1.6540337795755622,180,-33.43938207095085,522.5681800749153,273.02078709840487,7.587356357045347,3,-70.6874376161875,0
1775584488000649200,5337.964649169922,548.382873525843,1.6442892146938723,180,-33.43937995765378,522.5681800749153,273.02078709840487,7.6782543138215065,3,-70.6874355829825,0
1775584489000663300,5338.964663330078,548.382873525843,1.6422118987322953,180,-33.43938016335372,522.5681800749153,273.02078709840487,7.6729070197126,3,-70.6874356184626,0
1775584490000676600,5339.964676513672,548.382873525843,1.594786904082096,180,-33.439380376665284,522.5681800749153,273.02078709840487,7.838300156945904,3,-70.6874356552556,0
1775584491000691200,5340.964691162109,548.382873525843,1.5381202736924862,180,-33.43938057662147,522.5681800749153,273.02078709840487,7.827265020304802,3,-70.68743568974499,0
1775584492000705000,5341.964705078125,548.382873525843,1.5329061679549552,180,-33.43938076153493,522.5681800749153,273.02078709840487,7.815635776281004,3,-70.68743572163973,0
1775584493000718600,5342.964718505859,548.382873525843,1.465250697880778,180,-33.439380943996184,522.5681800749153,273.02078709840487,7.803286197967991,3,-70.68743575311152,0
1775584494000732000,5343.964731933594,548.382873525843,1.464994955745219,180,-33.43938367090571,522.5681800749153,273.02078709840487,8.404314704280619,3,-70.68743146253578,0
1775584495000745200,5344.964745117188,548.382873525843,1.3821028942246019,180,-33.43938385888742,522.5681800749153,273.02078709840487,8.520017075982263,3,-70.6874315127769,0
1775584496000760000,5345.964760009766,548.382873525843,1.3789234957145764,180,-33.43938402857598,522.5681800749153,273.02078709840487,8.591495325017993,3,-70.6874315581289,0
1775584497000775000,5346.964774902343,548.382873525843,1.3774632336957284,180,-33.43938419654635,522.5681800749153,273.02078709840487,8.581972529441975,3,-70.68743160302168,0
1775584498000787200,5347.964787109375,548.382873525843,1.1733664655084661,180,-33.439384367480145,522.5681800749153,273.02078709840487,8.681079950695699,3,-70.68743164870648,0
1775584499000800500,5348.964800537109,548.382873525843,1.1656864830990286,180,-33.4393844915368,522.5681800749153,273.02078709840487,8.685833167205857,3,-70.6874316818626,0
1775584500000814300,5349.964814453125,548.382873525843,1.163712453295266,180,-33.43938148429557,522.5681800749153,273.02078709840487,8.554930514271316,3,-70.68743638309019,0
1775584501000828400,5350.96482836914,548.382873525843,1.159439815465842,180,-33.43938160931132,522.5681800749153,273.02078709840487,8.545994380095763,3,-70.68743640337325,0
1775584502000844000,5351.96484399414,548.382873525843,1.7913254690959395,180,-33.4393817337403,522.5681800749153,273.02078709840487,8.567338948023709,3,-70.68743642356114,0
1775584503000856300,5352.964856201172,548.382873525843,1.0310517664325527,180,-33.439382030023495,522.5681800749153,273.02078709840487,8.606040352594466,3,-70.68743647163136,0
1775584504000869600,5353.964869628906,548.382873525843,1.7586592106072347,180,-33.43938212888871,522.5681800749153,273.02078709840487,8.616487168165635,3,-70.68743648767166,0
1775584505000883200,5354.964883300781,548.382873525843,1.7331116008245737,180,-33.43938256801831,522.5681800749153,273.02078709840487,8.801627127194267,3,-70.68743655891785,0
1775584506000896800,5355.964896728516,548.3326656594872,1.7239292049443378,180,-33.43937149795209,522.5179722085595,273.02080167414846,8.853274741829877,3,-70.68746100008794,0
1775584507000911000,5356.964911132813,548.5203408030793,1.6550751961079022,180,-33.43936808961203,522.7056473521516,273.02081435924515,8.819847230249538,3,-70.68747008040353,0.1606467869428321
1775584508000925200,5357.9649252929685,548.5180590162054,1.5998309170165863,180,-33.439368106233616,522.7033655652776,273.0208138542267,8.820807384208063,3,-70.68746973771194,0
1775584509000938800,5358.964938720703,548.5180590162054,1.5363899119451914,180,-33.43936839677065,522.7033655652776,273.0208138542267,8.793759814835767,3,-70.68746992930527,0
1775584510000952800,5359.9649528808595,548.5180590162054,1.531677340831091,180,-33.439368561055296,522.7033655652776,273.0208138542267,8.788986047489209,3,-70.68747003764202,0
1775584511000966000,5360.9649658203125,548.5180590162054,1.461516964897433,180,-33.439368723235916,522.7033655652776,273.0208138542267,8.778306179395418,3,-70.6874701445913,0
1775584512000980000,5361.964979980468,548.5180590162054,1.3820633310971933,180,-33.43936803695075,522.7033655652776,273.0208138542267,8.787380156033489,3,-70.6874714099644,0
1775584513000993800,5362.964993896484,548.5180590162054,1.3736527143616934,180,-33.43936817095303,522.7033655652776,273.0208138542267,8.772470279126262,3,-70.68747149225861,0
1775584514001006800,5363.965006835938,548.5180590162054,1.1704925740296246,180,-33.439368305754684,522.7033655652776,273.0208138542267,8.86765704732531,3,-70.68747157504374,0
1775584515001020700,5364.9650207519535,548.5180590162054,1.2789830771657968,180,-33.43936840355789,522.7033655652776,273.0208138542267,8.86898158812648,3,-70.68747163510719,0
1775584516001034200,5365.965034179688,548.5180590162054,1.1619374315073432,180,-33.439368519650905,522.7033655652776,273.0208138542267,8.86036344285886,3,-70.68747170640286,0
1775584517001048600,5366.965048583985,548.5180590162054,1.024742427993547,180,-33.43936861652941,522.7033655652776,273.0208138542267,8.916887076862388,3,-70.68747176589842,0
1775584518001062000,5367.965061767578,548.5180590162054,1.1656015289832147,180,-33.439365328194405,522.7033655652776,273.0208138542267,8.899096568903758,3,-70.6874779443076,0
1775584519001076700,5368.965076660156,548.5180590162054,1.784228259504409,180,-33.439365433832805,522.7033655652776,273.0208138542267,8.91007823125427,3,-70.6874779878608,0
1775584520001088500,5369.9650886230465,548.5180590162054,1.7364732849697975,180,-33.43936567951122,522.7033655652776,273.0208138542267,8.927924883184112,3,-70.68747808915053,0
1775584521001103600,5370.965103515625,548.5180590162054,1.7277952012014182,180,-33.43936591885623,522.7033655652776,273.0208138542267,9.07830175734808,3,-70.68747818782907,0
1775584522001116700,5371.965116699219,548.5180590162054,1.6542337214799936,180,-33.43936616181681,522.7033655652776,273.0208138542267,9.21933909138572,3,-70.68747828799826,0
1775584523001130500,5372.965130615235,548.5180590162054,1.681876052179594,180,-33.43936638229142,522.7033655652776,273.0208138542267,9.19529723992684,3,-70.6874783788968,0
1775584524001144000,5373.965144042969,548.5180590162054,1.5989736023918064,180,-33.439364496974505,522.7033655652776,273.0208138542267,9.235734019301832,3,-70.68748531768165,0
1775584525001158000,5374.9651579589845,548.5180590162054,1.5927809311647123,180,-33.43936471491516,522.7033655652776,273.0208138542267,9.262304539357784,3,-70.687485366962,0
1775584526001171500,5375.965171386719,548.5180590162054,1.5876615143090147,180,-33.43936483805317,522.7033655652776,273.0208138542267,9.26076569525325,3,-70.68748560144579,0
1775584527001185000,5376.965185058593,548.5180590162054,1.5355696359288133,180,-33.43936505647588,522.7033655652776,273.0208138542267,9.376450769372001,3,-70.6874856497371,0
1775584528001198300,5377.965198242187,548.5180590162054,1.5307041002572004,180,-33.43936525905023,522.7033655652776,273.0208138542267,9.35740262664534,3,-70.6874856945245,0
1775584529001212700,5378.965212646484,548.5180590162054,1.4649272739030708,180,-33.439365463971555,522.7033655652776,273.0208138542267,9.464497712871559,3,-70.68748573983078,0
1775584530001226000,5379.965226074219,548.5180590162054,1.3807879598667372,180,-33.439365231173944,522.7033655652776,273.0208138542267,9.492577115542476,3,-70.68748615784058,0
1775584531001240000,5380.965239990234,548.5180590162054,1.3813590600078607,180,-33.439365402420144,522.7033655652776,273.0208138542267,9.577845748863908,3,-70.68748619372685,0
1775584531999662800,5381.963662841797,548.5180590162054,1.2847500996314907,180,-33.43936557320607,522.7033655652776,273.0208138542267,9.596334768495895,3,-70.6874862295167,0
1775584532999659500,5382.963659423828,548.5180590162054,1.035662075900534,180,-33.439365720640204,522.7033655652776,273.0208138542267,9.585910099841605,3,-70.68748626041292,0
1775584533999676700,5383.963676757812,548.5180590162054,1.0229199253467323,180,-33.43936581731592,522.7033655652776,273.0208138542267,9.63309068349198,3,-70.68748628067225,0
1775584534999672000,5384.963672119141,548.5180590162054,1.7643471317349089,180,-33.439365911904446,522.7033655652776,273.0208138542267,9.658428038510392,3,-70.68748630049417,0
1775584535999678200,5385.963678222656,548.5180590162054,1.7308135232235957,180,-33.43936502907019,522.7033655652776,273.0208138542267,9.657737821806682,3,-70.68749047273155,0
1775584536999700500,5386.9637004394535,548.5180590162054,1.6948964330258738,180,-33.439365300798045,522.7033655652776,273.0208138542267,9.626699406655328,3,-70.68749050073694,0
1775584537999699700,5387.963699707031,548.5180590162054,1.6838583069454276,180,-33.43936555817024,522.7033655652776,273.0208138542267,9.596778502524879,3,-70.68749052726277,0
1775584538999705900,5388.963705810547,548.0837269239128,1.6809115021686512,180,-33.439368650249506,522.269033472985,273.0208210874961,9.567991923250153,3,-70.68749632420565,0.13193374097406288
1775584539999731500,5389.963731445312,548.298117108643,2.0149166600785042,180,-33.439367825905435,522.4834236577153,273.0208232289439,9.539500294365475,3,-70.68749756288801,0.17645985220876242
1775584540999735600,5390.963735595703,548.2430452844128,2.4327160840412216,180,-33.43936834920792,522.4283518334851,273.02082436269524,9.498936961095168,3,-70.68749777007142,0.1886118084839862
1775584541999738600,5391.963738525391,548.187346611172,2.9121642961632936,180,-33.43936513947489,522.3726531602442,273.0208260863486,9.21245296239329,3,-70.68750419390044,0.24006565423881268
1775584542999764000,5392.9637639160155,548.2758320579305,3.2679851114408303,180,-33.439375336458895,522.4611386070028,273.0208411253497,7.917322787469197,3,-70.68751476350815,0.7205992022721414
1775584543999755300,5393.963755371094,548.2656312165782,1.702866761719017,180,-33.43937863601413,522.4509377656505,273.02083886769685,8.63381409839752,3,-70.68752162545196,0
1775584544999755000,5394.963755126953,548.2656312165782,1.6530530082493873,180,-33.43937876613887,522.4509377656505,273.02083886769685,8.612710107091601,3,-70.68752172046779,0
1775584545999780600,5395.963780517578,548.1673674127087,1.6435923735092004,180,-33.439381823779726,522.352673961781,273.02082347550936,8.593293214981912,3,-70.68751152544304,0
1775584546999806000,5396.9638059082035,548.1673674127087,1.468536404099827,180,-33.439381967260736,522.352673961781,273.02082347550936,8.573980110428176,3,-70.68751152684527,0
1775584547999830300,5397.9638303222655,548.0879612173885,1.5383371727339386,180,-33.43938037694762,522.2732677664608,273.02082060564277,8.474578824347768,3,-70.68751549956296,0.010909868828593756
1775584548999854300,5398.963854248047,548.1167775122449,1.9109338909962728,180,-33.43938005267075,522.3020840613171,273.020827651271,8.475602296403709,3,-70.68752003165407,0.07237076874027283
1775584549999876900,5399.963876953125,548.115749977529,1.693739093761028,180,-33.43938034459663,522.3010565266013,273.020827423854,8.827093249881479,3,-70.6875205578552,0
1775584550999901200,5400.9639011230465,548.115749977529,1.655361116289416,180,-33.43938053348114,522.3010565266013,273.020827423854,8.80779396817889,3,-70.68752054841298,0
1775584551999922200,5401.963922119141,548.1671592080966,1.6413362538685619,180,-33.439384274220956,522.3524657571688,273.0208238592827,8.78657468569532,3,-70.68751791174793,0.04488837930494841
1775584552999944400,5402.963944335937,548.171953227371,1.6383298106702273,180,-33.4393845631518,522.3572597764432,273.0208237356791,8.760894370898017,3,-70.68751778735027,0
1775584553999965700,5403.963965576172,548.1151665486395,2.0285950659565586,180,-33.43939610516806,522.3004730977118,273.0208238965041,8.480286178547926,3,-70.68748025407758,0.15571309297895297
1775584554999986400,5404.963986328125,548.2263690298423,2.383593129814853,180,-33.43939559741938,522.4116755789146,273.02078553065496,8.481312324010077,3,-70.68745566049631,0.06875943907436333
1775584556000007700,5405.964007568359,548.1893363380805,2.7508704791752976,180,-33.439394620929995,522.3746428871527,273.02078267954766,8.729064992180888,3,-70.68745401251111,0.0917924089456194
1775584557000026000,5406.964026123047,548.2785891601816,3.1489043787282194,180,-33.43939461579798,522.4638957092538,273.02078493442286,9.587848987171132,3,-70.68745578938238,0.07475984165233447
1775584558000046800,5407.964046875,548.3095538252965,3.59020714327577,180,-33.439401291197846,522.4948603743687,273.0207857392777,8.349796526200084,3,-70.68745281861004,0.09229328386492479
1775584559000067000,5408.964067138671,548.2518747430295,1.651010366167047,180,-33.43940317678212,522.4371812921017,273.0207842322584,9.18252222663941,3,-70.68745121688478,0.05904439493000348
1775584560000085200,5409.964085205078,548.2341104978696,1.4861531267885058,180,-33.43938734571714,522.4194170469418,273.0207841653738,9.218512651466474,3,-70.68747836261196,0
1775584561000104400,5410.964104492187,548.2341104978696,1.3841994250339202,180,-33.43938759213619,522.4194170469418,273.0207841653738,9.21435994304835,3,-70.68747806354891,0
1775584562000123000,5411.964122802734,548.2341104978696,1.3843357290434644,180,-33.43938771338272,522.4194170469418,273.0207841653738,9.197456588869462,3,-70.68747791639976,0
1775584563000141000,5412.964141113282,548.2341104978696,1.3809517637336541,180,-33.439387940115544,522.4194170469418,273.0207841653738,9.17368750354411,3,-70.68747764122861,0
1775584564000159000,5413.964158935547,548.2341104978696,1.1698654406515716,180,-33.439388058496824,522.4194170469418,273.0207841653738,9.1606885738475,3,-70.68747749755683,0
1775584565000176600,5414.964176757812,548.4507879475132,1.822772167804794,180,-33.439385160637954,522.6360944965854,273.02078686692346,9.149145556970117,3,-70.68747955679083,0.032422508926650724
1775584566000197400,5415.964197265625,548.5344310263172,2.1715846182040512,180,-33.439386345085666,522.7197375753894,273.02078721794726,9.047544725826922,3,-70.68747508325653,0.048187661615276975
1775584567000212700,5416.964212646484,548.3446747260168,2.5933321732919254,180,-33.43938283316468,522.5299812750891,273.0207858546121,9.048466326243929,3,-70.6874742572719,0.13483634133839495
1775584568000229400,5417.964229492188,548.6358346380293,3.0547188773709357,180,-33.439382605544424,522.8211411871016,273.02078732074534,8.984444654483717,3,-70.68747440817025,0.20875157912336828
1775584569000246000,5418.96424609375,548.4595877919346,3.479700357688872,180,-33.439388483019876,522.6448943410069,273.0207898776597,7.790880487713074,3,-70.68746866451158,0.33154575854607266
1775584570000263200,5419.964263183594,548.3539901487529,3.889916461361689,180,-33.43939251722438,522.5392966978252,273.0207878072207,7.164704453210066,3,-70.68746533712975,0
1775584571000280800,5420.964280761718,548.3539901487529,1.877923859652993,180,-33.43939461833924,522.5392966978252,273.0207878072207,6.8278112332058525,3,-70.68746360120021,0
1775584572000296700,5421.964296630859,548.3568809488788,1.7521697310333249,180,-33.43939035652684,522.5421874979511,273.0207823464254,6.888665465341903,3,-70.68746189275625,0.031070791143613687
1775584573000313900,5422.964313964843,548.3426730893552,2.1029899237911613,180,-33.439387511551374,522.5279796384275,273.02078533138103,6.890028706945291,3,-70.6874632957875,0.07393310139083266
1775584574000329500,5423.964329589844,548.3549160137773,1.2211759174296912,180,-33.439387365080734,522.5402225628495,273.0207850886428,6.89633777349051,3,-70.68746320214623,0
1775584575000346000,5424.964346191407,548.5540983518586,1.9340344040919364,180,-33.43938740762403,522.7394049009308,273.0207850995859,6.891878851358133,3,-70.6874631710937,0.09247374314417085
1775584576000362500,5425.964362548828,548.5965255880728,1.32554588268781,180,-33.43938748634389,522.7818321371451,273.0207849254379,6.8837378800223235,3,-70.68746301187177,0
1775584577000379100,5426.96437915039,548.5965255880728,1.2928011756549649,180,-33.43938751068437,522.7818321371451,273.0207849254379,6.8782831569596,3,-70.6874629710518,0
1775584578000394000,5427.964394042969,548.4295050678775,1.847028141567329,180,-33.43939012539037,522.6148116169497,273.0207882536318,6.883343811019082,3,-70.687468743034,0
1775584579000409600,5428.9644096679685,548.5603010617197,1.4162542108150933,180,-33.439390279363174,522.7456076107919,273.02078824026387,6.93577856507466,3,-70.68746862063674,0
1775584580000428500,5429.964428466797,548.5603010617197,1.3924618415036847,180,-33.43939033467405,522.7456076107919,273.02078824026387,6.929171669093363,3,-70.68746857269079,0
1775584581000441600,5430.964441650391,548.5603010617197,1.2858217525355693,180,-33.43939043435912,522.7456076107919,273.02078824026387,6.917788455929333,3,-70.68746848627933,0
1775584582000457200,5431.9644572753905,548.5321560110897,1.8429545676744592,180,-33.43939242985782,522.717462560162,273.02079692491714,6.9126319993532785,3,-70.68747205569025,0.036045643155977594
1775584583000473600,5432.964473632813,548.477570538409,2.1991583211239147,180,-33.43939226446588,522.6628770874813,273.0207967567211,6.913990285861196,3,-70.68747199350335,0.04477623105081503
1775584584000488200,5433.96448828125,548.3810998983681,1.0893211404990437,180,-33.43938692388503,522.5664064474404,273.0207974953944,7.067983672571649,3,-70.68746762466438,0
1775584585000504000,5434.964504150391,548.4614413725212,1.9220690834035188,180,-33.439382318209866,522.6467479215935,273.02079595792395,7.064321309078902,3,-70.68746716037755,0.079935971444534
1775584586000519400,5435.96451953125,548.4732261691242,1.4210813170779164,180,-33.439382405752106,522.6585327181965,273.0207957813741,7.060438228761975,3,-70.68746706141903,0
1775584587000534300,5436.964534179688,548.4732261691242,1.2883291255139384,180,-33.43938245391099,522.6585327181965,273.0207957813741,7.058017265526136,3,-70.68746704951317,0
1775584588000550100,5437.964550048828,548.4732261691242,1.4583946645487587,180,-33.4393824933966,522.6585327181965,273.0207957813741,7.051800527877687,3,-70.68746703975152,0
1775584589000565500,5438.964565429687,548.349611191079,1.2906904345565349,180,-33.43938259288057,522.5349177401513,273.020795126678,7.066123088310994,3,-70.68746672534996,0
1775584590000579800,5439.964579833984,548.349611191079,1.17401128621285,180,-33.43937832300397,522.5349177401513,273.020795126678,7.037198813618117,3,-70.68746968027268,0
1775584591000595200,5440.964595214844,551.5109864668921,1.9600000381469347,126.04428766917165,-33.43937738689734,525.6962930159643,285.4687571958121,6.881925086028538,4.000000000002539,-70.68745816111056,1.2599999904632324
1775584592000610300,5441.964610351562,548.2967211892828,1.2829420041562325,180,-33.43937999350459,522.4820277383551,273.0208005193199,6.311506225211965,3,-70.68747008845322,0
1775584593000625200,5442.964625244141,548.4536978472024,1.8258007777917917,180,-33.439380055531124,522.6390043962747,273.02079916153434,6.308091096497092,3,-70.68746960606356,0.0051022687210477945
1775584594000640500,5443.964640625,548.4651297228411,1.1959455517247748,180,-33.43938009023154,522.6504362719133,273.02079913487506,6.312380722223355,3,-70.68746959401291,0.017583940646362935
1775584595000656600,5444.9646567382815,548.4606171380728,1.8954495580396495,180,-33.4393862923162,522.6459236871451,273.0207992754971,6.512982875112588,3,-70.6874515751869,0.007206490820950033
1775584596000671700,5445.96467163086,548.4233978809789,1.6332658136277316,180,-33.43938616848105,522.6087044300511,273.020799256783,6.503096093749855,3,-70.68744916652257,0
1775584597000685600,5446.964685546875,548.3452943852171,1.598549753093683,180,-33.43938863989617,522.5306009342894,273.02074771717844,6.216470721566559,3,-70.68740922718732,0.14127339379875245
1775584598000701000,5447.964700927734,548.6056249523535,1.9643639667307136,180,-33.43938426302748,522.7909315014258,273.0207470918298,6.67718049490007,3,-70.68741930773139,0
1775584599000715800,5448.964715820312,548.6168286260217,1.7085020464946046,180,-33.439384185356744,522.802135175094,273.02074706944893,6.666834299478109,3,-70.6874190574487,0.014030618672130523
1775584600000729900,5449.964729736328,548.7621910320595,2.09073839319101,180,-33.439384346253334,522.9474975811318,273.0207482655898,6.668252399410223,3,-70.6874195240939,0.16522781557453697
1775584601000745200,5450.964745117188,548.5597235290334,2.4925107459856726,180,-33.4393844472777,522.7450300781056,273.0207501840643,6.669673458608617,3,-70.6874202860772,0.23991865720805042
1775584602000760300,5451.964760253906,548.5167378410697,1.4570336582984287,180,-33.43938448041276,522.702044390142,273.02074984512734,6.727475869161576,3,-70.687419895028,0
1775584603000775000,5452.964774902343,557.2103226386565,2.0008488905872333,180,-33.439382474171985,531.3956291877288,273.0207477228422,6.738888506207244,3.8849189012242062,-70.68742278457651,0.08379157221118841
1775584604000790000,5453.964790039063,548.8535110261291,1.3292289979659142,180,-33.43938247589523,523.0388175752014,273.02074768985665,6.730109934965872,3,-70.68742260140502,0
1775584605000804400,5454.96480444336,548.7340419013053,1.934425053159699,180,-33.439381587439605,522.9193484503776,273.02075665971984,6.725103127829919,3,-70.68742617452627,0.13605823344315432
1775584606000819700,5455.9648198242185,548.6448622075841,1.0693313913327378,180,-33.43938170742659,522.8301687566563,273.0207568995049,6.718534665820581,3,-70.68742612859563,0
1775584607000834600,5456.964834472657,548.6448622075841,1.86837690731468,180,-33.43938172235883,522.8301687566563,273.0207568995049,6.760116306559027,3,-70.68742601792381,0
1775584608000853500,5457.964853515625,548.6448622075841,1.7537103792970878,180,-33.43938173951498,522.8301687566563,273.0207568995049,6.7487469737743035,3,-70.68742589076919,0
1775584609000863200,5458.96486328125,548.9241236168891,1.7345980652380653,180,-33.43938195507767,523.1094301659614,273.0207553079562,6.749484718445498,3,-70.68742506849081,0
1775584610000877300,5459.964877197265,548.8305423865095,1.6970989800231069,180,-33.439378194752464,523.0158489355817,273.02075517759505,6.753237382861172,3,-70.68742895348396,0.18174004902668406
1775584611000892700,5460.964892578125,548.8385252095759,1.876241479793241,180,-33.439375365345214,523.0238317586482,273.0207668365507,6.754633486336332,3,-70.68743384617228,0.16453365675240508
1775584612000907800,5461.964907714843,553.0963134914637,2.7391833257492575,-1,-33.43937447032359,527.2816200405359,-1,6.59532736170324,4.000000000000925,-70.68742330730396,0
1775584613000923100,5462.964923095703,553.0963134914637,2.8733472764504087,-1,-33.439373700881305,527.2816200405359,-1,6.467049640600216,4.000000000002909,-70.68741423449437,0
1775584614000937000,5463.964937011719,553.0963134914637,2.589999914168907,180,-33.43937369573561,527.2816200405359,221.83592521377014,6.46743636294961,4.000000000015708,-70.68741417381949,0
1775584615000951800,5464.964951904297,553.0963134914637,2.589999914168907,180,-33.43937368977442,527.2816200405359,221.83592521377014,6.467635329715554,4.000000000076963,-70.68741410352865,0
1775584616000965600,5465.964965576172,553.0963134914637,2.5799999237056515,180,-33.43937301361517,527.2816200405359,221.83592521377014,6.314986309015702,4.000000000206785,-70.68740613065759,0
1775584617000981200,5466.964981201172,553.0963134914637,2.5099999904628647,180,-33.439371617767435,527.2816200405359,221.83592521377014,6.237997216126632,4.000000000276773,-70.68741062293635,0
1775584618000995600,5467.964995605469,553.0963134914637,2.817445630324929,-1,-33.43937353962201,527.2816200405359,-1,7.317454232601389,4.000000000337612,-70.68739556092142,0
1775584619001009700,5468.965009765625,553.0963134914637,2.616199437713127,-1,-33.439373492656486,527.2816200405359,-1,7.3067093077698315,4.000000000297764,-70.68739506258353,0
1775584620001025000,5469.965024902343,553.0963134914637,2.5155764746872635,-1,-33.43937344574354,527.2816200405359,-1,7.406522907878157,4.00000000025586,-70.68739456480363,0
1775584621001039600,5470.9650395507815,553.0963134914637,2.4373141701115917,-1,-33.43938164101753,527.2816200405359,-1,6.870389428612862,4.000000000221355,-70.68736377245803,0
1775584622001054200,5471.965054199219,553.0963134914637,2.403773182436304,-1,-33.43938037513962,527.2816200405359,-1,6.723216472213105,4.000000000237838,-70.68735702276227,0
1775584623001068300,5472.965068359375,553.0963134914637,1.5901447790498515,180,-33.439374360670236,527.2816200405359,273.0206746313511,6.199587533671585,3,-70.68734457481996,0
1775584624001084000,5473.965083984375,553.0963134914637,1.6271117266120512,180,-33.43937432559718,527.2816200405359,273.0206746313511,6.204843110050252,3,-70.68734434201114,0
1775584625001097700,5474.96509765625,553.0963134914637,1.5303365434834386,180,-33.43937435376914,527.2816200405359,273.0206746313511,6.561279907365695,3,-70.68734420534804,0
1775584626001112600,5475.965112548828,553.0963134914637,1.584485784411425,180,-33.43937431547303,527.2816200405359,273.0206746313511,6.7355609392956,3,-70.68734395197038,0
1775584627001127700,5476.965127685547,553.0963134914637,1.4678517408162357,180,-33.43937427463959,527.2816200405359,273.0206746313511,6.72877231137696,3,-70.68734368180505,0
1775584628001142000,5477.9651420898435,553.0963134914637,1.4604256724538498,180,-33.43937423969269,527.2816200405359,273.0206746313511,6.722867057271592,3,-70.68734345058668,0
1775584629001157000,5478.965157226563,557.2103226386565,1.3779844795829186,180,-33.43937522646067,531.3956291877288,273.0206746313511,6.751051640132582,3.9082286363171908,-70.68734648629177,0
1775584630001170700,5479.965170654297,553.0963134914637,1.2869063495703894,180,-33.43937519332536,527.2816200405359,273.0206746313511,6.756964483555173,3,-70.68734627434246,0
1775584631001185800,5480.965185791016,553.0963134914637,1.2841272163492399,180,-33.43937516368678,527.2816200405359,273.0206746313511,6.845850981015499,3,-70.68734608475988,0
1775584632001200600,5481.965200683594,553.0963134914637,1.1623178570093775,180,-33.439375134232314,527.2816200405359,273.0206746313511,6.845607666462926,3,-70.68734589635497,0
1775584633001215000,5482.965215087891,553.0963134914637,1.161926854843704,180,-33.43937511012004,527.2816200405359,273.0206746313511,6.8442697280513975,3,-70.68734574212125,0
1775584634001229800,5483.965229736328,553.0963134914637,1.793745266945097,180,-33.43937508537593,527.2816200405359,273.0206746313511,6.940971678656129,3,-70.68734558384601,0
1775584635001243400,5484.965243408203,553.0963134914637,1.7289585477033675,180,-33.43937502661676,527.2816200405359,273.0206746313511,6.9655747354584925,3,-70.68734520799413,0
1775584636001259500,5485.965259521485,553.0963134914637,1.7219692806344054,180,-33.43937823132669,527.2816200405359,273.0206746313511,6.798059308315915,3,-70.68734091324333,0
1775584637001273600,5486.965273681641,553.0963134914637,1.7199125813315166,180,-33.43937816917708,527.2816200405359,273.0206746313511,6.808727236248368,3,-70.68734059724733,0
1775584638001287400,5487.965287353516,553.0963134914637,1.6889120587157587,180,-33.439378178028825,527.2816200405359,273.0206746313511,6.813163518199888,3,-70.68734035770579,0
1775584639001303000,5488.965302978516,553.0963134914637,1.5980014663104378,180,-33.43937811462614,527.2816200405359,273.0206746313511,7.019613616444113,3,-70.68734003629596,0
1775584640001317400,5489.965317382813,553.0963134914637,1.5330850191090997,180,-33.439378057389845,527.2816200405359,273.0206746313511,7.055718366949357,3,-70.68733974614571,0
1775584641001332200,5490.96533227539,557.2103226386565,1.4644851918452277,180,-33.43937786721902,531.3956291877288,273.0206746313511,7.209861060889256,3.893833851868764,-70.68733950021124,0
1775584642001346000,5491.965345947266,553.0963134914637,1.4601503276643335,180,-33.439376228884754,527.2816200405359,273.0206746313511,7.200229245190342,3,-70.68733407123449,0
1775584643001360600,5492.965360595703,553.0963134914637,1.520872787893352,180,-33.43937618412646,527.2816200405359,273.0206746313511,7.192071106755423,3,-70.68733383481691,0
1775584644001375200,5493.965375244141,549.5878011574969,1.1684428380030647,180,-33.43940358277965,523.7731077065691,273.0207340119653,7.183198660540789,3,-70.6873595916755,0
1775584645001390800,5494.965390869141,549.5878011574969,1.0322690266772487,180,-33.439403691887534,523.7731077065691,273.0207340119653,7.2128143909233255,3,-70.6873595703542,0
1775584646001404200,5495.965404052735,549.5878011574969,1.770073676060458,180,-33.43940377694431,523.7731077065691,273.0207340119653,7.20940845208464,3,-70.68735955373286,0
1775584647001418800,5496.965418701172,549.5878011574969,1.0215925451724692,180,-33.439404023339186,523.7731077065691,273.0207340119653,7.196848565477485,3,-70.68735950558364,0
1775584648001433300,5497.965433349609,549.5878011574969,1.7489793125190445,180,-33.439401999951635,523.7731077065691,273.0207340119653,7.073425088875407,3,-70.68736448338511,0
1775584649001449500,5498.96544946289,549.5878011574969,1.7216692079825822,180,-33.439402238280955,523.7731077065691,273.0207340119653,7.0640074176227525,3,-70.68736442008453,0
1775584650001463600,5499.965463623047,549.5878011574969,1.7193883632647822,180,-33.439402474671795,523.7731077065691,273.0207340119653,7.158261948817534,3,-70.6873643572988,0
1775584651001478100,5500.965478027344,549.5878011574969,1.7089596857598213,180,-33.43940270883609,523.7731077065691,273.0207340119653,7.146777424950079,3,-70.68736429510446,0
1775584652001492500,5501.965492431641,549.5878011574969,1.6264642736106938,180,-33.439402938645976,523.7731077065691,273.0207340119653,7.1355047005836125,3,-70.68736423406665,0
1775584653001507300,5502.965507324218,549.5878011574969,1.627047859743142,180,-33.43940314651307,523.7731077065691,273.0207340119653,7.138454837742948,3,-70.68736417885688,0
1775584654001520000,5503.965520019531,549.5878011574969,1.625114153508406,180,-33.43940132764566,523.7731077065691,273.0207340119653,7.149588524546224,3,-70.68737160167682,0
1775584655001535000,5504.965534912109,549.5878011574969,1.5804936012871957,180,-33.439401547774295,523.7731077065691,273.0207340119653,7.26166834147681,3,-70.68737152005082,0
1775584656001550000,5505.965550048828,549.5878011574969,1.5859785482875886,180,-33.43940175485791,523.7731077065691,273.0207340119653,7.251651102764493,3,-70.68737144326205,0
1775584657001564400,5506.965564453125,549.5878011574969,1.5688377283376538,180,-33.439401963814596,523.7731077065691,273.0207340119653,7.270944846382376,3,-70.68737136577873,0
1775584657999208000,5507.963208007813,549.5878011574969,1.572995419878361,180,-33.43940216749815,523.7731077065691,273.0207340119653,7.284755028521654,3,-70.68737129025074,0
1775584658999193900,5508.963193847656,549.5878011574969,1.4594495194610542,180,-33.43940238091699,523.7731077065691,273.0207340119653,7.431746317503984,3,-70.6873712111128,0
1775584659999212800,5509.963212890625,549.5878011574969,1.4522463210098493,180,-33.43940260274655,523.7731077065691,273.0207340119653,7.34695932507514,3,-70.68736552593805,0
1775584660999201300,5510.963201171875,549.5878011574969,1.4490001662731267,180,-33.43940278142426,523.7731077065691,273.0207340119653,7.383585227630224,3,-70.687365475159,0
1775584661999195100,5511.96319506836,549.5878011574969,1.17034791584077,180,-33.439403114875404,523.7731077065691,273.0207340119653,7.559060636753351,3,-70.68736538039437,0
1775584662999223600,5512.9632236328125,549.5878011574969,1.82693366825909,180,-33.43940340935811,523.7731077065691,273.0207340119653,7.749776327501974,3,-70.68736529670431,0
1775584663999221200,5513.963221191406,549.5878011574969,1.7058716185455707,180,-33.43940372691313,523.7731077065691,273.0207340119653,7.897319770313258,3,-70.68736520645726,0
1775584664999217200,5514.963217041016,549.038483325392,1.72489007141865,180,-33.4394019765177,523.2237898744643,273.0207569962645,7.882635878167865,3,-70.68737796916531,0.009373405895882493
1775584665999251000,5515.963250976562,549.0341307222843,1.4020020848325379,180,-33.43939798212925,523.2194372713566,273.0207571872953,7.975109660472057,3,-70.68738560689619,0.01188025346925105
1775584666999259000,5516.963258789063,549.0354442130774,1.4632501571084204,180,-33.43939798551492,523.2207507621497,273.0207571583888,7.976228792519351,3,-70.687385591413,0
1775584667999260000,5517.963260009766,549.0354442130774,1.3756566795614622,180,-33.43939819315611,523.2207507621497,273.0207571583888,8.011194895455665,3,-70.68738560387207,0
1775584668999293000,5518.96329296875,549.0354442130774,1.3727904186143285,180,-33.439398375833555,523.2207507621497,273.0207571583888,8.000749351735516,3,-70.68738561483322,0
1775584669999289000,5519.9632890625,549.0354442130774,1.375481805613753,180,-33.439398561611846,523.2207507621497,273.0207571583888,8.097109471738303,3,-70.68738562598043,0
1775584670999292700,5520.963292724609,549.0354442130774,1.3712349862678284,180,-33.43939874717508,523.2207507621497,273.0207571583888,8.088779791727099,3,-70.68738563711473,0
1775584671999331000,5521.963331054688,549.0354442130774,1.1628448354418552,180,-33.43939742061712,523.2207507621497,273.0207571583888,7.947662680108203,3,-70.68738556095616,0
1775584672999370000,5522.963369873047,549.0354442130774,1.163704468438131,180,-33.4393975524706,523.2207507621497,273.0207571583888,7.981594648152768,3,-70.68738556886058,0
1775584673999407400,5523.963407470703,549.0354442130774,1.1598566667258337,180,-33.43940299870042,523.2207507621497,273.0207571583888,8.960783500981188,3,-70.68737919405795,0
1775584674999444500,5524.963444580078,549.0354442130774,1.7713040007748788,180,-33.43940336334244,523.2207507621497,273.0207571583888,9.107487641045056,3,-70.68737925812464,0
1775584675999480000,5525.963479980469,549.0354442130774,1.7099514106140148,180,-33.43940372010268,523.2207507621497,273.0207571583888,9.092766569997146,3,-70.68737932080651,0
1775584676999512800,5526.963512939453,549.0354442130774,1.6985435709393388,180,-33.43940406093944,523.2207507621497,273.0207571583888,9.230312186394716,3,-70.68737938069066,0
1775584677999545600,5527.9635456542965,549.0354442130774,1.6927137340361784,180,-33.4394095879216,523.2207507621497,273.0207571583888,9.171296147585348,3,-70.68736154653452,0
1775584678999578000,5528.963578125,549.0354442130774,1.6308584376605961,180,-33.43940989254521,523.2207507621497,273.0207571583888,9.304173296474362,3,-70.68736171171028,0
1775584679999609600,5529.963609619141,549.0354442130774,1.622531918399838,180,-33.43941017681552,523.2207507621497,273.0207571583888,9.352007485936983,3,-70.6873618658499,0
1775584680999640000,5530.963640136719,549.0354442130774,1.6084628301261452,180,-33.43941063463079,523.2207507621497,273.0207571583888,9.468109179071684,3,-70.68736211409062,0
1775584681999668500,5531.963668457031,549.0354442130774,1.6275486559864838,180,-33.43941091711135,523.2207507621497,273.0207571583888,9.520173395673313,3,-70.6873622672598,0
1775584682999697200,5532.963697265625,549.0354442130774,1.6261510351915667,180,-33.43941120591911,523.2207507621497,273.0207571583888,9.541602734836937,3,-70.68736242385975,0
1775584683999724300,5533.963724365234,549.0354442130774,1.6681365116390374,180,-33.43940581514259,523.2207507621497,273.0207571583888,9.506305293160315,3,-70.68737533924492,0
1775584684999751700,5534.963751708984,549.0354442130774,1.637912212281056,180,-33.43940615534707,523.2207507621497,273.0207571583888,9.627702821744277,3,-70.68737542588451,0
1775584685999794200,5535.963794189453,549.0354442130774,1.6631912134772375,180,-33.43940648161145,523.2207507621497,273.0207571583888,9.62967440233716,3,-70.68737550897399,0
1775584686999804000,5536.963803955078,549.0354442130774,1.6262870427883864,180,-33.439406813958556,523.2207507621497,273.0207571583888,9.602204365035593,3,-70.68737559361254,0
1775584687999828500,5537.96382836914,549.0354442130774,1.5846889438742124,180,-33.43940712820098,523.2207507621497,273.0207571583888,9.57519897284489,3,-70.68737567364039,0
1775584688999854000,5538.963854003906,548.7686330964789,1.4667397676053675,180,-33.439422485100714,522.9539396455511,273.02074525097623,9.627100129581537,3,-70.6873651751481,0
1775584689999878400,5539.963878417969,548.791657473892,1.8846057625825827,180,-33.43943059649912,522.9769640229642,273.02074486213854,9.11091274699174,3,-70.68733464643765,0.08707938405511596
1775584690999901000,5540.963900878906,548.7739077433944,1.4991059368255126,180,-33.4394278268555,522.9592142924666,273.020731989405,9.19261724365394,3,-70.68732522980983,0
1775584691999925500,5541.963925537109,549.0011658668518,1.9724633757876413,180,-33.43942777874028,523.1864724159241,273.02073340535856,9.172802280828737,3,-70.68732638668912,0.18505046023162128
1775584692999969000,5542.9639689941405,548.9985597934574,1.7380361225515326,180,-33.439427800118914,523.1838663425297,273.0207328285164,9.173700510738094,3,-70.68732595931452,0
1775584693999970600,5543.9639704589845,548.929374948144,2.052445917634504,180,-33.43942992525758,523.1146814972162,273.02073025755783,9.149973674196143,3,-70.68732406273068,0
1775584694999992300,5544.963992431641,548.8666461110115,1.7853544165663842,180,-33.439431152190565,523.0519526600838,273.0207296019833,9.112915608841657,3,-70.68732366812496,0.0462990004007389
1775584696000015400,5545.96401538086,548.955737311393,2.1061219841158154,180,-33.43942624165989,523.1410438604653,273.0207294360562,9.087888790218763,3,-70.6873349517427,0
1775584697000036400,5546.964036376953,548.955737311393,1.761882468320099,180,-33.439426821976426,523.1410438604653,273.0207294360562,9.049680658302295,3,-70.6873349745096,0
1775584698000057900,5547.964057861328,548.955737311393,1.7301054578092683,180,-33.43942722483964,523.1410438604653,273.0207294360562,9.023389475234238,3,-70.68733499031468,0
1775584699000078000,5548.964078125,549.0707404613495,1.6873609243761147,180,-33.43942762220423,523.2560470104218,273.0207369912124,9.007335002365034,3,-70.68734047411586,0.009068024956672985
1775584700000098800,5549.964098876953,548.8309618793428,2.028653224557982,180,-33.43942810181832,523.0162684284151,273.0207371491708,9.00826122700516,3,-70.68734056625557,0.11715674308786857
1775584701000119300,5550.964119384766,548.8293122984469,1.639556867461992,180,-33.43942811644897,523.0146188475192,273.0207367840451,9.150480473200375,3,-70.68734029689979,0
1775584702000139500,5551.9641394042965,548.8293122984469,1.5955138247028924,180,-33.43942027217507,523.0146188475192,273.0207367840451,8.98359885344628,3,-70.68734296250535,0
1775584703000159200,5552.964159179687,548.8293122984469,1.5203267667812235,180,-33.43942063725708,523.0146188475192,273.0207367840451,8.962652145852502,3,-70.68734300110204,0
1775584704000179700,5553.9641796875,548.8293122984469,1.5755464474677732,180,-33.4394209703247,523.0146188475192,273.0207367840451,9.000986211032378,3,-70.68734303631413,0
1775584705000199400,5554.964199462891,548.9784853672609,1.4607475685548155,180,-33.439423347945315,523.1637919163331,273.0207387385869,8.99228535434472,3,-70.68734438628216,0.027388472951716383
1775584706000218000,5555.964218017578,548.98472079169,1.1709825520659711,180,-33.4394238362867,523.1700273407623,273.0207334362399,8.97031642338568,3,-70.68734062672836,0
1775584707000237600,5556.964237548828,549.062143009156,1.0331889164463928,180,-33.439423682189805,523.2474495582283,273.02073357213163,8.959501893372613,3,-70.68734075161136,0
1775584708000256500,5557.964256591797,549.062143009156,1.7544968646325503,180,-33.43942383807231,523.2474495582283,273.02073357213163,8.951338610226994,3,-70.68734075998493,0
1775584709000276000,5558.964275878906,549.062143009156,1.7200879640089723,180,-33.4394284281417,523.2474495582283,273.02073357213163,8.869725727769906,3,-70.68733292088237,0
1775584710000294700,5559.964294677734,549.062143009156,1.7099217908880053,180,-33.43942882004028,523.2474495582283,273.02073357213163,8.847327479627515,3,-70.68733298673817,0
1775584711000312800,5560.96431274414,549.062143009156,1.6804522268452902,180,-33.43942940036984,523.2474495582283,273.02073357213163,8.811872815622511,3,-70.68733308425848,0
1775584712000332300,5561.964332275391,548.9430672395974,1.6814809428369315,180,-33.439426806153506,523.1283737886697,273.0207340567458,9.019078787336454,3,-70.68733368952712,0
1775584713000350500,5562.964350585938,548.9430672395974,1.6801127656608934,180,-33.439427158888996,523.1283737886697,273.0207340567458,8.995441727474,3,-70.68733375732778,0
1775584714000367900,5563.964367919922,548.9430672395974,1.6759591634108777,180,-33.439427511044364,523.1283737886697,273.0207340567458,9.019995839964198,3,-70.68733382501694,0
1775584715000386800,5564.96438671875,548.9430672395974,1.5936760062768103,180,-33.439424225354784,523.1283737886697,273.0207340567458,8.993078820532803,3,-70.68734322191186,0
1775584716000405200,5565.9644052734375,548.9430672395974,1.5352401843592014,180,-33.43942455585917,523.1283737886697,273.0207340567458,9.002059449796654,3,-70.68734323595376,0
1775584717000423000,5566.964422851563,548.9430672395974,1.531540496573266,180,-33.439424860110286,523.1283737886697,273.0207340567458,8.984088801289019,3,-70.68734324888025,0
1775584718000441600,5567.964441650391,548.9430672395974,1.5281969330349623,180,-33.439425164469135,523.1283737886697,273.0207340567458,9.027770143941419,3,-70.68734326181132,0
1775584719000458800,5568.9644587402345,548.9430672395974,1.5243043521799464,180,-33.43942567855993,523.1283737886697,273.0207340567458,9.052258599028944,3,-70.6873432836531,0
1775584720000476400,5569.96447631836,548.9430672395974,1.4595207639670287,180,-33.43942618362873,523.1283737886697,273.0207340567458,9.018428512891955,3,-70.6873433051116,0
1775584721000494600,5570.964494628906,548.9430672395974,1.3784679524782824,180,-33.4394122607623,523.1283737886697,273.0207340567458,8.610888181307432,3,-70.6873462580691,0
1775584722000512500,5571.964512451172,548.9430672395974,1.3728722314693034,180,-33.439412527747244,523.1283737886697,273.0207340567458,8.602677256234255,3,-70.68734625742479,0
1775584723000529700,5572.964529785157,548.9430672395974,1.2835919421070168,180,-33.43941279265041,523.1283737886697,273.0207340567458,8.618264033622427,3,-70.68734625678549,0
1775584724000547300,5573.964547363281,548.9430672395974,1.28169659066022,180,-33.43941327651031,523.1283737886697,273.0207340567458,8.687060106973483,3,-70.68734625561778,0
1775584725000566000,5574.964565917969,548.9430672395974,1.0387789292635665,180,-33.43941377539337,523.1283737886697,273.0207340567458,8.853292664117852,3,-70.68734625441382,0
1775584726000583200,5575.964583251953,548.9430672395974,1.1586795700528512,180,-33.43941421860499,523.1283737886697,273.0207340567458,8.992938109014494,3,-70.6873462533442,0
1775584727000600300,5576.9646003417965,548.9430672395974,1.0297681018115603,180,-33.439401430015074,523.1283737886697,273.0207340567458,8.59463980887089,3,-70.68735796988031,0
1775584728000618500,5577.964618408203,548.9430672395974,1.752687050426781,180,-33.43940160154627,523.1283737886697,273.0207340567458,8.6379151183671,3,-70.68735794713837,0
1775584729000635600,5578.964635742187,548.9430672395974,1.7174386094952068,180,-33.43940210537938,523.1283737886697,273.0207340567458,8.749066833221159,3,-70.68735788033916,0
1775584730000652300,5579.96465234375,548.9430672395974,1.683073550246417,180,-33.439402584919605,523.1283737886697,273.0207340567458,8.732720025881573,3,-70.68735781676077,0
1775584731000669200,5580.964669189453,548.9430672395974,1.6314763716525391,180,-33.43940304131129,523.1283737886697,273.0207340567458,8.714304163996681,3,-70.68735775625146,0
1775584732000687000,5581.9646870117185,548.9430672395974,1.6694758256038909,180,-33.43940346901211,523.1283737886697,273.0207340567458,8.72161298445186,3,-70.68735769954606,0
1775584733000704300,5582.9647043457035,548.9430672395974,1.5919167606115427,180,-33.43941068101759,523.1283737886697,273.0207340567458,8.774434255835823,3,-70.687356820134,0
1775584734000721000,5583.964720947266,548.9430672395974,1.5816593099260812,180,-33.439411067745574,523.1283737886697,273.0207340567458,8.890744254085817,3,-70.68735676849212,0
1775584735000738600,5584.96473852539,548.9430672395974,1.5295991745112192,180,-33.43941145853102,523.1283737886697,273.0207340567458,9.01618049457515,3,-70.68735671630843,0
1775584736000755700,5585.964755615234,548.9430672395974,1.5304515196414545,180,-33.439411829203024,523.1283737886697,273.0207340567458,9.098585678174773,3,-70.68735666681059,0
1775584737000772400,5586.964772460938,548.9430672395974,1.3833187365667459,180,-33.43941219983734,523.1283737886697,273.0207340567458,9.114330649607675,3,-70.68735661731779,0
1775584738000790300,5587.964790283203,548.9430672395974,1.5223507550816227,180,-33.439412507866955,523.1283737886697,273.0207340567458,9.204651998389117,3,-70.68735657618491,0
1775584739000807000,5588.9648068847655,548.9430672395974,1.4582637692030207,180,-33.43940106559534,523.1283737886697,273.0207340567458,8.646583830149574,3,-70.68736658829525,0
1775584740000824000,5589.964823974609,548.9430672395974,1.3797668449862062,180,-33.43940140872608,523.1283737886697,273.0207340567458,8.632221246404404,3,-70.68736651017818,0
1775584741000840700,5590.964840820313,548.9430672395974,1.4583437008260953,180,-33.439401710184946,523.1283737886697,273.0207340567458,8.810299448045093,3,-70.68736642830606,0
1775584742000858400,5591.964858398437,548.9430672395974,1.283889898172617,180,-33.43940206770492,523.1283737886697,273.0207340567458,8.842558976749801,3,-70.687366346966,0
1775584743000874500,5592.964874511718,548.9430672395974,1.2820214605970957,180,-33.43940234556435,523.1283737886697,273.0207340567458,8.862065467148328,3,-70.68736628374968,0
1775584744000892200,5593.9648920898435,548.9430672395974,1.1672986465835347,180,-33.43941338514918,523.1283737886697,273.0207340567458,8.868809517581894,3,-70.68732675004057,0
1775584745000908800,5594.964908691406,548.9430672395974,1.7918660529941322,180,-33.439408021762,523.1283737886697,273.0207340567458,8.681315337567632,3,-70.68733889258623,0
1775584746000926000,5595.964926025391,548.9430672395974,1.7377030576729697,180,-33.439408504548304,523.1283737886697,273.0207340567458,8.697320398570216,3,-70.68733893422977,0
1775584747000942600,5596.964942626953,548.830518416129,1.7262314039601194,180,-33.43939306459516,523.0158249652013,273.02074787106864,8.77301957010984,3,-70.687349229411,0
1775584748000960300,5597.964960205079,548.9936207877472,1.689748178874994,180,-33.439392996329545,523.1789273368195,273.02074777226494,9.164942634117699,3,-70.68734985927283,0
1775584749000976100,5598.964976074219,548.9936207877472,1.6839202831104043,180,-33.43939332520435,523.1789273368195,273.02074777226494,9.15786908602533,3,-70.68734999122356,0
1775584750000993800,5599.964993896484,548.9936207877472,1.5976894827006698,180,-33.4393936491484,523.1789273368195,273.02074777226494,9.14622493101853,3,-70.68735012119598,0
1775584751001011000,5600.965010986328,548.9936207877472,1.5867843181372547,180,-33.43938657581156,523.1789273368195,273.02074777226494,9.087831837969851,3,-70.68736281578056,0
1775584752001027000,5601.965027099609,548.9936207877472,1.53255731139646,180,-33.43938689278479,523.1789273368195,273.02074777226494,9.072008524828902,3,-70.68736286577838,0
1775584753001044500,5602.965044433594,548.9936207877472,1.466724617973429,180,-33.43938719134908,523.1789273368195,273.02074777226494,9.13513832705067,3,-70.68736291287249,0
1775584754001061000,5603.965061035156,548.9936207877472,1.3813088048092403,180,-33.439387462801676,523.1789273368195,273.02074777226494,9.118552555407165,3,-70.6873629556901,0
1775584755001078000,5604.965078125,548.9936207877472,1.3771112413236744,180,-33.43938770285263,523.1789273368195,273.02074777226494,9.11939268820365,3,-70.68736299355457,0
1775584756001095700,5605.965095703125,548.9936207877472,1.3757240123342989,180,-33.439387945354476,523.1789273368195,273.02074777226494,9.211094793328144,3,-70.68736303180565,0
1775584757001111600,5606.965111572265,548.9936207877472,1.1681339815253202,180,-33.439381833163644,523.1789273368195,273.02074777226494,8.895382365189219,3,-70.68736170865621,0
1775584758001128200,5607.965128173828,548.9936207877472,1.2787424122546187,180,-33.43938201430891,523.1789273368195,273.02074777226494,8.962662607935101,3,-70.68736173817817,0
1775584759001145300,5608.965145263672,548.9936207877472,1.0294902845064646,180,-33.43938223440747,523.1789273368195,273.02074777226494,9.042809784683897,3,-70.6873617740485,0
1775584760001162000,5609.965161865234,548.9936207877472,1.159867485840572,180,-33.43938237722336,523.1789273368195,273.02074777226494,9.049676269590357,3,-70.68736179732377,0
1775584761001179000,5610.965178955078,548.9936207877472,1.0244996961838808,180,-33.439382560463116,523.1789273368195,273.02074777226494,9.114392213934092,3,-70.68736182718709,0
1775584762001196000,5611.965196044922,548.9936207877472,1.7550286919988083,180,-33.439382704831864,523.1789273368195,273.02074777226494,9.16478994149401,3,-70.68736185071542,0
1775584763001213200,5612.965213134766,548.9936207877472,1.7231960329674616,180,-33.439383121019446,523.1789273368195,273.02074777226494,9.13842813909172,3,-70.68736191854315,0
1775584764001230000,5613.965229980468,548.9936207877472,1.7214902765904687,180,-33.43937853976918,523.1789273368195,273.02074777226494,9.193021102345067,3,-70.68737328327283,0
1775584765001247000,5614.965247070312,548.9936207877472,1.7160904062158004,180,-33.43937897341941,523.1789273368195,273.02074777226494,9.227460546915863,3,-70.68737328082715,0
1775584766001264000,5615.965264160156,548.9936207877472,1.6852123028736103,180,-33.43937941449614,523.1789273368195,273.02074777226494,9.36330014373946,3,-70.68737327833958,0
1775584767001279700,5616.965279785156,548.9936207877472,1.592550623670518,180,-33.439379849012006,523.1789273368195,273.02074777226494,9.490635246067633,3,-70.68737327588902,0
1775584768001298000,5617.965297851562,548.9936207877472,1.5918820164455507,180,-33.43938023355933,523.1789273368195,273.02074777226494,9.469821134724505,3,-70.68737327372027,0
1775584769001313300,5618.965313232422,548.9936207877472,1.5327214130409035,180,-33.439380624683274,523.1789273368195,273.02074777226494,9.580582384556784,3,-70.68737327151442,0
1775584770001331500,5619.965331542969,548.9936207877472,1.5289080918686864,180,-33.439373818464965,523.1789273368195,273.02074777226494,8.900861765799828,3,-70.68736814479708,0
1775584771001348600,5620.9653486328125,548.9936207877472,1.4607743109996407,180,-33.439374167874185,523.1789273368195,273.02074777226494,9.020242837245041,3,-70.68736816640228,0
1775584772001364700,5621.965364746094,548.9936207877472,1.456984618795186,180,-33.43937449305083,523.1789273368195,273.02074777226494,9.124029901570843,3,-70.6873681865091,0
1775584773001381400,5622.965381347656,548.9936207877472,1.3785810744691376,180,-33.439374814531135,523.1789273368195,273.02074777226494,9.114846640792887,3,-70.68736820638736,0
1775584774001397800,5623.965397705078,548.9936207877472,1.2832515757788787,180,-33.43937510713561,523.1789273368195,273.02074777226494,9.204953590331069,3,-70.68736822448014,0
1775584775001414700,5624.965414550781,548.9255914147943,1.3726515174415816,180,-33.43935644190942,523.1108979638666,273.0207451951371,9.193701214684223,3,-70.68736721099032,0
1775584776001431800,5625.965431884766,548.9255914147943,1.2783843503295143,180,-33.43935267634069,523.1108979638666,273.0207451951371,9.099966004332861,3,-70.68737763560607,0
1775584777001448700,5626.965448730469,548.9255914147943,1.0352173423391817,180,-33.43935284617614,523.1108979638666,273.0207451951371,9.08625403794934,3,-70.68737761212006,0
1775584778001465000,5627.965465087891,548.9255914147943,1.0256565729883267,180,-33.439353153709895,523.1108979638666,273.0207451951371,9.14132297748621,3,-70.68737756959217,0
1775584779001482800,5628.965482666015,548.9255914147943,1.0258864499623572,180,-33.43935346655687,523.1108979638666,273.0207451951371,9.272367447987724,3,-70.68737752632953,0
1775584780001498600,5629.965498535156,548.9255914147943,1.7117027695118225,180,-33.43935358207691,523.1108979638666,273.0207451951371,9.396181860324115,3,-70.68737751035462,0
1775584781001515300,5630.965515380859,548.9255914147943,1.714686467209504,180,-33.4393539089856,523.1108979638666,273.0207451951371,9.527598707399163,3,-70.68737746514743,0
1775584782001532200,5631.965532226563,548.9255914147943,1.7168798669681682,180,-33.43935122288188,523.1108979638666,273.0207451951371,9.207920510333638,3,-70.6873768213413,0
1775584783001549600,5632.965549560547,548.9255914147943,1.6863134557916757,180,-33.439351545010936,523.1108979638666,273.0207451951371,9.220209572720483,3,-70.68737678288257,0
1775584783999472600,5633.96347265625,548.9255914147943,1.6324252772354295,180,-33.439351851232324,523.1108979638666,273.0207451951371,9.196852827198134,3,-70.68737674632304,0
1775584784999461400,5634.963461425781,548.9255914147943,1.5833215404004597,180,-33.4393521458954,523.1108979638666,273.0207451951371,9.323209204994496,3,-70.68737671114346,0
1775584785999482000,5635.9634821777345,548.9255914147943,1.5293250037367523,180,-33.439352420439405,523.1108979638666,273.0207451951371,9.300379901985185,3,-70.68737667836588,0
1775584786999478300,5636.963478271485,548.9255914147943,1.5284629965455871,180,-33.439352677055616,523.1108979638666,273.0207451951371,9.329775845308601,3,-70.68737664772866,0
1775584787999475500,5637.963475341797,548.9255914147943,1.5273622627625447,180,-33.43935056728906,523.1108979638666,273.0207451951371,9.125300239659556,3,-70.68738401280247,0
1775584788999504000,5638.96350390625,548.9255914147943,1.459986844211971,180,-33.43935082698771,523.1108979638666,273.0207451951371,9.235823821018704,3,-70.68738394782704,0
1775584789999500800,5639.963500732422,548.9255914147943,1.3788283852179977,180,-33.439351068423335,523.1108979638666,273.0207451951371,9.334143091826663,3,-70.68738388742094,0
1775584790999495700,5640.963495605469,548.9255914147943,1.1653375307280038,180,-33.43935128235837,523.1108979638666,273.0207451951371,9.319224304629563,3,-70.68738383389535,0
1775584791999523800,5641.963523925781,548.9255914147943,1.0369376645855577,180,-33.4393514370237,523.1108979638666,273.0207451951371,9.381417516259953,3,-70.6873837951988,0
1775584792999529500,5642.963529541015,548.9230873687193,1.0299749497977428,180,-33.439352744532364,523.1083939177915,273.0207448633419,9.379876949200128,3,-70.68738344684463,0.00743387253637923
1775584793999529000,5643.963529052734,548.9078210238367,1.7391602257122731,180,-33.4393497283569,523.093127572909,273.02074485333173,9.213578956634365,3,-70.68739415505036,0
1775584794999559000,5644.963558837891,548.9078210238367,1.0241959453264733,180,-33.439350082472544,523.093127572909,273.02074485333173,9.186452883109254,3,-70.68739400546124,0
1775584795999559400,5645.963559326172,548.9078210238367,1.727916517908113,180,-33.43935020556284,523.093127572909,273.02074485333173,9.181088104663603,3,-70.68739395346421,0
1775584796999561000,5646.963561035156,548.9078210238367,1.6773880847582938,180,-33.43935055335522,523.093127572909,273.02074485333173,9.200629783638945,3,-70.68739380654623,0
1775584797999593700,5647.96359375,548.9078210238367,1.6430244343293314,180,-33.43935088473713,523.093127572909,273.02074485333173,9.275423033138074,3,-70.68739366656052,0
1775584798999626500,5648.963626464843,548.9078210238367,1.5850552763597638,180,-33.439351209500394,523.093127572909,273.02074485333173,9.399059067290398,3,-70.68739352937075,0
1775584799999658500,5649.9636584472655,548.9078210238367,1.6177450494743293,180,-33.43935477177498,523.093127572909,273.02074485333173,8.899307021707456,3,-70.68738415813067,0
1775584800999688700,5650.963688720703,548.9078210238367,1.5784297761292712,180,-33.43935503358457,523.093127572909,273.02074485333173,8.878120761712754,3,-70.68738408642439,0
1775584801999719200,5651.963719238282,548.9078210238367,1.5280165212342633,180,-33.43935528867219,523.093127572909,273.02074485333173,9.001213918674306,3,-70.68738401655918,0
1775584802999748400,5652.963748291016,548.9078210238367,1.5260755736730318,180,-33.439355528159986,523.093127572909,273.02074485333173,9.027841316131255,3,-70.68738395096656,0
1775584803999777300,5653.96377734375,548.9078210238367,1.518486673916969,180,-33.439355771931986,523.093127572909,273.02074485333173,9.140575805021735,3,-70.68738388420056,0
1775584804999806000,5654.9638059082035,548.9078210238367,1.5205652174800517,180,-33.439356018028285,523.093127572909,273.02074485333173,9.251058930343001,3,-70.68738381679796,0
1775584805999833000,5655.963833007812,548.9078210238367,1.3763073880197776,180,-33.439356263989076,523.093127572909,273.02074485333173,9.257957888246457,3,-70.68738374943247,0
1775584806999859700,5656.963859619141,548.9078210238367,1.372025116825049,180,-33.439352568464756,523.093127572909,273.02074485333173,8.853224736757264,3,-70.68739297205884,0
1775584807999886800,5657.963886962891,548.9078210238367,1.2805139470938491,180,-33.43935276358292,523.093127572909,273.02074485333173,8.838853479821328,3,-70.68739288957579,0
1775584808999912200,5658.963912109375,548.9078210238367,1.2754879770702503,180,-33.43935293266681,523.093127572909,273.02074485333173,8.826500767916636,3,-70.6873928180983,0
1775584809999937000,5659.963937011718,548.9078210238367,1.2780393847616756,180,-33.43935310306825,523.093127572909,273.02074485333173,8.909168903264868,3,-70.68739274606384,0
1775584810999962400,5660.963962402344,548.9078210238367,1.0312633639943802,180,-33.43935327429486,523.093127572909,273.02074485333173,8.926920850787722,3,-70.68739267368056,0
1775584811999987000,5661.963987060547,548.9078210238367,1.0328478678206974,180,-33.43935338561221,523.093127572909,273.02074485333173,8.921706182084495,3,-70.68739262662295,0
1775584813000011000,5662.9640109863285,548.9078210238367,1.7606261991388406,180,-33.43935158446653,523.093127572909,273.02074485333173,8.53412420933393,3,-70.68740045229126,0
1775584814000034300,5663.964034423828,548.9078210238367,1.6946774551890238,180,-33.439351886228906,523.093127572909,273.02074485333173,8.515731841768272,3,-70.6874002867575,0
1775584815000057600,5664.964057617188,548.9078210238367,1.6490377768811122,180,-33.43935217461359,523.093127572909,273.02074485333173,8.667335188422792,3,-70.68740012856216,0
1775584816000081700,5665.964081542968,548.9078210238367,1.640470771818534,180,-33.439352449813924,523.093127572909,273.02074485333173,8.720547294173452,3,-70.6873999775992,0
1775584817000104400,5666.964104492187,548.9078210238367,1.6371333279100624,180,-33.43935272060649,523.093127572909,273.02074485333173,8.716621967057025,3,-70.68739982905413,0
1775584818000126000,5667.964125976562,548.9078210238367,1.585126078931336,180,-33.439352988488494,523.093127572909,273.02074485333173,8.708456031787753,3,-70.68739968210568,0
1775584819000148700,5668.964148681641,548.9078210238367,1.5268006167541484,180,-33.43935341081273,523.093127572909,273.02074485333173,8.854723448645627,3,-70.68739945043691,0
1775584820000170200,5669.964170166016,548.9078210238367,1.3801663360469307,180,-33.439353832316385,523.093127572909,273.02074485333173,9.04173843215251,3,-70.68739921921826,0
1775584821000192800,5670.9641928710935,548.9078210238367,1.3722143330262855,180,-33.439354228520806,523.093127572909,273.02074485333173,9.206597339782489,3,-70.68739900187768,0
1775584822000214500,5671.9642145996095,548.9078210238367,1.36920148900488,180,-33.43935463351867,523.093127572909,273.02074485333173,9.365389977404677,3,-70.68739877971342,0
1775584823000235300,5672.964235351563,548.9078210238367,1.1668041645430993,180,-33.43935504796821,523.093127572909,273.02074485333173,9.51887798379415,3,-70.68739855236437,0
1775584824000256000,5673.964256103515,548.9078210238367,1.0268492595453127,180,-33.43935542205088,523.093127572909,273.02074485333173,9.650527642406958,3,-70.68739834715882,0
1775584825000277500,5674.964277587891,548.9078210238367,1.7450508770320128,180,-33.43935424195618,523.093127572909,273.02074485333173,9.60662099075965,3,-70.68740384203099,0
1775584826000298500,5675.964298583985,548.9230753099546,2.0615059309657555,180,-33.439362797270974,523.1083818590268,273.0207338440218,9.572085785938985,3,-70.68739411347752,0
1775584827000318200,5676.964318115234,548.9098936757073,2.456172360489726,180,-33.43936289577573,523.0952002247795,273.0207309830185,9.540190683430678,3,-70.68739139695953,0
1775584828000340500,5677.964340576172,548.9098936757073,2.7808977702878974,180,-33.43936373356408,523.0952002247795,273.0207309830185,9.783957081356037,3,-70.68739074800754,0
1775584829000359700,5678.964359619141,548.9098936757073,1.7485008674189053,180,-33.43936478372145,523.0952002247795,273.0207309830185,9.781041295372837,3,-70.68738993455422,0
1775584830000380400,5679.964380371094,548.9098936757073,1.6085071835403908,180,-33.439365198259,523.0952002247795,273.0207309830185,9.749337479976205,3,-70.68738961345286,0
1775584831000400100,5680.964400146484,548.9098936757073,1.5357130302154833,180,-33.439351687028314,523.0952002247795,273.0207309830185,9.22498007212136,3,-70.68738972632512,0
1775584832000421000,5681.964421142578,548.9098936757073,1.4649948387899525,180,-33.43935203677919,523.0952002247795,273.0207309830185,9.216994921121866,3,-70.68738950518222,0
1775584833000440000,5682.964440185547,548.9098936757073,1.4634089105327657,180,-33.439352360759145,523.0952002247795,273.0207309830185,9.316770229933496,3,-70.68738930033393,0
1775584834000459800,5683.964459716797,548.9098936757073,1.3790342957441164,180,-33.439352683712826,523.0952002247795,273.0207309830185,9.332883732749842,3,-70.68738909613455,0
1775584835000479500,5684.964479492188,548.9098936757073,1.3771617630458737,180,-33.43935297495582,523.0952002247795,273.0207309830185,9.420744824526253,3,-70.6873889119854,0
1775584836000499700,5685.964499755859,548.9098936757073,1.2811494860794697,180,-33.43935326328373,523.0952002247795,273.0207309830185,9.405206137695195,3,-70.68738872967943,0
1775584837000518000,5686.964517822265,548.9098936757073,1.16714858396636,180,-33.43934785068496,523.0952002247795,273.0207309830185,9.205907194722965,3,-70.68739798634974,0
1775584838000539600,5687.964539550781,548.9098936757073,1.1635065549893577,180,-33.439348066841525,523.0952002247795,273.0207309830185,9.269625982762234,3,-70.68739783320929,0
1775584839000557000,5688.964557128907,548.9098936757073,1.2782950031401028,180,-33.43934828198548,523.0952002247795,273.0207309830185,9.289781087152509,3,-70.68739768078623,0
1775584840000577500,5689.964577636719,548.9098936757073,1.276515212033658,180,-33.43934854021916,523.0952002247795,273.0207309830185,9.283141031522108,3,-70.6873974978354,0
1775584841000596000,5690.9645959472655,549.1786857629195,1.815331831214022,180,-33.439347110480846,523.3639923119918,273.0207201553528,9.268618359427775,3,-70.68738909836647,0.053429636867353206
1775584842000615700,5691.964615722656,549.0597321214154,2.1415777770146844,180,-33.43934725024278,523.2450386704877,273.0207201983324,9.247217252597451,3,-70.68738847604709,0.08884922722683962
1775584843000634000,5692.964634033203,548.9240251034498,2.5825599692289263,180,-33.439353529092585,523.1093316525221,273.0207286202508,9.205599387082971,3,-70.68739359547645,0.7247986172710519
1775584844000652800,5693.964652832031,548.9927252372727,3.031584677212487,180,-33.43935258837916,523.178031786345,273.02073196297,9.177170455146918,3,-70.68739582850415,0.6461318129702707
1775584845000672300,5694.964672363281,549.1853455062956,3.169369715766727,180,-33.43935203929107,523.3706520553678,273.0207406980794,9.65110818193373,3,-70.687414537808,0.7485607401758553
1775584846000691500,5695.96469140625,549.0012025134638,1.363938272394707,180,-33.439349671189724,523.1865090625361,273.0207266068877,9.651924811593805,3,-70.68740294556564,0
1775584847000710000,5696.964709960937,549.0980406058952,1.1749130063357986,180,-33.43934855450837,523.2833471549675,273.02071924031225,9.643775281322009,3,-70.68739662213763,0.018793533206408343
1775584848000754000,5697.96475390625,549.0222016274929,1.2764526491361459,180,-33.43934818563528,523.2075081765652,273.02071360180094,9.644582715268863,3,-70.68739195858545,0
1775584849000749000,5698.964749023437,549.0222016274929,1.1664173189452742,180,-33.43934870983625,523.2075081765652,273.02071360180094,9.609468922614669,3,-70.68739136175056,0
1775584850000767500,5699.964767578125,549.1297778449953,1.8067449107069207,180,-33.43934438125956,523.3150843940675,273.02070557620374,9.59596688262301,3,-70.68738474904514,0.08068661068202096
1775584851000786000,5700.964785888672,557.2103226386565,1.1932358386076265,180,-33.4393413105912,531.3956291877288,273.0207019648927,9.495649212083315,4.000073731687982,-70.68738305788492,0
1775584852000804900,5701.96480493164,549.091395817697,1.167425109538408,180,-33.43934151580128,523.2767023667693,273.0207019648927,9.495403308776394,3,-70.6873827760807,0
1775584853000822800,5702.964822753906,549.091395817697,1.7947032840032637,180,-33.43934171114349,523.2767023667693,273.0207019648927,9.482399955330502,3,-70.68738250782751,0
1775584854000842000,5703.964842041016,549.091395817697,1.7283936132310072,180,-33.43935394444259,523.2767023667693,273.0207019648927,10.174664943721046,3,-70.6873645716589,0
1775584855000860700,5704.964860595703,549.3580216160044,1.6427959722274599,180,-33.439352619124016,523.5433281650767,273.0207126920132,10.13819954599682,3,-70.68737395955216,0.048747173108578117
1775584856000879400,5705.964879394532,549.30160921067,1.683444878599046,180,-33.43935468695414,523.4869157597423,273.0207124199733,10.138927530821713,3,-70.68737360899519,0.02759254366210049
1775584857000898000,5706.9648979492185,549.3629234572873,1.3900604593363288,180,-33.43935560963095,523.5482300063595,273.02070944914175,10.09432128873389,3,-70.68737020190552,0.04405408008454643
1775584858000916500,5707.964916503906,549.2892607115209,1.9149889848176531,180,-33.43935289414823,523.4745672605932,273.02070794459445,9.615115133005466,3,-70.68738129392548,0.05953412260450597
1775584859000936200,5708.964936279297,549.2734292242676,2.244653685464529,180,-33.439351532679936,523.4587357733399,273.02072186457565,9.615934898162246,3,-70.68739284290436,0
1775584860000953300,5709.964953369141,549.2673097876832,1.7792528874404683,180,-33.439350593040366,523.4526163367555,273.02072171985407,9.566963665462504,3,-70.68739209177988,0.09783577013216645
1775584861000972300,5710.964972167969,549.0713834669441,1.1983695395471974,180,-33.43935102858766,523.2566900160164,273.02071989782803,9.567791104943348,3,-70.68739058337394,0
1775584862000991000,5711.964990966797,549.1554543348029,1.8548222203489322,180,-33.439351633547346,523.3407608838752,273.0207147937609,9.539741225558963,3,-70.6873859613987,0.010844427863131898
1775584863001010000,5712.965010009766,549.1553019834682,1.6700279082553369,180,-33.43935163714667,523.3406085325405,273.0207147600385,9.540573857969564,3,-70.68738593121925,0
1775584864001028600,5713.965028564453,549.1553019834682,1.646467648302387,180,-33.439350182010315,523.3406085325405,273.0207147600385,9.565221370067519,3,-70.68738849186181,0
1775584865001046500,5714.965046630859,549.1553019834682,1.6791046798387208,180,-33.439350704278866,523.3406085325405,273.0207147600385,9.541591240616428,3,-70.6873878102299,0
1775584866001064400,5715.965064453125,549.1553019834682,1.6000298116385716,180,-33.43935122913882,523.3406085325405,273.0207147600385,9.51393090393624,3,-70.68738712521586,0
1775584867001083000,5716.9650827636715,549.1294814134017,1.3951434821932112,180,-33.43934955346294,523.3147879624739,273.0207163383086,9.474201331469551,3,-70.6873878531243,0.03079267058015146
1775584868001102800,5717.965102783203,549.1502461256459,1.382655864375691,180,-33.43934937968429,523.3355526747182,273.02071639307496,9.475041655145068,3,-70.68738790437672,0
1775584869001120000,5718.965120117187,549.1883350480348,1.377808715563467,180,-33.439349341940314,523.373641597107,273.0207160197314,9.456586091799071,3,-70.68738733297396,0.011090223687364023
1775584870001139000,5719.965138916015,549.1944186799228,1.8510989835788372,180,-33.439350950253115,523.3797252289951,273.02071575542163,9.034355800504313,3,-70.68739328277705,0.008171873059815643
1775584871001158000,5720.9651579589845,549.1479519177228,1.6807010333506678,180,-33.43935054747547,523.3332584667951,273.0207297824123,9.035278258295502,3,-70.68740351714453,0
1775584872001176300,5721.965176269531,549.1479519177228,1.603415160684533,180,-33.43935096412428,523.3332584667951,273.0207297824123,8.998447878516961,3,-70.68740300354594,0
1775584873001194000,5722.965194091797,549.1479519177228,1.2959155781338658,180,-33.43935135677811,523.3332584667951,273.0207297824123,8.984079919210199,3,-70.6874025195257,0
1775584874001212200,5723.965212158203,549.1479519177228,1.1703948023936819,180,-33.43935167727992,523.3332584667951,273.0207297824123,8.956908200685708,3,-70.68740212444649,0
1775584875001230600,5724.965230712891,549.1479519177228,1.168216342793511,180,-33.439351972408396,523.3332584667951,273.0207297824123,8.954532328786135,3,-70.68740176064472,0
1775584876001248800,5725.965248779297,549.1497670393437,1.7939813918382095,180,-33.43935138530313,523.335073588416,273.0207303939629,8.588435638916312,3,-70.68740986216804,0.00785988173316617
1775584877001267500,5726.965267333984,549.2133595729247,2.128614836076535,180,-33.43935079999003,523.3986661219969,273.0207434759501,8.5724126087364,3,-70.68741821414051,0.15189743263286934
1775584878001286100,5727.965286132812,549.0796802984551,2.5801771877150435,180,-33.43935113368711,523.2649868475273,273.02074325713056,8.573421764510869,3,-70.68741805734214,0.12294443667050803
1775584879001304000,5728.9653039550785,549.2689387174323,3.063664784022548,180,-33.439351035304405,523.4542452665046,273.02074380177464,8.57443227156709,3,-70.68741842017681,0.18558180411650776
1775584880001322800,5729.965322753907,548.7224385458976,3.433046029379409,180,-33.439363663107756,522.9077450949699,273.02074532820774,7.482076808930739,3,-70.68740691828967,0.3092467510479613
1775584881001341400,5730.965341552735,549.0046646241099,3.7743110843961256,180,-33.439369836958434,523.1899711731821,273.0207522386384,6.860910355144111,3,-70.68740315484855,0.5495496412440387
1775584882001359400,5731.965359375,548.9327309569344,1.3778618030617322,180,-33.43937090207755,523.1180375060067,273.0207416398074,6.989750491115563,3,-70.68739960647636,0.02884989529797046
1775584883001377500,5732.965377441406,548.9845494516194,1.9567507373716977,180,-33.43936882973912,523.1698560006917,273.02074967063345,6.992018123636413,3,-70.68740321148555,0.08150370037574517
1775584884001397000,5733.965396972656,548.835242533125,2.2810519373862403,180,-33.43936788438614,523.0205490821972,273.0207487979314,6.9933582263304785,3,-70.68740287925728,0.09427754738947997
1775584885001414100,5734.9654140625,548.8269073339179,1.7342212530666739,180,-33.43936797378216,523.0122138829902,273.0207485165313,7.020449564387099,3,-70.68740263828907,0
1775584886001432600,5735.965432617188,549.0670232251287,1.5563505400182382,180,-33.43936847920026,523.2523297742009,273.0207452145453,7.009443394025886,3,-70.68740107993791,0.05795973603897992
1775584887001452000,5736.965452148437,549.0800941344351,1.4734407803176106,180,-33.43936848766408,523.2654006835073,273.0207450390973,7.0107752238609375,3,-70.68740100575522,0
1775584888001469200,5737.965469238281,549.0800941344351,1.5287074218999779,180,-33.439363840993025,523.2654006835073,273.0207450390973,6.897193621452056,3,-70.68739646232426,0
1775584889001488400,5738.96548828125,548.9180418327451,1.9205304766336997,180,-33.43936188478886,523.1033483818173,273.0207397272167,6.88944278415983,3,-70.68739424243223,0.1408981238024623
1775584890001506800,5739.965506835937,548.9238662077114,2.3088274413549965,180,-33.43936270838101,523.1091727567837,273.02073910192865,6.87998484623578,3,-70.68739381823536,0
1775584891001524700,5740.965524658203,548.8809750024229,1.7895923077732683,180,-33.43936208951855,523.0662815514952,273.0207393592998,6.860980081100608,3,-70.68739376392678,0
1775584892001543200,5741.96554321289,548.8809750024229,1.7706542465655504,180,-33.43936078487705,523.0662815514952,273.0207393592998,7.977072076418646,3,-70.68739963125155,0
1775584893001560600,5742.965560546875,549.0359528083354,1.6946310161105445,180,-33.439360900450076,523.2212593574077,273.0207386955906,7.979307924240764,3,-70.68739906890995,0.10861048063277823
1775584894001579300,5743.965579345703,549.0281755290926,2.0447661477626236,180,-33.43935813103639,523.2134820781648,273.0207385771098,7.8875421335425155,3,-70.68739395570495,0.0383863644883851
1775584895001597700,5744.96559765625,548.7314110128209,2.4496741457979017,180,-33.43935534920855,522.9167175618932,273.02074391703013,7.871997324423961,3,-70.6873968982708,0.20294405856390188
1775584896001616400,5745.965616455078,548.7363774199039,1.1004207043873675,180,-33.43935450560665,522.9216839689761,273.0207449445224,8.527846645949584,3,-70.68739981694974,0
1775584897001634600,5746.965634521484,548.7363774199039,1.9013879099046296,180,-33.43935460582863,522.9216839689761,273.0207449445224,8.508313473692825,3,-70.68739966651333,0
1775584898001653200,5747.965653320312,548.6945972582325,1.7486540242472925,180,-33.439355103636274,522.8799038073048,273.0207419021129,8.499999838771737,3,-70.68739744572319,0
1775584899001671000,5748.965670898438,548.6945972582325,1.7286284007498947,180,-33.439355204697634,522.8799038073048,273.0207419021129,8.478793527381459,3,-70.68739728001351,0
1775584900001689300,5749.965689453125,548.6945972582325,1.698703795739318,180,-33.439366441098464,522.8799038073048,273.0207419021129,8.398843999792037,3,-70.68738503408701,0
1775584901001708000,5750.965708007812,548.8212178982794,2.0538103454797723,180,-33.43936741338017,523.0065244473517,273.02073360802547,8.379632711815788,3,-70.68737969970121,0.01300385676520123
1775584902001726200,5751.965726318359,548.9725108491257,2.4740041717920582,180,-33.439366053534016,523.157817398198,273.02073262190606,8.380678262721496,3,-70.68737914691036,0.07224294418362108
1775584903001746700,5752.965746582031,549.0229593506083,2.9366446198665948,180,-33.43936722048442,523.2082658996806,273.0207325039187,8.364820236614626,3,-70.68737878540027,0.07784940102759763
1775584904001762800,5753.965762695312,549.0218590907753,1.7664145050732059,180,-33.43936722747963,523.2071656398475,273.0207322603838,8.365871433008301,3,-70.6873786332428,0
1775584905001781500,5754.96578149414,548.8676509149373,1.6146863358295847,180,-33.43936785411209,523.0529574640095,273.0207321409456,8.954341542926649,3,-70.68736126500364,0.052451272908468335
1775584906001799000,5755.965798828125,548.8669157018885,1.589957021805094,180,-33.439363567991435,523.0522222509608,273.02073197821113,8.726104078425559,3,-70.68736812138559,0
1775584907001816800,5756.965816894532,548.8669157018885,1.5924551392039976,180,-33.43936362189808,523.0522222509608,273.02073197821113,8.707165881039565,3,-70.68736802849446,0
1775584908001836300,5757.965836181641,548.8669157018885,1.5396059829442335,180,-33.43936370892822,523.0522222509608,273.02073197821113,8.683467329042884,3,-70.68736787852536,0
1775584909001854000,5758.965854003906,548.8669157018885,1.5341969478001136,180,-33.439363877898955,523.0522222509608,273.02073197821113,9.241107516718383,3,-70.68736787801906,0
1775584909999396900,5759.9633969726565,548.8669157018885,1.38661308245688,180,-33.439363932471274,523.0522222509608,273.02073197821113,9.220091553019255,3,-70.68736778259196,0
1775584910999374000,5760.963374023438,548.8669157018885,1.4559497219170296,180,-33.439363977005755,523.0522222509608,273.02073197821113,9.205932476645026,3,-70.68736770471742,0
1775584911999401200,5761.963401123046,548.8669157018885,1.3790797633956218,180,-33.43936023493641,523.0522222509608,273.02073197821113,9.269839500922286,3,-70.6873729118815,0
1775584912999383600,5762.963383544922,548.8669157018885,1.3763510538210417,180,-33.43936035095638,523.0522222509608,273.02073197821113,9.427267062414902,3,-70.68737271929719,0
1775584913999372000,5763.963372070312,548.8669157018885,1.2820872149050158,180,-33.439360469631396,523.0522222509608,273.02073197821113,9.5794595361109,3,-70.68737252230574,0
1775584914999405000,5764.963405029297,548.8669157018885,1.2795857369945751,180,-33.439360525052955,523.0522222509608,273.02073197821113,9.717007672955887,3,-70.68737243031019,0
1775584915999394300,5765.96339428711,548.8669157018885,1.2788827002763152,180,-33.43936057992651,523.0522222509608,273.02073197821113,9.706161865162006,3,-70.68737233922425,0
1775584916999386400,5766.963386474609,548.8877635952085,1.8276016219995292,180,-33.43936932516649,523.0730701442808,273.020743755395,9.693459901553403,3,-70.6873817027343,0.022236576779353857
1775584917999423500,5767.963423583984,548.8360964916646,1.2006727232766572,180,-33.43937181500379,523.0214030407369,273.02074367217506,9.60612552087239,3,-70.68738244805172,0
1775584918999416800,5768.963416748047,548.8360964916646,1.2886042556706516,180,-33.439371887402565,523.0214030407369,273.02074367217506,9.591851676573974,3,-70.687382402359,0
1775584919999415000,5769.963415039062,548.8360964916646,1.0387099787432468,180,-33.43937197013379,523.0214030407369,273.02074367217506,9.57488888176956,3,-70.6873823501452,0
1775584920999453400,5770.963453369141,548.8360964916646,1.0233073151780485,180,-33.43937202372773,523.0214030407369,273.02074367217506,9.564094902994716,3,-70.68738231632071,0
1775584921999451600,5771.963451660156,548.8360964916646,1.1594927142501,180,-33.4393720755095,523.0214030407369,273.02074367217506,9.553551434305005,3,-70.68738228363993,0
1775584922999446300,5772.963446289063,548.8360964916646,1.15728641944557,180,-33.43937214155907,523.0214030407369,273.02074367217506,9.540432477223595,3,-70.68738224195435,0
1775584923999483100,5773.963483154297,548.8360964916646,1.7946220925934298,180,-33.43937329117517,523.0214030407369,273.02074367217506,9.512331919932732,3,-70.68738166653507,0
1775584924999515600,5774.963515625,549.0811441186816,1.7444825390908936,180,-33.4393682686776,523.2664506677538,273.0207612205612,9.487135443807722,3,-70.6873959158713,0.061117614127130175
1775584925999549400,5775.963549560547,549.0802919622511,1.6137989124443621,180,-33.43936842407442,523.2655985113233,273.02076103194764,9.455203709304143,3,-70.68739581462935,0
1775584926999581700,5776.963581787109,549.1093023661524,1.6446987103715551,180,-33.43936981185935,523.2946089152247,273.0207600052714,9.429972438662976,3,-70.68739496087927,0.0731213925972609
1775584927999613000,5777.963613037109,548.8253268329427,1.9688096720135593,180,-33.43937286501369,523.0106333820149,273.02076418102445,9.544018352361308,3,-70.68739866239211,0.5921778688680619
1775584928999642000,5778.963642089844,548.6197458915412,2.345469617818746,180,-33.4393781491896,522.8050524406135,273.0207637130426,10.06976823387451,3,-70.6874014178779,0.24172058871687782
1775584929999673000,5779.963673095703,548.8390647405759,2.718427543776577,180,-33.43936354117739,523.0243712896481,273.02076321215895,9.18508082439008,3,-70.6873825638827,0.16785760131072477
1775584930999701500,5780.963701416015,548.5422417670488,2.9874724639912325,180,-33.43935822490556,522.7275483161211,273.0207511621238,9.422155621048224,3,-70.68737482739584,0.3012656680347823
1775584931999730200,5781.963730224609,548.6678689103574,3.3809556605541813,180,-33.439359193483305,522.8531754594296,273.0207465062994,10.217150039650454,3,-70.68737241495737,0.14702770728499626
1775584932999758800,5782.963758789063,548.6638572430238,1.4709330655862207,180,-33.43935985398893,522.8491637920961,273.02074501040494,10.398848643384099,3,-70.68737184806069,0
1775584933999785500,5783.96378540039,548.6638572430238,1.3979213324803463,180,-33.43936023901636,522.8491637920961,273.02074501040494,10.457395131055556,3,-70.68737183350511,0
1775584934999812900,5784.96381274414,548.6638572430238,1.1744121543635355,180,-33.43936043334873,522.8491637920961,273.02074501040494,10.431571227699123,3,-70.68737182615857,0
1775584935999839000,5785.963838867187,548.6638572430238,1.3826245105502166,180,-33.439364560810255,522.8491637920961,273.02074501040494,9.703663189595478,3,-70.68734814917899,0
1775584936999866000,5786.963866210937,548.6638572430238,1.1707975340105465,180,-33.43936470908172,522.8491637920961,273.02074501040494,9.784769025303845,3,-70.68734824710104,0
1775584937999892700,5787.963892822266,548.6638572430238,1.0349855821407146,180,-33.439364816193454,522.8491637920961,273.02074501040494,9.829834063657032,3,-70.68734831784022,0
1775584938999917000,5788.9639169921875,548.7884999858215,1.7808891402697276,180,-33.439373450441295,522.9738065348938,273.02071465298354,9.822061829755175,3,-70.68732182791733,0.031066981892242745
1775584939999942400,5789.963942382812,549.1004997510463,2.106376051749868,180,-33.439374441889846,523.2858063001186,273.02071427956867,9.787386215121483,3,-70.68732126938879,0.07228751057691923
1775584940999967200,5790.963967285156,549.0742034586146,2.545801401935902,180,-33.439380005786504,523.2595100076869,273.02071511976874,9.783823514856248,3,-70.68730735616536,0.060787864381040356
1775584941999991300,5791.963991210938,549.1185146262869,3.022631713707049,180,-33.43938569811501,523.3038211753592,273.0207155253049,7.751871712954309,3,-70.68730788172238,0.03341879102876692
1775584943000015600,5792.964015625,549.2189329778776,3.2924216073731505,180,-33.439388711736896,523.4042395269498,273.02071465125886,6.882758473623669,3,-70.68730946305108,0.4996109163047782
1775584944000039700,5793.9640397949215,549.1735651800409,3.72327203517713,180,-33.43939046133271,523.3588717291132,273.0207191268339,6.471594735118384,3,-70.6873112204889,0.44994624879765627
1775584945000064000,5794.964063964844,549.201203786768,1.37382830376459,180,-33.43938893238804,523.3865103358403,273.02070878350133,8.188715213260902,3,-70.68731370754949,0.01990428461673153
1775584946000088300,5795.964088378906,549.153277002275,1.9776189514317333,180,-33.43938936817792,523.3385835513473,273.02070848413535,8.17323963697068,3,-70.6873134750334,0.05564722156679188
1775584947000110600,5796.9641105957035,548.9762723287567,2.309902374661063,180,-33.43939022086008,523.161578877829,273.0207088131196,8.17432499839044,3,-70.68731363170843,0.10198507968450865
1775584948000133600,5797.964133544921,549.1194243552163,2.7616298002200814,180,-33.439385962412224,523.3047309042886,273.020708822526,7.304599561744383,3,-70.68732316785994,0
1775584949000156400,5798.96415649414,549.0550243677571,1.8571690616501497,180,-33.43937953352856,523.2403309168294,273.02072564101553,7.18235593348543,3,-70.68733046998693,0.16498505822481213
1775584950000179000,5799.964178955078,549.1424270616844,2.2057664169810254,180,-33.439379541617676,523.3277336107567,273.0207254319012,7.18365064853912,3,-70.68733038105158,0.10414556573794218
1775584951000201000,5800.964200927734,549.1409718170762,1.72791286592827,180,-33.43937954808724,523.3262783661485,273.02072510979013,7.184947339815547,3,-70.68733023591024,0
1775584952000223700,5801.964223632813,549.0401903856546,2.098670226440699,180,-33.43937994485156,523.2254969347268,273.0207231999764,7.173286056692465,3,-70.68732935836111,0
1775584953000245200,5802.964245361328,549.1708565289155,1.7215876385747497,180,-33.4393804822543,523.3561630779877,273.0207227317377,7.150041710228924,3,-70.68732913546928,0.04075773614878979
1775584954000268000,5803.9642680664065,549.1803485723212,2.0958948104577666,180,-33.43938098617379,523.3656551213935,273.0207222743844,7.144285581100147,3,-70.68732891454756,0
1775584955000290300,5804.964290283203,549.2432582173496,2.481550071132824,180,-33.43936967966518,523.4285647664219,273.02073131422736,7.674713301029536,3,-70.68734425542416,0
1775584956000312300,5805.964312255859,549.0598146477714,1.846206933014787,180,-33.43937037366034,523.2451211968437,273.0207303305802,7.643411153726362,3,-70.68734373217954,0.1327743354645733
1775584957000333300,5806.964333251954,549.0280470764264,1.0660581375906404,180,-33.43937131042578,523.2133536254987,273.02073020273554,7.632336578114803,3,-70.68734363345943,0
1775584958000354800,5807.9643547363285,549.0280470764264,1.8511468717912052,180,-33.43937381710329,523.2133536254987,273.02073020273554,8.209561075512042,3,-70.68732528238168,0
1775584959000376800,5808.964376953125,549.0280470764264,1.7503890279593204,180,-33.43937390719543,523.2133536254987,273.02073020273554,8.18328177777378,3,-70.68732542915457,0
1775584960000397600,5809.964397460937,549.0280470764264,1.6990339378508268,180,-33.43937396347513,523.2133536254987,273.02073020273554,8.164484469302435,3,-70.68732552084218,0
1775584961000419300,5810.964419433593,549.0280470764264,1.6539662841476341,180,-33.43936746754858,523.2133536254987,273.02073020273554,8.14445328806362,3,-70.68733073347232,0
1775584962000440000,5811.964440185547,549.0280470764264,1.597577256984231,180,-33.43936759080132,523.2133536254987,273.02073020273554,8.175212175123097,3,-70.68733082588722,0
1775584963000462300,5812.964462402344,549.0280470764264,1.5899567625322812,180,-33.43936766347811,523.2133536254987,273.02073020273554,8.159753678668647,3,-70.68733088038026,0
1775584964000482600,5813.964482666016,549.0280470764264,1.5371051468597348,180,-33.43936778008555,523.2133536254987,273.02073020273554,8.154873345997546,3,-70.6873309678125,0
1775584965000504000,5814.964504150391,548.955974358134,1.5826071663185788,180,-33.439366117865575,523.1412809072062,273.02072611604723,8.142438594920256,3,-70.68732868356065,0.03749020508357902
1775584966000524800,5815.964524902343,549.096955973655,1.9384848549757687,180,-33.43936614643014,523.2822625227273,273.02072658808066,8.143526850120848,3,-70.68732896392649,0.08236386792422336
1775584967000545800,5816.964545898438,548.9167523309588,2.330291152812151,180,-33.439366213056466,523.1020588800311,273.02072738114504,8.146416828385703,3,-70.68732951630747,0.11443843983184047
1775584968000567000,5817.964567138672,548.9976478014141,2.7305722539214816,180,-33.43936403802029,523.1829543504864,273.02073926939045,7.227539865060794,3,-70.68734209319497,0.30049868814947156
1775584969000586500,5818.964586425781,548.9437422929332,3.1719805520552526,180,-33.43936591981372,523.1290488420054,273.0207416703533,6.61755731152852,3,-70.6873458832072,0.34017675261647057
1775584970000608300,5819.964608154297,549.1054320810363,3.549362787552841,180,-33.43936798252726,523.2907386301085,273.0207404706488,6.233895966296243,3,-70.68734789140866,0.31485675703147376
1775584971000628500,5820.964628417969,548.9703227542341,3.8053787124394094,180,-33.43936969680572,523.1556293033063,273.02074050023964,5.960367888678489,3,-70.68734917705281,0.2587980025077397
1775584972000649000,5821.964648925781,548.9679849697277,1.5692047753030731,180,-33.43937086958809,523.1532915188,273.02074001395664,5.794141982607802,3,-70.68734993362933,0
1775584973000670000,5822.964669921875,548.9679849697277,1.5474092571839715,180,-33.4393709462479,523.1532915188,273.02074001395664,5.823037880898021,3,-70.68734998760303,0
1775584974000691000,5823.964690917969,548.9679849697277,1.3853706075153258,180,-33.439370173678114,523.1532915188,273.02074001395664,5.950477423268172,3,-70.68735109797473,0
1775584975000711000,5824.9647109375,548.9679849697277,1.3867286258044726,180,-33.43937042187744,523.1532915188,273.02074001395664,5.910102001645749,3,-70.68735124942944,0
1775584976000731000,5825.964730957031,548.9679849697277,1.2923614706030824,180,-33.43937049027796,523.1532915188,273.02074001395664,5.912891472271134,3,-70.68735129116841,0
1775584977000752000,5826.964752197266,548.9679849697277,1.1654697091899744,180,-33.43937053755212,523.1532915188,273.02074001395664,5.922837752652079,3,-70.68735132001578,0
1775584978000772400,5827.964772460938,548.9679849697277,1.0282759356069537,180,-33.43937055001324,523.1532915188,273.02074001395664,5.922362538930151,3,-70.68735132761974,0
1775584979000792600,5828.9647924804685,548.9679849697277,1.0238044317820523,180,-33.4393730303999,523.1532915188,273.02074001395664,5.481594107736798,3,-70.68735284118658,0
1775584980000813000,5829.964812988282,548.9679849697277,1.7568593926641543,180,-33.4393716473705,523.1532915188,273.02074001395664,5.199615870574693,3,-70.68735382244105,0
1775584981000834000,5830.964833984375,548.9679849697277,1.6947687474799622,180,-33.43937180295003,523.1532915188,273.02074001395664,5.182271730759374,3,-70.68735389979808,0
1775584982000854500,5831.964854492187,548.9679849697277,1.6961850580876612,180,-33.439371848237926,523.1532915188,273.02074001395664,5.185634794979287,3,-70.68735392231608,0
1775584983000873700,5832.964873779297,548.9679849697277,1.6855348875574987,180,-33.4393718935555,523.1532915188,273.02074001395664,5.192423995549002,3,-70.68735394484882,0
1775584984000894500,5833.96489453125,548.9679849697277,1.6840608520629863,180,-33.43937192269239,523.1532915188,273.02074001395664,5.189576496379037,3,-70.68735395933622,0
1775584985000914700,5834.964914794922,548.9679849697277,1.647620662782786,180,-33.43937196900737,523.1532915188,273.02074001395664,5.281204055773123,3,-70.6873539823649,0
1775584986000935200,5835.964935058594,548.9679849697277,1.5981029051673175,180,-33.439371758029495,523.1532915188,273.02074001395664,5.4350404977571865,3,-70.687354387778,0
1775584987000955100,5836.964955078125,548.9679849697277,1.4681514633877677,180,-33.4393718089352,523.1532915188,273.02074001395664,5.6561298261676605,3,-70.6873544114699,0
1775584988000975600,5837.964975585937,549.0149021996185,1.908525154572321,180,-33.43936993321683,523.2002087486908,273.0207287779831,5.653198368920761,3,-70.68735131171617,0.05108832711138432
1775584989000995000,5838.964995117188,549.0225993515924,2.2748082100720537,180,-33.43937011929548,523.2079059006646,273.02072866043454,5.654948733957763,3,-70.6873512715477,0.04494283353734185
1775584990001016000,5839.965016113281,549.0070957224816,2.723880129297649,180,-33.43937121072988,523.1924022715539,273.0207285080309,5.32067018403764,3,-70.68734997031305,0.02324712287341325
1775584991001036500,5840.9650366210935,549.0419542407617,3.1963041048926994,180,-33.43937209681751,523.227260789834,273.0207281785246,5.062355060356078,3,-70.68734909385182,0.05293995915608465
1775584992001055200,5841.965055175781,549.0229167072102,3.60765459089363,180,-33.43937245617081,523.2082232562825,273.0207276537958,4.874964096596356,3,-70.68734842601792,0.11839735101369638
1775584993001076000,5842.965075927735,548.9381431341171,3.4582363473392954,180,-33.4393694021276,523.1234496831894,273.0207200357935,5.356382881494004,3,-70.68734504671868,0.18404360417202922
1775584994001095700,5843.965095703125,548.9666289594024,1.5683720803592929,180,-33.43936929881185,523.1519355084747,273.02072072076555,5.291298501616802,3,-70.68734476674113,0
1775584995001116200,5844.965116210938,549.000067264773,2.032513642530089,180,-33.43936933012199,523.1853738138452,273.0207198039351,5.322844793829982,3,-70.6873444866657,0.02849074456846578
1775584996001137000,5845.965136962891,548.8139099674299,2.3802588393537767,180,-33.4393684906614,522.9992165165022,273.0207223973084,5.005701434339774,3,-70.68734294302664,0.13775126591034462
1775584997001156900,5846.965156982422,548.9302373798564,2.81486017555427,180,-33.439367877730234,523.1155439289287,273.020725018393,4.783737579643273,3,-70.68734233816264,0.2112428295753223
1775584998001176800,5847.9651767578125,548.9423479987308,3.217094703736212,180,-33.43936742974335,523.1276545478031,273.02072758191355,5.853155339425633,3,-70.6873415196047,0.3375492283013053
1775584999001197300,5848.965197265625,548.6678208187222,1.3647541596012343,180,-33.43936823157384,522.8531273677945,273.0207219327084,5.949940811485329,3,-70.68733645061914,0
1775585000001217300,5849.9652172851565,548.6678208187222,1.1754272352540691,180,-33.439368261869966,522.8531273677945,273.0207219327084,6.232083355048811,3,-70.68733642782277,0
1775585001001237500,5850.965237548829,548.6678208187222,1.0301018138538929,180,-33.43936834735992,522.8531273677945,273.0207219327084,6.418850741158793,3,-70.68733705933155,0
1775585002001257500,5851.965257568359,548.6678208187222,1.781982636063876,180,-33.43936835681595,522.8531273677945,273.0207219327084,6.41627490962919,3,-70.6873370514823,0
1775585003001278000,5852.9652778320315,548.6678208187222,1.7458341724796078,180,-33.439368384737996,522.8531273677945,273.0207219327084,6.409826991481381,3,-70.68733702830477,0
1775585004001297400,5853.965297363281,548.6678208187222,1.7325973546912141,180,-33.439368411661384,522.8531273677945,273.0207219327084,6.432531672590967,3,-70.68733700595621,0
1775585005001318000,5854.965317871094,548.6678208187222,1.6925865845591586,180,-33.43936975534117,522.8531273677945,273.0207219327084,6.575086914908745,3,-70.68733476511352,0
1775585006001337900,5855.965337890625,548.6678208187222,1.6450646242682199,180,-33.43936977920142,522.8531273677945,273.0207219327084,6.7859734756300885,3,-70.68733474886179,0
1775585007001358000,5856.965358154297,548.6678208187222,1.6413457524560968,180,-33.43936980264561,522.8531273677945,273.0207219327084,6.929142272228416,3,-70.68733473289343,0
1775585008001377500,5857.965377441406,548.6678208187222,1.6385293647428993,180,-33.439369825897614,522.8531273677945,273.0207219327084,6.926906699053905,3,-70.68733471705599,0
1775585009001398000,5858.965397949219,548.6678208187222,1.5321311954846875,180,-33.43936985027364,522.8531273677945,273.0207219327084,7.115411830669309,3,-70.68733470045295,0
1775585010001417500,5859.965417480469,548.6678208187222,1.5848794760984266,180,-33.43936987204825,522.8531273677945,273.0207219327084,7.197871557559321,3,-70.68733468562179,0
1775585011001438200,5860.965438232422,548.6678208187222,1.534573469320882,180,-33.43936508561955,522.8531273677945,273.0207219327084,7.148611727632595,3,-70.68734013433439,0
1775585012001457700,5861.965457763672,548.6678208187222,1.5227032331647,180,-33.4393651225236,522.8531273677945,273.0207219327084,7.30872686127728,3,-70.68734010259173,0
1775585013001477000,5862.965477050781,548.6678208187222,1.5281508178778458,180,-33.43936515880595,522.8531273677945,273.0207219327084,7.31379742807905,3,-70.68734007138386,0
1775585014001497900,5863.965497802735,548.6678208187222,1.5262894517499594,180,-33.43936519676947,522.8531273677945,273.0207219327084,7.466074694819681,3,-70.6873400387299,0
1775585015001518300,5864.965518310547,548.6678208187222,1.3830800672495513,180,-33.43936523556654,522.8531273677945,273.0207219327084,7.568523529075861,3,-70.687340005359,0
1775585016001538000,5865.965538085938,548.6678208187222,1.279984270598121,180,-33.43936526839858,522.8531273677945,273.0207219327084,7.687864235749325,3,-70.68733997711885,0
1775585017001558800,5866.965558837891,548.6678208187222,1.2776030459798484,180,-33.43936497005513,522.8531273677945,273.0207219327084,7.4384439670129066,3,-70.68733588492759,0
1775585018001577500,5867.965577392578,548.6678208187222,1.2844917159990594,180,-33.439364996849356,522.8531273677945,273.0207219327084,7.43205243696603,3,-70.68733587132276,0
1775585019001598000,5868.965597900391,548.6678208187222,1.163050784701251,180,-33.43936505282957,522.8531273677945,273.0207219327084,7.45411771874842,3,-70.68733584289868,0
1775585020001618000,5869.965617919922,548.6678208187222,1.023866382438969,180,-33.439365107369966,522.8531273677945,273.0207219327084,7.647549091117073,3,-70.68733581520569,0
1775585021001638100,5870.965638183594,548.6678208187222,1.2794893210019127,180,-33.439365159748334,522.8531273677945,273.0207219327084,7.820094464405791,3,-70.68733578861044,0
1775585022001658400,5871.965658447266,548.6678208187222,1.168886918583948,180,-33.43936522341218,522.8531273677945,273.0207219327084,8.014469832708645,3,-70.68733575628497,0
1775585023001678000,5872.9656779785155,548.6678208187222,1.7979887668611638,180,-33.43936385992676,522.8531273677945,273.0207219327084,8.091839923433204,3,-70.68733170555346,0
1775585024001698800,5873.965698730469,548.6678208187222,1.0261560394617577,180,-33.439363927638794,522.8531273677945,273.0207219327084,8.072672338303772,3,-70.68733169504871,0
1775585025001717200,5874.965717285157,548.6678208187222,1.7508341835562362,180,-33.43936395013821,522.8531273677945,273.0207219327084,8.130776830831055,3,-70.6873316915582,0
1775585026001738000,5875.965738037109,548.6678208187222,1.6976484944074228,180,-33.439364051807026,522.8531273677945,273.0207219327084,8.35668421472842,3,-70.68733167578546,0
1775585027001758500,5876.965758544922,548.6678208187222,1.6499966305422265,180,-33.43936415486075,522.8531273677945,273.0207219327084,8.584620429640331,3,-70.68733165979783,0
1775585028001779200,5877.965779296875,549.1538933170959,1.394295676951724,180,-33.439367901609984,523.3391998661682,273.02067943576674,8.796889265015638,3,-70.6873021239762,0
1775585029001798100,5878.965798095704,549.1679106038064,1.2925044287909884,180,-33.43938201983153,523.3532171528786,273.02067386018285,8.733619632402096,3,-70.68727837950085,0
1775585030001818000,5879.9658181152345,549.1679106038064,1.3736538000982592,180,-33.439382059448086,523.3532171528786,273.02067386018285,8.721379141010582,3,-70.68727826732497,0
1775585031001838000,5880.965838134765,549.1679106038064,1.1689446232897254,180,-33.43938210483813,523.3532171528786,273.02067386018285,8.801906348264373,3,-70.68727813880128,0
1775585032001858300,5881.965858398437,549.1679106038064,1.0323021808745365,180,-33.43938213793905,523.3532171528786,273.02067386018285,8.837150386910087,3,-70.6872780450747,0
1775585033001878300,5882.965878173828,549.1679106038064,1.0282037866427292,180,-33.439382163681614,523.3532171528786,273.02067386018285,8.82967171128938,3,-70.68727797218364,0
1775585034001898200,5883.965898193359,549.1679106038064,1.7561099990834794,180,-33.43937935587087,523.3532171528786,273.02067386018285,8.531802985298611,3,-70.68728489627263,0
1775585035001918700,5884.965918701172,549.1679106038064,1.6956093080741947,180,-33.439372415378195,523.3532171528786,273.02067386018285,8.619587662301258,3,-70.687291022347,0
1775585035998483000,5885.962482910156,549.1679106038064,1.7171819751727844,180,-33.439372529722064,523.3532171528786,273.02067386018285,8.612482734337059,3,-70.68729077235744,0
1775585036998488800,5886.962488769531,549.1679106038064,1.685493800239657,180,-33.439372650155036,523.3532171528786,273.02067386018285,8.722019979543216,3,-70.68729050905525,0
1775585037998533400,5887.962533447266,549.1679106038064,1.7107891929520924,180,-33.43937276808798,523.3532171528786,273.02067386018285,8.814385673979665,3,-70.68729025121887,0
1775585038998543600,5888.962543701172,549.1679106038064,1.646229342648365,180,-33.43937288826217,523.3532171528786,273.02067386018285,8.791620571884515,3,-70.68728998848246,0
1775585039998556400,5889.962556396485,549.1679106038064,1.5970486593172668,180,-33.43937299852773,523.3532171528786,273.02067386018285,8.770767614355046,3,-70.68728974740925,0
1775585040998607600,5890.962607666015,549.1679106038064,1.531367547297046,180,-33.43937310195277,523.3532171528786,273.02067386018285,8.774167056197209,3,-70.68728952129145,0
1775585041998630100,5891.962630126953,549.1679106038064,1.4605862237393017,180,-33.43937319925727,523.3532171528786,273.02067386018285,8.892413806793616,3,-70.68728930855495,0
1775585042998651400,5892.962651367187,549.1679106038064,1.4605378379312788,180,-33.43937328926508,523.3532171528786,273.02067386018285,8.982382008813019,3,-70.6872891117712,0
1775585043998708700,5893.962708740234,549.4253483936191,1.8696386997447414,180,-33.43937238920924,523.6106549426913,273.0206534103944,9.088112335344386,3,-70.68727388841806,0.04534375544561149
1775585044998734600,5894.962734619141,549.3750765398145,2.2300986197457204,180,-33.43937226650749,523.5603830888867,273.02065339899076,9.113740599789136,3,-70.68727322127533,0
1775585045998759200,5895.962759277344,549.3750765398145,1.7815853743583463,180,-33.43937245941157,523.5603830888867,273.02065339899076,9.138340888924828,3,-70.68727254811014,0
1775585046998819800,5896.962819824219,549.3750765398145,1.6599883383056389,180,-33.4393725816422,523.5603830888867,273.02065339899076,9.110664162450346,3,-70.68727212156962,0
1775585047998847000,5897.962846923828,549.3750765398145,1.5887244898335318,180,-33.43937268860072,523.5603830888867,273.02065339899076,9.166717960533399,3,-70.68727174832323,0
1775585048998876200,5898.962876220703,549.3750765398145,1.6355863556236938,180,-33.43937278566745,523.5603830888867,273.02065339899076,9.144504788781717,3,-70.68727140959558,0
1775585049998936600,5899.962936523438,549.3750765398145,1.5839646732586292,180,-33.43937289081658,523.5603830888867,273.02065339899076,9.271512914408472,3,-70.68727104266334,0
1775585050998999600,5900.962999511718,549.3750765398145,1.587730235041589,180,-33.43937298954083,523.5603830888867,273.02065339899076,9.298479352741378,3,-70.68727069815158,0
1775585051999059200,5901.963059082032,549.3750765398145,1.6347828258901012,180,-33.43937309066737,523.5603830888867,273.02065339899076,9.41339682343889,3,-70.68727034525669,0
1775585052999117800,5902.963117919922,549.3750765398145,1.5360756438499479,180,-33.439373196777254,523.5603830888867,273.02065339899076,9.39365341449538,3,-70.6872699749717,0
1775585053999172600,5903.963172607422,549.3750765398145,1.5298214027962656,180,-33.439373289697144,523.5603830888867,273.02065339899076,9.374718583049642,3,-70.68726965071505,0
1775585054999225600,5904.963225585938,549.3750765398145,1.5285448155170636,180,-33.439373381015244,523.5603830888867,273.02065339899076,9.35443277106981,3,-70.68726933204809,0
1775585055999277800,5905.963277832031,549.3750765398145,1.52723651239772,180,-33.439373537544256,523.5603830888867,273.02065339899076,9.439045075457509,3,-70.68726878581869,0
1775585056999327200,5906.963327148437,549.3750765398145,1.5242186354855498,180,-33.4393736981437,523.5603830888867,273.02065339899076,9.605597214372784,3,-70.68726822538498,0
1775585057999375400,5907.9633752441405,549.3750765398145,1.461170391846702,180,-33.43937386239555,523.5603830888867,273.02065339899076,9.76613235875766,3,-70.6872676522057,0
1775585058999422500,5908.963422363281,549.3750765398145,1.3763604338731896,180,-33.43937402377583,523.5603830888867,273.02065339899076,9.915316278557205,3,-70.68726708904713,0
1775585059999467000,5909.963467041016,549.3750765398145,1.3757751053310245,180,-33.43937417981468,523.5603830888867,273.02065339899076,10.052346677471336,3,-70.6872665445282,0
1775585060999511300,5910.963511230469,549.3750765398145,1.2818335281458122,180,-33.43937433854513,523.5603830888867,273.02065339899076,10.185117350154327,3,-70.68726599061661,0
1775585061999553800,5911.963553710937,549.3750765398145,1.033951495727474,180,-33.439374490669714,523.5603830888867,273.02065339899076,10.306690794501407,3,-70.68726545975707,0
1775585062999595500,5912.963595458984,549.3750765398145,1.0220545391050844,180,-33.43937462357955,523.5603830888867,273.02065339899076,10.408768825157047,3,-70.68726499594999,0
1775585063999635700,5913.963635742188,549.9710243279114,1.0274243890443067,180,-33.43936995316465,524.1563308769837,273.0206453296594,10.425218898283475,3,-70.68725694408266,0
1775585064999674400,5914.9636743164065,549.9710243279114,1.0268401302747605,180,-33.43936998895337,524.1563308769837,273.0206453296594,10.411743950030683,3,-70.68725676083248,0
1775585065999713500,5915.963713623047,549.8983304305002,1.7505049371686565,180,-33.439372672803394,524.0836369795725,273.02064478947784,10.373258360390802,3,-70.6872556169302,0.019312217146047316
1775585066999750100,5916.963750244141,549.8982656374574,1.610451607957626,180,-33.43937864245378,524.0835721865296,273.0206447153767,9.742140142519121,3,-70.68725961483216,0
1775585067999787800,5917.963787841797,549.9838526342064,1.989000474615857,180,-33.43938008495436,524.1691591832787,273.0206540657069,9.714536966956251,3,-70.68726700859698,0.061151017332425985
1775585068999824000,5918.963823974609,549.9830062678084,1.7484275751390541,180,-33.43938009243587,524.1683128168806,273.0206538783549,9.763542248546635,3,-70.6872668478454,0
1775585069999858400,5919.963858398438,549.9490889105946,2.094662266350447,180,-33.43937636095827,524.1343954596668,273.0206512043751,9.73070421387887,3,-70.6872643495926,0.03956464939363899
1775585070999892700,5920.963892822266,549.9485366092995,1.7631979433629108,180,-33.43937636578166,524.1338431583717,273.0206510821168,9.731504611585699,3,-70.6872642442058,0
1775585071999926000,5921.963926025391,549.784376129508,2.104841330394854,180,-33.43937551109303,523.9696826785803,273.0206535928764,9.698750539548007,3,-70.68726595321563,0.10926418239845902
1775585072999959600,5922.963959472656,549.7231696853414,2.501434288019851,180,-33.43937661214411,523.9084762344137,273.0206542103657,9.699556530523818,3,-70.68726641844526,0.06793643622658495
1775585073999991800,5923.963991699219,549.7266248781234,1.6172226757058108,180,-33.439377902271225,523.9119314271957,273.0206484730696,9.815792386423944,3,-70.68726142216893,0
1775585075000023300,5924.964023193359,549.7360741533339,2.02926551900323,180,-33.439378048712065,523.9213807024062,273.0206501577208,9.7872872126302,3,-70.68726246557183,0.04893765264261194
1775585076000054300,5925.9640541992185,549.7131913574412,1.07951340212111,180,-33.43937948550752,523.8984979065135,273.0206444332189,9.929507414101941,3,-70.68725748758732,0
1775585077000086300,5926.964086181641,549.7131913574412,1.0405859088360625,180,-33.4393795121717,523.8984979065135,273.0206444332189,9.976418248773333,3,-70.6872572950558,0
1775585078000116000,5927.964115966797,549.7131913574412,1.7738281952169417,180,-33.43937953682884,523.8984979065135,273.0206444332189,9.964442952766085,3,-70.68725711701626,0
1775585079000146200,5928.964146240234,549.7131913574412,1.7346909775394128,180,-33.43937960814301,523.8984979065135,273.0206444332189,10.00426382555776,3,-70.68725660208476,0
1775585080000175900,5929.96417578125,549.7131913574412,1.655614705281743,180,-33.43937971156948,523.8984979065135,273.0206444332189,10.09749990641187,3,-70.68725585528298,0
1775585081000205000,5930.964205078125,549.7131913574412,1.5977985772956949,180,-33.439379812037146,523.8984979065135,273.0206444332189,10.25349575789645,3,-70.68725512984558,0
1775585082000234500,5931.964234375,549.7131913574412,1.5319262554117559,180,-33.43937990793066,523.8984979065135,273.0206444332189,10.253073209944358,3,-70.6872544374364,0
1775585083000263200,5932.964263183594,549.7131913574412,1.461777144068338,180,-33.439380001537145,523.8984979065135,273.0206444332189,10.392421448262251,3,-70.68725376154082,0
1775585084000290800,5933.964290771484,549.7131913574412,1.3831390212970294,180,-33.439380052257654,523.8984979065135,273.0206444332189,10.473107678510338,3,-70.68725339530806,0
1775585085000319000,5934.964319091797,549.7131913574412,1.3711598369993412,180,-33.43938009804971,523.8984979065135,273.0206444332189,10.541034017671425,3,-70.68725306466168,0
1775585086000347100,5935.964347167968,549.7131913574412,1.2838523011590208,180,-33.43938014339285,523.8984979065135,273.0206444332189,10.607171765809891,3,-70.68725273725666,0
1775585087000374300,5936.964374267578,549.7131913574412,1.2683290399221825,180,-33.43938018289332,523.8984979065135,273.0206444332189,10.59448197103849,3,-70.68725245203936,0
1775585088000401400,5937.964401367188,549.7131913574412,1.1683097136559553,180,-33.43938022160863,523.8984979065135,273.0206444332189,10.63972445087133,3,-70.6872521724914,0
1775585089000428800,5938.964428710938,549.7131913574412,1.0344067779218626,180,-33.43938025426538,523.8984979065135,273.0206444332189,10.625401616819621,3,-70.68725193668986,0
1775585090000455400,5939.964455322266,549.7131913574412,1.7631664625917145,180,-33.43938027974995,523.8984979065135,273.0206444332189,10.613504839971586,3,-70.6872517526759,0
1775585091000481500,5940.964481445312,549.7131913574412,1.7190445610167342,180,-33.43938035231682,523.8984979065135,273.0206444332189,10.574971855689926,3,-70.68725122869911,0
1775585092000508200,5941.964508056641,549.7131913574412,1.6373477895797515,180,-33.43938042063629,523.8984979065135,273.0206444332189,10.564256271550622,3,-70.68725073539115,0
1775585093000535600,5942.964535644532,549.7131913574412,1.6403533711032914,180,-33.43938048331463,523.8984979065135,273.0206444332189,10.658659763951997,3,-70.68725028281551,0
1775585094000561200,5943.964561035156,549.7131913574412,1.533382851272552,180,-33.43938054602303,523.8984979065135,273.0206444332189,10.680975554600469,3,-70.68724983002292,0
1775585095000586500,5944.964586425781,549.7131913574412,1.588428575267086,180,-33.4393806001633,523.8984979065135,273.0206444332189,10.647300751355047,3,-70.68724943909734,0
1775585096000612600,5945.964612548828,549.7131913574412,1.5219551821797022,180,-33.43938065792853,523.8984979065135,273.0206444332189,10.655413467316443,3,-70.68724902199739,0
1775585097000638000,5946.9646379394535,549.7131913574412,1.3818810015841314,180,-33.43938071067418,523.8984979065135,273.0206444332189,10.657965202013918,3,-70.68724864114189,0
1775585098000664600,5947.964664550781,549.7131913574412,1.3785573076296076,180,-33.439380754263226,523.8984979065135,273.0206444332189,10.694141231113296,3,-70.68724832640254,0
1775585099000689200,5948.964689208984,549.7131913574412,1.378645430667298,180,-33.439375830719854,523.8984979065135,273.0206444332189,9.747697829655435,3,-70.68724455577508,0
1775585100000714800,5949.96471484375,549.7131913574412,1.276247365910353,180,-33.43937588774499,523.8984979065135,273.0206444332189,9.7291705192396,3,-70.68724431415716,0
1775585101000740000,5950.964739990234,549.7131913574412,1.1703145843906264,180,-33.43937593716218,523.8984979065135,273.0206444332189,9.798343097904034,3,-70.68724410477442,0
1775585102000765400,5951.96476538086,549.7131913574412,1.279509705933556,180,-33.439375978487604,523.8984979065135,273.0206444332189,9.783596722701215,3,-70.68724392967681,0
1775585103000790000,5952.964790039063,549.7131913574412,1.0274558491393517,180,-33.4393760283503,523.8984979065135,273.0206444332189,9.851639480042651,3,-70.6872437184064,0
1775585104000815400,5953.964815429687,549.7131913574412,1.0277164888392374,180,-33.43937606042401,523.8984979065135,273.0206444332189,9.844416705182287,3,-70.68724358250876,0
1775585105000840000,5954.96483984375,549.9715664489195,1.7471210907731387,180,-33.43938069482663,524.1568729979917,273.0206231365509,9.836169716045257,3,-70.68722483976161,0.101329108865548
1775585106000866000,5955.964865966796,550.0063358396292,1.548952039760348,180,-33.439380850241534,524.1916423887014,273.0206229247389,9.84187460223042,3,-70.68722361700438,0
1775585107000890400,5956.964890380859,550.0063358396292,1.465073477704413,180,-33.439380950594554,524.1916423887014,273.0206229247389,9.889297625010096,3,-70.68722319863252,0
1775585108000914700,5957.964914794922,550.0063358396292,1.3777732938311928,180,-33.43938104158232,524.1916423887014,273.0206229247389,9.977661159756046,3,-70.68722281930438,0
1775585109000939500,5958.964939453125,550.0063358396292,1.2862492952010394,180,-33.43938112139348,524.1916423887014,273.0206229247389,9.956467433435272,3,-70.68722248657159,0
1775585110000964000,5959.964964111328,550.0063358396292,1.0361182367599873,180,-33.43938119060473,524.1916423887014,273.0206229247389,9.948112455522972,3,-70.68722219802977,0
1775585111000988700,5960.964988769531,550.0063358396292,1.0236555338079703,180,-33.43938123586173,524.1916423887014,273.0206229247389,9.991978938769675,3,-70.68722200935325,0
1775585112001013000,5961.965012939453,550.0063358396292,1.7484161470683208,180,-33.43938127982442,524.1916423887014,273.0206229247389,9.980260210896537,3,-70.68722182607276,0
1775585113001037600,5962.965037597656,550.0063358396292,1.717505304766242,180,-33.439381406669966,524.1916423887014,273.0206229247389,9.986704623852967,3,-70.68722129725349,0
1775585114001062000,5963.965061767578,550.0063358396292,1.689870607510822,180,-33.43938152822811,524.1916423887014,273.0206229247389,9.986180309282016,3,-70.68722079047741,0
1775585115001086200,5964.965086181641,550.0063358396292,1.6843961982183873,180,-33.439381645014535,524.1916423887014,273.0206229247389,9.981198688040447,3,-70.68722030359464,0
1775585116001110500,5965.965110595703,550.0063358396292,1.6782082422937261,180,-33.43938176003131,524.1916423887014,273.0206229247389,9.971046269863345,3,-70.68721982408957,0
1775585117001134000,5966.965134033203,550.0063358396292,1.682449989318721,180,-33.43938187586845,524.1916423887014,273.0206229247389,10.077017433938813,3,-70.68721934116437,0
1775585118001158700,5967.965158691406,550.0063358396292,1.5947035359547752,180,-33.43938199400629,524.1916423887014,273.0206229247389,10.186223014135985,3,-70.68721884864756,0
1775585119001183500,5968.96518359375,550.0063358396292,1.534183964400664,180,-33.439382101006245,524.1916423887014,273.0206229247389,10.256556266555107,3,-70.68721840256454,0
1775585120001206800,5969.965206787109,550.0063358396292,1.526852887919026,180,-33.43936859469618,524.1916423887014,273.0206229247389,9.42507202762778,3,-70.68720690517198,0
1775585121001231600,5970.9652316894535,550.0063358396292,1.522816163148678,180,-33.439368747512376,524.1916423887014,273.0206229247389,9.528685791539697,3,-70.68720661253043,0
1775585122001256000,5971.965255859375,550.0063358396292,1.46029268139507,180,-33.43936889884499,524.1916423887014,273.0206229247389,9.531409335392517,3,-70.68720632272995,0
1775585123001279500,5972.965279541016,550.0063358396292,1.3826307814951055,180,-33.43936903685419,524.1916423887014,273.0206229247389,9.511653252794966,3,-70.68720605844368,0
1775585124001303600,5973.965303466797,550.0063358396292,1.0278574455906673,180,-33.439369159662505,524.1916423887014,273.0206229247389,9.49345598043656,3,-70.68720582326698,0
1775585125001327600,5974.965327636719,550.0063358396292,1.277722798388146,180,-33.43936922773296,524.1916423887014,273.0206229247389,9.507286167114545,3,-70.68720569291271,0
1775585126001352200,5975.965352294922,550.0063358396292,1.1644208390672,180,-33.4393760504057,524.1916423887014,273.0206229247389,9.549998533033381,3,-70.68721148155876,0
1775585127001375500,5976.965375488281,550.0063358396292,1.7540983080871946,180,-33.439376118015524,524.1916423887014,273.0206229247389,9.559894217273543,3,-70.68721129574885,0
1775585128001400000,5977.965400146484,549.975057839416,2.0859097402478564,180,-33.4393918993902,524.1603643884882,273.02061649923166,9.536271267848084,3,-70.68720491150106,0.06858105148237256
1775585129001424000,5978.965423828125,549.9823988638818,2.4384106968837838,180,-33.439390642955715,524.1677054129541,273.0206128697471,9.492859403588344,3,-70.68720111266659,0.15882427772363852
1775585130001447200,5979.965447265625,550.2457502055913,2.5633015515987756,180,-33.439391194881885,524.4310567546636,273.0206091900034,9.460975852856707,3,-70.68719764650196,0.1670011621556382
1775585131001471500,5980.9654714355465,550.3326990604401,1.2271297226980067,180,-33.43939604453076,524.5180056095123,273.02060994948255,9.733391480025686,3,-70.68719736647881,0
1775585132001495300,5981.965495361328,550.3326990604401,1.0350797778508782,180,-33.43939168666675,524.5180056095123,273.02060994948255,9.305234715908009,3,-70.68722475000223,0
1775585133001518800,5982.965518798828,550.3012511245906,1.7490340593499494,180,-33.43939254287504,524.4865576736629,273.02061871733633,9.301886834575248,3,-70.68723125698614,0.13964151162687347
1775585134001543000,5983.96554296875,550.2966067502275,2.0859446601020135,180,-33.439392029765365,524.4819132992998,273.0206188942211,9.302760741103238,3,-70.68723142022542,0.10039678547577335
1775585135001567000,5984.965566894532,550.2954502664506,1.4343582382398918,180,-33.439392306396506,524.4807568155229,273.0206186989875,9.290225972414792,3,-70.6872307485686,0
1775585136001591300,5985.9655913085935,550.2067075651139,1.975521085929743,180,-33.43939241110196,524.3920141141862,273.0206151531213,9.271526365554179,3,-70.68722764642052,0.03643654118383678
1775585137001614600,5986.9656145019535,550.1771735381335,1.201362627116826,180,-33.4393917887503,524.3624800872058,273.02061681004386,9.272406944194307,3,-70.68722894493796,0
1775585138001639000,5987.965638916015,550.3373696077615,1.8633515617887346,180,-33.43939353300347,524.5226761568338,273.02060920381496,9.273907688586249,3,-70.68722275317032,0
1775585139001662700,5988.965662841797,550.3373696077615,1.6685455230161002,180,-33.43939401378663,524.5226761568338,273.02060920381496,9.255332474969846,3,-70.6872217496684,0
1775585140001685800,5989.965685791016,550.2986463597044,1.6355061629374226,180,-33.439405284219774,524.4839529087767,273.0206201826636,9.60847354114533,3,-70.68720983650464,0.10036549250142385
1775585141001710000,5990.965709960938,550.2599866027012,1.9480449100641206,180,-33.43940731884402,524.4452931517735,273.02061945449213,9.609292765216248,3,-70.68720913963126,0.08731171562609116
1775585142001735000,5991.965734863281,550.182592080906,2.283564500778997,180,-33.43940550676999,524.3678986299783,273.0206122163323,9.610113702477316,3,-70.6872032623257,0.01600775004978555
1775585143001758500,5992.965758544922,550.3593906918541,2.5172311260565983,180,-33.43940505275626,524.5446972409263,273.0206111782109,9.690432170334303,3,-70.68720241145519,0.11797354443977398
1775585144001782500,5993.965782470703,550.2901511183009,2.694934332562511,180,-33.43940516691234,524.4754576673731,273.02061321609403,9.691240799671718,3,-70.68720411246998,0.1370209705597462
1775585145001805800,5994.965805908203,550.2001784062013,1.626295936579076,180,-33.439405723189346,524.3854849552736,273.02061205016565,9.692049660515112,3,-70.68720310720553,0.026287421196293324
1775585146001829600,5995.965829589843,550.0248421449214,2.0424950432557756,180,-33.439402220533886,524.2101486939937,273.0206124918269,9.697024081578599,3,-70.68721327333155,0.05085827117748166
1775585147001853400,5996.965853515625,549.889105589129,2.3549933011425477,180,-33.43940209699467,524.0744121382013,273.0206213528687,9.697830134318881,3,-70.68722071277007,0.18139273123021704
1775585148001877200,5997.965877197265,549.9233346879482,2.7951807710032375,180,-33.43939326256832,524.1086412370205,273.0206229920623,9.817212020475054,3,-70.68722254962854,0.6660744634013875
1775585149001900300,5998.965900390625,549.8979707118124,1.5537375765766959,180,-33.43939255739039,524.0832772608846,273.0206232875332,9.817999155093329,3,-70.68722284401447,0
1775585150001923800,5999.965923828125,549.9442533403635,2.03549475347206,180,-33.43939570557124,524.1295598894358,273.0206175046107,9.791710599054337,3,-70.68721734153941,0.10638624243300761
1775585151001947400,6000.965947509766,550.1063488153741,1.5934799158709017,180,-33.43939574212524,524.2916553644463,273.02061718868697,9.800950721981566,3,-70.68721706827233,0.07050857672579017
1775585152001971700,6001.965971679688,550.1043200623244,1.605909880277607,180,-33.43939368170052,524.2896266113967,273.0206172136308,9.797826194496084,3,-70.68722750025623,0.046934782590052286
1775585153001996000,6002.96599609375,550.1630583172664,1.9708471644291468,180,-33.43940129390035,524.3483648663387,273.0206304543215,9.76216134943925,3,-70.68723770587071,0.10350895948750426
1775585154002019800,6003.966019775391,550.2112440625206,2.3564802163257137,180,-33.439401023814305,524.3965506115928,273.0206286531719,9.762955792411681,3,-70.68723618666927,0.06710308835893566
1775585155002044200,6004.966044189453,550.1920424820855,1.3534532801803172,180,-33.43940159754224,524.3773490311578,273.020626814804,9.763751408225485,3,-70.68723459304103,0
1775585156002067200,6005.966067138672,550.2949809562415,1.9677517866983314,180,-33.439402119626685,524.4802875053138,273.02062636281573,9.753004397236046,3,-70.68723385556684,0.10094426657191613
1775585157002091300,6006.966091308594,550.2878261236474,2.306055626287064,180,-33.43940202583989,524.4731326727197,273.02062606399977,9.753800414499407,3,-70.68723360578998,0
1775585158002114600,6007.966114501953,550.0764590166509,1.782807249984448,180,-33.43939693002294,524.2617655657232,273.02062104443064,9.826439857014574,3,-70.68724653204411,0.014867384578068667
1775585159002139000,6008.966138916016,550.0339160514995,1.6618292152010652,180,-33.43939769647073,524.2192226005718,273.0206362650815,9.827222243488459,3,-70.68725960652091,0.035328442224207245
1775585160002162400,6009.966162353516,550.0512105701491,1.4755997756137376,180,-33.439405807079794,524.2365171192214,273.02062159333025,9.82800373547018,3,-70.68724656718436,0.009112286119595693
1775585161002187300,6010.966187255859,550.071653727442,1.9365458298718121,180,-33.4394074126267,524.2569602765143,273.02062078823917,9.847418420982994,3,-70.6872457887716,0.06195859982168138
1775585162000372500,6011.964372558594,549.9398823538795,2.29175524333219,180,-33.439405334735774,524.1251889029518,273.0206119223507,9.82149334395253,3,-70.68723164802387,0.08990186101743884
1775585163000347100,6012.964347167968,550.1807200498879,2.665447837233118,180,-33.43940848865507,524.3660265989602,273.02061190468316,10.467015264605733,3,-70.68722947879277,0.11496276273202731
1775585164000362800,6013.964362792969,550.2352304812521,1.4548551137604777,180,-33.43940548491362,524.4205370303243,273.0206120667904,10.67932198300039,3,-70.68724186317671,0
1775585165000338400,6014.964338378906,550.0114591475576,1.2782987080981847,180,-33.439410922690634,524.1967656966299,273.0206067862607,11.097811071110984,3,-70.68723132920529,0
1775585166000313900,6015.964313964843,550.0114591475576,1.2762280677578117,180,-33.439410116541424,524.1967656966299,273.0206067862607,10.98648411147694,3,-70.68723404410045,0
1775585167000330000,6016.964330078125,550.0114591475576,1.0319909970859418,180,-33.43941039290553,524.1967656966299,273.0206067862607,10.96339641276825,3,-70.68723349082234,0
1775585168000298000,6017.964298095703,550.0114591475576,1.025550434984148,180,-33.43941057271509,524.1967656966299,273.0206067862607,10.9473829737967,3,-70.68723313084541,0
1775585169000269000,6018.964269042969,550.0114591475576,1.700055815022568,180,-33.439410749238476,524.1967656966299,273.0206067862607,10.93145403675903,3,-70.68723277744738,0
1775585170000280000,6019.964280029297,550.0114591475576,1.700256827377007,180,-33.43940866699173,524.1967656966299,273.0206067862607,10.953018456313874,3,-70.68723345566607,0
1775585171000246000,6020.96424609375,550.0114591475576,1.6668968257319732,180,-33.439409166070696,524.1967656966299,273.0206067862607,10.958533060527085,3,-70.6872324855148,0
1775585172000215000,6021.964215087891,550.0114591475576,1.6571838624535256,180,-33.439409638338404,524.1967656966299,273.0206067862607,10.91594096517928,3,-70.68723156748142,0
1775585173000227600,6022.964227539062,550.0114591475576,1.5705442554377556,180,-33.43941009843237,524.1967656966299,273.0206067862607,10.87935529615392,3,-70.6872306731124,0
1775585174000198400,6023.964198486328,550.0114591475576,1.6198383811041341,180,-33.4394105064129,524.1967656966299,273.0206067862607,10.845254337148551,3,-70.68722988004582,0
1775585175000173600,6024.964173583984,550.0114591475576,1.5722164953117475,180,-33.43941093396999,524.1967656966299,273.0206067862607,10.806310292960822,3,-70.6872290489247,0
1775585176000190700,6025.964190673828,550.0114591475576,1.5714823147597268,180,-33.43941157219045,524.1967656966299,273.0206067862607,10.83424315192838,3,-70.68722911020886,0
1775585177000209700,6026.964209716797,550.0114591475576,1.5777131811006693,180,-33.43941196693446,524.1967656966299,273.0206067862607,10.797709632084283,3,-70.68722833388225,0
1775585178000230100,6027.964230224609,550.0114591475576,1.5220195041486733,180,-33.439412360183695,524.1967656966299,273.0206067862607,10.772449184175086,3,-70.68722756049539,0
1775585179000248800,6028.964248779297,550.0114591475576,1.4552390616288369,180,-33.43941272222774,524.1967656966299,273.0206067862607,10.747216570682074,3,-70.68722684847849,0
1775585180000269000,6029.964269042969,550.0114591475576,1.3722310806127733,180,-33.439413055656736,524.1967656966299,273.0206067862607,10.816619729728213,3,-70.68722619273758,0
1775585181000289500,6030.964289550781,550.0114591475576,1.2807810500966859,180,-33.43941334919303,524.1967656966299,273.0206067862607,10.788862052264438,3,-70.687225615452,0
1775585182000310000,6031.964310058594,550.0114591475576,1.2727510537667472,180,-33.43941433078382,524.1967656966299,273.0206067862607,10.801909165133607,3,-70.6872236242624,0
1775585183000331300,6032.964331298828,550.0114591475576,1.1603920727964956,180,-33.43941457734283,524.1967656966299,273.0206067862607,10.77805453211288,3,-70.68722313964035,0
1775585184000352300,6033.964352294922,550.0114591475576,1.0319301521868431,180,-33.43941478125392,524.1967656966299,273.0206067862607,10.768000533609284,3,-70.68722273884455,0
1775585185000372200,6034.964372314453,550.0114697066396,1.7393964499801657,180,-33.43941478125392,524.1967762557118,273.0204751204293,10.77464235740757,3.008968098025942,-70.68722273884455,0.16340806816597792
1775585186000394000,6035.964394042969,550.0114697066396,1.6413797242548205,180,-33.43941478125392,524.1967762557118,273.020474621894,10.776041804097469,3.901556602097558,-70.68722273884455,0
1775585187000415000,6036.964415039062,550.0114072676754,1.6273466271788402,180,-33.43941478125392,524.1967138167477,273.020474621894,10.777187153523192,4.625925185625456,-70.68722273884455,0
1775585210000926000,6059.964926025391,551.2956891842186,2.054894508036927,180,-33.43940411835241,525.4809957332909,273.02040840235276,8.551493545519106,3,-70.68695401154002,0.07131878858976504
1775585211000948000,6060.964947998047,551.1486939387396,1.2164207837424603,180,-33.43940856387054,525.3340004878119,273.0204036825085,7.878204270625044,3,-70.68689255034758,0
1775585212000970800,6061.964970703125,551.1486939387396,1.285631772020833,180,-33.43940299871797,525.3340004878119,273.0204036825085,7.583635447771796,3,-70.68692614853349,0
1775585213000993800,6062.964993896484,550.9689969252795,1.797263103827879,180,-33.43940486382348,525.1543034743518,273.020442397587,7.576269388071232,3,-70.68694548913959,0.23004196288642148
1775585214001016600,6063.965016601563,550.866086166352,1.3085820968727118,180,-33.43940637014075,525.0513927154243,273.0204419939223,7.508087609856441,3,-70.6869387273328,0
1775585215001040100,6064.965040039063,550.866086166352,1.2862489874906406,180,-33.439406413770364,525.0513927154243,273.0204419939223,7.500884280387249,3,-70.68693845286202,0
1775585216001061600,6065.965061523438,550.866086166352,1.3700179646459856,180,-33.439415637830194,525.0513927154243,273.0204419939223,7.433967473753221,3,-70.68693783495053,0
1775585217001085000,6066.965084960938,551.1786228716373,1.8244346098196464,180,-33.43941578450668,525.3639294207096,273.0204479364039,7.585121549912836,3,-70.68694029833766,0.00707551005403842
1775585218001107700,6067.965107666016,551.1952100684866,2.1851727717427654,180,-33.43941599079921,525.3805166175589,273.0204458531085,7.588608902662503,3,-70.68693853851029,0
1775585219001130500,6068.965130615235,551.118350893259,1.8112155668291279,180,-33.439414310143476,525.3036574423313,273.0204452533794,7.56531402805675,3,-70.68693759582864,0.104296442753374
1775585220001153800,6069.965153808594,551.2742232223973,1.30965324438574,180,-33.43941448460871,525.4595297714695,273.02044568653616,7.570956097792387,3,-70.68693781073314,0.10630458401398633
1775585221001175800,6070.96517578125,551.2943642549217,1.4676750868621904,180,-33.43941452065602,525.4796708039939,273.0204454550108,7.575531124632315,3,-70.68693715557357,0
1775585222001199900,6071.965199951172,551.1622236417606,1.38466367560244,180,-33.43941287594385,525.3475301908329,273.0204437862401,7.561453719810886,3,-70.68693580816198,0
1775585223001222100,6072.965222167969,551.1475114347413,1.286937202289717,180,-33.43941138396342,525.3328179838136,273.0204428092056,7.552810128564501,3,-70.68693508946885,0.030567404384049757
1775585224001245400,6073.965245361328,551.030175392516,1.8508814144176797,180,-33.43941024982546,525.2154819415882,273.0204416986326,7.5540147721357975,3,-70.68693457855302,0.09164019540191423
1775585225001269200,6074.96526928711,550.8748652851209,2.2148991939324616,180,-33.43941034188237,525.0601718341932,273.02044518699597,7.568840551207057,3,-70.68693635815028,0.188288973415487
1775585226001291000,6075.965291015625,550.8813554132357,2.533809248673688,180,-33.43941088737741,525.066661962308,273.02044686432856,7.570051546268554,3,-70.6869371922906,0
1775585227001315000,6076.965315185547,550.9531054534018,1.7908517215248987,180,-33.43941141763143,525.1384120024741,273.02044520029295,7.535441793107701,3,-70.68693527493274,0.05398596067783425
1775585228001336800,6077.965336914062,550.9073774097487,2.0894790179985723,180,-33.43941084881919,525.092683958821,273.0204408324966,7.536657273432795,3,-70.68693308834438,0.032091161198139984
1775585229001360400,6078.965360351563,551.1069487230852,2.3227730828861874,180,-33.43941079117084,525.2922552721575,273.0204469178957,7.537874572461302,3,-70.68693617433055,0.23706852840771786
1775585230001383400,6079.965383544922,551.103681858629,1.761531001578421,180,-33.43941079657889,525.2889884077013,273.02044619459184,7.57327412881261,3,-70.68693549213145,0
1775585231001407000,6080.965406982422,551.103681858629,1.6036128838637644,180,-33.43941078170553,525.2889884077013,273.02044619459184,7.5585159768115275,3,-70.68693504012388,0
1775585232001429800,6081.9654296875,551.103681858629,1.5875841858058855,180,-33.439410761942526,525.2889884077013,273.02044619459184,7.5385255865935274,3,-70.68693443951781,0
1775585233001453300,6082.965453369141,551.103681858629,1.5302721019521663,180,-33.43941075004696,525.2889884077013,273.02044619459184,7.526922922564047,3,-70.6869340780067,0
1775585234001476600,6083.9654765625,551.103681858629,1.5268215557164542,180,-33.43941073138823,525.2889884077013,273.02044619459184,7.526738616466391,3,-70.68693351096007,0
1775585235001499400,6084.965499511719,551.103681858629,1.3807254966061053,180,-33.43941072037959,525.2889884077013,273.02044619459184,7.558891136322505,3,-70.68693317640297,0
1775585236001522200,6085.965522216797,551.103681858629,1.3751477714266218,180,-33.439410711406445,525.2889884077013,273.02044619459184,7.550752221455302,3,-70.68693290370544,0
1775585237001545000,6086.965544921875,551.103681858629,1.2800637889140176,180,-33.43941070254804,525.2889884077013,273.02044619459184,7.542333835830665,3,-70.68693263449454,0
1775585238001567500,6087.965567382813,551.0220983037725,1.808457797410806,180,-33.43941948887451,525.2074048528448,273.02045266253424,7.535237241875296,3,-70.68693525382236,0.07346198053064568
1775585239001591300,6088.9655913085935,551.0374275054783,2.131201823716622,180,-33.43942105679064,525.2227340545505,273.0204454241088,7.519986552864262,3,-70.68693089132431,0.059620726818214
1775585240001614000,6089.965614013672,551.1004841448739,2.481497457215105,180,-33.43942218875515,525.2857906939462,273.0204365881592,7.510815454688437,3,-70.68692577389632,0.07758640186792669
1775585241001636900,6090.965636962891,551.2059335624799,2.6743195747234565,180,-33.43942321015652,525.3912401115522,273.0204300074628,7.512040099784161,3,-70.68692240985803,0.11787436085282704
1775585242001660400,6091.96566040039,551.1650191992521,2.646916270847985,180,-33.43942434982851,525.3503257483244,273.02043324992064,7.5132650955026214,3,-70.68692398710205,0.38843681648169853
1775585243001683000,6092.965682861328,551.2376639461145,2.8107165956344824,180,-33.439424408358576,525.4229704951867,273.0204275194388,7.293880830040183,3,-70.68694779383833,0.23460147037297158
1775585244001706200,6093.965706298828,551.3210568102077,0.981577279610387,180,-33.43942661168427,525.5063633592799,271.3239367916119,7.295154595870769,3,-70.68697172354103,0
1775585245001729800,6094.965729736328,551.3030652962625,1.894826538652261,180,-33.43942674071907,525.4883718453348,271.1917490742636,7.2883645899384515,3,-70.68696402714336,0.23276076762583878
1775585246001754400,6095.965754394531,551.3901131059974,1.0624809757958713,180,-33.43942663388378,525.5754196550697,271.19174746090954,7.2896354627783975,3,-70.68696327302553,0
1775585247001775600,6096.965775634766,551.3901131059974,1.8506021424564614,180,-33.4394310242936,525.5754196550697,271.19174746090954,7.925289674199346,3,-70.68696309535297,0
1775585248001799700,6097.965799560547,551.508723304607,1.7631453767688392,180,-33.43943047105651,525.6940298536792,271.19174252030973,7.922647964492116,3,-70.68695955575758,0.09604496829872959
1775585249001822000,6098.965822021484,551.467612172477,2.1123347083051667,180,-33.439427294398556,525.6529187215492,271.191742309172,7.865457750967159,3,-70.68697136454715,0.09688626044766528
1775585250001845500,6099.965845458984,551.4698224375024,1.5146984590387715,180,-33.439428184608175,525.6551289865747,271.1917420401243,8.3239621759465,3,-70.68696899290161,0
1775585251001868800,6100.965868896485,551.4698224375024,1.5444872463365225,180,-33.4394283138123,525.6551289865747,271.1917420401243,8.309309983872808,3,-70.68696851410519,0
1775585252001892000,6101.965892089844,551.4698224375024,1.3828395531708855,180,-33.43942844708996,525.6551289865747,271.1917420401243,8.294126730199363,3,-70.6869680202133,0
1775585253001915000,6102.965914794921,551.4698224375024,1.2875117484988976,180,-33.439428648339074,525.6551289865747,271.1917420401243,8.289135696018763,3,-70.68696727443711,0
1775585254001938000,6103.965937988281,551.4698224375024,1.4584605887526212,180,-33.43942874027598,525.6551289865747,271.1917420401243,8.29002542285507,3,-70.68696693374324,0
1775585255001960400,6104.965960449219,551.4698224375024,1.4631358522168383,180,-33.439428948615614,525.6551289865747,271.1917420401243,8.276258111039468,3,-70.68696616169139,0
1775585256001984000,6105.965983886719,551.2530753687024,1.904606243767915,180,-33.439430468606105,525.4383819177747,271.1917556858316,8.262910878001883,3,-70.68697399605429,0.07217366742372912
1775585257002007000,6106.966007080078,551.1936123846099,2.250444126858059,180,-33.43943038170298,525.3789189336821,271.19175618830093,8.263992711019263,3,-70.68697430533487,0.08673063339862817
1775585258002030300,6107.966030273437,551.3030365845188,2.701879920673119,180,-33.43942696840707,525.4883431335911,271.19175779321273,8.254433640470848,3,-70.68697457879031,0.19698205687393155
1775585259002052400,6108.966052246094,550.8520710868761,3.058183302422365,180,-33.43942629303326,525.0373776359484,271.1917633786524,8.255505797162852,3,-70.68697800866475,0.4280043565703168
1775585260002076700,6109.966076660156,551.1699224542826,1.3653542470290392,180,-33.43942595579358,525.3552290033549,271.1917544327144,8.242581846306756,3,-70.68697227462731,0.030093455672440803
1775585261002099200,6110.966099121094,551.2093022540212,1.9771025765952626,180,-33.43942580543212,525.3946088030934,271.1917543089604,8.243647510120413,3,-70.68697220456725,0.052082875117585414
1775585262002122800,6111.966122802734,551.153087391518,2.2496976017624872,180,-33.43942599334049,525.3383939405903,271.19175386842835,8.244719039275376,3,-70.6869719276384,0.11933150162879622
1775585263002145800,6112.966145751953,551.0802463404834,2.6851709618810524,180,-33.43941843576827,525.2655528895557,271.1917510587218,8.002655060780118,3,-70.68699516480302,0.08024931913862654
1775585264002169600,6113.966169677735,551.2113207578659,1.2704053210231248,180,-33.43941431365133,525.3966273069382,264.2983703049004,7.912120191085251,3,-70.68705705168827,0
1775585265002192100,6114.966192138671,551.2113207578659,1.293031012962027,180,-33.439414526679585,525.3966273069382,264.2983703049004,7.915426625620229,3,-70.68705656742486,0
1775585266002215700,6115.966215576172,551.2113207578659,1.369299814474418,180,-33.43941474072554,525.3966273069382,264.2983703049004,7.900259944421508,3,-70.68705608084801,0
1775585267002238000,6116.966238037109,551.2113207578659,1.2827165116670796,180,-33.43941485720413,525.3966273069382,264.2983703049004,7.89018942436332,3,-70.68705581606476,0
1775585268002261000,6117.966260986328,551.2113207578659,1.1683953254308512,180,-33.439414960154615,525.3966273069382,264.2983703049004,7.925266841637056,3,-70.68705558203408,0
1775585269002285000,6118.96628515625,551.2113207578659,1.0318446976472138,180,-33.439415045480146,525.3966273069382,264.2983703049004,7.925430994922234,3,-70.68705538806906,0
1775585270002307800,6119.9663078613285,551.2113207578659,1.7633485747768511,180,-33.43941511196392,525.3966273069382,264.2983703049004,7.9240426051816,3,-70.68705523693578,0
1775585271002330400,6120.966330322266,551.2113207578659,1.7133596610887178,180,-33.439419864665275,525.3966273069382,264.2983703049004,7.799390808731235,3,-70.68705258602657,0
1775585272002353700,6121.966353759765,551.2113207578659,1.6814360213524486,180,-33.43942001943701,525.3966273069382,264.2983703049004,7.784087514769672,3,-70.68705219949145,0
1775585273002377000,6122.966376953125,551.2113207578659,1.6133079649775945,180,-33.439420171482865,525.3966273069382,264.2983703049004,7.876435117075884,3,-70.68705181976408,0
1775585274002400000,6123.966399902344,551.2113207578659,1.6149384632465502,180,-33.43942031647238,525.3966273069382,264.2983703049004,8.028795549273282,3,-70.68705145765959,0
1775585275002423300,6124.9664233398435,551.2113207578659,1.5271965306066024,180,-33.4394204666594,525.3966273069382,264.2983703049004,8.179750409754103,3,-70.68705108257456,0
1775585276002446300,6125.966446289062,551.2113207578659,1.5783080249311314,180,-33.43942060056182,525.3966273069382,264.2983703049004,8.178950513202802,3,-70.68705074815958,0
1775585277002469400,6126.966469482422,551.2113207578659,1.514155926471788,180,-33.43941154347963,525.3966273069382,264.2983703049004,8.05572291900942,3,-70.68707493477973,0
1775585278002492400,6127.96649243164,551.2113207578659,1.4582992585885919,180,-33.439411704200346,525.3966273069382,264.2983703049004,8.08442477124887,3,-70.68707452775108,0
1775585279002515700,6128.966515625,551.0333294635639,1.8349939607364318,180,-33.43941282848095,525.2186360126361,264.3890570154942,8.207057774979253,3,-70.68709035110409,0.05520819013373896
1775585280002538200,6129.966538330078,551.0125318728387,1.3978815683612797,180,-33.43941316447944,525.197838421911,264.3890569143257,8.200596244043458,3,-70.68708966502929,0
1775585281002562000,6130.966562011718,551.137421136722,1.3679405217004998,180,-33.43941252412945,525.3227276857942,264.3890537599219,8.203245008174488,3,-70.68708739785012,0
1775585282002584800,6131.966584716797,551.137421136722,1.3617426369267047,180,-33.43941277665685,525.3227276857942,264.3890537599219,8.184839005499674,3,-70.68708692278184,0
1775585283002608400,6132.9666083984375,550.9308102922514,1.7818835365579488,180,-33.43941188463,525.1161168413237,264.38908135255105,8.162629050823798,3,-70.68710321745644,0.15389984182765282
1775585284002631700,6133.966631591797,551.0290570603684,1.947159441456764,180,-33.43941302315677,525.2143636094406,264.3890917953988,8.163715182186316,3,-70.68710936461311,0.3604568280370769
1775585285002654500,6134.9666545410155,550.8601370481774,2.1674649839458837,180,-33.439405711433004,525.0454435972497,264.3891070738531,8.232658667766366,3,-70.68713294467695,0.6275790062305024
1775585286002678000,6135.966677978516,550.7090691551566,2.275637104431838,180,-33.43940663592417,524.8943757042289,264.38911079582147,8.217135907975699,3,-70.68713494193283,0.48976458074087786
1775585287002700300,6136.966700195312,550.6632044659927,1.3198411507769967,180,-33.439406627639,524.848511015065,264.3891104589628,8.21821405293156,3,-70.68713475038946,0
1775585287999281400,6137.963281494141,550.6632044659927,1.2858814952892486,180,-33.43941794243745,524.848511015065,264.3891104589628,8.494829347580925,3,-70.68714560787302,0
1775585288999268600,6138.963268554688,550.4314405610785,1.7390198836077284,180,-33.43942216489329,524.6167471101508,264.38912267981885,8.484685554575961,3,-70.6871529186545,0.16813736382410555
1775585289999300400,6139.963300292969,550.4290339341387,1.999352933435545,180,-33.43942311249348,524.614340483211,264.3891256203907,8.486029001397338,3,-70.68715471618728,0
1775585290999286300,6140.963286376953,550.4290339341387,1.7157195250140742,180,-33.43942354680918,524.614340483211,264.3891256203907,8.454619361356844,3,-70.68715453669707,0
1775585291999271400,6141.963271484375,550.3324161274359,1.670576386443907,180,-33.43942388710198,524.5177226765081,264.3891301653521,8.434583244889712,3,-70.6871573470166,0.05312377701631575
1775585292999310600,6142.963310546875,550.1935742171481,1.919596500625573,180,-33.43942314637054,524.3788807662204,264.3891318368906,8.43561566854943,3,-70.6871585206759,0.18991977286656045
1775585293999305000,6143.963304931641,550.0251721469685,2.0753967022888977,180,-33.43942534781566,524.2104786960408,264.38913628532634,8.44524763445388,3,-70.6871611085156,0
1775585294999307300,6144.9633073730465,550.2822974184528,1.7506258328625532,180,-33.439424717969175,524.4676039675251,264.38913310224416,8.415748174834683,3,-70.6871591479817,0.1409826980525719
1775585295999351300,6145.963351318359,550.166611654684,1.292979166682582,180,-33.43942435528768,524.3519182037562,264.38913430445353,8.394320258384127,3,-70.68715994121033,0
1775585296999348000,6146.9633479003905,550.166611654684,1.0281113202645191,180,-33.43942448670646,524.3519182037562,264.38913430445353,8.383614146356374,3,-70.68715991550302,0
1775585297999341600,6147.963341552734,550.1052491310984,1.7524423948915318,180,-33.4394172078587,524.2905556801707,264.38912294874075,8.377271585910345,3,-70.68715365497381,0.016771961950729233
1775585298999383800,6148.963383789062,550.3659573541954,1.9902592509680006,180,-33.43941591911283,524.5512639032677,264.38912612642514,8.529289966160185,3,-70.68715581844708,0.04254659178199245
1775585299999379700,6149.9633796386715,550.1474627768621,2.122402675502106,180,-33.43941655420549,524.3327693259344,264.3891258855988,8.53030650787959,3,-70.68715557850184,0.08043440383042388
1775585300999369700,6150.963369628907,550.052025760524,2.2549678432886937,180,-33.439416262451886,524.2373323095962,264.3891263780246,8.511262499770343,3,-70.68715587877024,0
1775585301999413000,6151.963413085938,550.1669912831858,1.734097626836101,180,-33.43941666181622,524.352297832258,264.3891291212371,8.47553532930619,3,-70.6871574998075,0.07044923584806909
1775585302999458800,6152.963458740234,550.1695176484063,1.28171271778269,180,-33.43941676298947,524.3548241974786,264.38912895935687,8.476560487687133,3,-70.68715738446944,0
1775585303999502300,6153.9635024414065,550.1695176484063,1.3595440025013659,180,-33.43941693460079,524.3548241974786,264.38912895935687,8.478874154650889,3,-70.68715730751725,0
1775585304999545600,6154.9635456542965,550.293249678798,1.736739873090225,180,-33.43941454023111,524.4785562278703,264.38913504552573,8.371975109353176,3,-70.68716442838009,0.1311182235102514
1775585305999587000,6155.963587158203,550.3642876716331,1.4493946674124696,180,-33.439410862094405,524.5495942207053,264.3891281131872,8.356839258821728,3,-70.68716051904877,0.049133830490935705
1775585306999627300,6156.963627197266,550.2784946691245,1.7111735223285118,180,-33.43941167530549,524.4638012181967,264.38913133581957,8.340025319618285,3.0027049343842194,-70.68716238526149,0.09764394081443663
1775585307999667700,6157.963667724609,550.1950760716572,1.5398593541562569,180,-33.439410194378986,524.3803826207295,264.38912759994196,8.352063584471713,3.0913920074348566,-70.68716027212264,0
1775585308999706400,6158.963706298828,550.1950760716572,1.5455999248401557,180,-33.43940554294936,524.3803826207295,264.38912759994196,8.231665767936255,3.1124892097717187,-70.68717349266795,0
1775585309999744800,6159.963744873047,550.1950760716572,1.4756315803135263,180,-33.43940559485657,524.3803826207295,264.38912759994196,8.219332930051527,3.168427913075345,-70.6871733835165,0
1775585310999780400,6160.963780273438,550.1247335858643,1.6880193084959052,180,-33.439408334823845,524.3100401349366,264.38913828285337,8.206127705257265,3.26590182853745,-70.68717943555089,0.10904527890289505
1775585311999817700,6161.963817626953,550.1041458817199,1.759215158506511,180,-33.43940866616247,524.2894524307922,264.38913947989766,8.208031866357341,3.3384651255011417,-70.68718012632985,0.11129191520663026
1775585312999852500,6162.963852539063,550.0885295532644,1.032331934912621,180,-33.43941111333381,524.2738361023366,264.38913893466287,8.209108885668,3.2865462984408067,-70.68717948073633,0
1775585313999887600,6163.963887695312,550.0993713941425,1.6389814569950474,180,-33.43941166937643,524.2846779432148,264.38913965204415,8.198053048513454,3.530805733162191,-70.68717978549262,0.0034353240337414107
1775585314999921400,6164.9639213867185,550.1107652662322,1.5770967337270965,180,-33.43941179606913,524.2960718153045,264.3891384112016,8.199130948863575,3.5658474859351923,-70.6871790149832,0.014931639017836064
1775585315999955000,6165.963954833985,550.1066300543025,1.7268151336163053,180,-33.43941006972657,524.2919366033748,264.3891374045727,8.200207987489648,3.5372008146358183,-70.68717862827326,0.08951591731174562
1775585316999988200,6166.96398828125,549.9450357425958,1.852450281448488,180,-33.43941078987133,524.1303422916681,264.3891352517235,8.20712151594995,3.403368250440224,-70.6871772279867,0.012646740662638678
1775585318000021800,6167.964021728516,550.0339611312374,1.6292273730283044,180,-33.43940970938751,524.2192676803097,264.38913784620325,8.208199412582319,3.4416956281759994,-70.68717894821737,0.07284881979447523
1775585319000053000,6168.964052978516,550.0550003210083,1.1625652537732558,180,-33.439408832523895,524.2403068700805,264.3891356535647,8.188496410671359,3.3192954426956547,-70.6871776596812,0
1775585320000085200,6169.964085205078,550.1866399450228,1.0236638108332337,180,-33.43940870605635,524.371946494095,264.3891380972135,8.180762935526307,3.3608047859442682,-70.68717911857829,0
1775585321000116200,6170.964116210937,550.1069585168734,1.672668944764132,180,-33.4394099535719,524.2922650659457,264.3891438170246,8.175040211684815,3.4898113124747545,-70.68718238846519,0.17978124291025518
1775585322000147200,6171.964147216797,550.0980099448934,1.3482186315284543,180,-33.43941012960868,524.2833164939657,264.38914348779866,8.187310051803815,3.584943113096444,-70.6871821192162,0
1775585323000178400,6172.9641784667965,550.071136539802,1.699328822447174,180,-33.43941094035794,524.2564430888742,264.3891456506627,8.176538375884416,3.7605226189905285,-70.6871833014266,0.029069602937774944
1775585324000208600,6173.964208740234,550.0849221870303,1.5073662754981028,180,-33.43941105557331,524.2702287361026,264.3891455929625,8.158724586912264,3.740985676752463,-70.68718323481076,0
1775585325000238000,6174.96423803711,550.0849221870303,1.3184164643689495,180,-33.43942124807307,524.2702287361026,264.3891455929625,7.817222259373907,3.578446938861168,-70.68718287466356,0
1775585326000267800,6175.964267822265,550.0849221870303,1.2468136166433224,180,-33.43942127867881,524.2702287361026,264.3891455929625,7.8085081295059755,3.6124387412234205,-70.68718285825899,0
1775585327000297000,6176.964296875,550.1986373448744,1.6400008588519572,180,-33.43942302288214,524.3839438939467,264.3891451940056,7.822272953383223,3.7632844471459257,-70.6871823869953,0.0845694838049065
1775585328000326100,6177.964326171875,550.1315456209704,1.4221040410271928,180,-33.439424977292596,524.3168521700427,264.3891422545103,8.242998998995152,3.6706261056529965,-70.68718094054424,0.020828033925501893
1775585329000356000,6178.9643562011715,550.1139813633636,1.418017816288453,180,-33.439425338441964,524.2992879124358,264.38913827711906,8.228125504070372,3.7120883178866753,-70.68717842439497,0.015644347122646857
1775585330000383500,6179.9643835449215,550.1832553548738,1.6507563520628632,180,-33.43942535146962,524.3685619039461,264.38913854171284,8.229194818749122,3.824814301525347,-70.68717858527151,0.0884044815780742
1775585331000412000,6180.964411865234,550.2216808479279,1.52695496097319,180,-33.43942491038301,524.4069873970002,264.38913971120616,8.230266733477158,3.736004440555011,-70.68717936273357,0.13439458307095903
1775585332000440600,6181.964440673828,550.0662002759054,1.8040880936292205,180,-33.4394257205207,524.2515068249777,264.38913838863584,8.364198155608008,3.4951730327435415,-70.6871792166366,0.10070139660972437
1775585333000468200,6182.964468261719,550.0179067170247,1.1966633146948698,180,-33.43942914244462,524.203213266097,264.3891380020943,8.523880783528215,3.247982274526234,-70.68717785254633,0
1775585334000496400,6183.9644963378905,550.1849220246077,1.2734105184402713,180,-33.439429391468224,524.3702285736799,264.3891340635649,8.514364405109442,3.281771945229909,-70.68717520284504,0.021161871379000084
1775585335000524000,6184.964523925782,550.2057535760105,1.1507017092102587,180,-33.43942956546192,524.3910601250827,264.3891340571762,8.509399055032365,3.238827841175397,-70.68717499830476,0
1775585336000551200,6185.9645512695315,550.2057535760105,1.7349435350792601,180,-33.43940843463921,524.3910601250827,264.3891340571762,8.921392289900687,3.2053402663230033,-70.6871938498865,0
1775585337000579300,6186.964579345703,550.1172360666096,2.167978670528459,180,-33.439406197055135,524.3025426156819,264.38912743339705,9.131168188054929,3,-70.68718883203321,0.24735031689147122
1775585338000605700,6187.96460571289,550.0567797841504,2.4951007301085375,180,-33.439407819705195,524.2420863332227,264.3891297666951,9.434731648335612,3,-70.68719023334423,0.3774667045178501
1775585339000632600,6188.96463256836,549.9996973769739,2.9004518021643437,180,-33.43940778206519,524.1850039260462,264.38913307819683,9.452582561349267,3,-70.68719395834373,0.5257988008096185
1775585340000659500,6189.964659423828,550.2062079478055,3.2949516039953983,180,-33.43940810251508,524.3915144968778,264.38913093732265,9.773275257802027,3,-70.68719438515107,0.4549994064446493
1775585341000686300,6190.964686279297,550.1632100278512,3.516708322158153,180,-33.439416063956024,524.3485165769234,264.38912735723017,8.162193746925972,3,-70.68717879293116,0.3279827798360434
1775585342000713500,6191.964713378906,549.937052895315,3.5285771983581284,180,-33.43942083154117,524.1223594443873,264.3891190515209,7.178923045368688,3,-70.68716708835032,0.10104675347410119
1775585343000738800,6192.964738769531,550.1636311775073,3.8728650227335946,180,-33.43942329888008,524.3489377265796,264.3891228106218,6.640809654173614,3,-70.68716231239362,0.21719540132878262
1775585344000767000,6193.964767089844,550.1618614513427,1.7132610890280207,180,-33.439424669414976,524.347168000415,264.38912217276504,6.854247948350977,3,-70.68716151847595,0
1775585345000793000,6194.96479296875,550.1618614513427,1.6142618064860563,180,-33.43942473679149,524.347168000415,264.38912217276504,6.899155144029809,3,-70.68716137330917,0
1775585346000818400,6195.964818359375,550.1367099946365,1.9827294080539608,180,-33.43942474592206,524.3220165437087,264.38911824251676,6.890354979373619,3,-70.68715960643658,0.05777684242789305
1775585347000845000,6196.964844970703,550.0781457675621,2.3934217121610892,180,-33.43942392596892,524.2634523166344,264.3891185395481,7.506387007146419,3,-70.68715991291721,0.18138422107500923
1775585348000871400,6197.964871337891,550.1087835207582,2.917013197628759,180,-33.4394248627834,524.2940900698304,264.38912015578836,8.483265633935996,3,-70.68716118903053,0.24914284410413406
1775585349000898000,6198.9648979492185,550.2955078128725,1.5584478723735011,180,-33.439424882826096,524.4808143619448,264.38911783305304,8.484306860079935,3,-70.68715967836378,0.07559665415172864
1775585350000924200,6199.964924072266,550.369643994607,1.2985133744667363,180,-33.43942555193432,524.5549505436793,264.3891176662196,8.477800939803535,3,-70.68715918684188,0
1775585351000949500,6200.96494946289,550.369643994607,1.1664838974443599,180,-33.439425621470804,524.5549505436793,264.3891176662196,8.459827655444613,3,-70.68715898314655,0
1775585352000975600,6201.964975585937,550.369643994607,1.1630299150920043,180,-33.43942568500427,524.5549505436793,264.3891176662196,8.438046708557804,3,-70.68715879703603,0
1775585353001001700,6202.965001708984,550.3276577489451,1.8161469155263368,180,-33.43942462200598,524.5129642980173,264.3891164254836,8.429428955675252,3,-70.68715806306095,0.0888233049795191
1775585354001027000,6203.965027099609,550.3828298533335,2.17276468420074,180,-33.43942333192322,524.5681364024058,264.3891155138475,8.43046352701802,3,-70.68715764793437,0.07349169143808627
1775585355001053400,6204.965053466797,550.3732857406139,2.5932421735354834,180,-33.43942291769718,524.5585922896862,264.38911747183096,8.648766509698394,3,-70.68715906872629,0.08922379085307858
1775585356001079000,6205.965079101563,550.2105108182877,2.8889138150355302,180,-33.43942841218294,524.39581736736,264.3891371050785,8.699051351083673,3,-70.68717986294446,0.4531847236572828
1775585357001104000,6206.965103759766,550.2431714367121,3.239773432534334,180,-33.43942278728375,524.4284779857844,264.3891351874588,9.096403207850065,3,-70.68718169999894,0.341097716726154
1775585358001130500,6207.965130615235,550.3020383743569,3.5070862017385713,180,-33.43942197249074,524.4873449234292,264.3891336129805,9.09808086959694,3,-70.68718077238003,0.3074682066404107
1775585359001155800,6208.965155761719,550.0620613070205,3.500891558941033,180,-33.43941851641826,524.2473678560928,264.3891350191242,7.453062117546799,3,-70.68718068952892,0
1775585360001182000,6209.965181884766,550.0620613070205,1.8536957933704397,180,-33.43941839110211,524.2473678560928,264.3891350191242,7.357500440854961,3,-70.68718008597601,0
1775585361001207300,6210.965207275391,549.9529513586313,1.0240329860437984,180,-33.43942324584889,524.1382579077035,264.38913675127355,7.34256224679985,3,-70.68718020508958,0
1775585362001239300,6211.965239257813,549.9427817175165,1.8080823659097613,180,-33.43941911106188,524.1280882665887,264.38915558682294,7.110535163101715,3,-70.68720234828784,0.0810998128736768
1775585363001257500,6212.965257568359,550.0344557212666,2.1304116073987878,180,-33.43941457461681,524.2197622703388,264.3891539205133,7.334498488438255,3,-70.68721735970476,0.07805731938992524
1775585364001283300,6213.965283447265,549.9752935562283,2.5082625109325245,180,-33.4394150675355,524.1606001053005,264.3891542060282,8.279840960280396,3,-70.68721743480656,0.13951075782431127
1775585365001308700,6214.96530859375,549.7956659384072,2.957803630193895,180,-33.43941857149352,523.9809724874794,264.38915306606646,8.259418159227737,3,-70.68721613952476,0.19410623349532757
1775585366001334500,6215.965334472657,549.7545472579077,1.246872799236313,180,-33.439417737325385,523.93985380698,264.38915320418624,8.245210870835884,3,-70.6872162464094,0
1775585367001360400,6216.965360351563,549.7545472579077,1.0438963313163019,180,-33.43941788720951,523.93985380698,264.38915320418624,8.271891282999121,3,-70.68721609652711,0
1775585368001385200,6217.965385253906,549.7545472579077,1.0298124186861173,180,-33.439419035336805,523.93985380698,264.38915320418624,8.272591830342476,3,-70.68721443253371,0
1775585369001411000,6218.965411132813,549.8564715208486,1.7707326435136976,180,-33.43941713361619,524.0417780699208,264.3891627507273,8.266534931016636,3,-70.6872205366027,0.1856026037289272
1775585370001439000,6219.965438964844,549.7214663019404,2.173597478812188,180,-33.43941739443268,523.9067728510126,264.3891624714547,8.247282097502346,3,-70.68722028534155,0.15178404036730872
1775585371001464300,6220.965464355469,549.6937530236319,1.4917048697453739,180,-33.43941737031375,523.8790595727041,264.3891622068713,8.24781931162639,3,-70.6872201279502,0
1775585372001487600,6221.965487548828,549.8962967805564,1.334666713957721,180,-33.43941735531547,524.0816033296287,264.3891612229581,8.37273129105867,3,-70.68721943397682,0
1775585373001513200,6222.965513183593,549.8962967805564,1.255182690059145,180,-33.43941748484944,524.0816033296287,264.3891612229581,8.377440069384283,3,-70.68721934456974,0
1775585374001540000,6223.965540039063,549.8962967805564,1.1286930913051596,180,-33.43940948803516,524.0816033296287,264.3891612229581,8.01706745057226,3,-70.68723097368273,0
1775585375001562400,6224.965562255859,549.8962967805564,1.0245476189583422,180,-33.43940954669827,524.0816033296287,264.3891612229581,8.010301315073571,3,-70.68723092114458,0
1775585376001587500,6225.965587402344,549.8962967805564,1.0253401325527336,180,-33.439409595732975,524.0816033296287,264.3891612229581,8.071450722061009,3,-70.68723087722952,0
1775585377001613000,6226.9656130371095,549.8962967805564,1.0283109321189015,180,-33.43940964488713,524.0816033296287,264.3891612229581,8.081733566467477,3,-70.68723083320751,0
1775585378001638400,6227.965638427734,549.8962967805564,1.0272405350387266,180,-33.439409781049974,524.0816033296287,264.3891612229581,8.086789731791775,3,-70.6872307112613,0
1775585379001664300,6228.965664306641,549.8962967805564,1.0283460076103028,180,-33.43941473489556,524.0816033296287,264.3891612229581,8.619726767609933,3,-70.6872165760505,0
1775585380001688600,6229.965688476563,549.8962967805564,1.7257495756130634,180,-33.43941305864843,524.0816033296287,264.3891612229581,8.223150699757161,3,-70.68722659497253,0
1775585381001714200,6230.965714111328,549.8962967805564,1.7315160375486203,180,-33.43941318418942,524.0816033296287,264.3891612229581,8.204003546140903,3,-70.68722648820227,0
1775585382001739000,6231.965739013672,549.8962967805564,1.6945770765996937,180,-33.43941330938647,524.0816033296287,264.3891612229581,8.185522443977286,3,-70.68722638172454,0
1775585383001766700,6232.965766601563,549.8962967805564,1.6465075660821662,180,-33.439420241713954,524.0816033296287,264.3891612229581,8.464102872943718,3,-70.68722461374632,0
