seconds_elapsed,latitude,longitude
-1.7708,33.414,70.6431
0.0658,33.414,70.6431
0.0673,33.414,70.6431
0.0925,33.414,70.6431
1.5699,33.414,70.6433
2.2809,33.414,70.6433
3.2809,33.4141,70.6434
3.9669,33.4141,70.6433
4.9669,33.4141,70.6433
5.9669,33.4141,70.6432
6.9641,33.4141,70.6432
7.9641,33.4141,70.6432
8.9641,33.4141,70.6432
9.9641,33.414,70.6432
10.9641,33.4141,70.6433
11.9641,33.4141,70.6433
12.9641,33.414,70.6432
13.9641,33.414,70.6432
14.9641,33.414,70.6432
15.9641,33.414,70.6433
16.9641,33.414,70.6433
17.9641,33.414,70.6433
18.964,33.414,70.6433
19.964,33.414,70.6433
20.964,33.414,70.6433
21.964,33.414,70.6433
22.964,33.414,70.6433
23.964,33.414,70.6433
24.964,33.414,70.6433
25.964,33.414,70.6433
26.964,33.414,70.643
27.964,33.414,70.643
28.9641,33.414,70.643
29.9641,33.414,70.643
30.9641,33.414,70.6432
31.9641,33.414,70.6433
32.9641,33.414,70.6433
33.9641,33.414,70.6432
34.9641,33.414,70.6433
35.9641,33.414,70.6433
36.9641,33.4141,70.6434
37.9641,33.4141,70.6434
38.9641,33.4141,70.6434
39.9641,33.4141,70.6435
40.9641,33.4141,70.6435
41.9641,33.4141,70.6436
42.9641,33.4141,70.6436
43.9641,33.4141,70.6437
44.9641,33.4141,70.6437
45.9641,33.4142,70.6437
46.9641,33.4142,70.6437
47.9641,33.4143,70.6437
48.9641,33.4144,70.6437
49.9641,33.4144,70.6437
50.9641,33.4145,70.6437
51.9641,33.4146,70.6437
52.9641,33.4146,70.6437
53.9641,33.4146,70.6437
54.9641,33.4147,70.6437
55.9641,33.4147,70.6437
56.9641,33.4147,70.6437
57.9642,33.4148,70.6437
58.9642,33.4148,70.6437
59.9642,33.4148,70.6437
60.9642,33.4148,70.6437
61.9642,33.4148,70.6437
62.9642,33.4148,70.6437
63.9642,33.4148,70.6437
64.9642,33.4148,70.6437
65.9642,33.4148,70.6437
66.9642,33.4147,70.6437
67.9642,33.4148,70.6437
68.9642,33.4148,70.6437
69.9642,33.4148,70.6437
70.9642,33.4148,70.6437
71.9642,33.4148,70.6437
72.9642,33.4148,70.6437
73.9642,33.4148,70.6437
74.9642,33.4148,70.6437
75.9642,33.4148,70.6437
76.9642,33.4148,70.6437
77.9642,33.4148,70.6438
78.9642,33.4147,70.6438
79.9642,33.4147,70.6437
80.9643,33.4147,70.6437
81.9643,33.4147,70.6437
82.9643,33.4147,70.6437
83.9643,33.4147,70.6437
84.9643,33.4146,70.6437
85.9643,33.4146,70.6437
86.9643,33.4146,70.6437
87.9643,33.4146,70.6437
88.9643,33.4146,70.6437
89.9643,33.4146,70.6437
90.9643,33.4145,70.6437
91.9643,33.4145,70.6437
92.9643,33.4145,70.6437
93.9643,33.4145,70.6437
94.9643,33.4145,70.6437
95.9643,33.4145,70.6437
96.9643,33.4145,70.6437
97.9643,33.4145,70.6437
98.9643,33.4144,70.6437
99.9643,33.4144,70.6437
100.9643,33.4144,70.6437
101.9643,33.4144,70.6437
102.9643,33.4144,70.6437
103.9644,33.4144,70.6437
104.9644,33.4144,70.6437
105.9644,33.4143,70.6437
106.9644,33.4143,70.6437
107.9644,33.4143,70.6437
108.9644,33.4143,70.6437
109.9644,33.4143,70.6437
110.9644,33.4143,70.6437
111.9644,33.4142,70.6437
112.9644,33.4142,70.6437
113.9644,33.4142,70.6437
114.9644,33.4142,70.6437
115.9644,33.4142,70.6437
116.9644,33.4142,70.6437
117.9644,33.4141,70.6437
118.9644,33.4141,70.6437
119.9644,33.4141,70.6437
120.9644,33.4141,70.6437
121.9644,33.4141,70.6437
122.9644,33.4141,70.6437
123.9644,33.414,70.6438
124.9644,33.414,70.6438
125.9645,33.414,70.6438
126.9645,33.414,70.6438
127.9645,33.414,70.6438
128.9645,33.414,70.6438
129.9645,33.414,70.6438
130.9645,33.4139,70.6438
131.9645,33.4139,70.6438
132.9639,33.4139,70.6438
133.9639,33.4139,70.6438
134.9639,33.4139,70.6438
135.9639,33.4139,70.6438
136.9639,33.4139,70.6438
137.9639,33.4139,70.6438
138.9639,33.4139,70.6438
139.9639,33.4139,70.6438
140.9639,33.4139,70.6438
141.9639,33.4139,70.6438
142.9639,33.4139,70.6438
143.9639,33.4139,70.6438
144.9639,33.4139,70.6439
145.9639,33.4138,70.6439
146.9639,33.4138,70.6439
147.9639,33.4138,70.6439
148.9639,33.4138,70.6439
149.9639,33.4138,70.6439
150.9639,33.4138,70.6439
151.9639,33.4138,70.6439
152.9639,33.4138,70.6439
153.9639,33.4138,70.6439
154.9639,33.4138,70.6439
155.9639,33.4137,70.6439
156.964,33.4137,70.6439
157.964,33.4137,70.6439
158.964,33.4137,70.6439
159.964,33.4139,70.6438
160.964,33.4139,70.6438
161.964,33.4139,70.6438
162.964,33.4139,70.6438
163.9852,33.4139,70.6438
174.0536,33.4137,70.6442
174.8404,33.4137,70.644
180.8721,33.4137,70.644
186.791,33.4138,70.6438
192.8131,33.4138,70.6438
194.0019,33.4138,70.6438
198.8858,33.4138,70.6438
204.6586,33.4138,70.6438
209.8806,33.4138,70.6438
215.8324,33.4138,70.6438
222.6487,33.4137,70.6438
228.8013,33.4138,70.6439
234.8104,33.4138,70.6439
240.8907,33.4138,70.6438
242.3124,33.4138,70.6438
242.3376,33.4138,70.6438
247.0339,33.4138,70.6438
253.7899,33.4138,70.6438
259.8085,33.4138,70.6438
265.8875,33.4138,70.6438
272.0207,33.4138,70.6438
278.8097,33.4138,70.6438
284.8164,33.4138,70.6438
296.8971,33.4138,70.6438
302.8434,33.4138,70.6438
308.8041,33.4138,70.6438
317.4207,33.4138,70.6438
350.1341,33.4138,70.6438
350.1466,33.4138,70.6438
351.4731,33.4138,70.6438
362.1662,33.4138,70.6438
388.4322,33.4138,70.6438
388.443,33.4138,70.6438
407.7452,33.4138,70.6438
407.759,33.4138,70.6438
416.9649,33.4154,70.6441
421.4235,33.4212,70.6449
433.8293,33.4225,70.6451
448.8633,33.4225,70.6451
448.8719,33.4225,70.6451
469.6066,33.4225,70.6451
469.6298,33.4225,70.6451
469.6316,33.4225,70.6451
469.6333,33.4225,70.6451
469.6346,33.4225,70.6451
469.6358,33.4225,70.6451
470.5118,33.4225,70.6451
470.5173,33.4225,70.6451
470.993,33.4225,70.6451
471.3922,33.4225,70.6451
471.395,33.4225,70.6451
471.4022,33.4225,70.6451
471.6025,33.4225,70.6451
471.6066,33.4225,70.6451
480.46,33.4225,70.6451
480.4635,33.4225,70.6451
481.5493,33.4225,70.6452
481.5585,33.4225,70.6452
487.8886,33.4225,70.6452
487.903,33.4225,70.6452
543.012,33.4225,70.6452
543.022,33.4225,70.6452
600.823,33.4225,70.6452
600.834,33.4225,70.6452
602.378,33.4247,70.6479
628.0483,33.4294,70.6539
629.6428,33.4294,70.6539
629.6569,33.4294,70.6539
631.1122,33.4294,70.6545
653.856,33.4319,70.6576
665.4865,33.4321,70.6597
665.4982,33.4321,70.6597
672.9641,33.4336,70.6598
672.9817,33.4336,70.6598
685.0063,33.4336,70.6598
685.016,33.4336,70.6598
685.9664,33.437,70.6601
686.9664,33.4371,70.6601
687.9664,33.4371,70.6602
688.9664,33.4372,70.6601
689.9664,33.4373,70.6601
690.9756,33.4374,70.6601
695.0469,33.4379,70.6601
697.0632,33.4382,70.66
700.9648,33.4386,70.66
709.9665,33.4383,70.66
710.9665,33.4382,70.6601
711.9665,33.4382,70.6601
712.9665,33.4382,70.6601
713.9665,33.4382,70.6601
714.9666,33.4382,70.6601
715.9641,33.4382,70.6601
716.9641,33.4382,70.6601
717.9641,33.4382,70.6601
718.9641,33.4382,70.6601
719.9641,33.4382,70.66
720.9641,33.4383,70.66
721.9641,33.4383,70.66
722.9641,33.4383,70.66
723.9641,33.4383,70.6601
724.9641,33.4383,70.6601
725.964,33.4383,70.6601
726.964,33.4383,70.6601
727.964,33.4383,70.6601
728.964,33.4383,70.6601
729.964,33.4383,70.6601
730.964,33.4383,70.6601
731.964,33.4383,70.6601
732.964,33.4384,70.6601
733.964,33.4384,70.66
734.964,33.4384,70.66
735.964,33.4384,70.66
736.964,33.4384,70.66
737.964,33.4384,70.66
738.964,33.4384,70.66
739.9641,33.4385,70.66
740.9641,33.4385,70.6599
741.9641,33.4385,70.6599
742.9641,33.4385,70.6599
743.9641,33.4385,70.6599
763.1601,33.4384,70.6597
802.9754,33.4382,70.6587
802.9861,33.4382,70.6587
807.5818,33.4382,70.6587
808.8667,33.4383,70.6586
813.6066,33.4382,70.6585
816.3099,33.4383,70.6585
816.3191,33.4383,70.6585
839.1916,33.4383,70.6585
839.208,33.4383,70.6585
858.6144,33.4382,70.6585
870.8268,33.4383,70.6585
877.7272,33.4383,70.6585
886.6419,33.4383,70.6584
892.8211,33.4383,70.6584
901.2977,33.4383,70.6584
908.1302,33.4383,70.6584
910.7104,33.4383,70.6585
912.0189,33.4383,70.6585
916.7215,33.4383,70.6585
917.6023,33.4383,70.6585
920.2528,33.4383,70.6585
923.7899,33.4383,70.6585
929.822,33.4383,70.6585
937.6978,33.4383,70.6585
940.3227,33.4383,70.6585
947.0613,33.4383,70.6585
949.7441,33.4383,70.6585
956.6784,33.4383,70.6585
959.1971,33.4383,70.6585
965.2075,33.4382,70.6584
966.4247,33.4383,70.6585
969.2945,33.4383,70.6585
975.5464,33.4383,70.6585
1004.8926,33.4382,70.6584
1004.9043,33.4382,70.6584
1035.6839,33.4383,70.6587
1035.696,33.4383,70.6587
1072.3213,33.439,70.6688
1073.1456,33.439,70.6688
1075.608,33.439,70.6688
1086.7733,33.439,70.6688
1087.0544,33.439,70.6688
1092.9971,33.439,70.6688
1099.0206,33.439,70.6687
1099.7792,33.439,70.6688
1105.9653,33.439,70.6688
1108.767,33.439,70.6688
1108.7795,33.439,70.6688
1112.3758,33.439,70.6688
1157.1629,33.439,70.6688
1157.1928,33.439,70.6688
1160.862,33.44,70.6768
1160.8768,33.44,70.6768
1192.4578,33.4404,70.6802
1202.2614,33.4404,70.6803
1202.8481,33.4404,70.6803
1207.8531,33.4404,70.6802
1209.0663,33.4404,70.6803
1215.8219,33.4404,70.6803
1221.7908,33.4404,70.6803
1260.961,33.4404,70.6802
1260.9804,33.4404,70.6802
1297.7427,33.4404,70.6801
1297.7544,33.4404,70.6801
1301.5131,33.4383,70.691
1318.6419,33.4383,70.6909
1318.6568,33.4383,70.6909
1346.2881,33.4383,70.691
1353.2545,33.4383,70.691
1353.3313,33.4383,70.691
1359.7926,33.4383,70.691
1365.7983,33.4383,70.691
1371.8079,33.4383,70.691
1377.7852,33.4383,70.691
1386.8736,33.4383,70.691
1392.8804,33.4383,70.691
1396.2463,33.4383,70.691
1401.9087,33.4383,70.691
1401.9231,33.4383,70.691
1406.6256,33.4383,70.691
1406.6374,33.4383,70.691
1429.0829,33.4383,70.691
1435.9122,33.4384,70.6909
1439.9672,33.4384,70.6909
1440.9672,33.4384,70.6909
1441.9672,33.4383,70.691
1442.9672,33.4384,70.6909
1443.9672,33.4384,70.6909
1444.9672,33.4384,70.691
1445.9621,33.4384,70.6909
1446.9622,33.4384,70.6909
1447.9623,33.4384,70.6909
1448.9624,33.4384,70.691
1449.9625,33.4384,70.691
1450.9626,33.4383,70.691
1451.9627,33.4384,70.691
1452.9628,33.4384,70.691
1453.9629,33.4384,70.691
1454.9629,33.4384,70.6911
1455.963,33.4384,70.6911
1456.9631,33.4384,70.6911
1457.9632,33.4384,70.6911
1458.9632,33.4384,70.6911
1459.9633,33.4385,70.6911
1460.9633,33.4385,70.6912
1461.9634,33.4385,70.6912
1462.9634,33.4385,70.6911
1463.9635,33.4386,70.6911
1464.9635,33.4386,70.6911
1465.9636,33.4386,70.6911
1466.9636,33.4386,70.6911
1467.9637,33.4386,70.6911
1468.9637,33.4386,70.6911
1469.9637,33.4386,70.6911
1470.9638,33.4386,70.6911
1471.9638,33.4387,70.6911
1472.9639,33.4387,70.6911
1473.9639,33.4387,70.6911
1474.9639,33.4387,70.6911
1475.9639,33.4387,70.6911
1476.964,33.4387,70.6911
1477.964,33.4387,70.6911
1478.964,33.4387,70.6911
1479.964,33.4388,70.6911
1480.9641,33.4388,70.6911
1481.9641,33.4388,70.6911
1482.9641,33.4388,70.691
1483.9641,33.4388,70.691
1484.9641,33.4388,70.691
1485.9641,33.4388,70.691
1486.9642,33.4389,70.691
1487.9642,33.4389,70.691
1488.9642,33.4389,70.691
1489.9642,33.4389,70.691
1490.9642,33.4389,70.691
1491.9642,33.4389,70.691
1492.9643,33.4389,70.691
1493.9643,33.439,70.691
1494.9643,33.439,70.691
1495.9643,33.439,70.691
1496.9643,33.439,70.691
1497.9643,33.439,70.691
1498.9643,33.439,70.691
1499.9643,33.439,70.6909
1500.9644,33.4391,70.691
1501.9644,33.4391,70.691
1502.9644,33.4391,70.691
1503.9644,33.4391,70.691
1504.9644,33.4391,70.691
1505.9644,33.4391,70.6909
1506.9644,33.4391,70.6909
1507.9644,33.4391,70.6909
1508.9644,33.4391,70.6909
1509.9644,33.4391,70.6909
1510.9645,33.4391,70.6909
1511.9645,33.4391,70.6908
1512.9645,33.4391,70.6908
1513.9645,33.4391,70.6908
1514.9645,33.4391,70.6908
1515.9645,33.4391,70.6908
1516.9645,33.4391,70.6908
1517.9645,33.4391,70.6908
1518.9645,33.4391,70.6908
1519.9645,33.4391,70.6908
1520.9645,33.4391,70.6908
1521.9646,33.4391,70.6908
1522.9646,33.439,70.6908
1523.9646,33.439,70.6908
1524.9646,33.439,70.6908
1525.9646,33.439,70.6908
1526.9646,33.439,70.6908
1527.9646,33.439,70.6908
1528.9646,33.439,70.6908
1529.9646,33.439,70.6908
1530.9646,33.439,70.6908
1531.9646,33.439,70.6908
1532.9646,33.439,70.6908
1533.9647,33.439,70.6908
1534.9647,33.439,70.6908
1535.9647,33.439,70.6908
1536.9647,33.439,70.6908
1537.9647,33.439,70.6908
1538.9647,33.439,70.6908
1539.9647,33.439,70.6908
1540.9647,33.439,70.6908
1541.9647,33.439,70.6908
1542.9647,33.439,70.6908
1543.9647,33.439,70.6908
1544.9647,33.439,70.6908
1545.9647,33.439,70.6908
1546.9648,33.439,70.6908
1547.9648,33.439,70.6908
1548.9648,33.439,70.6908
1549.9648,33.439,70.6908
1550.9648,33.439,70.6908
1551.9648,33.439,70.6908
1552.9648,33.439,70.6908
1553.9648,33.439,70.6908
1554.9648,33.439,70.6908
1555.9648,33.439,70.6908
1556.9648,33.439,70.6908
1557.9648,33.439,70.6908
1558.9648,33.439,70.6908
1559.9649,33.439,70.6908
1560.9649,33.439,70.6908
1561.9649,33.439,70.6908
1562.9649,33.439,70.6908
1563.9649,33.439,70.6908
1564.9649,33.439,70.6908
1565.9649,33.439,70.6908
1566.9649,33.439,70.6908
1567.9649,33.439,70.6908
1568.9649,33.439,70.6908
1569.9649,33.439,70.6908
1570.9649,33.439,70.6908
1571.965,33.439,70.6908
1572.9649,33.439,70.6908
1573.9649,33.439,70.6908
1574.9649,33.4391,70.6908
1575.9649,33.4391,70.6908
1576.9649,33.4391,70.6908
1577.9649,33.4391,70.6908
1578.9649,33.4391,70.6908
1579.9648,33.4391,70.6908
1580.9648,33.4391,70.6909
1581.9648,33.4391,70.6909
1582.9648,33.4391,70.6909
1583.9647,33.4391,70.6909
1584.9647,33.4391,70.6909
1585.9647,33.4391,70.6909
1586.9647,33.4391,70.6909
1587.9647,33.439,70.6908
1588.9647,33.439,70.6908
1589.9647,33.439,70.6908
1590.9647,33.439,70.6908
1591.9646,33.439,70.6908
1592.9646,33.439,70.6908
1593.9646,33.439,70.6908
1594.9646,33.439,70.6908
1595.9646,33.439,70.6908
1596.9646,33.439,70.6908
1597.9646,33.439,70.6908
1598.9646,33.439,70.6908
1599.9646,33.439,70.6908
1600.9646,33.439,70.6908
1601.9646,33.439,70.6908
1602.9646,33.439,70.6908
1603.9646,33.439,70.6908
1604.9646,33.439,70.6908
1605.9646,33.439,70.6908
1606.9646,33.439,70.6908
1607.9646,33.439,70.6908
1608.9646,33.439,70.6908
1609.9646,33.439,70.6908
1610.9646,33.439,70.6907
1611.9646,33.439,70.6907
1612.9646,33.439,70.6907
1613.9646,33.439,70.6907
1614.9646,33.4391,70.6907
1615.9646,33.4391,70.6907
1616.9646,33.4391,70.6907
1617.9646,33.4391,70.6907
1618.9646,33.4391,70.6907
1619.9646,33.4391,70.6907
1620.9646,33.4391,70.6907
1621.9646,33.4391,70.6907
1622.9646,33.4391,70.6907
1623.9646,33.4391,70.6907
1624.9646,33.4391,70.6907
1625.9646,33.4391,70.6907
1626.9646,33.4391,70.6907
1627.9646,33.4391,70.6907
1628.9646,33.4391,70.6907
1629.9646,33.4391,70.6907
1630.9647,33.4391,70.6907
1631.9647,33.4391,70.6907
1632.9647,33.4391,70.6907
1633.9647,33.4391,70.6907
1634.9647,33.4391,70.6907
1635.9647,33.4391,70.6907
1636.9647,33.4391,70.6907
1637.9647,33.4391,70.6907
1638.9647,33.4391,70.6907
1639.9647,33.4391,70.6907
1640.9647,33.4391,70.6907
1641.9647,33.4391,70.6907
1642.9647,33.4391,70.6907
1643.9647,33.4391,70.6907
1644.9647,33.4391,70.6907
1645.9647,33.4391,70.6907
1646.9647,33.4391,70.6907
1647.9647,33.4391,70.6907
1648.9647,33.4391,70.6907
1649.9647,33.4391,70.6907
1650.9647,33.4391,70.6907
1651.9648,33.4391,70.6907
1652.9648,33.4391,70.6907
1653.9648,33.4391,70.6907
1654.9648,33.4391,70.6907
1655.9648,33.4391,70.6907
1656.9648,33.4391,70.6907
1657.9648,33.4391,70.6908
1658.9648,33.4391,70.6908
1659.9648,33.4391,70.6908
1660.9648,33.4391,70.6908
1661.9648,33.4391,70.6908
1662.9648,33.4391,70.6908
1663.9648,33.4391,70.6908
1664.9648,33.4391,70.6908
1665.9648,33.4391,70.6907
1666.9648,33.4391,70.6907
1667.9648,33.4391,70.6907
1668.9648,33.4391,70.6907
1669.9648,33.4391,70.6907
1670.9649,33.4391,70.6907
1671.9649,33.4391,70.6907
1672.9649,33.4391,70.6908
1673.9649,33.4391,70.6908
1674.9649,33.4391,70.6908
1675.9649,33.4391,70.6908
1676.9649,33.4391,70.6908
1677.9649,33.4391,70.6908
1678.9649,33.4391,70.6908
1679.9649,33.4391,70.6908
1680.9649,33.4391,70.6908
1681.9649,33.4391,70.6908
1682.9649,33.4391,70.6908
1683.9649,33.4391,70.6908
1684.9649,33.4388,70.6908
1685.9649,33.4388,70.6909
1686.9649,33.4389,70.6909
1687.9649,33.439,70.6909
1688.9649,33.4389,70.6909
1689.965,33.4389,70.6909
1690.965,33.4389,70.6909
1691.965,33.4389,70.6909
1692.965,33.4389,70.6909
1693.965,33.439,70.6908
1694.965,33.439,70.6908
1695.965,33.439,70.6908
1696.965,33.439,70.6908
1697.9651,33.439,70.6908
1698.9651,33.439,70.6908
1699.9651,33.439,70.6909
1700.9651,33.439,70.6909
1701.965,33.439,70.6909
1702.965,33.439,70.6909
1703.965,33.439,70.6909
1704.965,33.439,70.6909
1705.9649,33.439,70.6909
1706.9649,33.439,70.6909
1707.9649,33.439,70.6909
1708.9649,33.439,70.6909
1709.9648,33.4392,70.6907
1710.9648,33.4392,70.6907
1711.9648,33.4392,70.6907
1712.9648,33.4392,70.6907
1713.9647,33.4392,70.6907
1714.9647,33.4393,70.6907
1715.9647,33.4392,70.6907
1716.9647,33.4392,70.6907
1717.9647,33.4392,70.6907
1718.9647,33.4392,70.6907
1719.9646,33.4392,70.6907
1720.9646,33.439,70.6909
1721.9646,33.439,70.6909
1722.9646,33.439,70.6909
1723.9646,33.439,70.6909
1724.9646,33.439,70.6909
1725.9646,33.439,70.6909
1726.9646,33.439,70.6909
1727.9646,33.439,70.6909
1728.9646,33.439,70.6909
1729.9645,33.439,70.6909
1730.9645,33.4391,70.6908
1731.9645,33.4391,70.6908
1732.9645,33.4391,70.6909
1733.9645,33.4391,70.6909
1734.9645,33.439,70.6909
1735.9645,33.439,70.6909
1736.9645,33.439,70.6909
1737.9645,33.439,70.6909
1738.9645,33.439,70.6909
1739.9645,33.439,70.6909
1740.9645,33.439,70.6909
1741.9645,33.439,70.691
1742.9645,33.439,70.6909
1743.9645,33.439,70.6909
1744.9645,33.439,70.691
1745.9645,33.439,70.691
1746.9645,33.439,70.691
1747.9645,33.439,70.691
1748.9645,33.439,70.6908
1749.9645,33.439,70.6908
1750.9645,33.4391,70.6907
1751.9645,33.439,70.6909
1752.9645,33.439,70.6909
1753.9645,33.439,70.6909
1754.9645,33.439,70.6909
1755.9645,33.439,70.6909
1756.9645,33.439,70.6909
1757.9645,33.439,70.6909
1758.9645,33.439,70.6909
1759.9645,33.439,70.6909
1760.9645,33.439,70.6909
1761.9645,33.439,70.6909
1762.9645,33.439,70.6909
1763.9778,33.439,70.6909
1774.6702,33.439,70.6909
1780.5062,33.4391,70.6909
1786.4573,33.439,70.691
1792.5567,33.439,70.6909
1793.9946,33.4389,70.6909
1797.9775,33.4389,70.6909
1798.9646,33.4389,70.6909
1799.9646,33.439,70.691
1800.9646,33.439,70.6909
1801.9646,33.439,70.6909
1802.9646,33.439,70.6909
1803.9646,33.439,70.6909
1804.9646,33.4391,70.6908
1805.9646,33.439,70.6909
1806.9646,33.439,70.6909
1807.9646,33.439,70.6908
1808.9646,33.439,70.6908
1809.9646,33.4391,70.6908
1810.9646,33.4391,70.6908
1811.9646,33.439,70.6907
1812.9646,33.439,70.6907
1813.9646,33.439,70.6907
1814.9646,33.439,70.6907
1815.9646,33.439,70.6907
1816.9646,33.439,70.6907
1817.9647,33.4391,70.6906
1818.9647,33.4391,70.6906
1819.9647,33.4391,70.6906
1820.9647,33.4391,70.6905
1821.9647,33.4391,70.6905
1822.9647,33.4391,70.6905
1823.9637,33.4391,70.6905
1824.9637,33.4391,70.6905
1825.9638,33.4391,70.6905
1826.9638,33.4391,70.6905
1827.9638,33.4391,70.6905
1828.9638,33.4391,70.6905
1829.9638,33.4391,70.6905
1830.9638,33.4391,70.6905
1831.9638,33.4391,70.6905
1832.9638,33.4391,70.6905
1833.9638,33.4391,70.6905
1834.9638,33.4391,70.6905
1835.9638,33.4391,70.6905
1836.9638,33.4391,70.6904
1837.9638,33.4391,70.6904
1838.9638,33.4391,70.6904
1839.9638,33.4391,70.6904
1840.9639,33.4391,70.6904
1841.9639,33.4391,70.6903
1842.9639,33.4391,70.6903
1843.9639,33.4391,70.6903
1844.9639,33.4391,70.6903
1845.9639,33.4391,70.6903
1846.9639,33.4391,70.6903
1847.9639,33.4391,70.6902
1848.9639,33.4391,70.6902
1849.9639,33.4391,70.6902
1850.9639,33.4391,70.6902
1851.9639,33.4391,70.6902
1852.9639,33.4391,70.6901
1853.9639,33.4391,70.6901
1854.9639,33.4391,70.6901
1855.9639,33.4391,70.6901
1856.9639,33.4391,70.6901
1857.964,33.4391,70.6901
1858.964,33.4391,70.69
1859.964,33.4391,70.69
1860.964,33.4391,70.69
1861.964,33.4391,70.69
1862.964,33.4391,70.69
1863.964,33.4391,70.69
1864.964,33.4391,70.69
1865.964,33.4391,70.6899
1866.964,33.4391,70.6899
1867.964,33.4391,70.6899
1868.964,33.4391,70.6899
1869.964,33.4391,70.6899
1870.964,33.4391,70.6898
1871.964,33.4391,70.6898
1872.964,33.4391,70.6898
1873.964,33.4391,70.6898
1874.964,33.4391,70.6898
1875.964,33.4391,70.6898
1876.964,33.4391,70.6897
1877.964,33.4391,70.6897
1878.964,33.4391,70.6897
1879.964,33.4391,70.6897
1880.964,33.4391,70.6897
1881.964,33.439,70.6897
1882.964,33.439,70.6897
1883.9641,33.439,70.6896
1884.9641,33.439,70.6896
1885.9641,33.439,70.6896
1886.9641,33.439,70.6896
1887.9641,33.439,70.6896
1888.9641,33.439,70.6895
1889.9641,33.439,70.6895
1890.9641,33.439,70.6895
1891.9641,33.439,70.6895
1892.9641,33.439,70.6895
1893.9641,33.439,70.6895
1894.9641,33.439,70.6894
1895.9641,33.439,70.6894
1896.9641,33.439,70.6894
1897.9641,33.439,70.6894
1898.9641,33.439,70.6894
1899.9641,33.439,70.6894
1900.9641,33.439,70.6893
1901.9641,33.439,70.6893
1902.9641,33.439,70.6893
1903.9641,33.439,70.6893
1904.9641,33.439,70.6893
1905.9641,33.439,70.6892
1906.9641,33.439,70.6892
1907.9641,33.439,70.6892
1908.9641,33.439,70.6892
1909.9641,33.439,70.6892
1910.9641,33.439,70.6892
1911.9641,33.439,70.6892
1912.9641,33.439,70.6891
1913.9642,33.439,70.6891
1914.9642,33.439,70.6891
1915.9642,33.439,70.6891
1916.9642,33.439,70.6891
1917.9642,33.439,70.689
1918.9642,33.439,70.689
1919.9642,33.439,70.689
1920.9642,33.439,70.689
1921.9642,33.439,70.689
1922.9642,33.439,70.6889
1923.9642,33.439,70.6889
1924.9642,33.439,70.6889
1925.9642,33.439,70.6889
1926.9642,33.439,70.6889
1927.9642,33.439,70.6889
1928.9642,33.439,70.6888
1929.9642,33.439,70.6888
1930.9642,33.439,70.6888
1931.9642,33.439,70.6888
1932.9642,33.439,70.6888
1933.9642,33.439,70.6887
1934.9642,33.439,70.6887
1935.9642,33.439,70.6887
1936.9642,33.439,70.6887
1937.9642,33.439,70.6887
1938.9642,33.439,70.6886
1939.9642,33.439,70.6886
1940.9642,33.439,70.6886
1941.9642,33.439,70.6886
1942.9642,33.439,70.6886
1943.9642,33.439,70.6886
1944.9643,33.439,70.6886
1945.9643,33.439,70.6885
1946.9643,33.439,70.6885
1947.9643,33.439,70.6885
1948.9643,33.439,70.6885
1949.9642,33.439,70.6885
1950.9642,33.439,70.6885
1951.9642,33.439,70.6884
1952.9642,33.439,70.6884
1953.9642,33.439,70.6884
1954.9642,33.439,70.6884
1955.9642,33.439,70.6884
1956.9642,33.439,70.6883
1957.9642,33.439,70.6883
1958.9642,33.439,70.6883
1959.9642,33.439,70.6883
1960.9642,33.4389,70.6883
1961.9642,33.4389,70.6883
1962.9642,33.439,70.6882
1963.9642,33.439,70.6882
1964.9642,33.439,70.6882
1965.9642,33.4389,70.6882
1966.9641,33.4389,70.6882
1967.9641,33.4389,70.6882
1968.9641,33.4389,70.6881
1969.9641,33.4389,70.6881
1970.9641,33.4389,70.6881
1971.9641,33.4389,70.6881
1972.9641,33.4389,70.6881
1973.9641,33.4389,70.688
1974.9641,33.4389,70.688
1975.9641,33.4389,70.688
1976.9641,33.4389,70.688
1977.9641,33.4389,70.688
1978.9641,33.4389,70.688
1979.9641,33.4389,70.688
1980.9641,33.4389,70.6879
1981.9641,33.4389,70.6879
1982.9641,33.4389,70.6879
1983.9641,33.4389,70.6879
1984.9641,33.4389,70.6879
1985.9641,33.4389,70.6879
1986.9641,33.4389,70.6878
1987.9641,33.4389,70.6878
1988.9641,33.4389,70.6878
1989.9641,33.4389,70.6878
1990.9641,33.4389,70.6878
1991.9641,33.4389,70.6877
1992.9642,33.4389,70.6877
1993.9642,33.4389,70.6877
1994.9642,33.4389,70.6877
1995.9642,33.4389,70.6877
1996.9642,33.4389,70.6877
1997.9642,33.4389,70.6877
1998.9642,33.4389,70.6876
1999.9642,33.4389,70.6876
2000.9642,33.4389,70.6876
2001.9642,33.4389,70.6876
2002.9642,33.4389,70.6876
2003.9642,33.4389,70.6876
2004.9642,33.4389,70.6876
2005.9642,33.4389,70.6875
2006.9642,33.4389,70.6875
2007.9642,33.4389,70.6875
2008.9642,33.4389,70.6875
2009.9642,33.4389,70.6875
2010.9642,33.439,70.6875
2011.9642,33.439,70.6875
2012.9642,33.439,70.6875
2013.9642,33.439,70.6875
2014.9642,33.439,70.6874
2015.9642,33.439,70.6874
2016.9642,33.439,70.6874
2017.9642,33.439,70.6874
2018.9642,33.439,70.6874
2019.9642,33.439,70.6874
2020.9642,33.439,70.6874
2021.9642,33.439,70.6874
2022.9642,33.439,70.6874
2023.9642,33.439,70.6873
2024.9642,33.439,70.6873
2025.9642,33.439,70.6873
2026.9642,33.439,70.6873
2027.9642,33.439,70.6873
2028.9642,33.439,70.6873
2029.9642,33.439,70.6872
2030.9642,33.439,70.6872
2031.9642,33.439,70.6872
2032.9642,33.439,70.6872
2033.9642,33.439,70.6872
2034.9643,33.439,70.6872
2035.9643,33.439,70.6871
2036.9643,33.439,70.6871
2037.9643,33.439,70.6871
2038.9643,33.439,70.6871
2039.9643,33.439,70.6871
2040.9643,33.4391,70.687
2041.9643,33.4391,70.687
2042.9643,33.4391,70.687
2043.9643,33.4391,70.687
2044.9643,33.4391,70.687
2045.9643,33.4391,70.687
2046.9643,33.4391,70.687
2047.9643,33.4391,70.687
2048.9643,33.4391,70.687
2049.9643,33.4391,70.687
2050.9643,33.4391,70.687
2051.9643,33.4391,70.687
2052.9643,33.4391,70.687
2053.9643,33.4391,70.687
2054.9643,33.4391,70.687
2055.9643,33.4391,70.687
2056.9643,33.4391,70.687
2057.9643,33.4391,70.687
2058.9643,33.4391,70.6871
2059.9643,33.4391,70.6871
2060.9643,33.4391,70.6871
2061.9643,33.4391,70.6871
2062.9643,33.4391,70.6871
2063.9643,33.4391,70.6871
2064.9643,33.4391,70.687
2065.9843,33.4389,70.687
2078.939,33.4392,70.687
2079.8001,33.4392,70.687
2079.8161,33.4392,70.687
2084.8155,33.4392,70.687
2090.7929,33.4392,70.6869
2097.7777,33.4392,70.6869
2103.7835,33.4392,70.6869
2109.9338,33.4392,70.6869
2110.1764,33.4392,70.6869
2110.1775,33.4392,70.6869
2113.1509,33.4392,70.6869
2113.171,33.4392,70.6869
2115.8233,33.4393,70.687
2119.4304,33.4393,70.687
2119.4428,33.4393,70.687
2120.9645,33.4393,70.687
2121.863,33.4394,70.687
2121.9645,33.4394,70.687
2123.1192,33.4394,70.6869
2123.9645,33.4394,70.6869
2124.9645,33.4393,70.6869
2125.9645,33.4394,70.6869
2126.9645,33.4393,70.687
2127.9645,33.4393,70.687
2128.9645,33.4393,70.6871
2129.9645,33.4393,70.6874
2130.9644,33.4394,70.6872
2131.9644,33.4394,70.6872
2132.9644,33.4394,70.6872
2133.9644,33.4394,70.6872
2134.9644,33.4394,70.6872
2135.9644,33.4393,70.6872
2136.9644,33.4393,70.6872
2137.9644,33.4393,70.6872
2138.9644,33.4393,70.6872
2139.9643,33.4393,70.6872
2140.9643,33.4393,70.6872
2141.9643,33.4393,70.6872
2142.9643,33.4393,70.6872
2143.9643,33.4393,70.6872
2144.9643,33.4393,70.6873
2145.9643,33.4393,70.6873
2146.9642,33.4393,70.6873
2147.9642,33.4393,70.6873
2148.9642,33.4393,70.6872
2149.9642,33.4393,70.6872
2150.9642,33.4393,70.6872
2151.9642,33.4393,70.6872
2152.9642,33.4393,70.6872
2153.9642,33.4393,70.6872
2154.9642,33.4393,70.6872
2155.9642,33.4393,70.6872
2156.9642,33.4393,70.6872
2157.9642,33.4393,70.6871
2158.9642,33.4393,70.6872
2159.9642,33.4393,70.6872
2160.9642,33.4393,70.6872
2161.9642,33.4393,70.6872
2162.9642,33.4393,70.6872
2163.9641,33.4393,70.6872
2164.9641,33.4393,70.6872
2165.9641,33.4393,70.6872
2166.9641,33.4393,70.6872
2167.9641,33.4393,70.6872
2168.9641,33.4393,70.6872
2169.9641,33.4393,70.6872
2170.9641,33.4393,70.6872
2171.9641,33.4393,70.6872
2172.9641,33.4393,70.6872
2173.9641,33.4393,70.6872
2174.9641,33.4393,70.6872
2175.9641,33.4393,70.6872
2176.9641,33.4393,70.6872
2177.9641,33.4393,70.6872
2178.9641,33.4393,70.6872
2179.9641,33.4393,70.6872
2180.9641,33.4393,70.6872
2181.9641,33.4393,70.6872
2182.9641,33.4393,70.6872
2183.9641,33.4393,70.6872
2184.9641,33.4393,70.6872
2185.9641,33.4393,70.6872
2186.9641,33.4393,70.6872
2187.9641,33.4393,70.6872
2188.9641,33.4393,70.6872
2189.9641,33.4393,70.6871
2190.9641,33.4393,70.6871
2191.9641,33.4393,70.6871
2192.9641,33.4393,70.6871
2193.9641,33.4393,70.6871
2194.9641,33.4393,70.6871
2195.9641,33.4393,70.6871
2196.9641,33.4393,70.6871
2197.9641,33.4393,70.6872
2198.9641,33.4393,70.6872
2199.9641,33.4393,70.6872
2200.9641,33.4393,70.6872
2201.9641,33.4393,70.6872
2202.9641,33.4393,70.6872
2203.9641,33.4393,70.6872
2204.9642,33.4393,70.6872
2205.9642,33.4393,70.6872
2206.9642,33.4393,70.6872
2207.9642,33.4393,70.6872
2208.9642,33.4393,70.6872
2209.9642,33.4393,70.6872
2210.9642,33.4393,70.6872
2211.9642,33.4393,70.6872
2212.9642,33.4393,70.6872
2213.9642,33.4393,70.6872
2214.9642,33.4393,70.6872
2215.9642,33.4393,70.6872
2216.9642,33.4393,70.6872
2217.9642,33.4393,70.6872
2218.9642,33.4393,70.6872
2219.9642,33.4393,70.6872
2220.9642,33.4393,70.6872
2221.9642,33.4393,70.6872
2222.9642,33.4393,70.6872
2223.9642,33.4393,70.6872
2224.9642,33.4393,70.6872
2225.9642,33.4393,70.6872
2226.9642,33.4393,70.6872
2227.9642,33.4393,70.6872
2228.9642,33.4393,70.6872
2229.9642,33.4393,70.6872
2230.9642,33.4393,70.6872
2231.9642,33.4393,70.6872
2232.9642,33.4393,70.6872
2233.9642,33.4393,70.6872
2234.9642,33.4393,70.6872
2235.9642,33.4393,70.6872
2236.9642,33.4393,70.6872
2237.9642,33.4393,70.6872
2238.9642,33.4393,70.6872
2239.9642,33.4393,70.6872
2240.9642,33.4393,70.6872
2241.9642,33.4393,70.6872
2242.9642,33.4393,70.6872
2243.9642,33.4393,70.6872
2244.9642,33.4393,70.6872
2245.9642,33.4393,70.6872
2246.9642,33.4393,70.6872
2247.9642,33.4393,70.6872
2248.9642,33.4393,70.6872
2249.9642,33.4393,70.6872
2250.9642,33.4393,70.6872
2251.9642,33.4393,70.6872
2252.9642,33.4393,70.6872
2253.9643,33.4393,70.6872
2254.9643,33.4393,70.6872
2255.9643,33.4393,70.6872
2256.9643,33.4393,70.6872
2257.9643,33.4393,70.6872
2258.9643,33.4393,70.6872
2259.9643,33.4393,70.6872
2260.9643,33.4393,70.6872
2261.9643,33.4393,70.6872
2262.9643,33.4393,70.6872
2263.9643,33.4393,70.6872
2264.9643,33.4393,70.6872
2265.9643,33.4393,70.6871
2266.9643,33.4393,70.6871
2267.9643,33.4393,70.6871
2268.9642,33.4393,70.6871
2269.9642,33.4393,70.6871
2270.9642,33.4393,70.6871
2271.9642,33.4393,70.6871
2272.9642,33.4393,70.6873
2273.9642,33.4393,70.6872
2274.9642,33.4393,70.6873
2275.9642,33.4394,70.6873
2276.9642,33.4394,70.6873
2277.9642,33.4394,70.6873
2278.9642,33.4394,70.6873
2279.9642,33.4394,70.6873
2280.9642,33.4394,70.6873
2281.9642,33.4394,70.6873
2282.9642,33.4394,70.6873
2283.9642,33.4394,70.6873
2284.9642,33.4394,70.6873
2285.9642,33.4394,70.6873
2286.9642,33.4394,70.6873
2287.9642,33.4394,70.6873
2288.9642,33.4394,70.6873
2289.9642,33.4394,70.6873
2290.9641,33.4394,70.6873
2291.9641,33.4394,70.6872
2292.9641,33.4394,70.6873
2293.9641,33.4394,70.6873
2294.9641,33.4393,70.687
2295.9641,33.4394,70.6869
2296.9641,33.4394,70.6869
2297.9641,33.4394,70.6869
2298.9641,33.4394,70.6872
2299.9641,33.4394,70.6872
2300.9641,33.4394,70.6872
2301.9641,33.4394,70.6872
2302.9641,33.4394,70.6871
2303.9641,33.4394,70.6871
2304.9641,33.4394,70.6871
2305.9641,33.4394,70.6871
2306.9641,33.4394,70.6871
2307.9641,33.4394,70.6872
2308.9641,33.4394,70.6872
2309.9641,33.4394,70.6872
2310.9641,33.4394,70.6871
2311.9641,33.4394,70.6871
2312.9641,33.4394,70.6871
2313.9641,33.4394,70.6871
2314.9641,33.4394,70.6871
2315.9641,33.4394,70.6873
2316.9641,33.4394,70.6873
2317.9641,33.4394,70.6873
2318.9641,33.4394,70.6873
2319.9641,33.4394,70.6873
2320.9641,33.4394,70.6873
2321.9641,33.4394,70.6873
2322.9641,33.4394,70.6873
2323.9641,33.4394,70.6873
2324.9641,33.4394,70.6873
2325.9641,33.4394,70.6873
2326.9641,33.4394,70.6873
2327.9641,33.4394,70.6873
2328.9641,33.4394,70.6873
2329.9641,33.4394,70.6873
2330.9641,33.4394,70.6872
2331.9641,33.4394,70.6872
2332.9641,33.4394,70.6872
2333.9641,33.4394,70.6872
2334.9641,33.4394,70.6872
2335.9641,33.4394,70.6872
2336.9641,33.4394,70.6872
2337.9641,33.4394,70.6872
2338.9641,33.4394,70.6872
2339.9641,33.4394,70.6872
2340.9641,33.4394,70.6872
2341.9641,33.4394,70.6872
2342.9641,33.4394,70.6872
2343.9641,33.4394,70.6872
2344.9641,33.4394,70.6872
2345.9641,33.4394,70.6872
2346.9641,33.4394,70.6872
2347.9641,33.4394,70.6872
2348.9641,33.4394,70.6872
2349.9641,33.4394,70.6872
2350.9641,33.4394,70.6872
2351.9641,33.4394,70.6872
2352.9641,33.4394,70.6872
2353.9641,33.4394,70.6872
2354.9641,33.4394,70.6872
2355.9641,33.4394,70.6872
2356.9641,33.4394,70.6872
2357.9641,33.4394,70.6872
2358.9641,33.4394,70.6872
2359.9641,33.4394,70.6872
2360.9641,33.4394,70.6872
2361.9641,33.4394,70.6872
2362.9641,33.4394,70.6872
2363.9641,33.4394,70.6872
2364.9641,33.4394,70.6872
2365.9641,33.4394,70.6872
2366.9642,33.4394,70.6872
2367.9642,33.4394,70.6872
2368.9642,33.4394,70.6872
2369.9642,33.4394,70.6872
2370.9642,33.4394,70.6872
2371.9642,33.4394,70.6872
2372.9642,33.4394,70.6872
2373.9642,33.4394,70.6872
2374.9642,33.4394,70.6872
2375.9642,33.4394,70.6872
2376.9642,33.4394,70.6872
2377.9642,33.4394,70.6872
2378.9642,33.4394,70.6872
2379.963,33.4394,70.6872
2380.963,33.4394,70.6872
2381.963,33.4394,70.6872
2382.963,33.4394,70.6872
2383.963,33.4394,70.6872
2384.9631,33.4394,70.6872
2385.9631,33.4394,70.6872
2386.9631,33.4394,70.6872
2387.9631,33.4394,70.6872
2388.9631,33.4394,70.6872
2389.9631,33.4394,70.6872
2390.9632,33.4394,70.6872
2391.9632,33.4394,70.6872
2392.9632,33.4394,70.6872
2393.9632,33.4394,70.6872
2394.9633,33.4394,70.6872
2395.9633,33.4394,70.6872
2396.9633,33.4394,70.6872
2397.9633,33.4394,70.6872
2398.9633,33.4394,70.6872
2399.9634,33.4394,70.6872
2400.9634,33.4394,70.6872
2401.9634,33.4394,70.6872
2402.9634,33.4394,70.6872
2403.9634,33.4394,70.6872
2404.9635,33.4394,70.6872
2405.9635,33.4394,70.6872
2406.9635,33.4394,70.6872
2407.9635,33.4394,70.6872
2408.9635,33.4394,70.6872
2409.9635,33.4394,70.6872
2410.9635,33.4394,70.6872
2411.9635,33.4394,70.6872
2412.9636,33.4394,70.6872
2413.9636,33.4393,70.6872
2414.9636,33.4393,70.6872
2415.9636,33.4394,70.6872
2416.9636,33.4394,70.6872
2417.9636,33.4394,70.6872
2418.9636,33.4394,70.6872
2419.9636,33.4394,70.6872
2420.9636,33.4394,70.6872
2421.9636,33.4394,70.6872
2422.9636,33.4394,70.6872
2423.9636,33.4394,70.6872
2424.9637,33.4394,70.6872
2425.9637,33.4393,70.6872
2426.9637,33.4393,70.6872
2427.9637,33.4394,70.6872
2428.9637,33.4394,70.6872
2429.9637,33.4394,70.6872
2430.9637,33.4394,70.6872
2431.9637,33.4393,70.6872
2432.9637,33.4393,70.6872
2433.9637,33.4393,70.6872
2434.9637,33.4393,70.6872
2435.9637,33.4393,70.6872
2436.9637,33.4393,70.6872
2437.9637,33.4394,70.6872
2438.9637,33.4394,70.6872
2439.9637,33.4394,70.6872
2440.9637,33.4394,70.6872
2441.9637,33.4394,70.6872
2442.9637,33.4394,70.6872
2443.9637,33.4394,70.6872
2444.9637,33.4394,70.6872
2445.9638,33.4394,70.6872
2446.9638,33.4394,70.6872
2447.9638,33.4394,70.6872
2448.9638,33.4394,70.6872
2449.9638,33.4394,70.6872
2450.9638,33.4394,70.6872
2451.9638,33.4394,70.6872
2452.9638,33.4394,70.6872
2453.9638,33.4394,70.6872
2454.9638,33.4394,70.6872
2455.9638,33.4394,70.6872
2456.9638,33.4394,70.6872
2457.9638,33.4394,70.6872
2458.9638,33.4394,70.6872
2459.9638,33.4394,70.6872
2460.9638,33.4394,70.6872
2461.9638,33.4394,70.6872
2462.9638,33.4394,70.6872
2463.9638,33.4394,70.6872
2464.9638,33.4394,70.6872
2465.9638,33.4394,70.6872
2466.9638,33.4394,70.6872
2467.9638,33.4394,70.6872
2468.9638,33.4394,70.6872
2469.9638,33.4394,70.6872
2470.9638,33.4394,70.6872
2471.9638,33.4394,70.6872
2472.9638,33.4394,70.6872
2473.9638,33.4394,70.6872
2474.9638,33.4394,70.6872
2475.9639,33.4394,70.6872
2476.9639,33.4394,70.6872
2477.9639,33.4394,70.6872
2478.9639,33.4394,70.6872
2479.9639,33.4394,70.6872
2480.9639,33.4394,70.6872
2481.9639,33.4394,70.6872
2482.9639,33.4394,70.6872
2483.9639,33.4394,70.6872
2484.9639,33.4394,70.6872
2485.9639,33.4394,70.6872
2486.9639,33.4394,70.6872
2487.9639,33.4394,70.6872
2488.9639,33.4394,70.6872
2489.9639,33.4394,70.6872
2490.9639,33.4394,70.6872
2491.9639,33.4394,70.6872
2492.9639,33.4394,70.6872
2493.9639,33.4394,70.6872
2494.9639,33.4394,70.6872
2495.9639,33.4394,70.6872
2496.9639,33.4394,70.6872
2497.9639,33.4394,70.6872
2498.9639,33.4394,70.6872
2499.9639,33.4394,70.6872
2500.9639,33.4394,70.6872
2501.9639,33.4394,70.6872
2502.9639,33.4394,70.6872
2503.9639,33.4394,70.6872
2504.9639,33.4394,70.6872
2505.9627,33.4394,70.6872
2506.9627,33.4394,70.6872
2507.9627,33.4394,70.6872
2508.9627,33.4394,70.6872
2509.9627,33.4394,70.6872
2510.9628,33.4394,70.6872
2511.9628,33.4394,70.6872
2512.9628,33.4394,70.6872
2513.9628,33.4394,70.6872
2514.9628,33.4394,70.6872
2515.9629,33.4394,70.6872
2516.9629,33.4394,70.6872
2517.9629,33.4394,70.6872
2518.963,33.4394,70.6872
2519.963,33.4394,70.6872
2520.963,33.4394,70.6872
2521.9631,33.4394,70.6872
2522.9631,33.4394,70.6872
2523.9631,33.4394,70.6872
2524.9631,33.4394,70.6872
2525.9632,33.4394,70.6872
2526.9632,33.4394,70.6872
2527.9632,33.4394,70.6872
2528.9633,33.4394,70.6872
2529.9633,33.4394,70.6872
2530.9633,33.4394,70.6872
2531.9633,33.4394,70.6872
2532.9633,33.4394,70.6872
2533.9634,33.4394,70.6872
2534.9634,33.4394,70.6872
2535.9634,33.4394,70.6872
2536.9634,33.4394,70.6872
2537.9634,33.4394,70.6872
2538.9634,33.4394,70.6872
2539.9635,33.4394,70.6872
2540.9635,33.4394,70.6872
2541.9635,33.4394,70.6872
2542.9635,33.4394,70.6872
2543.9635,33.4394,70.6872
2544.9635,33.4394,70.6872
2545.9635,33.4394,70.6872
2546.9635,33.4394,70.6872
2547.9636,33.4394,70.6872
2548.9636,33.4394,70.6872
2549.9636,33.4394,70.6872
2550.9636,33.4393,70.6872
2551.9636,33.4393,70.6872
2552.9636,33.4393,70.6872
2553.9636,33.4393,70.6872
2554.9636,33.4393,70.6872
2555.9636,33.4393,70.6872
2556.9636,33.4393,70.6872
2557.9637,33.4393,70.6872
2558.9637,33.4393,70.6872
2559.9637,33.4393,70.6872
2560.9637,33.4393,70.6872
2561.9637,33.4393,70.6872
2562.9637,33.4393,70.6872
2563.9637,33.4393,70.6872
2564.9637,33.4393,70.6872
2565.9637,33.4393,70.6872
2566.9637,33.4393,70.6872
2567.9637,33.4393,70.6872
2568.9637,33.4394,70.6872
2569.9637,33.4394,70.6872
2570.9638,33.4394,70.6872
2571.9638,33.4394,70.6872
2572.9638,33.4394,70.6872
2573.9638,33.4393,70.6872
2574.9638,33.4393,70.6872
2575.9638,33.4393,70.6872
2576.9638,33.4393,70.6872
2577.9638,33.4393,70.6872
2578.9638,33.4393,70.6872
2579.9638,33.4393,70.6872
2580.9638,33.4393,70.6872
2581.9638,33.4393,70.6872
2582.9638,33.4393,70.6872
2583.9638,33.4393,70.6872
2584.9639,33.4393,70.6872
2585.9639,33.4394,70.6872
2586.9639,33.4393,70.6872
2587.9639,33.4393,70.6872
2588.9639,33.4393,70.6872
2589.9639,33.4393,70.6872
2590.9639,33.4393,70.6872
2591.9639,33.4393,70.6872
2592.9639,33.4393,70.6872
2593.9639,33.4393,70.6872
2594.9639,33.4393,70.6872
2595.9639,33.4393,70.6872
2596.9639,33.4393,70.6872
2597.9639,33.4393,70.6872
2598.9639,33.4393,70.6872
2599.964,33.4393,70.6872
2600.964,33.4393,70.6872
2601.964,33.4393,70.6872
2602.964,33.4393,70.6872
2603.964,33.4393,70.6872
2604.964,33.4393,70.6872
2605.964,33.4393,70.6872
2606.964,33.4393,70.6872
2607.964,33.4393,70.6872
2608.964,33.4393,70.6872
2609.964,33.4393,70.6872
2610.6505,33.4393,70.6872
2610.964,33.4393,70.6872
2611.964,33.4393,70.6872
2612.964,33.4394,70.6872
2613.964,33.4394,70.6872
2614.964,33.4394,70.6872
2615.9641,33.4394,70.6872
2616.9641,33.4394,70.6872
2617.9641,33.4394,70.6872
2618.9641,33.4394,70.6872
2619.9641,33.4394,70.6872
2620.9641,33.4394,70.6872
2621.9641,33.4394,70.6872
2622.9641,33.4394,70.6872
2623.9641,33.4394,70.6872
2624.9641,33.4394,70.6872
2625.9641,33.4394,70.6872
2626.9641,33.4394,70.6872
2627.9641,33.4394,70.6872
2628.9641,33.4394,70.6872
2629.9641,33.4394,70.6872
2630.9641,33.4394,70.6872
2631.9624,33.4394,70.6872
2632.9623,33.4394,70.6872
2633.9624,33.4394,70.6872
2634.9624,33.4394,70.6872
2635.9624,33.4394,70.6872
2636.9624,33.4394,70.6872
2637.9624,33.4394,70.6872
2638.9625,33.4394,70.6872
2639.9625,33.4394,70.6872
2640.9625,33.4394,70.6872
2641.9625,33.4394,70.6872
2642.9626,33.4394,70.6872
2643.9626,33.4394,70.6872
2644.9626,33.4394,70.6872
2645.9627,33.4394,70.6872
2646.9627,33.4394,70.6872
2647.9628,33.4394,70.6872
2648.9628,33.4394,70.6872
2649.9629,33.4394,70.6872
2650.9629,33.4394,70.6872
2651.963,33.4394,70.6872
2652.963,33.4394,70.6872
2653.963,33.4394,70.6872
2654.9631,33.4394,70.6872
2655.9631,33.4394,70.6872
2656.9631,33.4394,70.6872
2657.9631,33.4394,70.6872
2658.9632,33.4394,70.6872
2659.9632,33.4394,70.6872
2660.9632,33.4394,70.6872
2661.9633,33.4394,70.6872
2662.9633,33.4394,70.6872
2663.9633,33.4394,70.6872
2664.9633,33.4394,70.6872
2665.9633,33.4394,70.6872
2666.9634,33.4394,70.6872
2667.9634,33.4394,70.6872
2668.9634,33.4394,70.6872
2669.9634,33.4394,70.6872
2670.9634,33.4394,70.6872
2671.9635,33.4394,70.6872
2672.9635,33.4394,70.6872
2673.9635,33.4394,70.6872
2674.9635,33.4394,70.6872
2675.9635,33.4394,70.6872
2676.9635,33.4394,70.6872
2677.9636,33.4394,70.6872
2678.9636,33.4394,70.6873
2679.9636,33.4394,70.6873
2680.9636,33.4394,70.6873
2681.9636,33.4394,70.6873
2682.9636,33.4394,70.6873
2683.9636,33.4394,70.6873
2684.9637,33.4394,70.6872
2685.9637,33.4394,70.6872
2686.9637,33.4394,70.6872
2687.9637,33.4394,70.6872
2688.9637,33.4394,70.6872
2689.9637,33.4394,70.6872
2690.9637,33.4394,70.6873
2691.9638,33.4394,70.6873
2692.9638,33.4394,70.6873
2693.9638,33.4394,70.6873
2694.9638,33.4394,70.6873
2695.9638,33.4394,70.6873
2696.9638,33.4394,70.6872
2697.9638,33.4394,70.6872
2698.9638,33.4394,70.6872
2699.9638,33.4394,70.6872
2700.9639,33.4394,70.6872
2701.9639,33.4394,70.6872
2702.9639,33.4394,70.6872
2703.9639,33.4394,70.6872
2704.9639,33.4394,70.6872
2705.9639,33.4394,70.6872
2706.9639,33.4394,70.6872
2707.9639,33.4394,70.6872
2708.964,33.4394,70.6872
2709.964,33.4394,70.6872
2710.964,33.4394,70.6872
2711.964,33.4394,70.6872
2712.964,33.4394,70.6872
2713.964,33.4394,70.6872
2714.964,33.4394,70.6872
2715.964,33.4394,70.6872
2716.964,33.4394,70.6872
2717.9641,33.4394,70.6872
2718.9641,33.4394,70.6872
2719.9641,33.4394,70.6872
2720.9641,33.4394,70.6873
2721.9641,33.4394,70.6873
2722.9641,33.4394,70.6873
2723.9641,33.4394,70.6873
2724.9641,33.4394,70.6873
2725.9641,33.4394,70.6873
2726.9641,33.4394,70.6872
2727.9642,33.4394,70.6873
2728.9642,33.4394,70.6873
2729.9642,33.4394,70.6872
2730.9642,33.4394,70.6873
2731.9642,33.4394,70.6873
2732.9642,33.4394,70.6873
2733.9642,33.4394,70.6872
2734.9642,33.4394,70.6872
2735.9642,33.4394,70.6872
2736.9643,33.4394,70.6872
2737.9643,33.4394,70.6872
2738.9643,33.4394,70.6872
2739.9643,33.4394,70.6873
2740.9643,33.4394,70.6873
2741.9643,33.4394,70.6873
2742.9643,33.4394,70.6873
2743.9643,33.4394,70.6873
2744.9643,33.4394,70.6873
2745.9643,33.4394,70.6872
2746.9644,33.4394,70.6872
2747.9644,33.4394,70.6872
2748.9644,33.4394,70.6872
2749.9644,33.4394,70.6872
2750.9644,33.4394,70.6872
2751.9644,33.4394,70.6872
2752.9644,33.4394,70.6872
2753.9644,33.4394,70.6872
2754.9644,33.4394,70.6872
2755.9645,33.4394,70.6872
2756.9645,33.4394,70.6872
2757.9623,33.4394,70.6872
2758.9623,33.4394,70.6872
2759.9623,33.4394,70.6872
2760.9623,33.4394,70.6873
2761.9624,33.4394,70.6873
2762.9624,33.4394,70.6873
2763.9624,33.4394,70.6872
2764.9625,33.4394,70.6872
2765.9625,33.4394,70.6872
2766.9625,33.4394,70.6872
2767.9626,33.4394,70.6872
2768.9626,33.4394,70.6872
2769.9626,33.4394,70.6872
2770.9627,33.4394,70.6872
2771.9627,33.4394,70.6872
2772.9628,33.4394,70.6872
2773.9629,33.4394,70.6872
2774.9629,33.4394,70.6872
2775.963,33.4394,70.6873
2776.963,33.4394,70.6873
2777.963,33.4394,70.6873
2778.9631,33.4394,70.6873
2779.9631,33.4394,70.6873
2780.9632,33.4394,70.6873
2781.9632,33.4394,70.6872
2782.9632,33.4394,70.6872
2783.9633,33.4394,70.6872
2784.9633,33.4394,70.6872
2785.9633,33.4394,70.6872
2786.9634,33.4394,70.6872
2787.9634,33.4394,70.6872
2788.9634,33.4394,70.6872
2789.9635,33.4394,70.6872
2790.9635,33.4394,70.6872
2791.9635,33.4394,70.6872
2792.9635,33.4394,70.6872
2793.9636,33.4394,70.6872
2794.9636,33.4394,70.6872
2795.9636,33.4394,70.6872
2796.9636,33.4394,70.6872
2797.9637,33.4394,70.6872
2798.9637,33.4394,70.6873
2799.9637,33.4394,70.6872
2800.9637,33.4394,70.6872
2801.9637,33.4394,70.6872
2802.9638,33.4394,70.6872
2803.9638,33.4394,70.6872
2804.9638,33.4394,70.6872
2805.9638,33.4394,70.6872
2806.9638,33.4394,70.6872
2807.9639,33.4394,70.6872
2808.9639,33.4394,70.6872
2809.9639,33.4394,70.6872
2810.9639,33.4394,70.6873
2811.9639,33.4394,70.6872
2812.964,33.4394,70.6872
2813.964,33.4394,70.6872
2814.964,33.4394,70.6872
2815.964,33.4394,70.6872
2816.964,33.4394,70.6872
2817.964,33.4394,70.6873
2818.9641,33.4394,70.6872
2819.9641,33.4394,70.6872
2820.9641,33.4394,70.6872
2821.9641,33.4394,70.6872
2822.9641,33.4394,70.6872
2823.9641,33.4394,70.6872
2824.9642,33.4394,70.6872
2825.9642,33.4394,70.6872
2826.9642,33.4394,70.6872
2827.9642,33.4394,70.6872
2828.9642,33.4394,70.6872
2829.9642,33.4394,70.6872
2830.9643,33.4394,70.6872
2831.9643,33.4394,70.6872
2832.9643,33.4394,70.6872
2833.9643,33.4394,70.6872
2834.9643,33.4394,70.6872
2835.9643,33.4394,70.6872
2836.9643,33.4394,70.6872
2837.9644,33.4394,70.6872
2838.9644,33.4394,70.6872
2839.9644,33.4394,70.6872
2840.9644,33.4394,70.6872
2841.9644,33.4394,70.6872
2842.9644,33.4394,70.6873
2843.9645,33.4394,70.6873
2844.9645,33.4394,70.6873
2845.9645,33.4394,70.6873
2846.9645,33.4394,70.6873
2847.9645,33.4394,70.6873
2848.9645,33.4394,70.6873
2849.9645,33.4394,70.6873
2850.9646,33.4394,70.6873
2851.9646,33.4394,70.6873
2852.9646,33.4394,70.6873
2853.9646,33.4394,70.6873
2854.9646,33.4394,70.6873
2855.9646,33.4394,70.6873
2856.9646,33.4394,70.6873
2857.9647,33.4394,70.6873
2858.9647,33.4394,70.6873
2859.9647,33.4394,70.6873
2860.9647,33.4394,70.6873
2861.9647,33.4394,70.6873
2862.9647,33.4394,70.6873
2863.9648,33.4394,70.6873
2864.9648,33.4394,70.6873
2865.9648,33.4394,70.6873
2866.9648,33.4394,70.6873
2867.9648,33.4394,70.6873
2868.9648,33.4394,70.6873
2869.9648,33.4394,70.6873
2870.9649,33.4394,70.6873
2871.9649,33.4394,70.6873
2872.9649,33.4394,70.6873
2873.9649,33.4394,70.6873
2874.9649,33.4394,70.6873
2875.9649,33.4394,70.6873
2876.9649,33.4394,70.6873
2877.965,33.4394,70.6873
2878.965,33.4394,70.6873
2879.965,33.4394,70.6873
2880.965,33.4394,70.6873
2881.965,33.4394,70.6873
2882.965,33.4394,70.6873
2883.9627,33.4394,70.6873
2884.9627,33.4394,70.6873
2885.9627,33.4394,70.6873
2886.9627,33.4394,70.6873
2887.9627,33.4394,70.6873
2888.9627,33.4394,70.6873
2889.9628,33.4394,70.6873
2890.9628,33.4394,70.6873
2891.9628,33.4394,70.6873
2892.9629,33.4394,70.6873
2893.9629,33.4394,70.6873
2894.9629,33.4394,70.6873
2895.963,33.4394,70.6873
2896.963,33.4394,70.6873
2897.963,33.4394,70.6873
2898.9631,33.4394,70.6873
2899.9631,33.4394,70.6873
2900.9632,33.4394,70.6873
2901.9632,33.4394,70.6873
2902.9633,33.4394,70.6873
2903.9633,33.4394,70.6873
2904.9633,33.4394,70.6873
2905.9634,33.4394,70.6873
2906.9634,33.4394,70.6873
2907.9635,33.4394,70.6873
2908.9635,33.4394,70.6873
2909.9635,33.4394,70.6873
2910.9636,33.4394,70.6873
2911.9636,33.4394,70.6873
2912.9636,33.4394,70.6873
2913.9637,33.4394,70.6873
2914.9637,33.4394,70.6873
2915.9637,33.4394,70.6873
2916.9637,33.4394,70.6873
2917.9638,33.4394,70.6873
2918.9638,33.4394,70.6873
2919.9638,33.4394,70.6873
2920.9639,33.4394,70.6873
2921.9639,33.4394,70.6873
2922.9639,33.4394,70.6873
2923.9639,33.4394,70.6873
2924.964,33.4394,70.6873
2925.964,33.4394,70.6873
2926.964,33.4394,70.6873
2927.964,33.4394,70.6873
2928.9641,33.4394,70.6873
2929.9641,33.4394,70.6873
2930.9641,33.4394,70.6873
2931.9641,33.4394,70.6873
2932.9641,33.4394,70.6873
2933.9642,33.4394,70.6873
2934.9642,33.4394,70.6873
2935.9642,33.4394,70.6873
2936.9642,33.4394,70.6873
2937.9642,33.4394,70.6873
2938.9643,33.4394,70.6873
2939.9643,33.4394,70.6873
2940.9643,33.4394,70.6873
2941.9643,33.4394,70.6873
2942.9644,33.4394,70.6873
2943.9644,33.4394,70.6873
2944.9644,33.4393,70.6873
2945.9644,33.4394,70.6873
2946.9644,33.4394,70.6873
2947.9644,33.4394,70.6873
2948.9645,33.4394,70.6873
2949.9645,33.4394,70.6873
2950.9645,33.4394,70.6873
2951.9645,33.4394,70.6873
2952.9645,33.4394,70.6873
2953.9646,33.4394,70.6873
2954.9646,33.4394,70.6873
2955.9646,33.4394,70.6873
2956.9646,33.4394,70.6873
2957.9646,33.4394,70.6873
2958.9647,33.4394,70.6873
2959.9647,33.4394,70.6873
2960.9647,33.4394,70.6873
2961.9647,33.4394,70.6873
2962.9647,33.4394,70.6873
2963.9648,33.4394,70.6873
2964.9648,33.4394,70.6873
2965.9648,33.4394,70.6873
2966.9648,33.4394,70.6873
2967.9648,33.4394,70.6873
2968.9649,33.4394,70.6873
2969.9649,33.4394,70.6873
2970.9649,33.4394,70.6873
2971.9649,33.4394,70.6873
2972.9649,33.4394,70.6873
2973.9649,33.4394,70.6873
2974.965,33.4394,70.6873
2975.965,33.4394,70.6873
2976.965,33.4394,70.6873
2977.965,33.4394,70.6873
2978.965,33.4394,70.6874
2979.9651,33.4394,70.6874
2980.9651,33.4394,70.6874
2981.9651,33.4394,70.6874
2982.9651,33.4394,70.6874
2983.9651,33.4394,70.6874
2984.9651,33.4394,70.6874
2985.9652,33.4394,70.6874
2986.9652,33.4394,70.6874
2987.9652,33.4394,70.6874
2988.9652,33.4394,70.6874
2989.9652,33.4394,70.6874
2990.9653,33.4394,70.6874
2991.9653,33.4394,70.6874
2992.9653,33.4394,70.6874
2993.9653,33.4394,70.6874
2994.9653,33.4394,70.6874
2995.9653,33.4394,70.6874
2996.9654,33.4394,70.6874
2997.9654,33.4394,70.6874
2998.9654,33.4394,70.6874
2999.9654,33.4394,70.6874
3000.9654,33.4394,70.6874
3001.9655,33.4394,70.6874
3002.9655,33.4394,70.6874
3003.9655,33.4394,70.6874
3004.9655,33.4394,70.6874
3005.9655,33.4394,70.6874
3006.9656,33.4394,70.6875
3007.9656,33.4394,70.6875
3008.9656,33.4394,70.6875
3009.9624,33.4394,70.6875
3010.9624,33.4394,70.6875
3011.9625,33.4394,70.6875
3012.9625,33.4394,70.6874
3013.9625,33.4394,70.6874
3014.9625,33.4394,70.6874
3015.9625,33.4394,70.6874
3016.9625,33.4394,70.6874
3017.9626,33.4394,70.6875
3018.9626,33.4394,70.6875
3019.9626,33.4394,70.6875
3020.9627,33.4394,70.6875
3021.9627,33.4394,70.6875
3022.9627,33.4394,70.6875
3023.9628,33.4394,70.6875
3024.9628,33.4394,70.6875
3025.9629,33.4394,70.6875
3026.9629,33.4394,70.6875
3027.963,33.4394,70.6875
3028.9631,33.4394,70.6875
3029.9631,33.4394,70.6875
3030.9631,33.4394,70.6875
3031.9632,33.4394,70.6875
3032.9632,33.4394,70.6875
3033.9633,33.4394,70.6875
3034.9633,33.4394,70.6875
3035.9634,33.4394,70.6875
3036.9634,33.4394,70.6874
3037.9634,33.4394,70.6874
3038.9635,33.4394,70.6874
3039.9635,33.4394,70.6874
3040.9636,33.4394,70.6874
3041.9636,33.4394,70.6874
3042.9636,33.4394,70.6874
3043.9637,33.4394,70.6874
3044.9637,33.4394,70.6874
3045.9637,33.4394,70.6874
3046.9638,33.4394,70.6874
3047.9638,33.4394,70.6874
3048.9638,33.4394,70.6874
3049.9638,33.4394,70.6874
3050.9639,33.4394,70.6874
3051.9639,33.4394,70.6874
3052.9639,33.4394,70.6874
3053.964,33.4394,70.6874
3054.964,33.4394,70.6874
3055.964,33.4394,70.6874
3056.964,33.4394,70.6874
3057.9641,33.4394,70.6874
3058.9641,33.4394,70.6874
3059.9641,33.4394,70.6874
3060.9642,33.4394,70.6874
3061.9642,33.4394,70.6874
3062.9642,33.4394,70.6874
3063.9642,33.4394,70.6874
3064.9643,33.4394,70.6874
3065.9643,33.4394,70.6874
3066.9643,33.4394,70.6874
3067.9643,33.4394,70.6874
3068.9644,33.4394,70.6874
3069.9644,33.4394,70.6874
3070.9644,33.4394,70.6874
3071.9644,33.4394,70.6874
3072.9645,33.4394,70.6874
3073.9645,33.4394,70.6874
3074.9645,33.4394,70.6874
3075.9645,33.4394,70.6874
3076.9645,33.4394,70.6874
3077.9646,33.4394,70.6874
3078.9646,33.4394,70.6874
3079.9646,33.4394,70.6874
3080.9646,33.4394,70.6874
3081.9647,33.4394,70.6874
3082.9647,33.4394,70.6874
3083.9647,33.4394,70.6874
3084.9647,33.4394,70.6874
3085.9648,33.4394,70.6874
3086.9648,33.4394,70.6874
3087.9648,33.4394,70.6874
3088.9648,33.4394,70.6874
3089.9648,33.4394,70.6874
3090.9649,33.4394,70.6874
3091.9649,33.4394,70.6874
3092.9649,33.4394,70.6874
3093.9649,33.4394,70.6874
3094.965,33.4394,70.6874
3095.965,33.4394,70.6874
3096.965,33.4394,70.6874
3097.965,33.4394,70.6874
3098.9651,33.4394,70.6874
3099.9651,33.4394,70.6874
3100.9651,33.4394,70.6874
3101.9651,33.4394,70.6874
3102.9651,33.4394,70.6874
3103.9652,33.4394,70.6874
3104.9652,33.4394,70.6874
3105.9652,33.4394,70.6874
3106.9652,33.4394,70.6874
3107.9653,33.4394,70.6874
3108.9653,33.4394,70.6874
3109.9653,33.4394,70.6874
3110.9653,33.4394,70.6874
3111.9653,33.4394,70.6874
3112.9654,33.4394,70.6874
3113.9654,33.4394,70.6874
3114.9654,33.4394,70.6874
3115.9654,33.4394,70.6874
3116.9655,33.4394,70.6874
3117.9655,33.4394,70.6874
3118.9655,33.4394,70.6874
3119.9655,33.4394,70.6874
3120.9655,33.4394,70.6874
3121.9656,33.4394,70.6874
3122.9656,33.4394,70.6874
3123.9656,33.4394,70.6874
3124.9656,33.4394,70.6874
3125.9657,33.4394,70.6874
3126.9657,33.4394,70.6874
3127.9657,33.4394,70.6874
3128.9657,33.4394,70.6874
3129.9658,33.4394,70.6874
3130.9658,33.4394,70.6874
3131.9658,33.4394,70.6874
3132.9658,33.4394,70.6874
3133.9658,33.4394,70.6874
3134.9659,33.4394,70.6874
3135.9627,33.4394,70.6874
3136.9626,33.4394,70.6874
3137.9627,33.4394,70.6874
3138.9627,33.4394,70.6874
3139.9627,33.4394,70.6874
3140.9627,33.4394,70.6874
3141.9628,33.4394,70.6874
3142.9628,33.4394,70.6874
3143.9628,33.4394,70.6874
3144.9629,33.4394,70.6874
3145.9629,33.4394,70.6874
3146.9629,33.4394,70.6874
3147.963,33.4394,70.6874
3148.963,33.4394,70.6874
3149.963,33.4394,70.6874
3150.9631,33.4394,70.6874
3151.9631,33.4394,70.6874
3152.9632,33.4394,70.6874
3153.9632,33.4394,70.6874
3154.9633,33.4394,70.6874
3155.9633,33.4394,70.6874
3156.9634,33.4394,70.6874
3157.9634,33.4394,70.6874
3158.9635,33.4394,70.6874
3159.9635,33.4394,70.6874
3160.9636,33.4394,70.6874
3161.9636,33.4394,70.6874
3162.9636,33.4394,70.6874
3163.9637,33.4394,70.6874
3164.9637,33.4394,70.6874
3165.9638,33.4394,70.6874
3166.9638,33.4394,70.6874
3167.9638,33.4394,70.6874
3168.9639,33.4394,70.6874
3169.9639,33.4394,70.6874
3170.9639,33.4394,70.6874
3171.964,33.4394,70.6874
3172.964,33.4394,70.6874
3173.964,33.4394,70.6874
3174.9641,33.4394,70.6874
3175.9641,33.4394,70.6874
3176.9641,33.4394,70.6874
3177.9642,33.4394,70.6874
3178.9642,33.4394,70.6874
3179.9642,33.4394,70.6874
3180.9642,33.4394,70.6874
3181.9643,33.4394,70.6874
3182.9643,33.4394,70.6874
3183.9643,33.4394,70.6874
3184.9644,33.4394,70.6874
3185.9644,33.4394,70.6874
3186.9644,33.4394,70.6874
3187.9645,33.4394,70.6874
3188.9645,33.4394,70.6874
3189.9645,33.4394,70.6874
3190.9645,33.4394,70.6874
3191.9646,33.4394,70.6874
3192.9646,33.4394,70.6874
3193.9646,33.4394,70.6874
3194.9646,33.4394,70.6874
3195.9647,33.4394,70.6874
3196.9647,33.4394,70.6874
3197.9647,33.4394,70.6874
3198.9648,33.4394,70.6874
3199.9648,33.4394,70.6874
3200.9648,33.4394,70.6874
3201.9648,33.4394,70.6874
3202.9649,33.4394,70.6874
3203.9649,33.4394,70.6874
3204.9649,33.4394,70.6874
3205.9649,33.4394,70.6874
3206.965,33.4394,70.6874
3207.965,33.4394,70.6874
3208.965,33.4394,70.6874
3209.9651,33.4394,70.6874
3210.9651,33.4394,70.6874
3211.9651,33.4394,70.6874
3212.9651,33.4394,70.6874
3213.9652,33.4394,70.6874
3214.9652,33.4394,70.6874
3215.9652,33.4394,70.6874
3216.9652,33.4394,70.6874
3217.9653,33.4394,70.6874
3218.9653,33.4394,70.6874
3219.9653,33.4394,70.6874
3220.9653,33.4394,70.6874
3221.9654,33.4394,70.6874
3222.9654,33.4394,70.6874
3223.9654,33.4394,70.6874
3224.9654,33.4394,70.6874
3225.9655,33.4394,70.6874
3226.9655,33.4394,70.6874
3227.9655,33.4394,70.6874
3228.9655,33.4394,70.6874
3229.9656,33.4394,70.6874
3230.9656,33.4394,70.6874
3231.9656,33.4394,70.6874
3232.9657,33.4394,70.6874
3233.9657,33.4394,70.6874
3234.9657,33.4394,70.6874
3235.9657,33.4394,70.6874
3236.9658,33.4394,70.6874
3237.9658,33.4394,70.6874
3238.9658,33.4394,70.6874
3239.9658,33.4394,70.6874
3240.9659,33.4394,70.6874
3241.9659,33.4394,70.6874
3242.9659,33.4394,70.6874
3243.9659,33.4394,70.6874
3244.966,33.4394,70.6874
3245.966,33.4394,70.6874
3246.966,33.4394,70.6874
3247.966,33.4394,70.6874
3248.9661,33.4394,70.6874
3249.9661,33.4394,70.6874
3250.9661,33.4394,70.6874
3251.9661,33.4394,70.6874
3252.9662,33.4394,70.6874
3253.9662,33.4394,70.6874
3254.9662,33.4394,70.6874
3255.9662,33.4394,70.6874
3256.9663,33.4394,70.6874
3257.9663,33.4394,70.6874
3258.9663,33.4394,70.6874
3259.9664,33.4394,70.6874
3260.9664,33.4394,70.6874
3261.9638,33.4394,70.6874
3262.9638,33.4394,70.6874
3263.9638,33.4394,70.6874
3264.9638,33.4394,70.6874
3265.9638,33.4394,70.6874
3266.9639,33.4394,70.6874
3267.9638,33.4394,70.6874
3268.9638,33.4394,70.6874
3269.9639,33.4394,70.6874
3270.9639,33.4394,70.6874
3271.9639,33.4394,70.6874
3272.9639,33.4394,70.6874
3273.9639,33.4394,70.6874
3274.9639,33.4394,70.6874
3275.9639,33.4394,70.6874
3276.964,33.4394,70.6874
3277.964,33.4394,70.6874
3278.964,33.4394,70.6874
3279.9641,33.4394,70.6874
3280.9641,33.4394,70.6874
3281.9641,33.4394,70.6874
3282.9641,33.4394,70.6874
3283.9642,33.4394,70.6874
3284.9642,33.4394,70.6874
3285.9642,33.4394,70.6874
3286.9643,33.4394,70.6874
3287.9643,33.4394,70.6874
3288.9643,33.4394,70.6874
3289.9644,33.4394,70.6874
3290.9644,33.4394,70.6874
3291.9644,33.4394,70.6874
3292.9644,33.4394,70.6874
3293.9645,33.4394,70.6874
3294.9645,33.4394,70.6874
3295.9645,33.4394,70.6874
3296.9645,33.4394,70.6874
3297.9646,33.4394,70.6874
3298.9646,33.4394,70.6874
3299.9646,33.4394,70.6874
3300.9647,33.4394,70.6874
3301.9647,33.4394,70.6874
3302.9647,33.4394,70.6874
3303.9647,33.4394,70.6874
3304.9648,33.4394,70.6874
3305.9648,33.4394,70.6874
3306.9648,33.4394,70.6874
3307.9648,33.4394,70.6874
3308.9649,33.4394,70.6874
3309.9649,33.4394,70.6874
3310.9649,33.4394,70.6874
3311.965,33.4394,70.6874
3312.965,33.4394,70.6874
3313.965,33.4394,70.6874
3314.965,33.4394,70.6874
3315.9651,33.4394,70.6874
3316.9651,33.4394,70.6874
3317.9651,33.4394,70.6875
3318.9651,33.4394,70.6875
3319.9652,33.4393,70.6874
3320.9652,33.4393,70.6874
3321.9652,33.4393,70.6874
3322.9652,33.4393,70.6874
3323.9653,33.4393,70.6874
3324.9653,33.4393,70.6874
3325.9653,33.4393,70.6874
3326.9653,33.4393,70.6874
3327.9654,33.4393,70.6874
3328.9654,33.4393,70.6874
3329.9654,33.4393,70.6874
3330.9655,33.4393,70.6874
3331.9655,33.4394,70.6874
3332.9655,33.4394,70.6874
3333.9655,33.4394,70.6874
3334.9656,33.4394,70.6874
3335.9656,33.4394,70.6874
3336.9656,33.4394,70.6874
3337.9656,33.4394,70.6874
3338.9657,33.4394,70.6874
3339.9657,33.4394,70.6874
3340.9657,33.4394,70.6874
3341.9657,33.4394,70.6874
3342.9658,33.4394,70.6874
3343.9658,33.4394,70.6874
3344.9658,33.4394,70.6874
3345.9658,33.4394,70.6874
3346.9659,33.4394,70.6874
3347.9659,33.4394,70.6874
3348.9659,33.4394,70.6874
3349.966,33.4394,70.6874
3350.966,33.4394,70.6874
3351.966,33.4394,70.6874
3352.966,33.4394,70.6874
3353.9661,33.4394,70.6873
3354.9661,33.4394,70.6873
3355.9661,33.4394,70.6873
3356.9661,33.4394,70.6873
3357.9662,33.4394,70.6873
3358.9662,33.4394,70.6873
3359.9662,33.4394,70.6872
3360.9662,33.4394,70.6872
3361.9663,33.4394,70.6872
3362.9663,33.4394,70.6872
3363.9663,33.4394,70.6872
3364.9663,33.4394,70.6872
3365.9664,33.4394,70.6872
3366.9664,33.4394,70.6872
3367.9664,33.4394,70.6872
3368.9665,33.4394,70.6872
3369.9665,33.4394,70.6872
3370.9665,33.4394,70.6872
3371.9665,33.4394,70.6872
3372.9666,33.4394,70.6872
3373.9666,33.4394,70.6872
3374.9666,33.4394,70.6872
3375.9666,33.4394,70.6872
3376.9667,33.4394,70.6872
3377.9667,33.4394,70.6872
3378.9667,33.4395,70.6872
3379.9667,33.4395,70.6872
3380.9668,33.4395,70.6872
3381.9668,33.4395,70.6872
3382.9668,33.4395,70.6872
3383.9668,33.4394,70.6872
3384.9669,33.4394,70.6872
3385.9669,33.4394,70.6872
3386.9669,33.4394,70.6873
3387.9643,33.4395,70.6873
3388.9643,33.4395,70.6873
3389.9643,33.4395,70.6873
3390.9643,33.4395,70.6873
3391.9643,33.4395,70.6873
3392.9643,33.4395,70.6873
3393.9643,33.4395,70.6873
3394.9643,33.4395,70.6873
3395.9643,33.4395,70.6873
3396.9643,33.4395,70.6873
3397.9643,33.4395,70.6873
3398.9643,33.4395,70.6872
3399.9643,33.4395,70.6872
3400.9643,33.4395,70.6872
3401.9643,33.4395,70.6872
3402.9643,33.4394,70.6872
3403.9644,33.4394,70.6872
3404.9644,33.4394,70.6872
3405.9644,33.4394,70.6872
3406.9644,33.4394,70.6872
3407.9644,33.4394,70.6872
3408.9645,33.4394,70.6872
3409.9645,33.4394,70.6872
3410.9645,33.4394,70.6872
3411.9645,33.4394,70.6872
3412.9645,33.4394,70.6872
3413.9646,33.4394,70.6872
3414.9646,33.4394,70.6872
3415.9646,33.4394,70.6872
3416.9646,33.4395,70.6872
3417.9647,33.4394,70.6872
3418.9647,33.4395,70.6872
3419.9647,33.4395,70.6873
3420.9647,33.4395,70.6873
3421.9648,33.4395,70.6873
3422.9648,33.4395,70.6873
3423.9648,33.4395,70.6873
3424.9648,33.4395,70.6873
3425.9648,33.4394,70.6873
3426.9649,33.4394,70.6873
3427.9649,33.4394,70.6873
3428.9649,33.4394,70.6873
3429.9649,33.4394,70.6874
3430.965,33.4394,70.6874
3431.965,33.4394,70.6874
3432.965,33.4394,70.6874
3433.965,33.4394,70.6874
3434.9651,33.4394,70.6874
3435.9651,33.4394,70.6874
3436.9651,33.4394,70.6874
3437.9651,33.4394,70.6874
3438.9652,33.4394,70.6874
3439.9652,33.4394,70.6874
3440.9652,33.4394,70.6874
3441.9652,33.4394,70.6874
3442.9653,33.4394,70.6874
3443.9653,33.4394,70.6874
3444.9653,33.4394,70.6874
3445.9653,33.4394,70.6874
3446.9654,33.4394,70.6874
3447.9654,33.4394,70.6874
3448.9654,33.4394,70.6874
3449.9654,33.4394,70.6874
3450.9655,33.4394,70.6874
3451.9655,33.4394,70.6874
3452.9655,33.4394,70.6874
3453.9655,33.4394,70.6874
3454.9656,33.4394,70.6874
3455.9656,33.4394,70.6874
3456.9656,33.4394,70.6874
3457.9656,33.4394,70.6874
3458.9657,33.4394,70.6874
3459.9657,33.4394,70.6874
3460.9657,33.4394,70.6874
3461.9657,33.4394,70.6874
3462.9658,33.4394,70.6874
3463.9658,33.4394,70.6874
3464.9658,33.4394,70.6874
3465.9658,33.4394,70.6874
3466.9659,33.4394,70.6874
3467.9659,33.4394,70.6874
3468.9659,33.4394,70.6874
3469.9659,33.4394,70.6874
3470.966,33.4394,70.6874
3471.966,33.4394,70.6874
3472.966,33.4394,70.6874
3473.966,33.4394,70.6874
3474.9661,33.4394,70.6874
3475.9661,33.4394,70.6874
3476.9661,33.4394,70.6874
3477.9662,33.4394,70.6874
3478.9662,33.4394,70.6874
3479.9662,33.4394,70.6874
3480.9662,33.4394,70.6874
3481.9663,33.4394,70.6874
3482.9663,33.4394,70.6874
3483.9663,33.4394,70.6874
3484.9663,33.4394,70.6874
3485.9664,33.4394,70.6874
3486.9664,33.4394,70.6874
3487.9664,33.4394,70.6874
3488.9664,33.4394,70.6874
3489.9665,33.4394,70.6874
3490.9665,33.4394,70.6874
3491.9665,33.4394,70.6874
3492.9665,33.4394,70.6874
3493.9666,33.4394,70.6874
3494.9666,33.4394,70.6874
3495.9666,33.4394,70.6874
3496.9666,33.4394,70.6874
3497.9667,33.4394,70.6874
3498.9667,33.4394,70.6874
3499.9667,33.4394,70.6874
3500.9667,33.4394,70.6874
3501.9668,33.4394,70.6874
3502.9668,33.4394,70.6874
3503.9668,33.4394,70.6874
3504.9668,33.4394,70.6874
3505.9669,33.4394,70.6874
3506.9669,33.4394,70.6874
3507.9669,33.4394,70.6874
3508.9669,33.4394,70.6874
3509.967,33.4394,70.6874
3510.967,33.4394,70.6874
3511.967,33.4394,70.6874
3512.967,33.4394,70.6874
3513.9647,33.4394,70.6874
3514.9647,33.4394,70.6874
3515.9647,33.4394,70.6874
3516.9647,33.4394,70.6874
3517.9647,33.4394,70.6874
3518.9647,33.4394,70.6874
3519.9647,33.4394,70.6874
3520.9646,33.4394,70.6874
3521.9646,33.4394,70.6874
3522.9646,33.4394,70.6874
3523.9646,33.4394,70.6874
3524.9646,33.4394,70.6874
3525.9645,33.4394,70.6874
3526.9645,33.4394,70.6874
3527.9645,33.4394,70.6874
3528.9645,33.4394,70.6874
3529.9645,33.4394,70.6874
3530.9645,33.4394,70.6874
3531.9646,33.4394,70.6874
3532.9646,33.4394,70.6874
3533.9646,33.4394,70.6874
3534.9646,33.4394,70.6874
3535.9646,33.4394,70.6874
3536.9646,33.4394,70.6874
3537.9646,33.4394,70.6874
3538.9646,33.4394,70.6874
3539.9647,33.4394,70.6874
3540.9647,33.4394,70.6874
3541.9647,33.4394,70.6874
3542.9647,33.4394,70.6874
3543.9647,33.4394,70.6873
3544.9647,33.4394,70.6873
3545.9648,33.4394,70.6873
3546.9648,33.4394,70.6873
3547.9648,33.4394,70.6873
3548.9648,33.4394,70.6873
3549.9648,33.4394,70.6873
3550.9649,33.4394,70.6873
3551.9649,33.4394,70.6873
3552.9649,33.4394,70.6873
3553.9649,33.4394,70.6873
3554.9649,33.4394,70.6873
3555.965,33.4394,70.6873
3556.965,33.4394,70.6873
3557.965,33.4394,70.6873
3558.965,33.4394,70.6873
3559.965,33.4394,70.6873
3560.9651,33.4394,70.6873
3561.9651,33.4394,70.6873
3562.9651,33.4394,70.6873
3563.9651,33.4394,70.6873
3564.9652,33.4394,70.6873
3565.9652,33.4394,70.6873
3566.9652,33.4394,70.6873
3567.9652,33.4394,70.6873
3568.9652,33.4394,70.6873
3569.9653,33.4394,70.6872
3570.9653,33.4394,70.6872
3571.9653,33.4394,70.6872
3572.9653,33.4394,70.6872
3573.9654,33.4394,70.6872
3574.9654,33.4394,70.6872
3575.9654,33.4394,70.6872
3576.9654,33.4394,70.6872
3577.9655,33.4394,70.6872
3578.9655,33.4394,70.6872
3579.9655,33.4394,70.6872
3580.9655,33.4394,70.6872
3581.9655,33.4394,70.6872
3582.9656,33.4394,70.6872
3583.9656,33.4394,70.6872
3584.9656,33.4394,70.6872
3585.9656,33.4394,70.6872
3586.9657,33.4394,70.6872
3587.9657,33.4394,70.6872
3588.9657,33.4394,70.6872
3589.9657,33.4394,70.6872
3590.9658,33.4394,70.6872
3591.9658,33.4394,70.6872
3592.9658,33.4394,70.6872
3593.9658,33.4394,70.6872
3594.9658,33.4394,70.6872
3595.9659,33.4394,70.6872
3596.9659,33.4394,70.6872
3597.9659,33.4394,70.6872
3598.9659,33.4394,70.6872
3599.966,33.4394,70.6872
3600.966,33.4394,70.6872
3601.966,33.4394,70.6872
3602.966,33.4394,70.6872
3603.9661,33.4394,70.6872
3604.9661,33.4394,70.6872
3605.9661,33.4394,70.6872
3606.9661,33.4394,70.6872
3607.9662,33.4394,70.6872
3608.9662,33.4394,70.6872
3609.9662,33.4394,70.6872
3610.9662,33.4394,70.6872
3611.9663,33.4394,70.6872
3612.9663,33.4394,70.6872
3613.9663,33.4394,70.6872
3614.9663,33.4394,70.6872
3615.9663,33.4394,70.6872
3616.9664,33.4394,70.6872
3617.9664,33.4394,70.6872
3618.9664,33.4394,70.6872
3619.9664,33.4394,70.6872
3620.9665,33.4394,70.6872
3621.9665,33.4394,70.6872
3622.9665,33.4394,70.6872
3623.9665,33.4394,70.6872
3624.9666,33.4394,70.6872
3625.9666,33.4394,70.6872
3626.9666,33.4394,70.6872
3627.9666,33.4394,70.6872
3628.9667,33.4394,70.6872
3629.9667,33.4394,70.6872
3630.9667,33.4394,70.6872
3631.9667,33.4394,70.6872
3632.9668,33.4394,70.6872
3633.9668,33.4394,70.6872
3634.9668,33.4394,70.6872
3635.9668,33.4394,70.6872
3636.9668,33.4394,70.6872
3637.9669,33.4394,70.6872
3638.9669,33.4394,70.6872
3639.9649,33.4394,70.6872
3640.9649,33.4394,70.6872
3641.9649,33.4394,70.6872
3642.9649,33.4394,70.6872
3643.9648,33.4394,70.6872
3644.9648,33.4394,70.6872
3645.9648,33.4394,70.6872
3646.9648,33.4394,70.6872
3647.9648,33.4394,70.6872
3648.9647,33.4394,70.6872
3649.9647,33.4394,70.6872
3650.9647,33.4394,70.6872
3651.9647,33.4394,70.6872
3652.9647,33.4394,70.6872
3653.9647,33.4394,70.6872
3654.9647,33.4394,70.6872
3655.9647,33.4394,70.6872
3656.9647,33.4394,70.6872
3657.9647,33.4394,70.6872
3658.9647,33.4394,70.6872
3659.9647,33.4394,70.6872
3660.9647,33.4394,70.6872
3661.9647,33.4394,70.6871
3662.9647,33.4394,70.6871
3663.9647,33.4394,70.6871
3664.9648,33.4394,70.6871
3665.9648,33.4394,70.6871
3666.9648,33.4394,70.6871
3667.9648,33.4394,70.6871
3668.9648,33.4394,70.6871
3669.9648,33.4394,70.6871
3670.9648,33.4394,70.6871
3671.9649,33.4394,70.6871
3672.9649,33.4394,70.6871
3673.9649,33.4394,70.6871
3674.9649,33.4394,70.6871
3675.9649,33.4394,70.6871
3676.9649,33.4394,70.6871
3677.965,33.4394,70.6871
3678.965,33.4394,70.6871
3679.965,33.4394,70.6871
3680.965,33.4394,70.6871
3681.965,33.4394,70.6872
3682.9651,33.4394,70.6872
3683.9651,33.4394,70.6872
3684.9651,33.4394,70.6871
3685.9651,33.4394,70.6871
3686.9651,33.4394,70.6871
3687.9651,33.4394,70.6871
3688.9652,33.4394,70.6871
3689.9652,33.4394,70.6871
3690.9652,33.4394,70.6871
3691.9652,33.4394,70.6871
3692.9653,33.4394,70.6871
3693.9653,33.4394,70.6871
3694.9653,33.4394,70.6871
3695.9653,33.4394,70.6871
3696.9653,33.4394,70.6871
3697.9654,33.4394,70.6871
3698.9654,33.4394,70.6871
3699.9654,33.4394,70.6871
3700.9654,33.4394,70.6871
3701.9654,33.4394,70.6871
3702.9655,33.4394,70.6871
3703.9655,33.4394,70.6871
3704.9655,33.4394,70.6871
3705.9655,33.4394,70.6871
3706.9655,33.4394,70.6871
3707.9656,33.4394,70.6871
3708.9656,33.4394,70.6871
3709.9656,33.4394,70.6872
3710.9656,33.4394,70.6872
3711.9656,33.4394,70.6872
3712.9657,33.4394,70.6872
3713.9657,33.4394,70.6872
3714.9657,33.4394,70.6872
3715.9657,33.4394,70.6872
3716.9658,33.4394,70.6872
3717.9658,33.4394,70.6872
3718.9658,33.4394,70.6872
3719.9658,33.4394,70.6872
3720.9658,33.4394,70.6872
3721.9659,33.4394,70.6872
3722.9659,33.4394,70.6872
3723.9659,33.4394,70.6872
3724.9659,33.4394,70.6872
3725.9659,33.4394,70.6872
3726.966,33.4394,70.6872
3727.966,33.4394,70.6872
3728.966,33.4394,70.6872
3729.966,33.4394,70.6872
3730.9661,33.4394,70.6872
3731.9661,33.4394,70.6872
3732.9661,33.4394,70.6872
3733.9661,33.4394,70.6872
3734.9661,33.4394,70.6872
3735.9662,33.4394,70.6872
3736.9662,33.4394,70.6872
3737.9662,33.4394,70.6872
3738.9662,33.4394,70.6872
3739.9663,33.4394,70.6872
3740.9663,33.4394,70.6872
3741.9663,33.4394,70.6872
3742.9663,33.4394,70.6872
3743.9663,33.4394,70.6872
3744.9664,33.4394,70.6872
3745.9664,33.4394,70.6872
3746.9664,33.4394,70.6872
3747.9664,33.4394,70.6872
3748.9664,33.4394,70.6872
3749.9665,33.4394,70.6872
3750.9665,33.4394,70.6872
3751.9665,33.4394,70.6872
3752.9665,33.4394,70.6872
3753.9666,33.4394,70.6872
3754.9666,33.4394,70.6872
3755.9666,33.4394,70.6872
3756.9666,33.4394,70.6872
3757.9666,33.4394,70.6872
3758.9667,33.4394,70.6872
3759.9667,33.4394,70.6872
3760.9667,33.4394,70.6872
3761.9667,33.4394,70.6872
3762.9668,33.4394,70.6872
3763.9668,33.4394,70.6872
3764.9668,33.4394,70.6872
3765.9647,33.4394,70.6872
3766.9647,33.4394,70.6872
3767.9647,33.4394,70.6872
3768.9647,33.4394,70.6872
3769.9647,33.4394,70.6872
3770.9646,33.4394,70.6872
3771.9646,33.4394,70.6872
3772.9646,33.4394,70.6872
3773.9646,33.4394,70.6872
3774.9646,33.4394,70.6872
3775.9645,33.4394,70.6872
3776.9645,33.4394,70.6872
3777.9645,33.4394,70.6872
3778.9645,33.4394,70.6872
3779.9645,33.4394,70.6872
3780.9645,33.4394,70.6872
3781.9645,33.4394,70.6872
3782.9645,33.4394,70.6872
3783.9645,33.4394,70.6872
3784.9645,33.4394,70.6872
3785.9646,33.4394,70.6872
3786.9646,33.4394,70.6872
3787.9646,33.4394,70.6872
3788.9646,33.4394,70.6872
3789.9646,33.4394,70.6872
3790.9646,33.4394,70.6872
3791.9646,33.4394,70.6872
3792.9646,33.4394,70.6872
3793.9647,33.4394,70.6872
3794.9647,33.4394,70.6872
3795.9647,33.4394,70.6872
3796.9647,33.4394,70.6872
3797.9647,33.4394,70.6872
3798.4788,33.4394,70.6872
3798.9647,33.4394,70.6872
3799.9648,33.4394,70.6872
3800.9648,33.4394,70.6872
3801.9648,33.4394,70.6872
3802.9648,33.4394,70.6872
3803.9648,33.4394,70.6872
3804.9648,33.4394,70.6872
3805.9649,33.4394,70.6872
3806.9649,33.4394,70.6872
3807.9649,33.4394,70.6872
3808.9649,33.4394,70.6872
3809.9649,33.4394,70.6872
3810.965,33.4394,70.6872
3811.965,33.4394,70.6872
3812.965,33.4394,70.6872
3813.965,33.4394,70.6872
3814.965,33.4394,70.6872
3815.965,33.4394,70.6872
3816.9651,33.4394,70.6872
3817.9651,33.4394,70.6872
3818.9651,33.4394,70.6872
3819.9651,33.4394,70.6872
3820.9651,33.4394,70.6872
3821.9652,33.4394,70.6872
3822.9652,33.4394,70.6872
3823.9652,33.4394,70.6872
3824.9652,33.4394,70.6872
3825.9652,33.4394,70.6872
3826.9653,33.4394,70.6872
3827.9653,33.4394,70.6872
3828.9653,33.4394,70.6872
3829.9653,33.4394,70.6872
3830.9653,33.4394,70.6872
3831.9654,33.4394,70.6872
3832.9654,33.4394,70.6872
3833.9654,33.4394,70.6872
3834.9654,33.4394,70.6872
3835.9654,33.4394,70.6872
3836.9655,33.4394,70.6872
3837.9655,33.4394,70.6872
3838.9655,33.4394,70.6872
3839.9655,33.4394,70.6872
3840.9655,33.4394,70.6872
3841.9656,33.4394,70.6872
3842.9656,33.4394,70.6872
3843.9656,33.4394,70.6872
3844.9656,33.4394,70.6872
3845.9656,33.4394,70.6872
3846.9657,33.4394,70.6872
3847.9657,33.4394,70.6872
3848.9657,33.4394,70.6872
3849.9657,33.4394,70.6871
3850.9657,33.4394,70.6871
3851.9658,33.4394,70.6871
3852.9658,33.4394,70.6871
3853.9658,33.4394,70.6871
3854.9658,33.4394,70.6872
3855.9658,33.4394,70.6872
3856.9659,33.4394,70.6872
3857.9659,33.4394,70.6872
3858.9659,33.4394,70.6872
3859.9659,33.4394,70.6871
3860.9659,33.4394,70.6871
3861.966,33.4394,70.6871
3862.966,33.4394,70.6871
3863.966,33.4394,70.6871
3864.966,33.4395,70.6871
3865.966,33.4395,70.6871
3866.9661,33.4394,70.6871
3867.9661,33.4394,70.6871
3868.9661,33.4394,70.6871
3869.9661,33.4394,70.6871
3870.9661,33.4395,70.6871
3871.9662,33.4395,70.6871
3872.9662,33.4394,70.6871
3873.9662,33.4394,70.6872
3874.9662,33.4394,70.6871
3875.9662,33.4394,70.6872
3876.9663,33.4394,70.6872
3877.9663,33.4394,70.6872
3878.9663,33.4394,70.6872
3879.9663,33.4394,70.6872
3880.9663,33.4394,70.6872
3881.9664,33.4394,70.6872
3882.9664,33.4394,70.6872
3883.9664,33.4394,70.6872
3884.9664,33.4394,70.6872
3885.9664,33.4394,70.6872
3886.9665,33.4394,70.6872
3887.9665,33.4394,70.6872
3888.9665,33.4394,70.6872
3889.9665,33.4394,70.6872
3890.9665,33.4394,70.6872
3891.9642,33.4394,70.6872
3892.9642,33.4394,70.6872
3893.9642,33.4394,70.6872
3894.9642,33.4394,70.6872
3895.9641,33.4394,70.6872
3896.9642,33.4394,70.6872
3897.9641,33.4394,70.6872
3898.9641,33.4394,70.6872
3899.9641,33.4394,70.6872
3900.9641,33.4394,70.6872
3901.9641,33.4394,70.6872
3902.9641,33.4394,70.6872
3903.9641,33.4394,70.6872
3904.9641,33.4394,70.6872
3905.9641,33.4394,70.6872
3906.9641,33.4394,70.6872
3907.9642,33.4394,70.6872
3908.9642,33.4394,70.6872
3909.9642,33.4394,70.6872
3910.9642,33.4394,70.6872
3911.9642,33.4394,70.6872
3912.9643,33.4394,70.6872
3913.9643,33.4394,70.6872
3914.9643,33.4394,70.6872
3915.9643,33.4394,70.6872
3916.9643,33.4394,70.6872
3917.9643,33.4394,70.6872
3918.9644,33.4394,70.6872
3919.9644,33.4394,70.6872
3920.9644,33.4394,70.6872
3921.9644,33.4394,70.6872
3922.9644,33.4394,70.6872
3923.9645,33.4394,70.6872
3924.9645,33.4394,70.6872
3925.9645,33.4394,70.6872
3926.9645,33.4394,70.6872
3927.9645,33.4394,70.6872
3928.9646,33.4394,70.6872
3929.9646,33.4394,70.6872
3930.9646,33.4394,70.6872
3931.9646,33.4394,70.6872
3932.9646,33.4394,70.6872
3933.9647,33.4394,70.6872
3934.9647,33.4394,70.6872
3935.9647,33.4394,70.6872
3936.9647,33.4394,70.6872
3937.9647,33.4394,70.6872
3938.9648,33.4394,70.6872
3939.9648,33.4394,70.6872
3940.9648,33.4394,70.6872
3941.9648,33.4394,70.6872
3942.9648,33.4394,70.6872
3943.9649,33.4394,70.6872
3944.9649,33.4394,70.6872
3945.9649,33.4394,70.6872
3946.9649,33.4394,70.6872
3947.9649,33.4394,70.6872
3948.965,33.4394,70.6872
3949.965,33.4394,70.6872
3950.965,33.4394,70.6872
3951.965,33.4394,70.6872
3952.965,33.4394,70.6872
3953.9651,33.4394,70.6872
3954.9651,33.4394,70.6872
3955.9651,33.4394,70.6872
3956.9651,33.4394,70.6872
3957.9651,33.4394,70.6872
3958.9652,33.4394,70.6872
3959.9652,33.4394,70.6872
3960.9652,33.4394,70.6872
3961.9652,33.4394,70.6872
3963.9653,33.4394,70.6872
3964.9653,33.4394,70.6872
3965.9653,33.4394,70.6872
3975.9508,33.4394,70.6872
3981.4611,33.4394,70.6872
3987.9361,33.4394,70.6872
3993.9453,33.4394,70.6872
3995.9957,33.4394,70.6872
3999.9467,33.4394,70.6872
4006.8417,33.4394,70.6872
4012.9434,33.4394,70.6872
4018.9781,33.4394,70.6873
4025.8235,33.4394,70.6873
4031.8222,33.4394,70.6873
4037.5615,33.4394,70.6873
4043.7331,33.4394,70.6873
4049.8635,33.4394,70.6873
4055.9713,33.4394,70.6873
4061.9663,33.4394,70.6873
4067.857,33.4394,70.6873
4073.8218,33.4394,70.6873
4079.6832,33.4394,70.6873
4085.8088,33.4394,70.6873
4091.8053,33.4394,70.6873
4097.6949,33.4394,70.6873
4103.8647,33.4393,70.6874
4109.9948,33.4393,70.6874
4116.9032,33.4394,70.6873
4122.9133,33.4393,70.6874
4128.8795,33.4393,70.6874
4134.8918,33.4393,70.6874
4140.7502,33.4393,70.6874
4146.8987,33.4393,70.6874
4152.8696,33.4393,70.6874
4158.7537,33.4393,70.6874
4164.8882,33.4393,70.6873
4170.8989,33.4393,70.6874
4176.8755,33.4393,70.6874
4182.892,33.4393,70.6874
4188.7502,33.4393,70.6874
4194.9004,33.4393,70.6874
4200.8694,33.4393,70.6874
4201.1544,33.4393,70.6874
4206.8851,33.4393,70.6873
4212.9101,33.4393,70.6873
4218.7675,33.4393,70.6873
4224.8919,33.4393,70.6873
4230.8732,33.4393,70.6874
4233.9706,33.4393,70.6874
4234.9707,33.4393,70.6874
4235.9707,33.4393,70.6874
4236.9707,33.4393,70.6874
4237.9707,33.4393,70.6874
4238.9707,33.4393,70.6874
4239.9678,33.4393,70.6874
4240.9677,33.4393,70.6874
4241.9676,33.4393,70.6874
4242.9675,33.4393,70.6874
4243.9674,33.4393,70.6874
4248.8646,33.4393,70.6874
4254.8662,33.4393,70.6873
4260.8618,33.4393,70.6873
4266.8584,33.4393,70.6873
4272.8883,33.4393,70.6873
4278.8571,33.4393,70.6873
4284.8713,33.4393,70.6873
4290.9024,33.4393,70.6873
4296.8777,33.4393,70.6873
4302.8799,33.4393,70.6873
4308.8815,33.4393,70.6873
4314.8799,33.4393,70.6873
4320.8889,33.4393,70.6873
4326.8815,33.4393,70.6873
4332.8838,33.4393,70.6873
4338.903,33.4393,70.6873
4344.872,33.4393,70.6873
4350.973,33.4393,70.6873
4357.875,33.4393,70.6873
4363.8839,33.4393,70.6873
4369.8836,33.4393,70.6873
4375.8893,33.4393,70.6873
4381.8847,33.4393,70.6873
4387.8918,33.4393,70.6873
4393.8775,33.4393,70.6873
4399.874,33.4393,70.6873
4405.8762,33.4393,70.6873
4411.8571,33.4393,70.6873
4417.8608,33.4393,70.6873
4423.8945,33.4393,70.6873
4429.8815,33.4393,70.6873
4435.8741,33.4393,70.6873
4441.8802,33.4393,70.6873
4447.9018,33.4393,70.6873
4453.8812,33.4393,70.6873
4459.8886,33.4393,70.6873
4464.978,33.4393,70.6873
4466.4693,33.4393,70.6873
4472.5572,33.4393,70.6873
4478.5559,33.4393,70.6873
4484.5565,33.4394,70.6873
4490.5508,33.4393,70.6873
4496.555,33.4394,70.6873
4501.2086,33.4394,70.6873
4502.5528,33.4394,70.6873
4508.5537,33.4394,70.6873
4514.5583,33.4394,70.6873
4520.5441,33.4393,70.6873
4526.5529,33.4393,70.6873
4532.5559,33.4393,70.6873
4538.9872,33.4393,70.6873
4545.8622,33.4394,70.6873
4551.9742,33.4394,70.6873
4558.3002,33.4394,70.6873
4564.4683,33.4394,70.6873
4570.4649,33.4394,70.6873
4576.4749,33.4394,70.6873
4582.4651,33.4394,70.6873
4588.7315,33.4394,70.6873
4594.7388,33.4394,70.6873
4594.8673,33.4394,70.6873
4600.5368,33.4394,70.6873
4606.4779,33.4394,70.6873
4612.5028,33.4394,70.6873
4612.8538,33.4394,70.6873
4618.8191,33.4394,70.6873
4619.9685,33.4394,70.6873
4620.9685,33.4394,70.6873
4621.9685,33.4394,70.6873
4622.9685,33.4394,70.6873
4623.9686,33.4394,70.6873
4624.9686,33.4393,70.6873
4625.9663,33.4393,70.6873
4626.9662,33.4393,70.6873
4627.9662,33.4393,70.6873
4628.9661,33.4394,70.6873
4629.966,33.4394,70.6873
4630.9659,33.4394,70.6873
4631.9658,33.4394,70.6873
4632.9657,33.4394,70.6873
4633.9656,33.4394,70.6873
4634.9655,33.4394,70.6873
4635.9654,33.4394,70.6873
4636.9653,33.4394,70.6873
4637.9653,33.4394,70.6873
4638.9652,33.4394,70.6873
4639.9651,33.4394,70.6873
4640.9651,33.4394,70.6873
4641.965,33.4394,70.6873
4642.965,33.4394,70.6873
4643.9649,33.4394,70.6873
4644.9649,33.4394,70.6873
4645.9648,33.4394,70.6873
4646.9648,33.4394,70.6873
4647.9648,33.4394,70.6873
4648.9647,33.4394,70.6873
4649.9647,33.4394,70.6873
4650.9647,33.4394,70.6873
4651.9647,33.4394,70.6873
4652.9646,33.4394,70.6873
4653.9646,33.4394,70.6873
4654.9646,33.4394,70.6873
4655.9646,33.4394,70.6873
4656.9646,33.4394,70.6873
4657.9645,33.4394,70.6873
4658.9645,33.4394,70.6873
4659.9645,33.4394,70.6873
4660.9645,33.4394,70.6873
4661.9645,33.4394,70.6873
4662.9645,33.4394,70.6873
4663.9645,33.4394,70.6873
4664.9645,33.4394,70.6873
4665.9645,33.4394,70.6873
4666.9645,33.4394,70.6873
4667.9644,33.4394,70.6873
4668.9644,33.4394,70.6873
4669.9644,33.4394,70.6873
4670.9644,33.4394,70.6873
4671.9644,33.4394,70.6873
4672.9644,33.4394,70.6873
4673.9644,33.4394,70.6873
4674.9644,33.4394,70.6873
4675.9644,33.4394,70.6873
4676.9644,33.4394,70.6873
4677.9644,33.4394,70.6873
4678.9644,33.4394,70.6873
4679.9644,33.4394,70.6873
4680.9644,33.4394,70.6873
4681.9644,33.4394,70.6873
4682.9644,33.4394,70.6873
4683.9644,33.4394,70.6873
4684.9644,33.4394,70.6873
4685.9644,33.4394,70.6873
4686.9644,33.4394,70.6873
4687.9644,33.4394,70.6873
4688.9644,33.4394,70.6873
4689.9644,33.4394,70.6873
4690.9645,33.4394,70.6873
4691.9645,33.4394,70.6873
4692.9645,33.4394,70.6873
4693.9645,33.4394,70.6873
4694.9645,33.4394,70.6873
4695.9645,33.4394,70.6873
4696.9645,33.4394,70.6873
4697.9645,33.4394,70.6873
4698.9645,33.4394,70.6873
4699.9645,33.4394,70.6873
4700.9645,33.4394,70.6873
4701.9645,33.4394,70.6873
4702.9645,33.4394,70.6873
4703.9645,33.4394,70.6873
4704.9645,33.4394,70.6873
4705.9645,33.4394,70.6873
4706.9645,33.4394,70.6873
4707.9645,33.4394,70.6873
4708.9645,33.4394,70.6873
4709.9645,33.4394,70.6873
4710.9645,33.4394,70.6873
4711.9645,33.4394,70.6873
4712.9646,33.4394,70.6873
4713.9646,33.4394,70.6873
4714.9646,33.4394,70.6873
4715.9646,33.4394,70.6873
4716.9646,33.4394,70.6873
4717.9646,33.4394,70.6873
4718.9646,33.4394,70.6873
4719.9646,33.4394,70.6873
4720.9646,33.4394,70.6873
4721.9646,33.4394,70.6873
4722.9646,33.4394,70.6873
4723.9646,33.4394,70.6873
4724.9646,33.4394,70.6873
4725.9646,33.4394,70.6873
4726.9646,33.4394,70.6873
4727.9646,33.4394,70.6873
4728.9646,33.4394,70.6873
4729.9646,33.4394,70.6873
4730.9647,33.4394,70.6873
4731.9647,33.4394,70.6874
4732.9647,33.4394,70.6874
4733.9647,33.4394,70.6874
4734.9647,33.4395,70.6873
4735.9647,33.4395,70.6873
4736.9647,33.4395,70.6873
4737.9647,33.4395,70.6873
4738.9647,33.4395,70.6873
4739.9647,33.4395,70.6873
4740.9647,33.4395,70.6873
4741.9647,33.4394,70.6872
4742.9647,33.4394,70.6872
4743.9647,33.4394,70.6872
4744.9647,33.4394,70.6872
4745.9647,33.4394,70.6872
4746.9647,33.4394,70.6872
4747.9647,33.4394,70.6872
4748.9648,33.4394,70.6872
4749.9648,33.4394,70.6872
4750.9648,33.4394,70.6872
4751.9641,33.4394,70.6872
4752.9641,33.4394,70.6872
4753.9641,33.4394,70.6872
4754.9641,33.4394,70.6872
4755.9641,33.4394,70.6872
4756.9641,33.4394,70.6873
4757.9641,33.4394,70.6873
4758.9641,33.4394,70.6873
4759.9641,33.4394,70.6873
4760.9641,33.4394,70.6873
4761.964,33.4394,70.6873
4762.964,33.4394,70.6873
4763.964,33.4394,70.6873
4764.964,33.4394,70.6873
4765.964,33.4394,70.6873
4766.964,33.4394,70.6873
4767.964,33.4394,70.6873
4768.964,33.4394,70.6873
4769.964,33.4394,70.6873
4770.9641,33.4394,70.6873
4771.9641,33.4394,70.6873
4772.9641,33.4394,70.6873
4773.9641,33.4394,70.6873
4774.9641,33.4394,70.6873
4775.9641,33.4394,70.6873
4776.9641,33.4394,70.6873
4777.9641,33.4394,70.6873
4778.9641,33.4394,70.6873
4779.9641,33.4394,70.6873
4780.9641,33.4394,70.6873
4781.9641,33.4394,70.6873
4782.9641,33.4394,70.6873
4783.9641,33.4394,70.6873
4784.9641,33.4394,70.6873
4785.9641,33.4394,70.6873
4786.9641,33.4394,70.6873
4787.9641,33.4394,70.6873
4788.9642,33.4394,70.6873
4789.9642,33.4394,70.6873
4790.9642,33.4394,70.6873
4791.9642,33.4394,70.6873
4792.9642,33.4394,70.6873
4793.9642,33.4394,70.6873
4794.9642,33.4394,70.6873
4795.9642,33.4394,70.6873
4796.9642,33.4394,70.6873
4797.9642,33.4394,70.6873
4798.9642,33.4394,70.6873
4799.9642,33.4394,70.6873
4800.9642,33.4394,70.6873
4801.9642,33.4394,70.6873
4802.9642,33.4394,70.6873
4803.9642,33.4394,70.6873
4804.9642,33.4394,70.6873
4805.9642,33.4394,70.6873
4806.9643,33.4394,70.6873
4807.9643,33.4394,70.6873
4808.9643,33.4394,70.6873
4809.9643,33.4394,70.6873
4810.9643,33.4394,70.6873
4811.9643,33.4394,70.6873
4812.9643,33.4394,70.6873
4813.9643,33.4394,70.6873
4814.9643,33.4394,70.6873
4815.9643,33.4394,70.6873
4816.9643,33.4394,70.6873
4817.9643,33.4394,70.6873
4818.9643,33.4394,70.6873
4819.9643,33.4394,70.6873
4820.9643,33.4394,70.6873
4821.9643,33.4394,70.6873
4822.9643,33.4394,70.6873
4823.9643,33.4394,70.6873
4824.9644,33.4394,70.6873
4825.9644,33.4394,70.6873
4826.9644,33.4394,70.6873
4827.9644,33.4394,70.6873
4828.9644,33.4394,70.6873
4829.9644,33.4394,70.6873
4830.9644,33.4394,70.6873
4831.9644,33.4394,70.6873
4832.9644,33.4394,70.6873
4833.9644,33.4394,70.6873
4834.9644,33.4394,70.6873
4835.9644,33.4394,70.6873
4836.9644,33.4394,70.6873
4837.9644,33.4394,70.6873
4838.9644,33.4394,70.6873
4839.9644,33.4394,70.6873
4840.9644,33.4394,70.6873
4841.9644,33.4394,70.6873
4842.9645,33.4394,70.6873
4843.9645,33.4394,70.6873
4844.9645,33.4394,70.6873
4845.9645,33.4394,70.6873
4846.9645,33.4394,70.6873
4847.9645,33.4394,70.6873
4848.9645,33.4394,70.6873
4849.9645,33.4394,70.6873
4850.9645,33.4394,70.6873
4851.9645,33.4394,70.6873
4852.9645,33.4394,70.6873
4853.9645,33.4394,70.6873
4854.9645,33.4394,70.6873
4855.9645,33.4394,70.6873
4856.9645,33.4394,70.6873
4857.9645,33.4394,70.6873
4858.9645,33.4394,70.6873
4859.9645,33.4394,70.6873
4860.9646,33.4394,70.6873
4861.9646,33.4394,70.6873
4862.9646,33.4394,70.6873
4863.9646,33.4394,70.6873
4864.9646,33.4394,70.6873
4865.9646,33.4394,70.6873
4866.9646,33.4394,70.6873
4867.9646,33.4394,70.6873
4868.9646,33.4394,70.6873
4869.9646,33.4394,70.6873
4870.9646,33.4394,70.6873
4871.9646,33.4394,70.6873
4872.9646,33.4394,70.6873
4873.9646,33.4394,70.6873
4874.9646,33.4394,70.6873
4875.9646,33.4394,70.6873
4876.9646,33.4394,70.6873
4877.9632,33.4394,70.6873
4878.9632,33.4394,70.6873
4879.9633,33.4394,70.6873
4880.9633,33.4394,70.6873
4881.9633,33.4394,70.6873
4882.9633,33.4394,70.6873
4883.9633,33.4394,70.6873
4884.9633,33.4394,70.6873
4885.9633,33.4394,70.6873
4886.9634,33.4394,70.6873
4887.9634,33.4394,70.6873
4888.9634,33.4394,70.6873
4889.9634,33.4394,70.6873
4890.9634,33.4394,70.6873
4891.9634,33.4394,70.6873
4892.9635,33.4394,70.6873
4893.9635,33.4394,70.6873
4894.9635,33.4394,70.6873
4895.9635,33.4394,70.6873
4896.9636,33.4394,70.6873
4897.9636,33.4394,70.6873
4898.9636,33.4395,70.6873
4899.9636,33.4395,70.6873
4900.9637,33.4395,70.6873
4901.9637,33.4395,70.6873
4902.9637,33.4395,70.6873
4903.9637,33.4395,70.6873
4904.9637,33.4395,70.6873
4905.9637,33.4395,70.6873
4906.9638,33.4395,70.6873
4907.9638,33.4395,70.6873
4908.9638,33.4395,70.6873
4909.9638,33.4395,70.6873
4910.9638,33.4395,70.6873
4911.9638,33.4395,70.6873
4912.9639,33.4395,70.6873
4913.9639,33.4395,70.6873
4914.9639,33.4394,70.6873
4915.9639,33.4394,70.6873
4916.9639,33.4394,70.6873
4917.9639,33.4394,70.6873
4918.9639,33.4394,70.6873
4919.9639,33.4395,70.6873
4920.9639,33.4395,70.6873
4921.964,33.4395,70.6873
4922.964,33.4395,70.6873
4923.964,33.4395,70.6873
4924.964,33.4395,70.6873
4925.964,33.4395,70.6873
4926.964,33.4395,70.6873
4927.964,33.4395,70.6873
4928.964,33.4395,70.6873
4929.964,33.4395,70.6873
4930.964,33.4395,70.6873
4931.9641,33.4395,70.6873
4932.9641,33.4395,70.6873
4933.9641,33.4394,70.6873
4934.9641,33.4394,70.6873
4935.9641,33.4394,70.6873
4936.9641,33.4394,70.6873
4937.9641,33.4394,70.6873
4938.9641,33.4394,70.6873
4939.9641,33.4394,70.6873
4940.9641,33.4394,70.6873
4941.9641,33.4394,70.6873
4942.9642,33.4394,70.6873
4943.9642,33.4394,70.6873
4944.9642,33.4395,70.6874
4945.9642,33.4394,70.6874
4946.9642,33.4394,70.6874
4947.9642,33.4394,70.6874
4948.9642,33.4394,70.6874
4949.9642,33.4394,70.6874
4950.9642,33.4394,70.6874
4951.9642,33.4394,70.6874
4952.9642,33.4394,70.6874
4953.9642,33.4394,70.6874
4954.9643,33.4394,70.6874
4955.9643,33.4395,70.6874
4956.9643,33.4395,70.6874
4957.9643,33.4395,70.6874
4958.9643,33.4395,70.6874
4959.9643,33.4395,70.6874
4960.9643,33.4395,70.6874
4961.9643,33.4395,70.6874
4962.9643,33.4395,70.6874
4963.9643,33.4395,70.6874
4964.9643,33.4395,70.6874
4965.9643,33.4395,70.6874
4966.9643,33.4395,70.6874
4967.9644,33.4395,70.6874
4968.9644,33.4395,70.6874
4969.9644,33.4395,70.6874
4970.9644,33.4395,70.6874
4971.9644,33.4394,70.6874
4972.9644,33.4394,70.6874
4973.9644,33.4394,70.6874
4974.9644,33.4394,70.6874
4975.9644,33.4394,70.6874
4976.9644,33.4394,70.6874
4977.9644,33.4394,70.6874
4978.9644,33.4394,70.6874
4979.9644,33.4394,70.6874
4980.9645,33.4394,70.6874
4981.9645,33.4394,70.6874
4982.9645,33.4394,70.6874
4983.9645,33.4394,70.6874
4984.9645,33.4394,70.6875
4985.9645,33.4394,70.6875
4986.9645,33.4394,70.6875
4987.9645,33.4394,70.6875
4988.9645,33.4394,70.6875
4989.9645,33.4394,70.6875
4990.9645,33.4394,70.6875
4991.9645,33.4394,70.6875
4992.9645,33.4394,70.6875
4993.9646,33.4394,70.6875
4994.9646,33.4394,70.6874
4995.9646,33.4394,70.6875
4996.9646,33.4394,70.6874
4997.9646,33.4394,70.6874
4998.9646,33.4394,70.6874
4999.9646,33.4394,70.6874
5000.9646,33.4394,70.6874
5001.9646,33.4394,70.6875
5002.9646,33.4394,70.6874
5003.9633,33.4394,70.6874
5004.9633,33.4394,70.6874
5005.9633,33.4394,70.6874
5006.9633,33.4394,70.6874
5007.9633,33.4394,70.6874
5008.9633,33.4394,70.6874
5009.9633,33.4394,70.6874
5010.9633,33.4394,70.6874
5011.9634,33.4394,70.6874
5012.9634,33.4394,70.6874
5013.9634,33.4394,70.6874
5014.9634,33.4394,70.6874
5015.9634,33.4394,70.6874
5016.9634,33.4394,70.6874
5017.9634,33.4394,70.6874
5018.9635,33.4394,70.6874
5019.9635,33.4394,70.6874
5020.9635,33.4394,70.6874
5021.9635,33.4394,70.6874
5022.9636,33.4394,70.6874
5023.9636,33.4394,70.6874
5024.9636,33.4394,70.6874
5025.9636,33.4394,70.6874
5026.9636,33.4394,70.6874
5027.9637,33.4394,70.6874
5028.9637,33.4394,70.6874
5029.9637,33.4394,70.6874
5030.9637,33.4394,70.6874
5031.9637,33.4394,70.6874
5032.9637,33.4394,70.6875
5033.9638,33.4394,70.6875
5034.9638,33.4394,70.6875
5035.9638,33.4394,70.6875
5036.9638,33.4394,70.6875
5037.9638,33.4394,70.6875
5038.9638,33.4394,70.6875
5039.9638,33.4394,70.6875
5040.9639,33.4394,70.6875
5041.9639,33.4394,70.6875
5042.9639,33.4394,70.6875
5043.9639,33.4394,70.6875
5044.9639,33.4394,70.6875
5045.9639,33.4394,70.6875
5046.9639,33.4394,70.6875
5047.9639,33.4394,70.6875
5048.964,33.4394,70.6875
5049.964,33.4394,70.6875
5050.964,33.4394,70.6875
5051.964,33.4394,70.6875
5052.964,33.4394,70.6875
5053.964,33.4394,70.6875
5054.964,33.4394,70.6875
5055.964,33.4394,70.6875
5056.964,33.4394,70.6875
5057.9641,33.4394,70.6875
5058.9641,33.4394,70.6875
5059.9641,33.4394,70.6875
5060.9641,33.4394,70.6875
5061.9641,33.4394,70.6875
5062.9641,33.4394,70.6875
5063.9641,33.4394,70.6875
5064.9641,33.4394,70.6875
5065.9641,33.4394,70.6875
5066.9641,33.4394,70.6875
5067.9642,33.4394,70.6875
5068.9642,33.4394,70.6875
5069.9642,33.4394,70.6875
5070.9642,33.4394,70.6875
5071.9642,33.4394,70.6875
5072.9642,33.4394,70.6875
5073.9642,33.4394,70.6875
5074.9642,33.4394,70.6875
5075.9642,33.4394,70.6875
5076.9643,33.4394,70.6875
5077.9643,33.4394,70.6875
5078.9643,33.4394,70.6875
5079.9643,33.4394,70.6875
5080.9643,33.4394,70.6875
5081.9643,33.4394,70.6875
5082.9643,33.4394,70.6875
5083.9643,33.4394,70.6875
5084.9643,33.4394,70.6875
5085.9643,33.4394,70.6875
5086.9643,33.4394,70.6875
5087.9644,33.4394,70.6875
5088.9644,33.4394,70.6875
5089.9644,33.4394,70.6875
5090.9644,33.4394,70.6875
5091.9644,33.4394,70.6875
5092.9644,33.4394,70.6875
5093.9644,33.4394,70.6875
5094.9644,33.4394,70.6875
5095.9644,33.4394,70.6875
5096.9644,33.4394,70.6875
5097.9645,33.4394,70.6875
5098.9645,33.4394,70.6875
5099.9645,33.4394,70.6875
5100.9645,33.4394,70.6875
5101.9645,33.4394,70.6875
5102.9645,33.4394,70.6875
5103.9645,33.4394,70.6875
5104.9645,33.4394,70.6875
5105.9645,33.4394,70.6875
5106.9645,33.4394,70.6875
5107.9646,33.4394,70.6875
5108.9646,33.4394,70.6875
5109.9646,33.4394,70.6875
5110.9646,33.4394,70.6875
5111.9646,33.4394,70.6875
5112.9646,33.4394,70.6875
5113.9646,33.4394,70.6875
5114.9646,33.4394,70.6875
5115.9646,33.4394,70.6875
5116.9646,33.4394,70.6875
5117.9646,33.4394,70.6875
5118.9647,33.4394,70.6875
5119.9647,33.4394,70.6875
5120.9647,33.4394,70.6875
5121.9647,33.4394,70.6875
5122.9647,33.4394,70.6875
5123.9647,33.4394,70.6875
5124.9647,33.4394,70.6875
5125.9647,33.4394,70.6875
5126.9647,33.4394,70.6875
5127.9647,33.4394,70.6875
5128.9648,33.4394,70.6875
5129.9632,33.4394,70.6875
5130.9632,33.4394,70.6875
5131.9633,33.4394,70.6875
5132.9633,33.4394,70.6875
5133.9633,33.4394,70.6875
5134.9633,33.4394,70.6875
5135.9633,33.4394,70.6875
5136.9633,33.4394,70.6875
5137.9633,33.4394,70.6875
5138.9633,33.4394,70.6875
5139.9633,33.4394,70.6875
5140.9634,33.4394,70.6875
5141.9634,33.4394,70.6875
5142.9634,33.4394,70.6875
5143.9634,33.4394,70.6875
5144.9634,33.4394,70.6875
5145.9635,33.4394,70.6875
5146.9635,33.4394,70.6875
5147.9635,33.4394,70.6875
5148.9635,33.4394,70.6875
5149.9636,33.4394,70.6875
5150.9636,33.4394,70.6875
5151.9636,33.4394,70.6875
5152.9636,33.4394,70.6875
5153.9637,33.4394,70.6875
5154.9637,33.4394,70.6875
5155.9637,33.4394,70.6875
5156.9637,33.4394,70.6875
5157.9637,33.4394,70.6875
5158.9638,33.4394,70.6875
5159.9638,33.4394,70.6875
5160.9638,33.4394,70.6875
5161.9638,33.4394,70.6875
5162.9638,33.4394,70.6875
5163.9638,33.4394,70.6875
5164.9639,33.4394,70.6875
5165.9639,33.4394,70.6875
5166.9639,33.4394,70.6875
5167.9639,33.4394,70.6875
5168.9639,33.4394,70.6875
5169.9639,33.4394,70.6875
5170.964,33.4394,70.6875
5171.964,33.4394,70.6875
5172.964,33.4394,70.6875
5173.964,33.4394,70.6875
5174.964,33.4394,70.6875
5175.964,33.4394,70.6875
5176.964,33.4394,70.6875
5177.9641,33.4394,70.6875
5178.9641,33.4394,70.6875
5179.9641,33.4394,70.6875
5180.9641,33.4394,70.6875
5181.9641,33.4394,70.6875
5182.9641,33.4394,70.6875
5183.9641,33.4394,70.6875
5184.9642,33.4394,70.6875
5185.9642,33.4394,70.6875
5186.9642,33.4394,70.6875
5187.9642,33.4394,70.6875
5188.9642,33.4394,70.6875
5189.9642,33.4394,70.6875
5190.9642,33.4394,70.6875
5191.9642,33.4394,70.6875
5192.9643,33.4394,70.6875
5193.9643,33.4394,70.6875
5194.9643,33.4394,70.6875
5195.9643,33.4394,70.6875
5196.9643,33.4394,70.6875
5197.9643,33.4394,70.6875
5198.9643,33.4394,70.6875
5199.9643,33.4394,70.6875
5200.9643,33.4394,70.6875
5201.9644,33.4394,70.6875
5202.9644,33.4394,70.6875
5203.9644,33.4394,70.6875
5204.9644,33.4394,70.6875
5205.9644,33.4394,70.6875
5206.9644,33.4394,70.6875
5207.9644,33.4394,70.6875
5208.9644,33.4394,70.6875
5209.9645,33.4394,70.6875
5210.9645,33.4394,70.6875
5211.9645,33.4394,70.6875
5212.9645,33.4394,70.6875
5213.9645,33.4394,70.6875
5214.9645,33.4394,70.6875
5215.9645,33.4394,70.6875
5216.9645,33.4394,70.6875
5217.9646,33.4394,70.6875
5218.9646,33.4394,70.6875
5219.9646,33.4394,70.6875
5220.9646,33.4394,70.6875
5221.9646,33.4394,70.6875
5222.9646,33.4394,70.6875
5223.9646,33.4394,70.6875
5224.9646,33.4394,70.6875
5225.9646,33.4394,70.6875
5226.9647,33.4394,70.6875
5227.9647,33.4394,70.6875
5228.9647,33.4394,70.6875
5229.9647,33.4394,70.6875
5230.9647,33.4394,70.6875
5231.9647,33.4394,70.6875
5232.9647,33.4394,70.6875
5233.9647,33.4394,70.6875
5234.9647,33.4394,70.6875
5235.9648,33.4394,70.6875
5236.9648,33.4394,70.6875
5237.9648,33.4394,70.6875
5238.9648,33.4394,70.6875
5239.9648,33.4394,70.6875
5240.9648,33.4394,70.6875
5241.9648,33.4394,70.6875
5242.9648,33.4394,70.6875
5243.9649,33.4394,70.6875
5244.9649,33.4394,70.6875
5245.9649,33.4394,70.6875
5246.9649,33.4394,70.6875
5247.9649,33.4394,70.6875
5248.9649,33.4394,70.6875
5249.9649,33.4394,70.6875
5250.9649,33.4394,70.6875
5251.9649,33.4394,70.6875
5252.965,33.4394,70.6875
5253.965,33.4394,70.6875
5254.965,33.4394,70.6875
5255.9632,33.4394,70.6875
5256.9632,33.4394,70.6875
5257.9632,33.4394,70.6875
5258.9632,33.4394,70.6875
5259.9632,33.4394,70.6875
5260.9632,33.4394,70.6875
5261.9633,33.4394,70.6875
5262.9633,33.4394,70.6875
5263.9633,33.4394,70.6875
5264.9633,33.4394,70.6875
5265.9633,33.4394,70.6875
5266.9634,33.4394,70.6875
5267.9634,33.4394,70.6875
5268.9634,33.4394,70.6875
5269.9634,33.4394,70.6875
5270.9634,33.4394,70.6875
5271.9635,33.4394,70.6875
5272.9635,33.4394,70.6875
5273.9635,33.4394,70.6875
5274.9636,33.4394,70.6875
5275.9636,33.4394,70.6875
5276.9636,33.4394,70.6875
5277.9636,33.4394,70.6875
5278.9637,33.4394,70.6875
5279.9637,33.4394,70.6875
5280.9637,33.4394,70.6875
5281.9637,33.4394,70.6875
5282.9638,33.4394,70.6875
5283.9638,33.4394,70.6875
5284.9638,33.4394,70.6875
5285.9638,33.4394,70.6875
5286.9639,33.4394,70.6875
5287.9639,33.4394,70.6875
5288.9639,33.4394,70.6875
5289.9639,33.4394,70.6875
5290.9639,33.4394,70.6875
5291.9639,33.4394,70.6875
5292.964,33.4394,70.6875
5293.964,33.4394,70.6875
5294.964,33.4394,70.6875
5295.964,33.4394,70.6875
5296.964,33.4394,70.6875
5297.9641,33.4394,70.6875
5298.9641,33.4394,70.6875
5299.9641,33.4394,70.6875
5300.9641,33.4394,70.6875
5301.9641,33.4394,70.6875
5302.9641,33.4394,70.6875
5303.9642,33.4394,70.6875
5304.9642,33.4394,70.6875
5305.9642,33.4394,70.6875
5306.9642,33.4394,70.6875
5307.9642,33.4394,70.6875
5308.9642,33.4394,70.6875
5309.9642,33.4394,70.6875
5310.9643,33.4394,70.6875
5311.9643,33.4394,70.6875
5312.9643,33.4394,70.6875
5313.9643,33.4394,70.6875
5314.9643,33.4394,70.6875
5315.9643,33.4394,70.6875
5316.9644,33.4394,70.6875
5317.9644,33.4394,70.6875
5318.9644,33.4394,70.6875
5319.9644,33.4394,70.6875
5320.9644,33.4394,70.6874
5321.9644,33.4394,70.6874
5322.9644,33.4394,70.6874
5323.9645,33.4394,70.6874
5324.9645,33.4394,70.6874
5325.9645,33.4394,70.6874
5326.9645,33.4394,70.6874
5327.9645,33.4394,70.6874
5328.9645,33.4394,70.6874
5329.9645,33.4394,70.6874
5330.9646,33.4394,70.6874
5331.9646,33.4394,70.6874
5332.9646,33.4394,70.6874
5333.9646,33.4394,70.6874
5334.9646,33.4394,70.6874
5335.9646,33.4394,70.6874
5336.9646,33.4394,70.6874
5337.9646,33.4394,70.6874
5338.9647,33.4394,70.6874
5339.9647,33.4394,70.6874
5340.9647,33.4394,70.6874
5341.9647,33.4394,70.6874
5342.9647,33.4394,70.6874
5343.9647,33.4394,70.6874
5344.9647,33.4394,70.6874
5345.9648,33.4394,70.6874
5346.9648,33.4394,70.6874
5347.9648,33.4394,70.6874
5348.9648,33.4394,70.6874
5349.9648,33.4394,70.6874
5350.9648,33.4394,70.6874
5351.9648,33.4394,70.6874
5352.9649,33.4394,70.6874
5353.9649,33.4394,70.6874
5354.9649,33.4394,70.6874
5355.9649,33.4394,70.6875
5356.9649,33.4394,70.6875
5357.9649,33.4394,70.6875
5358.9649,33.4394,70.6875
5359.965,33.4394,70.6875
5360.965,33.4394,70.6875
5361.965,33.4394,70.6875
5362.965,33.4394,70.6875
5363.965,33.4394,70.6875
5364.965,33.4394,70.6875
5365.965,33.4394,70.6875
5366.965,33.4394,70.6875
5367.9651,33.4394,70.6875
5368.9651,33.4394,70.6875
5369.9651,33.4394,70.6875
5370.9651,33.4394,70.6875
5371.9651,33.4394,70.6875
5372.9651,33.4394,70.6875
5373.9651,33.4394,70.6875
5374.9652,33.4394,70.6875
5375.9652,33.4394,70.6875
5376.9652,33.4394,70.6875
5377.9652,33.4394,70.6875
5378.9652,33.4394,70.6875
5379.9652,33.4394,70.6875
5380.9652,33.4394,70.6875
5381.9637,33.4394,70.6875
5382.9637,33.4394,70.6875
5383.9637,33.4394,70.6875
5384.9637,33.4394,70.6875
5385.9637,33.4394,70.6875
5386.9637,33.4394,70.6875
5387.9637,33.4394,70.6875
5388.9637,33.4394,70.6875
5389.9637,33.4394,70.6875
5390.9637,33.4394,70.6875
5391.9637,33.4394,70.6875
5392.9638,33.4394,70.6875
5393.9638,33.4394,70.6875
5394.9638,33.4394,70.6875
5395.9638,33.4394,70.6875
5396.9638,33.4394,70.6875
5397.9638,33.4394,70.6875
5398.9639,33.4394,70.6875
5399.9639,33.4394,70.6875
5400.9639,33.4394,70.6875
5401.9639,33.4394,70.6875
5402.9639,33.4394,70.6875
5403.964,33.4394,70.6875
5404.964,33.4394,70.6875
5405.964,33.4394,70.6875
5406.964,33.4394,70.6875
5407.964,33.4394,70.6875
5408.9641,33.4394,70.6875
5409.9641,33.4394,70.6875
5410.9641,33.4394,70.6875
5411.9641,33.4394,70.6875
5412.9641,33.4394,70.6875
5413.9642,33.4394,70.6875
5414.9642,33.4394,70.6875
5415.9642,33.4394,70.6875
5416.9642,33.4394,70.6875
5417.9642,33.4394,70.6875
5418.9642,33.4394,70.6875
5419.9643,33.4394,70.6875
5420.9643,33.4394,70.6875
5421.9643,33.4394,70.6875
5422.9643,33.4394,70.6875
5423.9643,33.4394,70.6875
5424.9643,33.4394,70.6875
5425.9644,33.4394,70.6875
5426.9644,33.4394,70.6875
5427.9644,33.4394,70.6875
5428.9644,33.4394,70.6875
5429.9644,33.4394,70.6875
5430.9644,33.4394,70.6875
5431.9645,33.4394,70.6875
5432.9645,33.4394,70.6875
5433.9645,33.4394,70.6875
5434.9645,33.4394,70.6875
5435.9645,33.4394,70.6875
5436.9645,33.4394,70.6875
5437.9646,33.4394,70.6875
5438.9646,33.4394,70.6875
5439.9646,33.4394,70.6875
5440.9646,33.4394,70.6875
5441.9646,33.4394,70.6875
5442.9646,33.4394,70.6875
5443.9646,33.4394,70.6875
5444.9647,33.4394,70.6875
5445.9647,33.4394,70.6874
5446.9647,33.4394,70.6874
5447.9647,33.4394,70.6874
5448.9647,33.4394,70.6874
5449.9647,33.4394,70.6874
5450.9647,33.4394,70.6874
5451.9648,33.4394,70.6874
5452.9648,33.4394,70.6874
5453.9648,33.4394,70.6874
5454.9648,33.4394,70.6874
5455.9648,33.4394,70.6874
5456.9648,33.4394,70.6874
5457.9649,33.4394,70.6874
5458.9649,33.4394,70.6874
5459.9649,33.4394,70.6874
5460.9649,33.4394,70.6874
5461.9649,33.4394,70.6874
5462.9649,33.4394,70.6874
5463.9649,33.4394,70.6874
5464.965,33.4394,70.6874
5465.965,33.4394,70.6874
5466.965,33.4394,70.6874
5467.965,33.4394,70.6874
5468.965,33.4394,70.6874
5469.965,33.4394,70.6874
5470.965,33.4394,70.6874
5471.9651,33.4394,70.6874
5472.9651,33.4394,70.6873
5473.9651,33.4394,70.6873
5474.9651,33.4394,70.6873
5475.9651,33.4394,70.6873
5476.9651,33.4394,70.6873
5477.9651,33.4394,70.6873
5478.9652,33.4394,70.6873
5479.9652,33.4394,70.6873
5480.9652,33.4394,70.6873
5481.9652,33.4394,70.6873
5482.9652,33.4394,70.6873
5483.9652,33.4394,70.6873
5484.9652,33.4394,70.6873
5485.9653,33.4394,70.6873
5486.9653,33.4394,70.6873
5487.9653,33.4394,70.6873
5488.9653,33.4394,70.6873
5489.9653,33.4394,70.6873
5490.9653,33.4394,70.6873
5491.9653,33.4394,70.6873
5492.9654,33.4394,70.6873
5493.9654,33.4394,70.6874
5494.9654,33.4394,70.6874
5495.9654,33.4394,70.6874
5496.9654,33.4394,70.6874
5497.9654,33.4394,70.6874
5498.9654,33.4394,70.6874
5499.9655,33.4394,70.6874
5500.9655,33.4394,70.6874
5501.9655,33.4394,70.6874
5502.9655,33.4394,70.6874
5503.9655,33.4394,70.6874
5504.9655,33.4394,70.6874
5505.9656,33.4394,70.6874
5506.9656,33.4394,70.6874
5507.9632,33.4394,70.6874
5508.9632,33.4394,70.6874
5509.9632,33.4394,70.6874
5510.9632,33.4394,70.6874
5511.9632,33.4394,70.6874
5512.9632,33.4394,70.6874
5513.9632,33.4394,70.6874
5514.9632,33.4394,70.6874
5515.9633,33.4394,70.6874
5516.9633,33.4394,70.6874
5517.9633,33.4394,70.6874
5518.9633,33.4394,70.6874
5519.9633,33.4394,70.6874
5520.9633,33.4394,70.6874
5521.9633,33.4394,70.6874
5522.9634,33.4394,70.6874
5523.9634,33.4394,70.6874
5524.9634,33.4394,70.6874
5525.9635,33.4394,70.6874
5526.9635,33.4394,70.6874
5527.9635,33.4394,70.6874
5528.9636,33.4394,70.6874
5529.9636,33.4394,70.6874
5530.9636,33.4394,70.6874
5531.9637,33.4394,70.6874
5532.9637,33.4394,70.6874
5533.9637,33.4394,70.6874
5534.9638,33.4394,70.6874
5535.9638,33.4394,70.6874
5536.9638,33.4394,70.6874
5537.9638,33.4394,70.6874
5538.9639,33.4394,70.6874
5539.9639,33.4394,70.6873
5540.9639,33.4394,70.6873
5541.9639,33.4394,70.6873
5542.964,33.4394,70.6873
5543.964,33.4394,70.6873
5544.964,33.4394,70.6873
5545.964,33.4394,70.6873
5546.964,33.4394,70.6873
5547.9641,33.4394,70.6873
5548.9641,33.4394,70.6873
5549.9641,33.4394,70.6873
5550.9641,33.4394,70.6873
5551.9641,33.4394,70.6873
5552.9642,33.4394,70.6873
5553.9642,33.4394,70.6873
5554.9642,33.4394,70.6873
5555.9642,33.4394,70.6873
5556.9642,33.4394,70.6873
5557.9643,33.4394,70.6873
5558.9643,33.4394,70.6873
5559.9643,33.4394,70.6873
5560.9643,33.4394,70.6873
5561.9643,33.4394,70.6873
5562.9644,33.4394,70.6873
5563.9644,33.4394,70.6873
5564.9644,33.4394,70.6873
5565.9644,33.4394,70.6873
5566.9644,33.4394,70.6873
5567.9644,33.4394,70.6873
5568.9645,33.4394,70.6873
5569.9645,33.4394,70.6873
5570.9645,33.4394,70.6873
5571.9645,33.4394,70.6873
5572.9645,33.4394,70.6873
5573.9645,33.4394,70.6873
5574.9646,33.4394,70.6873
5575.9646,33.4394,70.6873
5576.9646,33.4394,70.6874
5577.9646,33.4394,70.6874
5578.9646,33.4394,70.6874
5579.9647,33.4394,70.6874
5580.9647,33.4394,70.6874
5581.9647,33.4394,70.6874
5582.9647,33.4394,70.6874
5583.9647,33.4394,70.6874
5584.9647,33.4394,70.6874
5585.9648,33.4394,70.6874
5586.9648,33.4394,70.6874
5587.9648,33.4394,70.6874
5588.9648,33.4394,70.6874
5589.9648,33.4394,70.6874
5590.9648,33.4394,70.6874
5591.9649,33.4394,70.6874
5592.9649,33.4394,70.6874
5593.9649,33.4394,70.6873
5594.9649,33.4394,70.6873
5595.9649,33.4394,70.6873
5596.9649,33.4394,70.6873
5597.965,33.4394,70.6873
5598.965,33.4394,70.6873
5599.965,33.4394,70.6874
5600.965,33.4394,70.6874
5601.965,33.4394,70.6874
5602.965,33.4394,70.6874
5603.9651,33.4394,70.6874
5604.9651,33.4394,70.6874
5605.9651,33.4394,70.6874
5606.9651,33.4394,70.6874
5607.9651,33.4394,70.6874
5608.9651,33.4394,70.6874
5609.9652,33.4394,70.6874
5610.9652,33.4394,70.6874
5611.9652,33.4394,70.6874
5612.9652,33.4394,70.6874
5613.9652,33.4394,70.6874
5614.9652,33.4394,70.6874
5615.9653,33.4394,70.6874
5616.9653,33.4394,70.6874
5617.9653,33.4394,70.6874
5618.9653,33.4394,70.6874
5619.9653,33.4394,70.6874
5620.9653,33.4394,70.6874
5621.9654,33.4394,70.6874
5622.9654,33.4394,70.6874
5623.9654,33.4394,70.6874
5624.9654,33.4394,70.6874
5625.9654,33.4394,70.6874
5626.9654,33.4394,70.6874
5627.9655,33.4394,70.6874
5628.9655,33.4394,70.6874
5629.9655,33.4394,70.6874
5630.9655,33.4394,70.6874
5631.9655,33.4394,70.6874
5632.9655,33.4394,70.6874
5633.9635,33.4394,70.6874
5634.9635,33.4394,70.6874
5635.9635,33.4394,70.6874
5636.9635,33.4394,70.6874
5637.9635,33.4394,70.6874
5638.9635,33.4394,70.6874
5639.9635,33.4394,70.6874
5640.9635,33.4394,70.6874
5641.9635,33.4394,70.6874
5642.9635,33.4394,70.6874
5643.9635,33.4393,70.6874
5644.9636,33.4394,70.6874
5645.9636,33.4394,70.6874
5646.9636,33.4394,70.6874
5647.9636,33.4394,70.6874
5648.9636,33.4394,70.6874
5649.9637,33.4394,70.6874
5650.9637,33.4394,70.6874
5651.9637,33.4394,70.6874
5652.9637,33.4394,70.6874
5653.9638,33.4394,70.6874
5654.9638,33.4394,70.6874
5655.9638,33.4394,70.6874
5656.9639,33.4394,70.6874
5657.9639,33.4394,70.6874
5658.9639,33.4394,70.6874
5659.9639,33.4394,70.6874
5660.964,33.4394,70.6874
5661.964,33.4394,70.6874
5662.964,33.4394,70.6874
5663.964,33.4394,70.6874
5664.9641,33.4394,70.6874
5665.9641,33.4394,70.6874
5666.9641,33.4394,70.6874
5667.9641,33.4394,70.6874
5668.9641,33.4394,70.6874
5669.9642,33.4394,70.6874
5670.9642,33.4394,70.6874
5671.9642,33.4394,70.6874
5672.9642,33.4394,70.6874
5673.9643,33.4394,70.6874
5674.9643,33.4394,70.6874
5675.9643,33.4394,70.6874
5676.9643,33.4394,70.6874
5677.9643,33.4394,70.6874
5678.9644,33.4394,70.6874
5679.9644,33.4394,70.6874
5680.9644,33.4394,70.6874
5681.9644,33.4394,70.6874
5682.9644,33.4394,70.6874
5683.9645,33.4394,70.6874
5684.9645,33.4394,70.6874
5685.9645,33.4394,70.6874
5686.9645,33.4393,70.6874
5687.9645,33.4393,70.6874
5688.9646,33.4393,70.6874
5689.9646,33.4393,70.6874
5690.9646,33.4393,70.6874
5691.9646,33.4393,70.6874
5692.9646,33.4394,70.6874
5693.9647,33.4394,70.6874
5694.9647,33.4394,70.6874
5695.9647,33.4393,70.6874
5696.9647,33.4393,70.6874
5697.9648,33.4393,70.6874
5698.9647,33.4393,70.6874
5699.9648,33.4393,70.6874
5700.9648,33.4393,70.6874
5701.9648,33.4393,70.6874
5702.9648,33.4393,70.6874
5703.9648,33.4394,70.6874
5704.9649,33.4394,70.6874
5705.9649,33.4394,70.6874
5706.9649,33.4394,70.6874
5707.9649,33.4394,70.6874
5708.9649,33.4394,70.6874
5709.965,33.4394,70.6874
5710.965,33.4394,70.6874
5711.965,33.4394,70.6874
5712.965,33.4394,70.6874
5713.965,33.4394,70.6874
5714.965,33.4394,70.6874
5715.9651,33.4394,70.6874
5716.9651,33.4393,70.6874
5717.9651,33.4393,70.6874
5718.9651,33.4393,70.6874
5719.9651,33.4394,70.6874
5720.9652,33.4394,70.6874
5721.9652,33.4394,70.6874
5722.9652,33.4394,70.6874
5723.9652,33.4394,70.6874
5724.9652,33.4394,70.6874
5725.9652,33.4394,70.6874
5726.9653,33.4394,70.6874
5727.9653,33.4394,70.6874
5728.9653,33.4394,70.6874
5729.9653,33.4394,70.6874
5730.9653,33.4394,70.6874
5731.9654,33.4394,70.6874
5732.9654,33.4394,70.6874
5733.9654,33.4394,70.6874
5734.9654,33.4394,70.6874
5735.9654,33.4394,70.6874
5736.9655,33.4394,70.6874
5737.9655,33.4394,70.6874
5738.9655,33.4394,70.6874
5739.9655,33.4394,70.6874
5740.9655,33.4394,70.6874
5741.9655,33.4394,70.6874
5742.9656,33.4394,70.6874
5743.9656,33.4394,70.6874
5744.9656,33.4394,70.6874
5745.9656,33.4394,70.6874
5746.9656,33.4394,70.6874
5747.9657,33.4394,70.6874
5748.9657,33.4394,70.6874
5749.9657,33.4394,70.6874
5750.9657,33.4394,70.6874
5751.9657,33.4394,70.6874
5752.9657,33.4394,70.6874
5753.9658,33.4394,70.6874
5754.9658,33.4394,70.6874
5755.9658,33.4394,70.6874
5756.9658,33.4394,70.6874
5757.9658,33.4394,70.6874
5758.9659,33.4394,70.6874
5759.9634,33.4394,70.6874
5760.9634,33.4394,70.6874
5761.9634,33.4394,70.6874
5762.9634,33.4394,70.6874
5763.9634,33.4394,70.6874
5764.9634,33.4394,70.6874
5765.9634,33.4394,70.6874
5766.9634,33.4394,70.6874
5767.9634,33.4394,70.6874
5768.9634,33.4394,70.6874
5769.9634,33.4394,70.6874
5770.9635,33.4394,70.6874
5771.9635,33.4394,70.6874
5772.9634,33.4394,70.6874
5773.9635,33.4394,70.6874
5774.9635,33.4394,70.6874
5775.9635,33.4394,70.6874
5776.9636,33.4394,70.6874
5777.9636,33.4394,70.6874
5778.9636,33.4394,70.6874
5779.9637,33.4394,70.6874
5780.9637,33.4394,70.6874
5781.9637,33.4394,70.6874
5782.9638,33.4394,70.6874
5783.9638,33.4394,70.6874
5784.9638,33.4394,70.6874
5785.9638,33.4394,70.6873
5786.9639,33.4394,70.6873
5787.9639,33.4394,70.6873
5788.9639,33.4394,70.6873
5789.9639,33.4394,70.6873
5790.964,33.4394,70.6873
5791.964,33.4394,70.6873
5792.964,33.4394,70.6873
5793.964,33.4394,70.6873
5794.9641,33.4394,70.6873
5795.9641,33.4394,70.6873
5796.9641,33.4394,70.6873
5797.9641,33.4394,70.6873
5798.9642,33.4394,70.6873
5799.9642,33.4394,70.6873
5800.9642,33.4394,70.6873
5801.9642,33.4394,70.6873
5802.9642,33.4394,70.6873
5803.9643,33.4394,70.6873
5804.9643,33.4394,70.6873
5805.9643,33.4394,70.6873
5806.9643,33.4394,70.6873
5807.9644,33.4394,70.6873
5808.9644,33.4394,70.6873
5809.9644,33.4394,70.6873
5810.9644,33.4394,70.6873
5811.9644,33.4394,70.6873
5812.9645,33.4394,70.6873
5813.9645,33.4394,70.6873
5814.9645,33.4394,70.6873
5815.9645,33.4394,70.6873
5816.9645,33.4394,70.6873
5817.9646,33.4394,70.6873
5818.9646,33.4394,70.6873
5819.9646,33.4394,70.6873
5820.9646,33.4394,70.6873
5821.9646,33.4394,70.6873
5822.9647,33.4394,70.6873
5823.9647,33.4394,70.6874
5824.9647,33.4394,70.6874
5825.9647,33.4394,70.6874
5826.9648,33.4394,70.6874
5827.9648,33.4394,70.6874
5828.9648,33.4394,70.6874
5829.9648,33.4394,70.6874
5830.9648,33.4394,70.6874
5831.9649,33.4394,70.6874
5832.9649,33.4394,70.6874
5833.9649,33.4394,70.6874
5834.9649,33.4394,70.6874
5835.9649,33.4394,70.6874
5836.965,33.4394,70.6874
5837.965,33.4394,70.6874
5838.965,33.4394,70.6874
5839.965,33.4394,70.6873
5840.965,33.4394,70.6873
5841.9651,33.4394,70.6873
5842.9651,33.4394,70.6873
5843.9651,33.4394,70.6873
5844.9651,33.4394,70.6873
5845.9651,33.4394,70.6873
5846.9652,33.4394,70.6873
5847.9652,33.4394,70.6873
5848.9652,33.4394,70.6873
5849.9652,33.4394,70.6873
5850.9652,33.4394,70.6873
5851.9653,33.4394,70.6873
5852.9653,33.4394,70.6873
5853.9653,33.4394,70.6873
5854.9653,33.4394,70.6873
5855.9653,33.4394,70.6873
5856.9654,33.4394,70.6873
5857.9654,33.4394,70.6873
5858.9654,33.4394,70.6873
5859.9654,33.4394,70.6873
5860.9654,33.4394,70.6873
5861.9655,33.4394,70.6873
5862.9655,33.4394,70.6873
5863.9655,33.4394,70.6873
5864.9655,33.4394,70.6873
5865.9655,33.4394,70.6873
5866.9656,33.4394,70.6873
5867.9656,33.4394,70.6873
5868.9656,33.4394,70.6873
5869.9656,33.4394,70.6873
5870.9656,33.4394,70.6873
5871.9657,33.4394,70.6873
5872.9657,33.4394,70.6873
5873.9657,33.4394,70.6873
5874.9657,33.4394,70.6873
5875.9657,33.4394,70.6873
5876.9658,33.4394,70.6873
5877.9658,33.4394,70.6873
5878.9658,33.4394,70.6873
5879.9658,33.4394,70.6873
5880.9658,33.4394,70.6873
5881.9659,33.4394,70.6873
5882.9659,33.4394,70.6873
5883.9659,33.4394,70.6873
5884.9659,33.4394,70.6873
5885.9625,33.4394,70.6873
5886.9625,33.4394,70.6873
5887.9625,33.4394,70.6873
5888.9625,33.4394,70.6873
5889.9626,33.4394,70.6873
5890.9626,33.4394,70.6873
5891.9626,33.4394,70.6873
5892.9627,33.4394,70.6873
5893.9627,33.4394,70.6873
5894.9627,33.4394,70.6873
5895.9628,33.4394,70.6873
5896.9628,33.4394,70.6873
5897.9628,33.4394,70.6873
5898.9629,33.4394,70.6873
5899.9629,33.4394,70.6873
5900.963,33.4394,70.6873
5901.9631,33.4394,70.6873
5902.9631,33.4394,70.6873
5903.9632,33.4394,70.6873
5904.9632,33.4394,70.6873
5905.9633,33.4394,70.6873
5906.9633,33.4394,70.6873
5907.9634,33.4394,70.6873
5908.9634,33.4394,70.6873
5909.9635,33.4394,70.6873
5910.9635,33.4394,70.6873
5911.9636,33.4394,70.6873
5912.9636,33.4394,70.6873
5913.9636,33.4394,70.6873
5914.9637,33.4394,70.6873
5915.9637,33.4394,70.6873
5916.9638,33.4394,70.6873
5917.9638,33.4394,70.6873
5918.9638,33.4394,70.6873
5919.9639,33.4394,70.6873
5920.9639,33.4394,70.6873
5921.9639,33.4394,70.6873
5922.964,33.4394,70.6873
5923.964,33.4394,70.6873
5924.964,33.4394,70.6873
5925.9641,33.4394,70.6873
5926.9641,33.4394,70.6873
5927.9641,33.4394,70.6873
5928.9641,33.4394,70.6873
5929.9642,33.4394,70.6873
5930.9642,33.4394,70.6873
5931.9642,33.4394,70.6873
5932.9643,33.4394,70.6873
5933.9643,33.4394,70.6873
5934.9643,33.4394,70.6873
5935.9643,33.4394,70.6873
5936.9644,33.4394,70.6873
5937.9644,33.4394,70.6873
5938.9644,33.4394,70.6873
5939.9645,33.4394,70.6873
5940.9645,33.4394,70.6873
5941.9645,33.4394,70.6873
5942.9645,33.4394,70.6873
5943.9646,33.4394,70.6872
5944.9646,33.4394,70.6872
5945.9646,33.4394,70.6872
5946.9646,33.4394,70.6872
5947.9647,33.4394,70.6872
5948.9647,33.4394,70.6872
5949.9647,33.4394,70.6872
5950.9647,33.4394,70.6872
5951.9648,33.4394,70.6872
5952.9648,33.4394,70.6872
5953.9648,33.4394,70.6872
5954.9648,33.4394,70.6872
5955.9649,33.4394,70.6872
5956.9649,33.4394,70.6872
5957.9649,33.4394,70.6872
5958.9649,33.4394,70.6872
5959.965,33.4394,70.6872
5960.965,33.4394,70.6872
5961.965,33.4394,70.6872
5962.965,33.4394,70.6872
5963.9651,33.4394,70.6872
5964.9651,33.4394,70.6872
5965.9651,33.4394,70.6872
5966.9651,33.4394,70.6872
5967.9652,33.4394,70.6872
5968.9652,33.4394,70.6872
5969.9652,33.4394,70.6872
5970.9652,33.4394,70.6872
5971.9653,33.4394,70.6872
5972.9653,33.4394,70.6872
5973.9653,33.4394,70.6872
5974.9653,33.4394,70.6872
5975.9654,33.4394,70.6872
5976.9654,33.4394,70.6872
5977.9654,33.4394,70.6872
5978.9654,33.4394,70.6872
5979.9654,33.4394,70.6872
5980.9655,33.4394,70.6872
5981.9655,33.4394,70.6872
5982.9655,33.4394,70.6872
5983.9655,33.4394,70.6872
5984.9656,33.4394,70.6872
5985.9656,33.4394,70.6872
5986.9656,33.4394,70.6872
5987.9656,33.4394,70.6872
5988.9657,33.4394,70.6872
5989.9657,33.4394,70.6872
5990.9657,33.4394,70.6872
5991.9657,33.4394,70.6872
5992.9658,33.4394,70.6872
5993.9658,33.4394,70.6872
5994.9658,33.4394,70.6872
5995.9658,33.4394,70.6872
5996.9659,33.4394,70.6872
5997.9659,33.4394,70.6872
5998.9659,33.4394,70.6872
5999.9659,33.4394,70.6872
6000.9659,33.4394,70.6872
6001.966,33.4394,70.6872
6002.966,33.4394,70.6872
6003.966,33.4394,70.6872
6004.966,33.4394,70.6872
6005.9661,33.4394,70.6872
6006.9661,33.4394,70.6872
6007.9661,33.4394,70.6872
6008.9661,33.4394,70.6873
6009.9662,33.4394,70.6872
6010.9662,33.4394,70.6872
6011.9644,33.4394,70.6872
6012.9643,33.4394,70.6872
6013.9644,33.4394,70.6872
6014.9643,33.4394,70.6872
6015.9643,33.4394,70.6872
6016.9643,33.4394,70.6872
6017.9643,33.4394,70.6872
6018.9643,33.4394,70.6872
6019.9643,33.4394,70.6872
6020.9642,33.4394,70.6872
6021.9642,33.4394,70.6872
6022.9642,33.4394,70.6872
6023.9642,33.4394,70.6872
6024.9642,33.4394,70.6872
6025.9642,33.4394,70.6872
6026.9642,33.4394,70.6872
6027.9642,33.4394,70.6872
6028.9642,33.4394,70.6872
6029.9643,33.4394,70.6872
6030.9643,33.4394,70.6872
6031.9643,33.4394,70.6872
6032.9643,33.4394,70.6872
6033.9644,33.4394,70.6872
6034.9644,33.4394,70.6872
6035.9644,33.4394,70.6872
6036.9644,33.4394,70.6872
6059.9649,33.4394,70.687
6060.9649,33.4394,70.6869
6061.965,33.4394,70.6869
6062.965,33.4394,70.6869
6063.965,33.4394,70.6869
6064.965,33.4394,70.6869
6065.9651,33.4394,70.6869
6066.9651,33.4394,70.6869
6067.9651,33.4394,70.6869
6068.9651,33.4394,70.6869
6069.9652,33.4394,70.6869
6070.9652,33.4394,70.6869
6071.9652,33.4394,70.6869
6072.9652,33.4394,70.6869
6073.9652,33.4394,70.6869
6074.9653,33.4394,70.6869
6075.9653,33.4394,70.6869
6076.9653,33.4394,70.6869
6077.9653,33.4394,70.6869
6078.9654,33.4394,70.6869
6079.9654,33.4394,70.6869
6080.9654,33.4394,70.6869
6081.9654,33.4394,70.6869
6082.9655,33.4394,70.6869
6083.9655,33.4394,70.6869
6084.9655,33.4394,70.6869
6085.9655,33.4394,70.6869
6086.9655,33.4394,70.6869
6087.9656,33.4394,70.6869
6088.9656,33.4394,70.6869
6089.9656,33.4394,70.6869
6090.9656,33.4394,70.6869
6091.9657,33.4394,70.6869
6092.9657,33.4394,70.6869
6093.9657,33.4394,70.687
6094.9657,33.4394,70.687
6095.9658,33.4394,70.687
6096.9658,33.4394,70.687
6097.9658,33.4394,70.687
6098.9658,33.4394,70.687
6099.9658,33.4394,70.687
6100.9659,33.4394,70.687
6101.9659,33.4394,70.687
6102.9659,33.4394,70.687
6103.9659,33.4394,70.687
6104.966,33.4394,70.687
6105.966,33.4394,70.687
6106.966,33.4394,70.687
6107.966,33.4394,70.687
6108.9661,33.4394,70.687
6109.9661,33.4394,70.687
6110.9661,33.4394,70.687
6111.9661,33.4394,70.687
6112.9661,33.4394,70.687
6113.9662,33.4394,70.6871
6114.9662,33.4394,70.6871
6115.9662,33.4394,70.6871
6116.9662,33.4394,70.6871
6117.9663,33.4394,70.6871
6118.9663,33.4394,70.6871
6119.9663,33.4394,70.6871
6120.9663,33.4394,70.6871
6121.9664,33.4394,70.6871
6122.9664,33.4394,70.6871
6123.9664,33.4394,70.6871
6124.9664,33.4394,70.6871
6125.9664,33.4394,70.6871
6126.9665,33.4394,70.6871
6127.9665,33.4394,70.6871
6128.9665,33.4394,70.6871
6129.9665,33.4394,70.6871
6130.9666,33.4394,70.6871
6131.9666,33.4394,70.6871
6132.9666,33.4394,70.6871
6133.9666,33.4394,70.6871
6134.9667,33.4394,70.6871
6135.9667,33.4394,70.6871
6136.9667,33.4394,70.6871
6137.9633,33.4394,70.6871
6138.9633,33.4394,70.6872
6139.9633,33.4394,70.6872
6140.9633,33.4394,70.6872
6141.9633,33.4394,70.6872
6142.9633,33.4394,70.6872
6143.9633,33.4394,70.6872
6144.9633,33.4394,70.6872
6145.9634,33.4394,70.6872
6146.9633,33.4394,70.6872
6147.9633,33.4394,70.6872
6148.9634,33.4394,70.6872
6149.9634,33.4394,70.6872
6150.9634,33.4394,70.6872
6151.9634,33.4394,70.6872
6152.9635,33.4394,70.6872
6153.9635,33.4394,70.6872
6154.9635,33.4394,70.6872
6155.9636,33.4394,70.6872
6156.9636,33.4394,70.6872
6157.9637,33.4394,70.6872
6158.9637,33.4394,70.6872
6159.9637,33.4394,70.6872
6160.9638,33.4394,70.6872
6161.9638,33.4394,70.6872
6162.9639,33.4394,70.6872
6163.9639,33.4394,70.6872
6164.9639,33.4394,70.6872
6165.964,33.4394,70.6872
6166.964,33.4394,70.6872
6167.964,33.4394,70.6872
6168.9641,33.4394,70.6872
6169.9641,33.4394,70.6872
6170.9641,33.4394,70.6872
6171.9641,33.4394,70.6872
6172.9642,33.4394,70.6872
6173.9642,33.4394,70.6872
6174.9642,33.4394,70.6872
6175.9643,33.4394,70.6872
6176.9643,33.4394,70.6872
6177.9643,33.4394,70.6872
6178.9644,33.4394,70.6872
6179.9644,33.4394,70.6872
6180.9644,33.4394,70.6872
6181.9644,33.4394,70.6872
6182.9645,33.4394,70.6872
6183.9645,33.4394,70.6872
6184.9645,33.4394,70.6872
6185.9646,33.4394,70.6872
6186.9646,33.4394,70.6872
6187.9646,33.4394,70.6872
6188.9646,33.4394,70.6872
6189.9647,33.4394,70.6872
6190.9647,33.4394,70.6872
6191.9647,33.4394,70.6872
6192.9647,33.4394,70.6872
6193.9648,33.4394,70.6872
6194.9648,33.4394,70.6872
6195.9648,33.4394,70.6872
6196.9648,33.4394,70.6872
6197.9649,33.4394,70.6872
6198.9649,33.4394,70.6872
6199.9649,33.4394,70.6872
6200.9649,33.4394,70.6872
6201.965,33.4394,70.6872
6202.965,33.4394,70.6872
6203.965,33.4394,70.6872
6204.9651,33.4394,70.6872
6205.9651,33.4394,70.6872
6206.9651,33.4394,70.6872
6207.9651,33.4394,70.6872
6208.9652,33.4394,70.6872
6209.9652,33.4394,70.6872
6210.9652,33.4394,70.6872
6211.9652,33.4394,70.6872
6212.9653,33.4394,70.6872
6213.9653,33.4394,70.6872
6214.9653,33.4394,70.6872
6215.9653,33.4394,70.6872
6216.9654,33.4394,70.6872
6217.9654,33.4394,70.6872
6218.9654,33.4394,70.6872
6219.9654,33.4394,70.6872
6220.9655,33.4394,70.6872
6221.9655,33.4394,70.6872
6222.9655,33.4394,70.6872
6223.9655,33.4394,70.6872
6224.9656,33.4394,70.6872
6225.9656,33.4394,70.6872
6226.9656,33.4394,70.6872
6227.9656,33.4394,70.6872
6228.9657,33.4394,70.6872
6229.9657,33.4394,70.6872
6230.9657,33.4394,70.6872
6231.9657,33.4394,70.6872
6232.9658,33.4394,70.6872
