time,seconds_elapsed,dBFS (Original),valor_normalizado (0-100)
1776314242906000000,0.041999755859375,-51.82467269897461,7.7687
1776314243020000000,0.156,-48.44139862060547,14.1046
1776314243120000000,0.256,-40.49396514892578,28.9878
1776314243221000000,0.357,-41.71487045288086,26.7014
1776314243337000000,0.473,-43.582698822021484,23.2035
1776314243437000000,0.573,-45.161739349365234,20.2464
1776314243554000000,0.689999755859375,-39.529083251953125,30.7947
1776314243671000000,0.807,-35.884735107421875,37.6195
1776314243771000000,0.907,-38.04365539550781,33.5765
1776314243871000000,1.007,-39.91798782348633,30.0664
1776314243988000000,1.124,-42.07740783691406,26.0225
1776314244104000000,1.24,-43.873687744140625,22.6586
1776314244221000000,1.357,-32.11632537841797,44.6766
1776314244321000000,1.457,-35.01404571533203,39.2501
1776314244438000000,1.574000244140625,-38.0275993347168,33.6066
1776314244554000000,1.689999755859375,-40.39391326904297,29.1752
1776314244654000000,1.790000244140625,-39.53501510620117,30.7836
1776314244755000000,1.891,-35.195552825927734,38.9101
1776314244855000000,1.991,-37.033966064453125,35.4673
1776314244958000000,2.094000244140625,-31.420705795288086,45.9793
1776314245071000000,2.207,-32.65632247924805,43.6654
1776314245171000000,2.307,-28.981338500976562,50.5475
1776314245288000000,2.424,-32.39957809448242,44.1462
1776314245388000000,2.524,-34.79841995239258,39.6539
1776314245488000000,2.624,-36.825958251953125,35.8569
1776314245588000000,2.724,-33.49625015258789,42.0924
1776314245688000000,2.824,-31.91373634338379,45.0560
1776314245805000000,2.941,-35.64611053466797,38.0664
1776314245921000000,3.057,-38.2852783203125,33.1240
1776314246038000000,3.174000244140625,-40.1129264831543,29.7014
1776314246138000000,3.273999755859375,-36.241233825683594,36.9519
1776314246255000000,3.391,-35.97920227050781,37.4426
1776314246355000000,3.491,-37.26991271972656,35.0255
1776314246472000000,3.608,-39.85063934326172,30.1925
1776314246588000000,3.724,-41.76416015625,26.6091
1776314246688000000,3.824,-42.97034454345703,24.3503
1776314246789000000,3.925,-35.90081787109375,37.5894
1776314246889000000,4.025,-37.54554748535156,34.5093
1776314246989000000,4.125,-29.00333023071289,50.5063
1776314247105000000,4.241,-26.528470993041992,55.1410
1776314247222000000,4.358000244140625,-28.490882873535156,51.4660
1776314247339000000,4.475,-27.255704879760742,53.7791
1776314247439000000,4.575,-28.494388580322266,51.4594
1776314247556000000,4.692,-29.715829849243164,49.1720
1776314247672000000,4.808,-31.120237350463867,46.5420
1776314247772000000,4.908,-32.248046875,44.4299
1776314247889000000,5.025,-35.449119567871094,38.4353
1776314248006000000,5.142000244140625,-37.985355377197266,33.6857
1776314248106000000,5.241999755859375,-35.80536651611328,37.7681
1776314248223000000,5.359,-30.732757568359375,47.2676
1776314248323000000,5.459,-28.070842742919922,52.2526
1776314248439000000,5.575,-32.027835845947266,44.8423
1776314248556000000,5.692,-34.998695373535156,39.2788
1776314248673000000,5.809,-37.68461990356445,34.2489
1776314248790000000,5.926000244140625,-20.91509246826172,65.6532
1776314248890000000,6.025999755859375,-24.178743362426758,59.5414
1776314249006000000,6.142000244140625,-29.907318115234375,48.8134
1776314249123000000,6.259,-33.91218185424805,41.3135
1776314249223000000,6.359,-36.5413818359375,36.3898
1776314249323000000,6.459,-38.60359573364258,32.5279
1776314249423000000,6.559,-39.07440185546875,31.6462
1776314249523000000,6.659,-33.740753173828125,41.6346
1776314249640000000,6.776,-31.435441970825195,45.9517
1776314249740000000,6.876,-29.880077362060547,48.8645
1776314249857000000,6.993,-29.904434204101562,48.8188
1776314249957000000,7.093,-31.14629364013672,46.4932
1776314250057000000,7.193,-32.201683044433594,44.5168
1776314250173000000,7.309,-33.4305305480957,42.2155
1776314250290000000,7.425999755859375,-34.955169677734375,39.3603
1776314250407000000,7.543,-37.2462158203125,35.0699
1776314250524000000,7.66,-39.39621353149414,31.0435
1776314250640000000,7.776,-41.35364532470703,27.3779
1776314250757000000,7.893,-41.36897277832031,27.3492
1776314250857000000,7.993,-41.73115539550781,26.6709
1776314250974000000,8.110000244140625,-42.00279235839844,26.1622
1776314251090000000,8.225999755859375,-39.07206726074219,31.6506
1776314251191000000,8.327,-29.747604370117188,49.1125
1776314251291000000,8.427,-24.41214942932129,59.1043
1776314251391000000,8.527,-25.998394012451172,56.1337
1776314251491000000,8.627,-28.028427124023438,52.3320
1776314251608000000,8.744,-28.05785369873047,52.2769
1776314251708000000,8.844,-29.34790802001953,49.8610
1776314251824000000,8.96,-29.028478622436523,50.4592
1776314251941000000,9.077,-30.60886573791504,47.4996
1776314252041000000,9.177,-30.847583770751953,47.0526
1776314252141000000,9.277,-32.82280349731445,43.3536
1776314252258000000,9.393999755859374,-35.25833511352539,38.7926
1776314252375000000,9.511,-37.572914123535156,34.4580
1776314252491000000,9.627,-36.059078216552734,37.2930
1776314252591000000,9.727,-38.269065856933594,33.1544
1776314252691000000,9.827,-39.908260345458984,30.0846
1776314252792000000,9.928,-39.427452087402344,30.9850
1776314252908000000,10.044,-39.84624481201172,30.2008
1776314253008000000,10.144,-39.620121002197266,30.6242
1776314253109000000,10.245,-40.291969299316406,29.3661
1776314253209000000,10.345,-40.787452697753906,28.4382
1776314253326000000,10.462000244140626,-37.558536529541016,34.4850
1776314253443000000,10.579,-39.85626220703125,30.1820
1776314253543000000,10.679,-41.498939514160156,27.1058
1776314253643000000,10.779,-40.28722381591797,29.3750
1776314253743000000,10.879,-41.67111587524414,26.7833
1776314253860000000,10.996,-42.56883239746094,25.1022
1776314253977000000,11.113,-40.25388717651367,29.4374
1776314254077000000,11.213,-40.84271240234375,28.3347
1776314254177000000,11.313,-39.73147201538086,30.4157
1776314254294000000,11.430000244140626,-38.86320495605469,32.0417
1776314254394000000,11.529999755859375,-35.519081115722656,38.3043
1776314254494000000,11.630000244140625,-24.264461517333984,59.3808
1776314254611000000,11.747,-29.264888763427734,50.0165
1776314254711000000,11.847,-33.89203643798828,41.3512
1776314254811000000,11.947,-36.881568908691406,35.7527
1776314254928000000,12.064,-39.917091369628906,30.0681
1776314255028000000,12.164,-41.52254104614258,27.0616
1776314255132000000,12.268,-39.68110656738281,30.5100
1776314255234000000,12.369999755859375,-40.986419677734375,28.0656
1776314255336000000,12.472,-35.08042526245117,39.1257
1776314255436000000,12.572,-37.371803283691406,34.8347
1776314255537000000,12.673,-25.811302185058594,56.4841
1776314255642000000,12.777999755859375,-29.34520721435547,49.8661
1776314255747000000,12.883,-29.839387893676758,48.9407
1776314255851000000,12.987,-32.95901870727539,43.0985
1776314255952000000,13.088,-35.91790771484375,37.5574
1776314256058000000,13.193999755859375,-35.090728759765625,39.1064
1776314256163000000,13.299,-35.57579040527344,38.1981
1776314256268000000,13.404,-38.1676139831543,33.3444
1776314256371000000,13.507,-25.99701690673828,56.1363
1776314256475000000,13.611,-29.256301879882812,50.0326
1776314256579000000,13.715,-26.13189697265625,55.8837
1776314256684000000,13.82,-29.872655868530273,48.8783
1776314256785000000,13.921,-34.197784423828125,40.7787
1776314256887000000,14.023,-37.3158073425293,34.9395
1776314256992000000,14.128,-33.816139221191406,41.4934
1776314257093000000,14.229,-36.561279296875,36.3525
1776314257193000000,14.329,-38.830875396728516,32.1023
1776314257298000000,14.433999755859375,-40.60986328125,28.7707
1776314257402000000,14.537999755859374,-41.934635162353516,26.2898
1776314257507000000,14.643,-36.365692138671875,36.7188
1776314257612000000,14.748,-38.35248565673828,32.9981
1776314257717000000,14.853,-40.000667572021484,29.9116
1776314257820000000,14.956,-33.73418045043945,41.6469
1776314257925000000,15.061,-36.7076416015625,36.0784
1776314258030000000,15.166000244140625,-39.0467643737793,31.6980
1776314258131000000,15.267,-40.48492431640625,29.0047
1776314258235000000,15.371,-36.58006286621094,36.3174
1776314258340000000,15.476,-36.54281997680664,36.3871
1776314258445000000,15.581,-34.82682800292969,39.6007
1776314258549000000,15.685,-32.67188262939453,43.6362
1776314258651000000,15.787,-34.89200210571289,39.4786
1776314258756000000,15.892,-34.8980598449707,39.4673
1776314258858000000,15.993999755859376,-37.11069869995117,35.3236
1776314258964000000,16.1,-32.6689338684082,43.6418
1776314259068000000,16.204,-34.870975494384766,39.5180
1776314259169000000,16.305,-32.11609649658203,44.6771
1776314259275000000,16.411,-32.126712799072266,44.6572
1776314259380000000,16.516,-32.98078918457031,43.0577
1776314259485000000,16.621,-34.349693298339844,40.4942
1776314259585000000,16.721,-32.53181838989258,43.8985
1776314259690000000,16.825999755859375,-33.31850814819336,42.4253
1776314259795000000,16.931,-28.062273025512695,52.2687
1776314259900000000,17.036,-30.245834350585938,48.1795
1776314260005000000,17.141,-29.61344337463379,49.3638
1776314260111000000,17.247,-28.74972152709961,50.9813
1776314260214000000,17.350000244140624,-30.86505699157715,47.0199
1776314260319000000,17.455,-18.53045654296875,70.1189
1776314260424000000,17.56,-14.643603324890137,77.3979
1776314260529000000,17.665,-14.685757637023926,77.3189
1776314260633000000,17.769,-6.376187324523926,92.8803
1776314260740000000,17.876,-11.617319107055664,83.0652
1776314260845000000,17.981,-15.859992027282715,75.1199
1776314260950000000,18.086000244140624,-20.927818298339844,65.6294
1776314261055000000,18.191,-24.686805725097656,58.5899
1776314261158000000,18.294000244140626,-28.90799331665039,50.6849
1776314261263000000,18.399,-32.24635314941406,44.4331
1776314261368000000,18.504,-35.93610382080078,37.5233
1776314261469000000,18.605,-37.400970458984375,34.7800
1776314261574000000,18.710000244140623,-39.29570770263672,31.2318
1776314261679000000,18.815,-39.30382537841797,31.2166
1776314261784000000,18.92,-40.12449645996094,29.6797
1776314261887000000,19.023,-39.70164108276367,30.4716
1776314261992000000,19.128,-40.59296798706055,28.8024
1776314262098000000,19.233999755859376,-39.7938117980957,30.2990
1776314262203000000,19.339,-39.9091911315918,30.0829
1776314262308000000,19.444,-23.069040298461914,61.6195
1776314262413000000,19.549,-22.619937896728516,62.4605
1776314262518000000,19.654000244140626,-22.898923873901367,61.9381
1776314262623000000,19.759,-19.077796936035156,69.0939
1776314262728000000,19.864,-20.20398712158203,66.9849
1776314262829000000,19.965,-19.417922973632812,68.4570
1776314262934000000,20.070000244140626,-21.748428344726562,64.0926
1776314263039000000,20.175,-23.430816650390625,60.9420
1776314263144000000,20.28,-26.876863479614258,54.4886
1776314263249000000,20.385,-31.140464782714844,46.5041
1776314263354000000,20.489999755859376,-33.89339065551758,41.3487
1776314263460000000,20.596,-36.927490234375,35.6667
1776314263560000000,20.696,-38.74562454223633,32.2619
1776314263664000000,20.8,-39.821044921875,30.2480
1776314263769000000,20.905,-40.21683120727539,29.5068
1776314263870000000,21.006000244140626,-41.0746955871582,27.9003
1776314263975000000,21.111,-42.40782928466797,25.4037
1776314264080000000,21.216,-41.502464294433594,27.0992
1776314264184000000,21.32,-41.8443717956543,26.4589
1776314264289000000,21.425,-39.42843246459961,30.9832
1776314264391000000,21.527,-40.36076354980469,29.2372
1776314264496000000,21.632,-34.11245346069336,40.9385
1776314264598000000,21.734000244140624,-12.169036865234375,82.0320
1776314264701000000,21.837,-11.025713920593262,84.1731
1776314264806000000,21.942000244140626,-15.504892349243164,75.7849
1776314264912000000,22.048,-6.657567501068115,92.3533
1776314265017000000,22.153,-10.864002227783203,84.4759
1776314265122000000,22.257999755859377,-10.46764087677002,85.2182
1776314265227000000,22.363,-14.916069030761719,76.8876
1776314265328000000,22.464,-18.811859130859375,69.5919
1776314265433000000,22.569,-23.05518341064453,61.6455
1776314265538000000,22.673999755859374,-25.731365203857422,56.6338
1776314265643000000,22.779,-29.401996612548828,49.7598
1776314265746000000,22.881999755859376,-31.934627532958984,45.0169
1776314265851000000,22.987,-24.697032928466797,58.5708
1776314265956000000,23.092,-28.834936141967773,50.8217
1776314266061000000,23.197,-31.58126449584961,45.6786
1776314266162000000,23.297999755859376,-32.13252639770508,44.6463
1776314266267000000,23.403,-30.634984970092773,47.4507
1776314266369000000,23.505,-31.25202751159668,46.2952
1776314266475000000,23.611,-28.07149314880371,52.2514
1776314266580000000,23.716,-18.770376205444336,69.6696
1776314266681000000,23.817,-21.937009811401367,63.7395
1776314266786000000,23.921999755859375,-25.100662231445312,57.8149
1776314266887000000,24.023,-25.57223129272461,56.9318
1776314266992000000,24.128,-21.67367935180664,64.2326
1776314267098000000,24.233999755859376,-23.53306007385254,60.7505
1776314267198000000,24.334000244140626,-27.244001388549805,53.8010
1776314267303000000,24.439,-29.827796936035156,48.9624
1776314267407000000,24.543,-28.212955474853516,51.9865
1776314267512000000,24.648,-26.328529357910156,55.5154
1776314267617000000,24.753,-28.401636123657227,51.6331
1776314267722000000,24.857999755859375,-30.678213119506836,47.3698
1776314267828000000,24.964,-28.15353012084961,52.0978
1776314267933000000,25.069,-30.194652557373047,48.2753
1776314268033000000,25.169,-23.86466407775879,60.1295
1776314268138000000,25.273999755859375,-27.359634399414062,53.5845
1776314268241000000,25.377,-30.63384246826172,47.4529
1776314268347000000,25.483,-33.74674987792969,41.6233
1776314268452000000,25.588,-37.04896926879883,35.4392
1776314268557000000,25.693,-39.980194091796875,29.9499
1776314268662000000,25.798000244140624,-31.422399520874023,45.9761
1776314268767000000,25.903,-35.358726501464844,38.6046
1776314268872000000,26.008,-37.5092887878418,34.5772
1776314268977000000,26.113,-38.88245391845703,32.0057
1776314269083000000,26.219,-40.33157730102539,29.2919
1776314269188000000,26.324,-30.051280975341797,48.5438
1776314269293000000,26.429,-34.21864700317383,40.7396
1776314269397000000,26.533,-36.717891693115234,36.0593
1776314269501000000,26.637,-39.82399368286133,30.2424
1776314269607000000,26.743,-40.96259689331055,28.1102
1776314269710000000,26.846000244140626,-42.90998840332031,24.4633
1776314269815000000,26.951,-37.65259552001953,34.3088
1776314269920000000,27.056,-39.321983337402344,31.1826
1776314270026000000,27.161999755859377,-38.6799201965332,32.3850
1776314270131000000,27.267,-38.59488296508789,32.5442
1776314270235000000,27.371,-36.12691879272461,37.1660
1776314270340000000,27.476,-36.99430847167969,35.5416
1776314270445000000,27.581,-37.92036819458008,33.8074
1776314270549000000,27.685,-31.215187072753906,46.3642
1776314270654000000,27.790000244140625,-24.07090187072754,59.7433
1776314270759000000,27.895,-17.247093200683594,72.5223
1776314270864000000,28,-15.00876522064209,76.7140
1776314270969000000,28.105,-15.82136344909668,75.1923
1776314271074000000,28.209999755859375,-15.262145042419434,76.2395
1776314271176000000,28.312,-17.5346736907959,71.9837
1776314271281000000,28.417,-21.039569854736328,65.4201
1776314271386000000,28.521999755859376,-24.121883392333984,59.6478
1776314271492000000,28.628,-16.618560791015625,73.6993
1776314271594000000,28.729999755859374,-14.231762886047363,78.1691
1776314271699000000,28.835,-16.060762405395508,74.7439
1776314271801000000,28.937,-18.3144588470459,70.5234
1776314271907000000,29.043,-19.463703155517578,68.3712
1776314272012000000,29.148,-21.37749671936035,64.7873
1776314272117000000,29.253,-22.34003448486328,62.9847
1776314272222000000,29.358000244140626,-23.083255767822266,61.5929
1776314272327000000,29.463,-24.45366668701172,59.0265
1776314272432000000,29.568,-26.48687744140625,55.2189
1776314272538000000,29.673999755859374,-30.973241806030273,46.8173
1776314272642000000,29.777999755859376,-24.906320571899414,58.1788
1776314272744000000,29.88,-29.245075225830078,50.0536
1776314272845000000,29.981,-32.176429748535156,44.5641
1776314272950000000,30.086000244140624,-35.613975524902344,38.1266
1776314273055000000,30.191,-22.1229305267334,63.3913
1776314273160000000,30.296,-13.372425079345703,79.7784
1776314273266000000,30.401999755859375,-12.673710823059082,81.0869
1776314273371000000,30.507,-15.261113166809082,76.2414
1776314273476000000,30.612,-6.048251628875732,93.4944
1776314273581000000,30.717,-10.574973106384277,85.0172
1776314273681000000,30.817,-13.20197582244873,80.0976
1776314273786000000,30.921999755859375,-8.244239807128906,89.3820
1776314273891000000,31.027,-13.130921363830566,80.2307
1776314273996000000,31.132,-16.856210708618164,73.2543
1776314274097000000,31.233,-16.301298141479492,74.2935
1776314274202000000,31.337999755859375,-13.956568717956543,78.6845
1776314274308000000,31.444,-18.349515914916992,70.4578
1776314274413000000,31.549,-16.995759963989258,72.9930
1776314274518000000,31.654000244140626,-11.277546882629395,83.7015
1776314274623000000,31.759,-14.434161186218262,77.7901
1776314274728000000,31.864,-19.510107040405273,68.2843
1776314274833000000,31.969,-22.861703872680664,62.0078
1776314274938000000,32.073999755859376,-27.21686553955078,53.8519
1776314275043000000,32.179,-30.859750747680664,47.0298
1776314275148000000,32.284,-28.494169235229492,51.4598
1776314275254000000,32.39000024414062,-31.99359130859375,44.9065
1776314275359000000,32.495,-34.38615798950195,40.4259
1776314275464000000,32.6,-36.42047882080078,36.6162
1776314275569000000,32.705,-26.42533302307129,55.3342
1776314275673000000,32.809,-28.311447143554688,51.8020
1776314275778000000,32.91399975585937,-30.772274017333984,47.1936
1776314275883000000,33.019,-32.86626434326172,43.2722
1776314275989000000,33.125,-33.91082000732422,41.3161
1776314276094000000,33.230000244140626,-35.082298278808594,39.1222
1776314276199000000,33.335,-36.75388717651367,35.9918
1776314276301000000,33.437,-34.43967056274414,40.3257
1776314276407000000,33.543,-37.47109603881836,34.6487
1776314276512000000,33.648,-37.795475006103516,34.0413
1776314276617000000,33.753,-38.91860580444336,31.9380
1776314276722000000,33.857999755859375,-34.783409118652344,39.6820
1776314276824000000,33.96,-29.323841094970703,49.9061
1776314276929000000,34.065,-31.190044403076172,46.4113
1776314277034000000,34.16999975585937,-26.6739559173584,54.8686
1776314277139000000,34.275,-28.784021377563477,50.9170
1776314277244000000,34.38,-30.364580154418945,47.9571
1776314277345000000,34.481,-30.30574607849121,48.0673
1776314277450000000,34.585999755859376,-30.178794860839844,48.3050
1776314277555000000,34.691,-32.32780456542969,44.2806
1776314277660000000,34.796,-25.968643188476562,56.1894
1776314277761000000,34.897,-27.994150161743164,52.3962
1776314277866000000,35.00199975585937,-30.08793067932129,48.4752
1776314277972000000,35.108,-31.30479621887207,46.1964
1776314278077000000,35.213,-32.167686462402344,44.5804
1776314278182000000,35.31800024414063,-31.60664939880371,45.6311
1776314278287000000,35.423,-24.532440185546875,58.8790
1776314278392000000,35.528,-26.240985870361328,55.6794
1776314278497000000,35.633,-21.27435874938965,64.9804
1776314278602000000,35.73799975585938,-22.654516220092773,62.3958
1776314278707000000,35.843,-26.64841079711914,54.9164
1776314278812000000,35.948,-28.00319480895996,52.3793
1776314278917000000,36.053,-19.636493682861328,68.0476
1776314279022000000,36.158000244140624,-22.39040756225586,62.8904
1776314279127000000,36.263,-24.165454864501953,59.5662
1776314279232000000,36.368,-26.239076614379883,55.6830
1776314279338000000,36.473999755859374,-28.29803466796875,51.8271
1776314279443000000,36.579,-27.01804542541504,54.2242
1776314279548000000,36.684,-27.41341781616211,53.4838
1776314279653000000,36.789,-28.643251419067383,51.1807
1776314279758000000,36.89400024414063,-30.84955596923828,47.0489
1776314279863000000,36.999,-30.993778228759766,46.7788
1776314279968000000,37.104,-30.171628952026367,48.3185
1776314280073000000,37.209,-32.89039611816406,43.2270
1776314280178000000,37.31399975585938,-32.603572845458984,43.7642
1776314280283000000,37.419,-35.66359329223633,38.0336
1776314280388000000,37.524,-15.346067428588867,76.0823
1776314280493000000,37.629,-19.2086124420166,68.8489
1776314280598000000,37.734000244140624,-22.83498764038086,62.0578
1776314280704000000,37.84,-26.687925338745117,54.8424
1776314280809000000,37.945,-29.445175170898438,49.6789
1776314280912000000,38.048,-31.391809463500977,46.0334
1776314281017000000,38.153,-33.39265441894531,42.2864
1776314281122000000,38.25799975585937,-33.623199462890625,41.8547
1776314281224000000,38.36,-25.914539337158203,56.2907
1776314281329000000,38.465,-26.63132095336914,54.9484
1776314281434000000,38.56999975585938,-28.23541831970215,51.9444
1776314281539000000,38.675,-31.122642517089844,46.5375
1776314281641000000,38.777,-28.690563201904297,51.0921
1776314281746000000,38.881999755859376,-26.67580795288086,54.8651
1776314281851000000,38.987,-21.411901473999023,64.7228
1776314281956000000,39.092,-23.102493286132812,61.5569
1776314282061000000,39.197,-22.11281394958496,63.4102
1776314282166000000,39.30200024414062,-21.5881290435791,64.3928
1776314282271000000,39.407,-23.315893173217773,61.1572
1776314282376000000,39.512,-24.522918701171875,58.8968
1776314282479000000,39.615,-22.87836456298828,61.9766
1776314282584000000,39.72,-25.212865829467773,57.6048
1776314282689000000,39.825,-23.79920196533203,60.2521
1776314282794000000,39.92999975585938,-26.187759399414062,55.7791
1776314282899000000,40.035,-28.114200592041016,52.1714
1776314283001000000,40.137,-20.686294555664062,66.0817
1776314283106000000,40.241999755859375,-19.597854614257812,68.1200
1776314283212000000,40.348,-18.748109817504883,69.7113
1776314283317000000,40.453,-21.205495834350586,65.1094
1776314283419000000,40.555,-23.562530517578125,60.6953
1776314283524000000,40.66,-24.93259048461914,58.1296
1776314283629000000,40.765,-24.545015335083008,58.8554
1776314283730000000,40.86599975585938,-26.309144973754883,55.5517
1776314283833000000,40.969,-25.08424186706543,57.8456
1776314283938000000,41.073999755859376,-23.319406509399414,61.1506
1776314284044000000,41.18,-25.005828857421875,57.9925
1776314284148000000,41.284,-27.29581069946289,53.7040
1776314284253000000,41.389,-29.360719680786133,49.8371
1776314284358000000,41.49400024414062,-27.543804168701172,53.2396
1776314284463000000,41.599,-22.14383316040039,63.3521
1776314284569000000,41.705,-25.46385955810547,57.1347
1776314284674000000,41.80999975585937,-24.586305618286133,58.7781
1776314284779000000,41.915,-26.174785614013672,55.8034
1776314284884000000,42.02,-28.783824920654297,50.9174
1776314284989000000,42.125,-25.692115783691406,56.7073
1776314285094000000,42.230000244140626,-23.40129280090332,60.9973
1776314285199000000,42.335,-18.626970291137695,69.9382
1776314285305000000,42.441,-20.65577507019043,66.1388
1776314285410000000,42.54599975585938,-18.928062438964844,69.3743
1776314285515000000,42.651,-21.602201461791992,64.3665
1776314285620000000,42.756,-22.41779899597168,62.8391
1776314285724000000,42.86,-26.02360725402832,56.0865
1776314285827000000,42.963,-28.09309196472168,52.2109
1776314285932000000,43.068,-26.396570205688477,55.3880
1776314286037000000,43.173,-17.317461013793945,72.3905
1776314286142000000,43.27800024414063,-18.96922492980957,69.2972
1776314286248000000,43.384,-22.037172317504883,63.5519
1776314286353000000,43.489,-18.182737350463867,70.7701
1776314286458000000,43.59399975585937,-19.123872756958008,69.0076
1776314286563000000,43.699,-21.742080688476562,64.1045
1776314286668000000,43.804,-24.60845375061035,58.7366
1776314286773000000,43.909,-24.82952117919922,58.3226
1776314286878000000,44.014000244140625,-19.80399513244629,67.7340
1776314286983000000,44.119,-16.067235946655273,74.7318
1776314287089000000,44.225,-10.643738746643066,84.8884
1776314287194000000,44.329999755859376,-14.714627265930176,77.2648
1776314287298000000,44.433999755859375,-17.814041137695312,71.4606
1776314287403000000,44.539,-21.69634246826172,64.1902
1776314287508000000,44.644,-26.279375076293945,55.6075
1776314287611000000,44.747,-29.16225242614746,50.2087
1776314287716000000,44.852,-32.35100173950195,44.2371
1776314287820000000,44.956,-22.165802001953125,63.3110
1776314287925000000,45.061,-26.37404441833496,55.4302
1776314288030000000,45.166000244140626,-29.27560806274414,49.9964
1776314288135000000,45.271,-30.637975692749023,47.4451
1776314288240000000,45.376,-30.63664436340332,47.4476
1776314288345000000,45.481,-26.0635986328125,56.0116
1776314288450000000,45.585999755859376,-28.4307804107666,51.5786
1776314288556000000,45.692,-22.559778213500977,62.5732
1776314288661000000,45.797,-12.038723945617676,82.2760
1776314288766000000,45.90200024414062,-14.885416030883789,76.9450
1776314288871000000,46.007,-17.809186935424805,71.4697
1776314288977000000,46.113,-20.814002990722656,65.8425
1776314289082000000,46.217999755859374,-14.302154541015625,78.0373
1776314289184000000,46.32,-17.14259910583496,72.7180
1776314289290000000,46.42599975585937,-20.13693618774414,67.1105
1776314289395000000,46.531,-23.2153377532959,61.3455
1776314289500000000,46.636,-26.00423240661621,56.1228
1776314289605000000,46.741,-27.76483726501465,52.8257
1776314289707000000,46.843,-29.061298370361328,50.3978
1776314289812000000,46.948,-21.493371963500977,64.5703
1776314289917000000,47.053,-22.017990112304688,63.5878
1776314290022000000,47.158000244140624,-25.446163177490234,57.1679
1776314290127000000,47.263,-28.250564575195312,51.9160
1776314290233000000,47.369,-31.220348358154297,46.3545
1776314290338000000,47.473999755859374,-31.5760440826416,45.6884
1776314290443000000,47.579,-33.26166915893555,42.5317
1776314290548000000,47.684,-35.2415885925293,38.8239
1776314290653000000,47.789,-37.05923843383789,35.4200
1776314290758000000,47.89400024414063,-33.758544921875,41.6012
1776314290863000000,47.999,-35.2753791809082,38.7607
1776314290968000000,48.104,-34.82052230834961,39.6125
1776314291074000000,48.20999975585938,-36.67446517944336,36.1406
1776314291179000000,48.315,-31.494705200195312,45.8407
1776314291284000000,48.42,-33.23897933959961,42.5742
1776314291389000000,48.525,-27.629024505615234,53.0800
1776314291494000000,48.630000244140625,-23.441173553466797,60.9226
1776314291599000000,48.735,-26.036865234375,56.0616
1776314291705000000,48.841,-29.05958366394043,50.4010
1776314291810000000,48.945999755859376,-32.09230041503906,44.7216
1776314291915000000,49.051,-34.483619689941406,40.2434
1776314292020000000,49.156,-33.14875030517578,42.7432
1776314292125000000,49.261,-35.229759216308594,38.8461
1776314292230000000,49.36600024414062,-23.538850784301758,60.7397
1776314292335000000,49.471,-25.82297134399414,56.4622
1776314292440000000,49.576,-27.586166381835938,53.1603
1776314292545000000,49.681,-29.855398178100586,48.9107
1776314292648000000,49.784,-32.04414367675781,44.8118
1776314292753000000,49.889,-33.5917854309082,41.9135
1776314292858000000,49.99399975585938,-32.29766082763672,44.3370
1776314292961000000,50.097,-34.848819732666016,39.5595
1776314293067000000,50.203,-36.405426025390625,36.6444
1776314293172000000,50.308,-35.73580551147461,37.8984
1776314293277000000,50.413,-35.57412338256836,38.2012
1776314293382000000,50.51800024414062,-34.639015197753906,39.9524
1776314293487000000,50.623,-31.874202728271484,45.1300
1776314293592000000,50.728,-24.73078155517578,58.5076
1776314293693000000,50.829,-28.108917236328125,52.1813
1776314293798000000,50.93400024414063,-23.68046760559082,60.4745
1776314293900000000,51.036,-25.0876522064209,57.8392
1776314294005000000,51.141,-27.555944442749023,53.2169
1776314294110000000,51.246000244140625,-16.92068099975586,73.1336
1776314294215000000,51.351,-14.293841361999512,78.0529
1776314294320000000,51.456,-16.06852912902832,74.7294
1776314294425000000,51.561,-10.757647514343262,84.6751
1776314294531000000,51.667,-14.074467658996582,78.4637
1776314294636000000,51.772,-17.356075286865234,72.3182
1776314294739000000,51.875,-20.633020401000977,66.1814
1776314294845000000,51.981,-24.17156219482422,59.5548
1776314294950000000,52.08600024414063,-26.518360137939453,55.1600
1776314295055000000,52.191,-30.243135452270508,48.1846
1776314295160000000,52.296,-30.500097274780273,47.7033
1776314295265000000,52.401,-28.555587768554688,51.3448
1776314295370000000,52.50599975585938,-30.024702072143555,48.5936
1776314295475000000,52.611,-31.493507385253906,45.8430
1776314295580000000,52.716,-35.13148498535156,39.0301
1776314295681000000,52.817,-29.70035171508789,49.2010
1776314295784000000,52.92,-28.398618698120117,51.6388
1776314295889000000,53.025,-31.855772018432617,45.1646
1776314295993000000,53.129,-30.807783126831055,47.1271
1776314296098000000,53.23399975585937,-29.7604923248291,49.0884
1776314296203000000,53.339,-31.990549087524414,44.9122
1776314296308000000,53.444,-33.93031692504883,41.2796
1776314296413000000,53.549,-33.67052459716797,41.7661
1776314296519000000,53.655,-33.41950607299805,42.2362
1776314296620000000,53.756,-36.23188018798828,36.9694
1776314296726000000,53.862000244140624,-37.807579040527344,34.0186
1776314296831000000,53.967,-30.606285095214844,47.5045
1776314296936000000,54.072,-33.006813049316406,43.0090
1776314297041000000,54.177,-35.745697021484375,37.8799
1776314297146000000,54.281999755859374,-35.164527893066406,38.9682
1776314297251000000,54.387,-38.02412033081055,33.6131
1776314297357000000,54.493,-30.242223739624023,48.1863
1776314297458000000,54.59399975585937,-21.88947868347168,63.8285
1776314297564000000,54.7,-16.760908126831055,73.4328
1776314297669000000,54.805,-19.768606185913086,67.8002
1776314297774000000,54.910000244140626,-23.77970314025879,60.2886
1776314297879000000,55.015,-27.563753128051758,53.2022
1776314297984000000,55.12,-31.504409790039062,45.8226
1776314298089000000,55.225,-20.34478187561035,66.7212
1776314298195000000,55.331,-19.354476928710938,68.5758
1776314298300000000,55.436,-22.367137908935547,62.9340
1776314298405000000,55.541,-23.547794342041016,60.7229
1776314298510000000,55.64600024414062,-25.4112491607666,57.2332
1776314298615000000,55.751,-25.443979263305664,57.1719
1776314298720000000,55.856,-17.54033088684082,71.9731
1776314298822000000,55.95800024414063,-20.22980499267578,66.9366
1776314298927000000,56.063,-23.77775001525879,60.2923
1776314299029000000,56.165,-25.24688720703125,57.5410
1776314299134000000,56.270000244140626,-25.604320526123047,56.8717
1776314299236000000,56.372,-5.969776630401611,93.6414
1776314299341000000,56.477,-10.612593650817871,84.9467
1776314299446000000,56.58200024414062,-13.504252433776855,79.5315
1776314299551000000,56.687,-15.92835807800293,74.9919
1776314299656000000,56.792,-20.233802795410156,66.9291
1776314299761000000,56.897,-23.48324203491211,60.8438
1776314299866000000,57.00199975585937,-26.66807746887207,54.8796
1776314299972000000,57.108,-28.722415924072266,51.0324
1776314300077000000,57.213,-31.042539596557617,46.6875
1776314300182000000,57.31800024414063,-29.333251953125,49.8885
1776314300287000000,57.423,-31.5583553314209,45.7215
1776314300392000000,57.528,-34.181026458740234,40.8100
1776314300497000000,57.633,-37.20720672607422,35.1429
1776314300602000000,57.73799975585938,-39.73255157470703,30.4137
1776314300707000000,57.843,-42.20552062988281,25.7825
1776314300812000000,57.948,-27.075153350830078,54.1172
1776314300915000000,58.051,-30.216764450073242,48.2339
1776314301020000000,58.156,-34.510005950927734,40.1940
1776314301122000000,58.25799975585937,-37.72534942626953,34.1726
1776314301227000000,58.363,-39.573486328125,30.7116
1776314301329000000,58.465,-30.633655548095703,47.4532
1776314301434000000,58.56999975585938,-27.080692291259766,54.1069
1776314301539000000,58.675,-25.268306732177734,57.5009
1776314301639000000,58.775,-26.456573486328125,55.2757
1776314301744000000,58.88,-29.446990966796875,49.6755
1776314301850000000,58.985999755859375,-30.15675163269043,48.3463
1776314301955000000,59.091,-33.054176330566406,42.9203
1776314302060000000,59.196,-34.698509216308594,39.8410
1776314302165000000,59.301,-35.11395263671875,39.0630
1776314302270000000,59.40600024414063,-37.05351638793945,35.4307
1776314302375000000,59.511,-36.254093170166016,36.9278
1776314302480000000,59.616,-27.453054428100586,53.4095
1776314302585000000,59.721,-28.447223663330078,51.5478
1776314302690000000,59.82599975585938,-29.307342529296875,49.9370
1776314302795000000,59.931,-31.373294830322266,46.0681
1776314302900000000,60.036,-34.28191375732422,40.6211
1776314303001000000,60.137,-36.91634750366211,35.6876
1776314303106000000,60.241999755859375,-39.6364631652832,30.5936
1776314303212000000,60.348,-40.03084945678711,29.8551
1776314303317000000,60.453,-41.736183166503906,26.6615
1776314303422000000,60.55800024414062,-43.65853500366211,23.0615
1776314303527000000,60.663,-44.42447280883789,21.6271
1776314303632000000,60.768,-35.260833740234375,38.7879
1776314303735000000,60.871,-37.8403434753418,33.9572
1776314303835000000,60.971,-37.31821823120117,34.9350
1776314303938000000,61.073999755859376,-40.237037658691406,29.4689
1776314304043000000,61.179,-41.42757034301758,27.2394
1776314304148000000,61.284,-32.294498443603516,44.3430
1776314304253000000,61.389,-28.9742374420166,50.5608
1776314304358000000,61.49400024414062,-27.077056884765625,54.1137
1776314304463000000,61.599,-29.374645233154297,49.8110
1776314304569000000,61.705,-24.17549705505371,59.5474
1776314304674000000,61.80999975585937,-21.409820556640625,64.7267
1776314304779000000,61.915,-24.624141693115234,58.7073
1776314304884000000,62.02,-26.981996536254883,54.2917
1776314304987000000,62.123,-29.72833251953125,49.1486
1776314305092000000,62.228,-32.3445930480957,44.2491
1776314305197000000,62.333,-33.54066467285156,42.0093
1776314305302000000,62.438000244140625,-35.69422149658203,37.9763
1776314305407000000,62.543,-36.26557159423828,36.9063
1776314305509000000,62.645,-37.88966751098633,33.8649
1776314305614000000,62.75000024414062,-37.21715545654297,35.1243
1776314305719000000,62.855,-39.041221618652344,31.7083
1776314305824000000,62.96,-35.31157684326172,38.6929
1776314305929000000,63.065,-33.398773193359375,42.2750
1776314306034000000,63.16999975585937,-35.5756950378418,38.1982
1776314306139000000,63.275,-37.94693374633789,33.7576
1776314306244000000,63.38,-39.563472747802734,30.7303
1776314306349000000,63.485,-41.123992919921875,27.8079
1776314306454000000,63.590000244140626,-42.66465759277344,24.9227
1776314306559000000,63.695,-37.188568115234375,35.1778
1776314306661000000,63.797,-31.105993270874023,46.5687
1776314306763000000,63.899,-33.20804214477539,42.6322
1776314306866000000,64.00199975585937,-29.545656204223633,49.4907
1776314306971000000,64.107,-31.430675506591797,45.9606
1776314307076000000,64.212,-33.25401306152344,42.5461
1776314307181000000,64.317,-33.3837890625,42.3030
1776314307287000000,64.423,-35.97834777832031,37.4442
1776314307392000000,64.528,-38.20928955078125,33.2663
1776314307493000000,64.629,-40.051002502441406,29.8173
1776314307598000000,64.73400024414063,-36.921451568603516,35.6780
1776314307703000000,64.839,-38.7242317199707,32.3020
1776314307807000000,64.943,-36.785133361816406,35.9333
1776314307912000000,65.048,-38.615997314453125,32.5047
1776314308017000000,65.153,-37.94626235961914,33.7589
1776314308122000000,65.25799975585937,-34.20619201660156,40.7629
1776314308227000000,65.363,-35.65778350830078,38.0445
1776314308328000000,65.464,-32.97260665893555,43.0731
1776314308433000000,65.569,-35.55107116699219,38.2444
1776314308538000000,65.67399975585937,-36.3400764465332,36.7668
1776314308643000000,65.779,-38.37090301513672,32.9637
1776314308748000000,65.884,-38.52617263793945,32.6729
1776314308853000000,65.989,-39.52680969238281,30.7990
1776314308958000000,66.09400024414063,-32.88459396362305,43.2379
1776314309064000000,66.2,-19.70081329345703,67.9272
1776314309169000000,66.305,-22.25860595703125,63.1372
1776314309274000000,66.40999975585937,-11.011773109436035,84.1992
1776314309379000000,66.515,-11.693873405456543,82.9218
1776314309484000000,66.62,-15.975115776062012,74.9043
1776314309589000000,66.725,-17.87120246887207,71.3535
1776314309694000000,66.83000024414062,-19.027050018310547,69.1890
1776314309800000000,66.936,-23.848440170288086,60.1599
1776314309905000000,67.041,-27.838666915893555,52.6874
1776314310010000000,67.14599975585938,-23.170196533203125,61.4301
1776314310115000000,67.251,-19.550933837890625,68.2079
1776314310220000000,67.356,-22.909475326538086,61.9183
1776314310325000000,67.461,-22.35299301147461,62.9604
1776314310430000000,67.56600024414062,-20.562702178955078,66.3131
1776314310535000000,67.671,-21.723644256591797,64.1390
1776314310641000000,67.777,-21.1046199798584,65.2983
1776314310746000000,67.88199975585937,-20.945463180541992,65.5963
1776314310851000000,67.987,-23.970306396484375,59.9317
1776314310956000000,68.092,-20.125307083129883,67.1322
1776314311061000000,68.197,-24.439699172973633,59.0527
1776314311166000000,68.30200024414063,-28.13519287109375,52.1321
1776314311271000000,68.407,-30.989585876464844,46.7867
1776314311377000000,68.513,-18.196367263793945,70.7446
1776314311482000000,68.61799975585937,-4.819255352020264,95.7959
1776314311585000000,68.721,-9.086592674255371,87.8045
1776314311689000000,68.825,-14.509821891784668,77.6484
1776314311794000000,68.92999975585937,-19.74228858947754,67.8495
1776314311896000000,69.032,-23.719253540039062,60.4018
1776314312000000000,69.136,-27.508548736572266,53.3056
1776314312106000000,69.24199975585938,-30.826204299926758,47.0926
1776314312211000000,69.347,-34.01020431518555,41.1299
1776314312316000000,69.452,-36.35005569458008,36.7481
1776314312421000000,69.557,-33.14397048950195,42.7521
1776314312526000000,69.66200024414063,-34.873287200927734,39.5136
1776314312631000000,69.767,-36.62897872924805,36.2258
1776314312736000000,69.872,-35.86034393310547,37.6652
1776314312841000000,69.977,-14.53386402130127,77.6034
1776314312947000000,70.083,-17.110509872436523,72.7781
1776314313052000000,70.188,-20.119524002075195,67.1431
1776314313157000000,70.293,-23.431690216064453,60.9404
1776314313262000000,70.39800024414062,-11.417462348937988,83.4395
1776314313367000000,70.503,-16.586206436157227,73.7599
1776314313469000000,70.605,-20.515222549438477,66.4020
1776314313574000000,70.71000024414063,-25.26883316040039,57.4999
1776314313679000000,70.815,-28.334814071655273,51.7583
1776314313785000000,70.921,-31.13853645324707,46.5077
1776314313890000000,71.02599975585937,-29.423171997070312,49.7201
1776314313995000000,71.131,-31.519121170043945,45.7950
1776314314100000000,71.236,-30.69126319885254,47.3453
1776314314205000000,71.341,-32.883766174316406,43.2394
1776314314310000000,71.44600024414062,-35.6078987121582,38.1379
1776314314415000000,71.551,-37.825828552246094,33.9844
1776314314521000000,71.657,-34.159488677978516,40.8504
1776314314623000000,71.759,-28.952735900878906,50.6011
1776314314728000000,71.864,-30.5053653717041,47.6935
1776314314833000000,71.969,-32.89080047607422,43.2263
1776314314938000000,72.07399975585938,-32.57050704956055,43.8261
1776314315040000000,72.176,-30.37260627746582,47.9421
1776314315145000000,72.281,-32.07762145996094,44.7491
1776314315250000000,72.38599975585937,-35.19236755371094,38.9161
1776314315355000000,72.491,-38.48668670654297,32.7468
1776314315460000000,72.596,-41.093238830566406,27.8655
1776314315565000000,72.701,-41.20212173461914,27.6616
1776314315670000000,72.80600024414062,-40.13505935668945,29.6599
1776314315775000000,72.911,-40.33018493652344,29.2945
1776314315880000000,73.016,-42.49760437011719,25.2356
1776314315985000000,73.121,-44.7929801940918,20.9370
1776314316091000000,73.227,-42.54602813720703,25.1449
1776314316196000000,73.332,-40.69194793701172,28.6170
1776314316301000000,73.437,-23.486501693725586,60.8377
1776314316406000000,73.54200024414062,-23.380245208740234,61.0367
1776314316511000000,73.647,-25.28089714050293,57.4774
1776314316616000000,73.752,-24.71051788330078,58.5455
1776314316721000000,73.857,-25.81388282775879,56.4792
1776314316827000000,73.963,-26.82208251953125,54.5912
1776314316932000000,74.068,-29.140411376953125,50.2496
1776314317037000000,74.173,-26.609745025634766,54.9888
1776314317142000000,74.27800024414063,-29.066068649291992,50.3888
1776314317244000000,74.38,-30.86864471435547,47.0132
1776314317350000000,74.48600024414063,-17.245908737182617,72.5245
1776314317453000000,74.589,-19.824905395507812,67.6948
1776314317559000000,74.695,-20.152591705322266,67.0811
1776314317664000000,74.8,-21.265209197998047,64.9975
1776314317769000000,74.905,-21.2410945892334,65.0427
1776314317874000000,75.00999975585937,-22.44862174987793,62.7814
1776314317979000000,75.115,-18.71726417541504,69.7691
1776314318084000000,75.22,-17.34086799621582,72.3467
1776314318189000000,75.325,-16.841739654541016,73.2814
1776314318295000000,75.431,-18.330347061157227,70.4937
1776314318400000000,75.536,-17.449731826782227,72.1428
1776314318505000000,75.641,-18.286611557006836,70.5756
1776314318610000000,75.74599975585937,-20.544233322143555,66.3477
1776314318715000000,75.851,-23.917688369750977,60.0302
1776314318820000000,75.956,-27.354475021362305,53.5942
1776314318925000000,76.061,-30.012514114379883,48.6164
1776314319030000000,76.16600024414062,-31.459688186645508,45.9063
1776314319136000000,76.272,-33.915435791015625,41.3074
1776314319241000000,76.377,-36.171566009521484,37.0824
1776314319346000000,76.48199975585938,-38.88385009765625,32.0031
1776314319451000000,76.587,-40.88235855102539,28.2604
1776314319556000000,76.692,-43.51688766479492,23.3267
1776314319661000000,76.797,-42.208309173583984,25.7773
1776314319766000000,76.90200024414062,-38.85927963256836,32.0491
1776314319872000000,77.008,-21.38622283935547,64.7709
1776314319977000000,77.113,-24.161773681640625,59.5731
1776314320082000000,77.21799975585938,-21.7991886138916,63.9976
1776314320187000000,77.323,-23.61271858215332,60.6014
1776314320292000000,77.428,-26.167556762695312,55.8169
1776314320397000000,77.533,-29.187480926513672,50.1615
1776314320501000000,77.637,-27.48235511779785,53.3547
1776314320606000000,77.74200024414063,-22.73001480102539,62.2544
1776314320707000000,77.843,-25.222209930419922,57.5873
1776314320809000000,77.945,-28.605382919311523,51.2516
1776314320914000000,78.04999975585937,-32.23040771484375,44.4630
1776314321019000000,78.155,-34.89433670043945,39.4742
1776314321125000000,78.261,-35.86888885498047,37.6492
1776314321230000000,78.36600024414062,-24.872180938720703,58.2428
1776314321335000000,78.471,-23.51922035217285,60.7765
1776314321440000000,78.576,-26.08319091796875,55.9749
1776314321545000000,78.681,-28.74810218811035,50.9843
1776314321650000000,78.78599975585938,-32.31298065185547,44.3083
1776314321755000000,78.891,-35.84489822387695,37.6941
1776314321861000000,78.997,-37.33698272705078,34.8999
1776314321966000000,79.10200024414063,-30.613468170166016,47.4910
1776314322071000000,79.207,-31.559770584106445,45.7189
1776314322176000000,79.312,-18.837432861328125,69.5441
1776314322277000000,79.413,-7.115779876708984,91.4952
1776314322383000000,79.519,-12.126914978027344,82.1109
1776314322488000000,79.624,-15.582569122314453,75.6394
1776314322593000000,79.729,-20.085954666137695,67.2059
1776314322698000000,79.83399975585938,-23.236743927001953,61.3054
1776314322801000000,79.937,-19.705095291137695,67.9192
1776314322907000000,80.043,-18.929794311523438,69.3711
1776314323012000000,80.148,-20.425634384155273,66.5698
1776314323117000000,80.253,-23.64134979248047,60.5477
1776314323222000000,80.35800024414063,-14.125449180603027,78.3682
1776314323326000000,80.46200024414063,-15.228039741516113,76.3034
1776314323431000000,80.567,-18.71555519104004,69.7723
1776314323536000000,80.672,-16.35885238647461,74.1857
1776314323641000000,80.777,-12.959542274475098,80.5516
1776314323747000000,80.883,-14.052898406982422,78.5041
1776314323852000000,80.988,-16.625093460083008,73.6871
1776314323957000000,81.093,-19.94938850402832,67.4617
1776314324062000000,81.19800024414063,-19.34096908569336,68.6011
1776314324167000000,81.303,-21.034805297851562,65.4290
1776314324272000000,81.408,-24.8604679107666,58.2647
1776314324374000000,81.51000024414063,-28.14750099182129,52.1091
1776314324479000000,81.615,-18.566143035888672,70.0521
1776314324581000000,81.717,-20.03961181640625,67.2927
1776314324686000000,81.82200024414063,-16.832353591918945,73.2990
1776314324790000000,81.92600024414062,-16.018587112426758,74.8229
1776314324895000000,82.031,-17.812232971191406,71.4639
1776314325001000000,82.137,-21.342451095581055,64.8529
1776314325101000000,82.237,-24.700122833251953,58.5650
1776314325202000000,82.33799975585937,-26.52484703063965,55.1478
1776314325307000000,82.443,-30.902048110961914,46.9506
1776314325413000000,82.549,-30.299739837646484,48.0785
1776314325518000000,82.65400024414062,-28.01940155029297,52.3489
1776314325623000000,82.759,-30.695667266845703,47.3371
1776314325726000000,82.86200024414063,-32.48458480834961,43.9870
1776314325831000000,82.967,-32.848846435546875,43.3048
1776314325936000000,83.072,-33.48836898803711,42.1072
1776314326041000000,83.177,-27.565650939941406,53.1987
1776314326145000000,83.281,-21.932979583740234,63.7470
1776314326251000000,83.387,-21.504776000976562,64.5489
1776314326356000000,83.492,-6.223696708679199,93.1658
1776314326461000000,83.597,-9.182985305786133,87.6240
1776314326566000000,83.70200024414062,-13.432821273803711,79.6653
1776314326671000000,83.807,-15.143136978149414,76.4624
1776314326776000000,83.912,-16.33481216430664,74.2307
1776314326881000000,84.017,-19.534072875976562,68.2395
1776314326987000000,84.123,-21.405418395996094,64.7350
1776314327092000000,84.228,-17.5414981842041,71.9710
1776314327197000000,84.333,-16.31026268005371,74.2767
1776314327301000000,84.437,-17.916473388671875,71.2687
1776314327406000000,84.54200024414062,-12.671077728271484,81.0918
1776314327512000000,84.648,-14.137611389160156,78.3454
1776314327617000000,84.753,-15.879959106445312,75.0825
1776314327722000000,84.85799975585938,-16.76740837097168,73.4206
1776314327827000000,84.963,-10.393381118774414,85.3573
1776314327932000000,85.068,-13.130491256713867,80.2315
1776314328033000000,85.169,-17.552114486694336,71.9511
1776314328138000000,85.27399975585938,-21.437969207763672,64.6740
1776314328243000000,85.379,-26.404245376586914,55.3737
1776314328348000000,85.484,-30.04656410217285,48.5527
1776314328454000000,85.59000024414063,-33.537471771240234,42.0152
1776314328559000000,85.695,-33.05366516113281,42.9213
1776314328664000000,85.8,-34.4192008972168,40.3640
1776314328769000000,85.905,-30.48748207092285,47.7270
1776314328874000000,86.00999975585937,-27.22368812561035,53.8391
1776314328979000000,86.115,-28.8767032623291,50.7435
1776314329085000000,86.221,-21.953163146972656,63.7092
1776314329190000000,86.32600024414063,-25.51584815979004,57.0374
1776314329295000000,86.431,-24.5755615234375,58.7982
1776314329400000000,86.536,-27.572908401489258,53.1851
1776314329504000000,86.64,-28.903064727783203,50.6941
1776314329609000000,86.745,-30.10112762451172,48.4505
1776314329714000000,86.84999975585937,-27.847679138183594,52.6705
1776314329820000000,86.956,-29.425495147705078,49.7157
1776314329925000000,87.061,-14.75089168548584,77.1969
1776314330030000000,87.16600024414062,-17.801513671875,71.4840
1776314330135000000,87.271,-21.240955352783203,65.0430
1776314330240000000,87.376,-23.92550277709961,60.0156
1776314330345000000,87.481,-25.781673431396484,56.5395
1776314330450000000,87.58599975585938,-28.60641860961914,51.2496
1776314330553000000,87.689,-31.214317321777344,46.3658
1776314330658000000,87.79399975585937,-18.800790786743164,69.6127
1776314330763000000,87.899,-21.59992218017578,64.3707
1776314330869000000,88.005,-24.578533172607422,58.7927
1776314330974000000,88.11000024414062,-27.190200805664062,53.9018
1776314331079000000,88.215,-31.316665649414062,46.1741
1776314331184000000,88.32,-34.61064529418945,40.0055
1776314331289000000,88.425,-36.798431396484375,35.9084
1776314331394000000,88.52999975585938,-31.23009490966797,46.3363
1776314331499000000,88.635,-28.059865951538086,52.2732
1776314331605000000,88.741,-14.36789608001709,77.9142
1776314331709000000,88.845,-17.41330909729004,72.2110
1776314331814000000,88.95000024414063,-6.9351487159729,91.8335
1776314331919000000,89.055,-11.830667495727539,82.6656
1776314332022000000,89.15800024414062,-15.394349098205566,75.9919
1776314332127000000,89.263,-2.5743420124053955,100.0000
1776314332232000000,89.368,-6.565093994140625,92.5265
1776314332337000000,89.473,-5.265113353729248,94.9610
1776314332442000000,89.57799975585938,-8.288652420043945,89.2988
1776314332543000000,89.679,-13.343478202819824,79.8326
1776314332648000000,89.784,-17.151968002319336,72.7004
1776314332753000000,89.889,-20.895254135131836,65.6904
1776314332858000000,89.99399975585938,-13.122458457946777,80.2465
1776314332963000000,90.099,-7.2795586585998535,91.1885
1776314333068000000,90.204,-8.719751358032227,88.4915
1776314333173000000,90.309,-11.490193367004395,83.3033
1776314333275000000,90.411,-4.715259552001953,95.9907
1776314333380000000,90.516,-7.25866174697876,91.2277
1776314333485000000,90.621,-7.444032669067383,90.8805
1776314333591000000,90.727,-10.822786331176758,84.5531
1776314333696000000,90.832,-3.1912214756011963,98.8448
1776314333801000000,90.937,-6.9328694343566895,91.8378
1776314333906000000,91.04199975585938,-10.652631759643555,84.8718
1776314334011000000,91.147,-12.875340461730957,80.7093
1776314334116000000,91.252,-13.901479721069336,78.7876
1776314334218000000,91.35399975585938,-15.310004234313965,76.1499
1776314334323000000,91.459,-16.994142532348633,72.9960
1776314334425000000,91.561,-20.79116439819336,65.8853
1776314334530000000,91.66599975585937,-25.270532608032227,57.4968
1776314334632000000,91.768,-28.523954391479492,51.4041
1776314334737000000,91.873,-32.50106430053711,43.9561
1776314334842000000,91.97799975585937,-17.257898330688477,72.5021
1776314334947000000,92.083,-17.216035842895508,72.5804
1776314335053000000,92.189,-13.471186637878418,79.5934
1776314335158000000,92.29400024414062,-14.52787971496582,77.6146
1776314335263000000,92.399,-15.594799995422363,75.6165
1776314335368000000,92.504,-16.665149688720703,73.6121
1776314335469000000,92.605,-11.183526039123535,83.8776
1776314335574000000,92.71000024414063,-14.649086952209473,77.3876
1776314335679000000,92.815,-18.12392234802246,70.8802
1776314335784000000,92.92,-22.351306915283203,62.9636
1776314335889000000,93.025,-13.362351417541504,79.7973
1776314335994000000,93.12999975585937,-9.694071769714355,86.6669
1776314336099000000,93.235,-12.624192237854004,81.1796
1776314336203000000,93.339,-11.523894309997559,83.2401
1776314336308000000,93.444,-15.801776885986328,75.2289
1776314336413000000,93.549,-11.922001838684082,82.4946
1776314336518000000,93.65400024414062,-11.686777114868164,82.9351
1776314336623000000,93.759,-16.602357864379883,73.7297
1776314336727000000,93.863,-21.87782096862793,63.8503
1776314336832000000,93.968,-25.79926300048828,56.5066
1776314336937000000,94.073,-30.64210319519043,47.4374
1776314337043000000,94.179,-34.332271575927734,40.5268
1776314337148000000,94.284,-37.9859504699707,33.6846
1776314337253000000,94.389,-39.9799919128418,29.9503
1776314337358000000,94.49400024414062,-42.345184326171875,25.5210
1776314337460000000,94.596,-43.2830810546875,23.7646
1776314337565000000,94.701,-42.42042541503906,25.3801
1776314337670000000,94.80600024414062,-44.11681365966797,22.2033
1776314337775000000,94.911,-45.93048095703125,18.8068
1776314337880000000,95.016,-44.23788070678711,21.9765
1776314337986000000,95.12199975585938,-38.53645706176758,32.6536
1776314338091000000,95.227,-38.594547271728516,32.5448
1776314338196000000,95.332,-39.97977066040039,29.9507
1776314338301000000,95.437,-42.04804992675781,26.0774
1776314338401000000,95.537,-44.064788818359375,22.3007
1776314338506000000,95.64199975585937,-43.01437759399414,24.2678
1776314338612000000,95.748,-39.14362335205078,31.5166
1776314338717000000,95.853,-38.96702575683594,31.8473
1776314338819000000,95.955,-40.795692443847656,28.4227
1776314338925000000,96.061,-42.29375457763672,25.6173
1776314339029000000,96.165,-38.30062484741211,33.0953
1776314339134000000,96.27000024414062,-41.349021911621094,27.3865
1776314339239000000,96.375,-44.16958236694336,22.1044
1776314339344000000,96.48,-45.16297912597656,20.2441
1776314339449000000,96.585,-46.822200775146484,17.1369
1776314339555000000,96.691,-36.94419860839844,35.6354
1776314339660000000,96.796,-40.198394775390625,29.5413
1776314339765000000,96.901,-43.318809509277344,23.6977
1776314339870000000,97.00600024414062,-45.287071228027344,20.0117
1776314339975000000,97.111,-38.49298858642578,32.7350
1776314340080000000,97.216,-40.154544830322266,29.6234
1776314340186000000,97.32199975585938,-34.942928314208984,39.3832
1776314340291000000,97.427,-35.238033294677734,38.8306
1776314340396000000,97.532,-36.75308609008789,35.9933
1776314340501000000,97.637,-31.07926368713379,46.6187
1776314340606000000,97.74200024414063,-33.78032302856445,41.5604
1776314340707000000,97.843,-37.94608688354492,33.7592
1776314340813000000,97.949,-39.918800354003906,30.0649
1776314340918000000,98.05400024414062,-42.861083984375,24.5549
1776314341023000000,98.159,-43.548038482666016,23.2684
1776314341123000000,98.259,-37.52141189575195,34.5545
1776314341228000000,98.364,-22.532554626464844,62.6242
1776314341334000000,98.47000024414062,-26.210525512695312,55.7364
1776314341439000000,98.575,-29.66481590270996,49.2676
1776314341541000000,98.677,-29.01923942565918,50.4765
1776314341646000000,98.78200024414062,-24.55964469909668,58.8280
1776314341748000000,98.884,-27.078500747680664,54.1110
1776314341853000000,98.989,-29.00345802307129,50.5061
1776314341958000000,99.09400024414063,-23.995668411254883,59.8842
1776314342062000000,99.19800024414063,-11.121240615844727,83.9942
1776314342168000000,99.304,-12.651606559753418,81.1283
1776314342268000000,99.404,-15.075698852539062,76.5887
1776314342373000000,99.509,-19.205997467041016,68.8538
1776314342478000000,99.61400024414063,-22.32476043701172,63.0133
1776314342583000000,99.719,-24.30980682373047,59.2959
1776314342688000000,99.824,-20.9567813873291,65.5751
1776314342793000000,99.929,-23.30545425415039,61.1768
1776314342899000000,100.035,-27.087818145751953,54.0935
1776314343000000000,100.136,-29.748779296875,49.1103
1776314343105000000,100.241,-27.35284423828125,53.5972
1776314343210000000,100.34599975585938,-26.324020385742188,55.5239
1776314343315000000,100.451,-11.779382705688477,82.7617
1776314343420000000,100.556,-10.823770523071289,84.5513
1776314343525000000,100.661,-14.466251373291016,77.7300
1776314343630000000,100.76600024414063,-18.882707595825195,69.4593
1776314343731000000,100.867,-21.16981315612793,65.1762
1776314343832000000,100.968,-23.935300827026367,59.9973
1776314343937000000,101.073,-25.510541915893555,57.0473
1776314344039000000,101.175,-25.740556716918945,56.6165
1776314344144000000,101.28,-21.260759353637695,65.0059
1776314344246000000,101.38200024414063,-23.310049057006836,61.1682
1776314344351000000,101.487,-21.92592430114746,63.7602
1776314344453000000,101.589,-22.50795555114746,62.6703
1776314344558000000,101.69400024414062,-14.918660163879395,76.8828
1776314344663000000,101.799,-17.959197998046875,71.1887
1776314344768000000,101.904,-19.519485473632812,68.2668
1776314344873000000,102.009,-22.025850296020508,63.5731
1776314344978000000,102.11399975585938,-19.312517166137695,68.6544
1776314345083000000,102.219,-21.97276496887207,63.6725
1776314345189000000,102.325,-24.587472915649414,58.7759
1776314345294000000,102.43000024414063,-28.638561248779297,51.1894
1776314345399000000,102.535,-28.410385131835938,51.6167
1776314345501000000,102.637,-23.19179916381836,61.3896
1776314345606000000,102.74200024414063,-25.02181625366211,57.9625
1776314345707000000,102.843,-23.1191463470459,61.5257
1776314345812000000,102.948,-25.87600326538086,56.3629
1776314345918000000,103.05400024414062,-20.678449630737305,66.0964
1776314346023000000,103.159,-20.504316329956055,66.4225
1776314346125000000,103.261,-21.51728630065918,64.5255
1776314346230000000,103.36600024414062,-23.825231552124023,60.2034
1776314346335000000,103.471,-26.742618560791016,54.7400
1776314346440000000,103.576,-27.118446350097656,54.0362
1776314346545000000,103.681,-28.864843368530273,50.7657
1776314346647000000,103.783,-23.778879165649414,60.2902
1776314346749000000,103.885,-25.30852699279785,57.4256
1776314346854000000,103.99000024414063,-24.04167366027832,59.7981
1776314346960000000,104.096,-25.46255111694336,57.1372
1776314347065000000,104.201,-25.56194305419922,56.9510
1776314347170000000,104.30599975585938,-26.915294647216797,54.4166
1776314347275000000,104.411,-22.233510971069336,63.1842
1776314347380000000,104.516,-24.04051971435547,59.8002
1776314347485000000,104.621,-16.69455909729004,73.5570
1776314347590000000,104.72600024414062,-16.40631866455078,74.0968
1776314347696000000,104.832,-18.457298278808594,70.2559
1776314347801000000,104.937,-18.50672149658203,70.1634
1776314347906000000,105.04199975585938,-21.272258758544922,64.9843
1776314348011000000,105.147,-23.06907081604004,61.6194
1776314348116000000,105.252,-25.1751708984375,57.6753
1776314348221000000,105.357,-25.45526695251465,57.1508
1776314348326000000,105.46200024414063,-24.963159561157227,58.0724
1776314348432000000,105.568,-26.90242576599121,54.4407
1776314348537000000,105.673,-29.863683700561523,48.8952
1776314348642000000,105.77799975585937,-32.76736831665039,43.4574
1776314348747000000,105.883,-34.26792907714844,40.6473
1776314348852000000,105.988,-29.852588653564453,48.9159
1776314348957000000,106.093,-23.74515151977539,60.3533
1776314349062000000,106.19800024414063,-26.43988609313965,55.3069
1776314349165000000,106.301,-27.087663650512695,54.0938
1776314349270000000,106.40600024414063,-30.020654678344727,48.6012
1776314349371000000,106.507,-33.56065368652344,41.9718
1776314349476000000,106.612,-26.25666046142578,55.6500
1776314349578000000,106.71399975585938,-28.324031829833984,51.7785
1776314349681000000,106.817,-32.82558059692383,43.3484
1776314349786000000,106.92199975585937,-36.13843536376953,37.1444
1776314349891000000,107.027,-39.865814208984375,30.1641
1776314349992000000,107.128,-39.801021575927734,30.2855
1776314350098000000,107.23399975585937,-37.81076431274414,34.0126
1776314350200000000,107.336,-26.403980255126953,55.3742
1776314350306000000,107.44199975585937,-30.437278747558594,47.8210
1776314350410000000,107.54599975585937,-26.678020477294922,54.8610
1776314350515000000,107.651,-29.67473030090332,49.2490
1776314350617000000,107.753,-28.454896926879883,51.5334
1776314350722000000,107.85799975585938,-25.42237663269043,57.2124
1776314350824000000,107.96,-22.164676666259766,63.3131
1776314350929000000,108.065,-19.9807186126709,67.4030
1776314351034000000,108.16999975585938,-22.470338821411133,62.7407
1776314351139000000,108.275,-24.9212646484375,58.1508
1776314351244000000,108.38,-25.538082122802734,56.9957
1776314351349000000,108.485,-27.449464797973633,53.4163
1776314351454000000,108.59000024414063,-28.516704559326172,51.4176
1776314351557000000,108.693,-29.612558364868164,49.3654
1776314351662000000,108.79800024414062,-30.612987518310547,47.4919
1776314351763000000,108.899,-29.696975708007812,49.2073
1776314351866000000,109.00199975585937,-28.182796478271484,52.0430
1776314351971000000,109.107,-24.794248580932617,58.3887
1776314352076000000,109.212,-24.51387596130371,58.9138
1776314352182000000,109.31800024414062,-24.894010543823242,58.2019
1776314352287000000,109.423,-24.256925582885742,59.3949
1776314352392000000,109.528,-27.169416427612305,53.9407
1776314352493000000,109.629,-29.529706954956055,49.5206
1776314352598000000,109.73400024414063,-12.41147518157959,81.5780
1776314352703000000,109.839,-15.958380699157715,74.9357
1776314352808000000,109.944,-20.00623893737793,67.3552
1776314352914000000,110.04999975585937,-22.541616439819336,62.6072
1776314353019000000,110.155,-25.19713592529297,57.6342
1776314353124000000,110.26,-22.7586612701416,62.2008
1776314353229000000,110.365,-19.012781143188477,69.2157
1776314353334000000,110.47000024414062,-21.528955459594727,64.5036
1776314353439000000,110.575,-21.094810485839844,65.3167
1776314353544000000,110.68,-18.621646881103516,69.9482
1776314353646000000,110.78200024414062,-17.30402946472168,72.4157
1776314353751000000,110.887,-19.95966339111328,67.4424
1776314353856000000,110.992,-20.684717178344727,66.0846
1776314353961000000,111.097,-16.343473434448242,74.2145
1776314354066000000,111.20199975585938,-19.339962005615234,68.6030
1776314354172000000,111.308,-22.198307037353516,63.2501
1776314354277000000,111.413,-24.367721557617188,59.1875
1776314354382000000,111.51800024414062,-23.34844207763672,61.0963
1776314354487000000,111.623,-26.24797248840332,55.6663
1776314354592000000,111.728,-21.277202606201172,64.9751
1776314354697000000,111.833,-15.43017578125,75.9248
1776314354802000000,111.93799975585938,-16.900028228759766,73.1722
1776314354907000000,112.043,-19.956398010253906,67.4486
1776314355013000000,112.149,-17.54528045654297,71.9639
1776314355118000000,112.25400024414063,-13.558794021606445,79.4294
1776314355223000000,112.359,-17.399581909179688,72.2367
1776314355328000000,112.464,-21.044776916503906,65.4104
1776314355433000000,112.569,-23.323955535888672,61.1421
1776314355538000000,112.67399975585937,-24.710763931274414,58.5450
1776314355643000000,112.779,-23.43417739868164,60.9357
1776314355748000000,112.884,-21.6619930267334,64.2545
1776314355853000000,112.989,-24.27618408203125,59.3589
1776314355954000000,113.08999975585938,-21.875566482543945,63.8545
1776314356060000000,113.196,-23.86248207092285,60.1336
1776314356165000000,113.301,-27.08087921142578,54.1065
1776314356270000000,113.40600024414063,-21.702402114868164,64.1788
1776314356375000000,113.511,-23.401174545288086,60.9975
1776314356480000000,113.616,-23.187685012817383,61.3973
1776314356585000000,113.721,-19.7359619140625,67.8614
1776314356690000000,113.82599975585937,-17.673730850219727,71.7233
1776314356795000000,113.931,-19.20392417907715,68.8577
1776314356899000000,114.035,-21.484111785888672,64.5876
1776314357004000000,114.14,-16.49358367919922,73.9334
1776314357109000000,114.245,-19.369699478149414,68.5473
1776314357214000000,114.35000024414063,-21.60117530822754,64.3684
1776314357320000000,114.456,-23.571273803710938,60.6790
1776314357425000000,114.561,-19.776018142700195,67.7864
1776314357530000000,114.66599975585937,-22.33578109741211,62.9927
1776314357635000000,114.771,-22.028200149536133,63.5687
1776314357737000000,114.873,-23.726566314697266,60.3882
1776314357842000000,114.97799975585937,-24.397314071655273,59.1320
1776314357947000000,115.083,-25.39227294921875,57.2688
1776314358052000000,115.188,-22.24212074279785,63.1681
1776314358157000000,115.293,-17.886287689208984,71.3253
1776314358263000000,115.399,-17.687660217285156,71.6972
1776314358368000000,115.504,-18.692886352539062,69.8147
1776314358469000000,115.605,-18.733346939086914,69.7390
1776314358574000000,115.71000024414063,-18.968414306640625,69.2988
1776314358679000000,115.815,-21.5439453125,64.4756
1776314358784000000,115.92,-22.89229965209961,61.9505
1776314358886000000,116.02200024414063,-23.679485321044922,60.4763
1776314358991000000,116.127,-25.390052795410156,57.2729
1776314359095000000,116.231,-18.165061950683594,70.8032
1776314359200000000,116.336,-17.48003387451172,72.0861
1776314359301000000,116.437,-19.631568908691406,68.0569
1776314359407000000,116.543,-16.477210998535156,73.9640
1776314359508000000,116.644,-19.22484016418457,68.8186
1776314359613000000,116.749,-20.04290771484375,67.2866
1776314359719000000,116.855,-22.12352180480957,63.3902
1776314359824000000,116.96,-21.487825393676758,64.5807
1776314359929000000,117.065,-24.227569580078125,59.4499
1776314360034000000,117.16999975585938,-25.863088607788086,56.3871
1776314360139000000,117.275,-19.42259407043457,68.4482
1776314360244000000,117.38,-13.784246444702148,79.0072
1776314360349000000,117.485,-16.683101654052734,73.5785
1776314360454000000,117.59000024414063,-19.411666870117188,68.4687
1776314360559000000,117.695,-14.603728294372559,77.4725
1776314360664000000,117.8,-14.032358169555664,78.5425
1776314360769000000,117.905,-18.425086975097656,70.3163
1776314360874000000,118.00999975585937,-22.082462310791016,63.4671
1776314360979000000,118.115,-25.88417625427246,56.3476
1776314361084000000,118.22,-25.729957580566406,56.6364
1776314361190000000,118.32600024414063,-26.715065002441406,54.7916
1776314361295000000,118.431,-27.857667922973633,52.6518
1776314361400000000,118.536,-25.72119903564453,56.6528
1776314361505000000,118.641,-27.892311096191406,52.5869
1776314361610000000,118.74599975585937,-23.30927085876465,61.1696
1776314361710000000,118.84600024414063,-26.868793487548828,54.5037
1776314361816000000,118.952,-26.60918617248535,54.9899
1776314361921000000,119.057,-22.9492244720459,61.8439
1776314362026000000,119.16199975585937,-25.2877140045166,57.4646
1776314362131000000,119.267,-26.80789566040039,54.6177
1776314362231000000,119.367,-28.921688079833984,50.6592
1776314362335000000,119.471,-26.153413772583008,55.8434
1776314362440000000,119.576,-16.89573097229004,73.1803
1776314362546000000,119.68199975585938,-18.68799591064453,69.8239
1776314362651000000,119.787,-20.433378219604492,66.5553
1776314362756000000,119.892,-22.99183464050293,61.7641
1776314362861000000,119.997,-27.859577178955078,52.6482
1776314362966000000,120.10200024414063,-30.660255432128906,47.4034
1776314363071000000,120.207,-21.68303680419922,64.2151
1776314363176000000,120.312,-25.86551284790039,56.3825
1776314363281000000,120.417,-28.542177200317383,51.3699
1776314363386000000,120.52199975585937,-31.92317771911621,45.0383
1776314363492000000,120.628,-33.221595764160156,42.6068
1776314363597000000,120.733,-30.936609268188477,46.8859
1776314363702000000,120.83800024414063,-20.580732345581055,66.2794
1776314363807000000,120.943,-23.053363800048828,61.6489
1776314363912000000,121.048,-26.450950622558594,55.2862
1776314364017000000,121.153,-27.335174560546875,53.6303
1776314364122000000,121.25799975585937,-24.089576721191406,59.7083
1776314364228000000,121.364,-25.60112762451172,56.8777
1776314364333000000,121.469,-28.363693237304688,51.7042
1776314364438000000,121.57400024414062,-18.516164779663086,70.1457
1776314364543000000,121.679,-20.868186950683594,65.7411
1776314364646000000,121.78200024414062,-22.145721435546875,63.3486
1776314364751000000,121.887,-13.917251586914062,78.7581
1776314364856000000,121.992,-16.61422348022461,73.7075
1776314364960000000,122.096,-18.701152801513672,69.7993
1776314365061000000,122.197,-19.81825828552246,67.7073
1776314365166000000,122.30200024414063,-22.057405471801758,63.5140
1776314365271000000,122.407,-16.78123664855957,73.3947
1776314365376000000,122.512,-19.812789916992188,67.7175
1776314365481000000,122.617,-23.419490814208984,60.9632
1776314365586000000,122.72199975585937,-25.9183406829834,56.2836
1776314365691000000,122.827,-28.73676109313965,51.0055
1776314365797000000,122.933,-30.425161361694336,47.8437
1776314365899000000,123.035,-21.87404441833496,63.8574
1776314366004000000,123.14,-25.360708236694336,57.3279
1776314366109000000,123.245,-28.277761459350586,51.8651
1776314366214000000,123.35000024414063,-31.16578483581543,46.4567
1776314366319000000,123.455,-29.229299545288086,50.0832
1776314366425000000,123.561,-28.670373916625977,51.1299
1776314366530000000,123.66599975585937,-26.98592185974121,54.2843
1776314366635000000,123.771,-28.45956039428711,51.5247
1776314366738000000,123.87399975585937,-29.898012161254883,48.8309
1776314366843000000,123.979,-31.91820526123047,45.0476
1776314366948000000,124.084,-35.47010040283203,38.3960
1776314367053000000,124.189,-36.74172592163086,36.0146
1776314367158000000,124.29400024414062,-39.87660217285156,30.1439
1776314367263000000,124.399,-41.33413314819336,27.4144
1776314367368000000,124.504,-41.73336410522461,26.6668
1776314367469000000,124.605,-39.73908615112305,30.4015
1776314367574000000,124.71000024414063,-31.395784378051758,46.0260
1776314367679000000,124.815,-32.78890609741211,43.4171
1776314367781000000,124.917,-30.848180770874023,47.0515
1776314367886000000,125.02200024414063,-24.47980308532715,58.9776
1776314367988000000,125.124,-25.199373245239258,57.6300
1776314368093000000,125.229,-25.96718978881836,56.1921
1776314368198000000,125.33400024414063,-28.420228958129883,51.5983
1776314368301000000,125.437,-29.605426788330078,49.3788
1776314368406000000,125.54200024414062,-20.044700622558594,67.2832
1776314368511000000,125.647,-22.169092178344727,63.3048
1776314368616000000,125.752,-16.78286361694336,73.3917
1776314368718000000,125.85400024414062,-18.401880264282227,70.3597
1776314368820000000,125.956,-20.58300018310547,66.2751
1776314368925000000,126.061,-21.53519630432129,64.4919
1776314369030000000,126.16600024414062,-23.857975006103516,60.1421
1776314369132000000,126.268,-27.131006240844727,54.0126
1776314369236000000,126.372,-31.435720443725586,45.9512
1776314369339000000,126.475,-34.2591438293457,40.6638
1776314369444000000,126.58,-23.537935256958008,60.7414
1776314369549000000,126.685,-26.920469284057617,54.4069
1776314369654000000,126.79000024414063,-15.637808799743652,75.5360
1776314369759000000,126.895,-18.692476272583008,69.8155
1776314369863000000,126.999,-20.884008407592773,65.7114
1776314369968000000,127.104,-21.43495750427246,64.6797
1776314370073000000,127.209,-23.829303741455078,60.1958
1776314370179000000,127.315,-27.81528663635254,52.7312
1776314370282000000,127.41799975585937,-29.986286163330078,48.6656
1776314370387000000,127.523,-18.567461013793945,70.0496
1776314370492000000,127.628,-22.499828338623047,62.6855
1776314370597000000,127.733,-26.30182456970215,55.5655
1776314370702000000,127.83800024414063,-17.079221725463867,72.8367
1776314370803000000,127.939,-19.535860061645508,68.2361
1776314370908000000,128.044,-20.06068229675293,67.2533
1776314371013000000,128.149,-23.26268768310547,61.2569
1776314371118000000,128.25400024414063,-24.8696231842041,58.2475
1776314371219000000,128.355,-23.123565673828125,61.5174
1776314371324000000,128.46,-20.72805404663086,66.0035
1776314371429000000,128.565,-21.87962532043457,63.8469
1776314371534000000,128.67000024414062,-25.049673080444336,57.9104
1776314371639000000,128.775,-24.648351669311523,58.6619
1776314371740000000,128.876,-18.651845932006836,69.8916
1776314371845000000,128.981,-19.913528442382812,67.5288
1776314371950000000,129.08600024414062,-22.393613815307617,62.8844
1776314372056000000,129.192,-23.844884872436523,60.1666
1776314372161000000,129.297,-24.352407455444336,59.2161
1776314372266000000,129.40199975585938,-24.61745262145996,58.7198
1776314372371000000,129.507,-24.93861198425293,58.1184
1776314372476000000,129.612,-22.739980697631836,62.2357
1776314372581000000,129.717,-19.29448890686035,68.6881
1776314372687000000,129.823,-21.430830001831055,64.6874
1776314372792000000,129.928,-18.673973083496094,69.8502
1776314372897000000,130.033,-5.930675029754639,93.7146
1776314373002000000,130.13799975585937,-10.468443870544434,85.2167
1776314373107000000,130.243,-14.277674674987793,78.0831
1776314373212000000,130.348,-17.926681518554688,71.2496
1776314373317000000,130.453,-19.24582290649414,68.7793
1776314373423000000,130.559,-16.901174545288086,73.1701
1776314373527000000,130.663,-19.62018585205078,68.0782
1776314373632000000,130.768,-18.11318588256836,70.9004
1776314373737000000,130.873,-18.848344802856445,69.5236
1776314373842000000,130.97799975585937,-21.23594093322754,65.0524
1776314373947000000,131.083,-23.45256233215332,60.9013
1776314374052000000,131.188,-25.484092712402344,57.0968
1776314374158000000,131.29400024414062,-24.093618392944336,59.7008
1776314374261000000,131.397,-26.43560028076172,55.3149
1776314374363000000,131.499,-27.913387298583984,52.5475
1776314374468000000,131.604,-25.981231689453125,56.1658
1776314374573000000,131.709,-27.40908432006836,53.4919
1776314374678000000,131.81400024414063,-29.56705093383789,49.4507
1776314374784000000,131.92,-30.8011531829834,47.1395
1776314374889000000,132.025,-33.04607009887695,42.9355
1776314374994000000,132.1299997558594,-32.28068542480469,44.3688
1776314375099000000,132.235,-33.56576919555664,41.9622
1776314375204000000,132.34,-35.88467788696289,37.6196
1776314375309000000,132.445,-36.19001388549805,37.0478
1776314375414000000,132.55000024414062,-33.386077880859375,42.2988
1776314375520000000,132.656,-24.440492630004883,59.0512
1776314375623000000,132.759,-22.47174644470215,62.7381
1776314375724000000,132.86,-15.70082950592041,75.4180
1776314375829000000,132.965,-11.759039878845215,82.7998
1776314375934000000,133.07000024414063,-12.56430721282959,81.2918
1776314376039000000,133.175,-14.416574478149414,77.8230
1776314376145000000,133.281,-14.043623924255371,78.5214
1776314376250000000,133.3859997558594,-17.9507999420166,71.2045
1776314376355000000,133.491,-21.893529891967773,63.8209
1776314376460000000,133.596,-19.2534236907959,68.7650
1776314376565000000,133.701,-21.164670944213867,65.1858
1776314376670000000,133.80600024414062,-20.69561004638672,66.0642
1776314376772000000,133.908,-20.623300552368164,66.1997
1776314376877000000,134.013,-19.870227813720703,67.6099
1776314376982000000,134.11800024414063,-22.148515701293945,63.3434
1776314377086000000,134.22200024414062,-25.416959762573242,57.2225
1776314377191000000,134.327,-28.761842727661133,50.9586
1776314377296000000,134.432,-23.91961669921875,60.0266
1776314377401000000,134.537,-24.405075073242188,59.1175
1776314377507000000,134.643,-22.354679107666016,62.9573
1776314377612000000,134.748,-16.022239685058594,74.8161
1776314377717000000,134.853,-18.942617416381836,69.3471
1776314377820000000,134.956,-22.369861602783203,62.9289
1776314377925000000,135.061,-25.38871192932129,57.2754
1776314378030000000,135.16600024414063,-27.45503044128418,53.4058
1776314378133000000,135.269,-23.30005645751953,61.1869
1776314378238000000,135.37400024414063,-26.640186309814453,54.9318
1776314378343000000,135.479,-21.226898193359375,65.0693
1776314378448000000,135.584,-25.228242874145508,57.5760
1776314378553000000,135.689,-21.277978897094727,64.9736
1776314378659000000,135.795,-25.008506774902344,57.9875
1776314378764000000,135.9,-26.4365291595459,55.3132
1776314378869000000,136.005,-29.189496994018555,50.1577
1776314378974000000,136.11000024414062,-31.718700408935547,45.4213
1776314379079000000,136.215,-20.50296974182129,66.4250
1776314379183000000,136.319,-21.677650451660156,64.2252
1776314379287000000,136.423,-22.08935546875,63.4542
1776314379392000000,136.528,-22.441783905029297,62.7942
1776314379497000000,136.633,-22.25954818725586,63.1354
1776314379602000000,136.73799975585936,-25.688932418823242,56.7132
1776314379707000000,136.843,-27.071632385253906,54.1238
1776314379813000000,136.949,-25.669801712036133,56.7490
1776314379918000000,137.05400024414064,-13.246835708618164,80.0136
1776314380023000000,137.159,-14.919952392578125,76.8803
1776314380128000000,137.264,-18.95503807067871,69.3238
1776314380231000000,137.367,-20.813587188720703,65.8433
1776314380336000000,137.472,-23.742969512939453,60.3574
1776314380437000000,137.573,-24.34181785583496,59.2360
1776314380542000000,137.67800024414063,-27.71516227722168,52.9187
1776314380647000000,137.783,-29.212575912475586,50.1145
1776314380752000000,137.888,-27.947694778442383,52.4832
1776314380857000000,137.993,-30.441354751586914,47.8133
1776314380962000000,138.09799975585938,-31.795785903930664,45.2769
1776314381067000000,138.203,-24.01174545288086,59.8541
1776314381173000000,138.309,-26.365177154541016,55.4468
1776314381278000000,138.41400024414062,-22.285207748413086,63.0874
1776314381383000000,138.519,-23.541025161743164,60.7356
1776314381488000000,138.624,-12.483304023742676,81.4435
1776314381593000000,138.729,-9.761656761169434,86.5403
1776314381698000000,138.83399975585937,-13.605899810791016,79.3412
1776314381802000000,138.93799975585938,-15.473369598388672,75.8439
1776314381907000000,139.043,-16.75861358642578,73.4371
1776314382012000000,139.148,-19.890300750732422,67.5723
1776314382117000000,139.253,-20.05851936340332,67.2573
1776314382218000000,139.35399975585938,-21.706283569335938,64.1715
1776314382324000000,139.46,-23.80694007873535,60.2376
1776314382429000000,139.565,-26.985363006591797,54.2854
1776314382534000000,139.67000024414062,-29.02307891845703,50.4694
1776314382639000000,139.775,-30.75536346435547,47.2253
1776314382742000000,139.87800024414062,-29.659923553466797,49.2767
1776314382847000000,139.983,-23.333078384399414,61.1250
1776314382952000000,140.088,-13.724793434143066,79.1185
1776314383057000000,140.193,-13.249093055725098,80.0094
1776314383162000000,140.29799975585937,-16.931987762451172,73.1124
1776314383267000000,140.403,-17.26650047302246,72.4859
1776314383372000000,140.508,-8.93181324005127,88.0943
1776314383478000000,140.6140002441406,-10.863107681274414,84.4776
1776314383583000000,140.719,-12.971917152404785,80.5284
1776314383688000000,140.824,-10.016013145446777,86.0640
1776314383793000000,140.929,-13.205399513244629,80.0912
1776314383898000000,141.03399975585938,-16.487627029418945,73.9445
1776314384003000000,141.139,-18.536434173583984,70.1077
1776314384108000000,141.244,-22.318817138671875,63.0245
1776314384214000000,141.35000024414063,-24.99559783935547,58.0116
1776314384319000000,141.455,-28.517919540405273,51.4154
1776314384424000000,141.56,-31.434568405151367,45.9534
1776314384529000000,141.665,-24.926780700683594,58.1405
1776314384634000000,141.76999975585937,-16.257606506347656,74.3753
1776314384735000000,141.871,-15.539566993713379,75.7200
1776314384840000000,141.976,-14.835196495056152,77.0391
1776314384945000000,142.081,-19.130340576171875,68.9955
1776314385047000000,142.183,-21.80797576904297,63.9811
1776314385152000000,142.288,-25.916704177856445,56.2867
1776314385254000000,142.39000024414062,-27.32552146911621,53.6484
1776314385359000000,142.495,-29.119253158569336,50.2892
1776314385461000000,142.597,-26.231698989868164,55.6968
1776314385566000000,142.70200024414063,-23.918724060058594,60.0283
1776314385672000000,142.808,-27.141273498535156,53.9934
1776314385774000000,142.91000024414063,-29.309131622314453,49.9337
1776314385879000000,143.015,-18.145055770874023,70.8407
1776314385983000000,143.119,-16.68808937072754,73.5691
1776314386089000000,143.225,-18.375110626220703,70.4098
1776314386194000000,143.32999975585938,-20.111560821533203,67.1580
1776314386299000000,143.435,-16.281150817871094,74.3312
1776314386400000000,143.536,-18.671506881713867,69.8548
1776314386505000000,143.641,-19.651132583618164,68.0202
1776314386610000000,143.74599975585937,-9.6757230758667,86.7012
1776314386712000000,143.848,-14.134033203125,78.3521
1776314386817000000,143.953,-17.30495834350586,72.4139
1776314386922000000,144.05799975585938,-19.97885513305664,67.4065
1776314387027000000,144.163,-20.661584854125977,66.1280
1776314387132000000,144.268,-23.42177963256836,60.9589
1776314387237000000,144.373,-27.802284240722656,52.7555
1776314387343000000,144.479,-28.712448120117188,51.0511
1776314387446000000,144.58200024414063,-25.233999252319336,57.5652
1776314387551000000,144.687,-27.346803665161133,53.6085
1776314387656000000,144.792,-22.689327239990234,62.3306
1776314387761000000,144.897,-20.90065574645996,65.6802
1776314387867000000,145.003,-18.764114379882812,69.6814
1776314387972000000,145.108,-20.603641510009766,66.2365
1776314388077000000,145.213,-22.636581420898438,62.4294
1776314388182000000,145.31800024414062,-19.248132705688477,68.7749
1776314388287000000,145.423,-17.90576934814453,71.2888
1776314388392000000,145.528,-16.247793197631836,74.3937
1776314388498000000,145.63399975585938,-16.856342315673828,73.2540
1776314388601000000,145.737,-18.128692626953125,70.8713
1776314388707000000,145.843,-20.10201072692871,67.1759
1776314388812000000,145.948,-15.319021224975586,76.1330
1776314388917000000,146.053,-19.470548629760742,68.3584
1776314389022000000,146.15800024414062,-17.72320556640625,71.6307
1776314389127000000,146.263,-14.549015045166016,77.5750
1776314389232000000,146.368,-17.111751556396484,72.7757
1776314389338000000,146.47399975585938,-21.465120315551758,64.6232
1776314389441000000,146.577,-23.971948623657227,59.9286
1776314389546000000,146.68199975585938,-23.0637264251709,61.6295
1776314389647000000,146.783,-25.90557861328125,56.3075
1776314389753000000,146.889,-27.882007598876953,52.6062
1776314389858000000,146.99399975585936,-21.46529769897461,64.6228
1776314389963000000,147.099,-24.24622344970703,59.4150
1776314390068000000,147.204,-25.853185653686523,56.4056
1776314390173000000,147.309,-28.217641830444336,51.9777
1776314390278000000,147.41400024414062,-28.74289894104004,50.9940
1776314390383000000,147.519,-27.51302146911621,53.2972
1776314390489000000,147.625,-26.476346969604492,55.2386
1776314390590000000,147.72600024414064,-29.07303237915039,50.3758
1776314390695000000,147.831,-29.856815338134766,48.9080
1776314390800000000,147.936,-22.71282386779785,62.2866
1776314390906000000,148.04199975585936,-19.805692672729492,67.7308
1776314391011000000,148.147,-18.52759552001953,70.1243
1776314391112000000,148.248,-10.026894569396973,86.0436
1776314391217000000,148.353,-10.581052780151367,85.0058
1776314391322000000,148.45799975585936,-13.252754211425781,80.0025
1776314391428000000,148.564,-16.555185317993164,73.8180
1776314391533000000,148.669,-19.29988670349121,68.6780
1776314391638000000,148.77400024414064,-21.365741729736328,64.8093
1776314391740000000,148.876,-5.3624138832092285,94.7788
1776314391845000000,148.981,-9.163017272949219,87.6614
1776314391947000000,149.083,-12.628233909606934,81.1720
1776314392052000000,149.188,-14.712236404418945,77.2693
1776314392158000000,149.29400024414062,-18.68331527709961,69.8327
1776314392261000000,149.397,-21.176502227783203,65.1637
1776314392363000000,149.499,-25.74478530883789,56.6086
1776314392468000000,149.604,-21.011640548706055,65.4724
1776314392573000000,149.709,-22.94243049621582,61.8566
1776314392678000000,149.81400024414063,-14.586872100830078,77.5041
1776314392784000000,149.92,-16.241384506225586,74.4057
1776314392886000000,150.02200024414063,-17.943492889404297,71.2181
1776314392991000000,150.127,-10.154279708862305,85.8050
1776314393098000000,150.23399975585937,-9.342220306396484,87.3258
1776314393203000000,150.339,-12.501516342163086,81.4093
1776314393306000000,150.44199975585937,-7.723540782928467,90.3571
1776314393411000000,150.547,-11.334012031555176,83.5957
1776314393516000000,150.652,-7.087104797363281,91.5489
1776314393622000000,150.75800024414062,-10.693341255187988,84.7955
1776314393726000000,150.86200024414063,-13.80707836151123,78.9644
1776314393831000000,150.967,-16.12779426574707,74.6184
1776314393937000000,151.073,-15.433109283447266,75.9193
1776314394040000000,151.176,-17.819067001342773,71.4511
1776314394145000000,151.281,-20.458627700805664,66.5080
1776314394250000000,151.3859997558594,-24.370527267456055,59.1822
1776314394356000000,151.492,-25.98343276977539,56.1617
1776314394461000000,151.597,-24.41265869140625,59.1033
1776314394566000000,151.70200024414063,-13.845742225646973,78.8920
1776314394667000000,151.803,-15.949048042297363,74.9531
1776314394771000000,151.907,-18.25469207763672,70.6354
1776314394876000000,152.012,-15.404511451721191,75.9729
1776314394982000000,152.11800024414063,-18.102861404418945,70.9197
1776314395085000000,152.221,-21.490238189697266,64.5761
1776314395190000000,152.32600024414063,-18.08736801147461,70.9487
1776314395295000000,152.431,-16.781085968017578,73.3950
1776314395401000000,152.537,-15.352523803710938,76.0703
1776314395506000000,152.6419997558594,-11.537732124328613,83.2142
1776314395611000000,152.747,-12.10159969329834,82.1583
1776314395713000000,152.849,-14.338371276855469,77.9695
1776314395818000000,152.95399975585937,-14.0262451171875,78.5540
1776314395924000000,153.06,-16.286909103393555,74.3204
1776314396029000000,153.165,-14.88515567779541,76.9455
1776314396133000000,153.269,-16.056472778320312,74.7520
1776314396238000000,153.37400024414063,-16.0150089263916,74.8296
1776314396343000000,153.479,-16.177053451538086,74.5262
1776314396449000000,153.585,-17.359468460083008,72.3118
1776314396554000000,153.68999975585936,-19.275943756103516,68.7229
1776314396659000000,153.795,-14.754487991333008,77.1902
1776314396764000000,153.9,-11.307437896728516,83.6455
1776314396866000000,154.00199975585937,-13.262202262878418,79.9848
1776314396971000000,154.107,-15.960840225219727,74.9311
1776314397076000000,154.212,-16.165050506591797,74.5486
1776314397181000000,154.317,-16.892250061035156,73.1868
1776314397287000000,154.423,-12.14257526397705,82.0815
1776314397392000000,154.528,-14.07996940612793,78.4534
1776314397493000000,154.629,-17.83448600769043,71.4223
1776314397598000000,154.73400024414062,-18.35923194885254,70.4396
1776314397703000000,154.839,-20.715749740600586,66.0265
1776314397808000000,154.944,-13.205151557922363,80.0916
1776314397913000000,155.049,-12.38721752166748,81.6234
1776314398018000000,155.1539997558594,-14.629912376403809,77.4235
1776314398123000000,155.259,-17.02403450012207,72.9400
1776314398226000000,155.3619997558594,-17.87965202331543,71.3377
1776314398331000000,155.467,-17.970809936523438,71.1670
1776314398436000000,155.572,-15.292256355285645,76.1831
1776314398542000000,155.67800024414063,-12.84458065032959,80.7669
1776314398647000000,155.783,-9.644250869750977,86.7602
1776314398752000000,155.888,-12.295117378234863,81.7959
1776314398857000000,155.993,-9.67440414428711,86.7037
1776314398960000000,156.096,-11.352205276489258,83.5617
1776314399065000000,156.201,-12.823589324951172,80.8062
1776314399170000000,156.30599975585938,-15.844964981079102,75.1481
1776314399275000000,156.411,-18.295259475708008,70.5594
1776314399381000000,156.517,-13.275077819824219,79.9607
1776314399486000000,156.62200024414062,-15.19424057006836,76.3667
1776314399591000000,156.727,-18.475852966308594,70.2212
1776314399696000000,156.832,-17.126792907714844,72.7476
1776314399801000000,156.937,-21.50656509399414,64.5456
1776314399906000000,157.04199975585936,-20.83970832824707,65.7944
1776314400011000000,157.147,-19.5291805267334,68.2486
1776314400117000000,157.253,-20.623992919921875,66.1984
1776314400222000000,157.3580002441406,-18.238779067993164,70.6652
1776314400327000000,157.463,-19.402862548828125,68.4852
1776314400432000000,157.568,-21.372329711914062,64.7969
1776314400537000000,157.673,-16.83085060119629,73.3018
1776314400641000000,157.777,-14.958130836486816,76.8088
1776314400746000000,157.88199975585937,-15.379115104675293,76.0205
1776314400848000000,157.984,-18.9743709564209,69.2876
1776314400953000000,158.089,-17.16387939453125,72.6781
1776314401058000000,158.19399975585938,-19.101917266845703,69.0488
1776314401164000000,158.3,-22.120988845825195,63.3949
1776314401264000000,158.4,-26.710880279541016,54.7994
1776314401369000000,158.505,-30.052074432373047,48.5424
1776314401474000000,158.60999975585938,-33.76198196411133,41.5948
1776314401579000000,158.715,-36.66035079956055,36.1670
1776314401681000000,158.817,-33.39613723754883,42.2799
1776314401786000000,158.9219997558594,-35.97441101074219,37.4516
1776314401887000000,159.023,-38.41603088378906,32.8791
1776314401992000000,159.128,-25.128639221191406,57.7625
1776314402096000000,159.232,-29.326618194580078,49.9009
1776314402201000000,159.337,-21.94223403930664,63.7297
1776314402306000000,159.44199975585937,-21.62764549255371,64.3188
1776314402411000000,159.547,-21.74049186706543,64.1075
1776314402516000000,159.652,-23.10264015197754,61.5566
1776314402619000000,159.755,-21.177913665771484,65.1610
1776314402724000000,159.86,-22.407609939575195,62.8582
1776314402829000000,159.965,-20.57914161682129,66.2823
1776314402934000000,160.07000024414063,-23.395021438598633,61.0090
1776314403039000000,160.175,-25.869935989379883,56.3743
1776314403144000000,160.28,-24.99103355407715,58.0202
1776314403250000000,160.3859997558594,-20.279563903808594,66.8434
1776314403355000000,160.491,-22.8330135345459,62.0615
1776314403460000000,160.596,-26.64950180053711,54.9144
1776314403565000000,160.701,-25.049617767333984,57.9105
1776314403670000000,160.80600024414062,-23.86831283569336,60.1227
1776314403775000000,160.911,-26.373809814453125,55.4307
1776314403880000000,161.016,-27.31782341003418,53.6628
1776314403981000000,161.117,-31.07917594909668,46.6189
1776314404082000000,161.21799975585938,-32.28738021850586,44.3563
1776314404187000000,161.323,-27.835906982421875,52.6926
1776314404292000000,161.428,-27.364404678344727,53.5756
1776314404397000000,161.533,-27.47018051147461,53.3775
1776314404502000000,161.6380002441406,-26.98101806640625,54.2935
1776314404605000000,161.741,-25.645278930664062,56.7950
1776314404707000000,161.843,-27.248289108276367,53.7930
1776314404812000000,161.948,-23.80634117126465,60.2388
1776314404917000000,162.053,-26.316329956054688,55.5383
1776314405018000000,162.1539997558594,-30.005407333374023,48.6297
1776314405120000000,162.256,-31.790971755981445,45.2859
1776314405225000000,162.361,-24.93381118774414,58.1273
1776314405331000000,162.467,-27.229875564575195,53.8275
1776314405436000000,162.572,-15.709609031677246,75.4015
1776314405541000000,162.677,-16.775062561035156,73.4063
1776314405646000000,162.78200024414062,-16.206539154052734,74.4709
1776314405751000000,162.887,-19.435367584228516,68.4243
1776314405856000000,162.992,-20.072521209716797,67.2311
1776314405961000000,163.097,-23.012876510620117,61.7247
1776314406064000000,163.2,-25.57033920288086,56.9353
1776314406169000000,163.305,-28.947668075561523,50.6106
1776314406274000000,163.4099997558594,-20.795562744140625,65.8771
1776314406380000000,163.516,-24.3853759765625,59.1544
1776314406485000000,163.621,-15.072419166564941,76.5948
1776314406585000000,163.721,-18.701400756835938,69.7988
1776314406690000000,163.82599975585939,-20.294591903686523,66.8152
1776314406795000000,163.931,-22.808855056762695,62.1068
1776314406899000000,164.035,-23.968584060668945,59.9349
1776314407001000000,164.137,-14.88528823852539,76.9452
1776314407105000000,164.241,-14.367786407470703,77.9144
1776314407210000000,164.34599975585937,-15.470451354980469,75.8494
1776314407316000000,164.452,-17.346006393432617,72.3371
1776314407421000000,164.557,-20.4793758392334,66.4692
1776314407526000000,164.66200024414061,-18.022615432739258,71.0700
1776314407631000000,164.767,-17.48274803161621,72.0810
1776314407733000000,164.869,-12.282957077026367,81.8186
1776314407838000000,164.97400024414063,-12.949605941772461,80.5702
1776314407943000000,165.079,-15.58106803894043,75.6423
1776314408049000000,165.185,-20.447471618652344,66.5289
1776314408154000000,165.28999975585938,-24.325904846191406,59.2658
1776314408259000000,165.395,-28.580467224121094,51.2982
1776314408364000000,165.5,-30.601823806762695,47.5128
1776314408469000000,165.605,-15.984000205993652,74.8877
1776314408574000000,165.71000024414062,-14.958460807800293,76.8082
1776314408679000000,165.815,-17.012065887451172,72.9624
1776314408784000000,165.92,-21.863496780395508,63.8771
1776314408886000000,166.02200024414063,-13.678996086120605,79.2043
1776314408991000000,166.127,-11.9435396194458,82.4543
1776314409096000000,166.232,-14.793312072753906,77.1175
1776314409199000000,166.335,-18.97553062438965,69.2854
1776314409304000000,166.44,-22.051124572753906,63.5258
1776314409409000000,166.545,-26.476545333862305,55.2383
1776314409515000000,166.651,-28.84271240234375,50.8071
1776314409616000000,166.752,-24.144773483276367,59.6050
1776314409721000000,166.857,-26.158592224121094,55.8337
1776314409827000000,166.963,-11.723708152770996,82.8659
1776314409932000000,167.068,-13.85607624053955,78.8727
1776314410037000000,167.173,-13.070310592651367,80.3442
1776314410142000000,167.27800024414063,-16.627851486206055,73.6819
1776314410248000000,167.384,-20.818206787109375,65.8346
1776314410353000000,167.489,-25.338260650634766,57.3699
1776314410458000000,167.5939997558594,-28.85965919494629,50.7754
1776314410563000000,167.699,-32.370914459228516,44.1999
1776314410668000000,167.804,-34.82854080200195,39.5974
1776314410773000000,167.909,-32.33878707885742,44.2600
1776314410875000000,168.011,-34.353145599365234,40.4877
1776314410981000000,168.117,-36.875431060791016,35.7642
1776314411083000000,168.219,-38.6207275390625,32.4958
1776314411188000000,168.324,-35.966190338134766,37.4670
1776314411290000000,168.42599975585938,-36.80711364746094,35.8922
1776314411395000000,168.531,-38.21240234375,33.2605
1776314411500000000,168.636,-40.205963134765625,29.5271
1776314411605000000,168.741,-40.25720977783203,29.4312
1776314411707000000,168.843,-41.78136444091797,26.5769
1776314411813000000,168.949,-42.544490814208984,25.1478
1776314411918000000,169.05400024414064,-41.2628288269043,27.5479
1776314412023000000,169.159,-39.199771881103516,31.4114
1776314412128000000,169.264,-36.320194244384766,36.8040
1776314412233000000,169.369,-29.878658294677734,48.8671
1776314412338000000,169.47399975585938,-33.160972595214844,42.7203
1776314412440000000,169.576,-36.48088455200195,36.5031
1776314412545000000,169.681,-32.08496856689453,44.7353
1776314412647000000,169.783,-34.649017333984375,39.9336
1776314412752000000,169.888,-36.3986930847168,36.6570
1776314412854000000,169.99000024414062,-36.50879669189453,36.4508
1776314412959000000,170.095,-36.47348403930664,36.5170
1776314413064000000,170.2,-38.76466369628906,32.2263
1776314413169000000,170.305,-39.074642181396484,31.6458
1776314413275000000,170.411,-40.89177703857422,28.2428
1776314413380000000,170.516,-37.95783996582031,33.7372
1776314413485000000,170.621,-40.63750076293945,28.7190
1776314413590000000,170.72600024414064,-41.71622848510742,26.6988
1776314413695000000,170.831,-42.07276153564453,26.0312
1776314413800000000,170.936,-43.832340240478516,22.7360
1776314413905000000,171.041,-44.558834075927734,21.3755
1776314414010000000,171.14599975585938,-40.32484817504883,29.3045
1776314414112000000,171.248,-42.300941467285156,25.6039
1776314414217000000,171.353,-42.45854568481445,25.3087
1776314414322000000,171.45799975585936,-41.21196365356445,27.6432
1776314414427000000,171.563,-42.46791458129883,25.2912
1776314414532000000,171.668,-41.838836669921875,26.4692
1776314414637000000,171.773,-38.165008544921875,33.3492
1776314414738000000,171.8739997558594,-40.055355072021484,29.8092
1776314414841000000,171.977,-40.263729095458984,29.4189
1776314414946000000,172.08199975585939,-42.22621536254883,25.7438
1776314415051000000,172.187,-43.63688278198242,23.1020
1776314415154000000,172.28999975585938,-41.0164909362793,28.0093
1776314415259000000,172.395,-43.2620849609375,23.8039
1776314415363000000,172.499,-44.73597717285156,21.0438
1776314415468000000,172.604,-44.447566986083984,21.5839
1776314415573000000,172.709,-43.746910095214844,22.8960
1776314415678000000,172.81400024414063,-45.16239547729492,20.2452
1776314415784000000,172.92,-35.910484313964844,37.5713
1776314415886000000,173.02200024414063,-37.385337829589844,34.8093
1776314415991000000,173.127,-38.198299407958984,33.2869
1776314416096000000,173.232,-39.688629150390625,30.4959
1776314416201000000,173.337,-41.20307922363281,27.6598
1776314416307000000,173.443,-41.246315002441406,27.5789
1776314416409000000,173.545,-41.423763275146484,27.2465
1776314416514000000,173.64999975585937,-41.93645095825195,26.2864
1776314416617000000,173.753,-42.19133377075195,25.8091
1776314416722000000,173.85799975585937,-40.37342834472656,29.2135
1776314416824000000,173.96,-42.47890090942383,25.2706
1776314416929000000,174.065,-43.60544967651367,23.1609
1776314417034000000,174.16999975585938,-40.98509979248047,28.0680
1776314417139000000,174.275,-42.53614044189453,25.1634
1776314417244000000,174.38,-40.82076644897461,28.3758
1776314417349000000,174.485,-40.59697723388672,28.7949
1776314417453000000,174.589,-38.89910125732422,31.9745
1776314417559000000,174.695,-38.32658767700195,33.0466
1776314417664000000,174.8,-34.69942855834961,39.8392
1776314417769000000,174.905,-29.804780960083008,49.0055
1776314417874000000,175.00999975585938,-31.899272918701172,45.0831
1776314417979000000,175.115,-31.952430725097656,44.9835
1776314418084000000,175.22,-32.197547912597656,44.5245
1776314418189000000,175.325,-25.802106857299805,56.5013
1776314418294000000,175.43000024414061,-28.808223724365234,50.8717
1776314418400000000,175.536,-28.424776077270508,51.5898
1776314418501000000,175.637,-27.60364532470703,53.1275
1776314418606000000,175.74200024414063,-26.00764274597168,56.1164
1776314418708000000,175.844,-26.446916580200195,55.2937
1776314418813000000,175.949,-28.697359085083008,51.0793
1776314418918000000,176.05400024414064,-31.163198471069336,46.4615
1776314419023000000,176.159,-34.12740707397461,40.9105
1776314419128000000,176.264,-36.46377182006836,36.5351
1776314419233000000,176.369,-34.265037536621094,40.6527
1776314419335000000,176.471,-35.70331954956055,37.9592
1776314419440000000,176.576,-31.0843448638916,46.6092
1776314419545000000,176.681,-30.04020118713379,48.5646
1776314419647000000,176.783,-31.32166862487793,46.1648
1776314419752000000,176.888,-33.24838638305664,42.5566
1776314419857000000,176.993,-36.28702926635742,36.8661
1776314419960000000,177.096,-38.24003601074219,33.2087
1776314420065000000,177.201,-40.41046905517578,29.1441
1776314420170000000,177.30599975585938,-41.36658477783203,27.3536
1776314420275000000,177.411,-40.55274963378906,28.8777
1776314420381000000,177.517,-39.755577087402344,30.3706
1776314420486000000,177.62200024414062,-35.493648529052734,38.3519
1776314420591000000,177.727,-37.238922119140625,35.0835
1776314420696000000,177.832,-39.07482147216797,31.6454
1776314420799000000,177.935,-38.38422393798828,32.9387
1776314420904000000,178.04,-40.6293830871582,28.7342
1776314421009000000,178.145,-40.86008834838867,28.3021
1776314421115000000,178.251,-41.95340347290039,26.2547
1776314421220000000,178.356,-39.9873046875,29.9366
1776314421325000000,178.461,-37.72248458862305,34.1779
1776314421430000000,178.56600024414064,-38.763118743896484,32.2291
1776314421535000000,178.671,-40.58325958251953,28.8206
1776314421640000000,178.776,-40.680572509765625,28.6383
1776314421745000000,178.881,-39.42548370361328,30.9887
1776314421850000000,178.98599975585938,-40.955902099609375,28.1227
1776314421955000000,179.091,-40.6912841796875,28.6183
1776314422060000000,179.196,-40.36048126220703,29.2378
1776314422165000000,179.301,-34.78241729736328,39.6838
1776314422271000000,179.407,-38.083892822265625,33.5011
1776314422372000000,179.508,-39.818973541259766,30.2518
1776314422476000000,179.612,-40.5649528503418,28.8548
1776314422581000000,179.717,-29.7523250579834,49.1037
1776314422686000000,179.8220002441406,-27.911962509155273,52.5501
1776314422791000000,179.927,-28.934192657470703,50.6358
1776314422896000000,180.032,-29.373306274414062,49.8135
1776314423001000000,180.137,-31.242656707763672,46.3127
1776314423106000000,180.24199975585938,-26.22853660583496,55.7027
1776314423211000000,180.347,-29.806167602539062,49.0029
1776314423317000000,180.453,-32.49135971069336,43.9743
1776314423422000000,180.55800024414063,-29.88754653930664,48.8505
1776314423527000000,180.663,-32.51411056518555,43.9317
1776314423632000000,180.768,-33.797603607177734,41.5281
1776314423737000000,180.873,-28.57093048095703,51.3161
1776314423842000000,180.97799975585937,-30.10479736328125,48.4436
1776314423948000000,181.084,-27.741912841796875,52.8686
1776314424053000000,181.189,-26.636926651000977,54.9379
1776314424158000000,181.29400024414062,-24.79360580444336,58.3899
1776314424263000000,181.399,-19.25325584411621,68.7653
1776314424368000000,181.504,-21.2054386138916,65.1095
1776314424473000000,181.609,-24.05169105529785,59.7793
1776314424579000000,181.715,-25.91199493408203,56.2955
1776314424679000000,181.815,-28.442127227783203,51.5573
1776314424785000000,181.921,-27.664142608642578,53.0142
1776314424886000000,182.02200024414063,-28.744253158569336,50.9915
1776314424991000000,182.127,-30.67340850830078,47.3788
1776314425096000000,182.232,-28.257749557495117,51.9026
1776314425202000000,182.33799975585939,-28.780975341796875,50.9227
1776314425307000000,182.443,-23.952129364013672,59.9657
1776314425412000000,182.548,-26.81377410888672,54.6067
1776314425517000000,182.653,-29.03500747680664,50.4470
1776314425619000000,182.755,-25.471406936645508,57.1206
1776314425722000000,182.85799975585937,-28.261127471923828,51.8963
1776314425827000000,182.963,-31.226648330688477,46.3427
1776314425932000000,183.068,-33.579429626464844,41.9367
1776314426037000000,183.173,-36.412025451660156,36.6320
1776314426139000000,183.275,-38.527801513671875,32.6698
1776314426244000000,183.38,-22.301015853881836,63.0578
1776314426349000000,183.485,-17.378881454467773,72.2755
1776314426453000000,183.589,-21.55984878540039,64.4458
1776314426554000000,183.68999975585936,-24.994016647338867,58.0146
1776314426659000000,183.795,-28.01467514038086,52.3578
1776314426765000000,183.901,-30.20690155029297,48.2524
1776314426866000000,184.00199975585937,-33.28562545776367,42.4869
1776314426971000000,184.107,-35.2350959777832,38.8361
1776314427076000000,184.212,-26.842281341552734,54.5533
1776314427177000000,184.313,-25.096412658691406,57.8228
1776314427282000000,184.41799975585937,-28.711605072021484,51.0527
1776314427383000000,184.519,-27.504079818725586,53.3140
1776314427488000000,184.624,-13.465456008911133,79.6042
1776314427593000000,184.729,-15.796187400817871,75.2394
1776314427698000000,184.83399975585937,-17.87417221069336,71.3480
1776314427804000000,184.94,-20.100460052490234,67.1788
1776314427909000000,185.045,-22.109752655029297,63.4160
1776314428014000000,185.1500002441406,-24.508811950683594,58.9232
1776314428119000000,185.255,-26.72270393371582,54.7773
1776314428224000000,185.36,-28.783184051513672,50.9186
1776314428330000000,185.46599975585937,-22.426801681518555,62.8222
1776314428432000000,185.568,-25.15488052368164,57.7133
1776314428537000000,185.673,-27.516569137573242,53.2906
1776314428642000000,185.77799975585938,-25.75725746154785,56.5853
1776314428747000000,185.883,-28.861644744873047,50.7717
1776314428852000000,185.988,-26.688840866088867,54.8407
1776314428957000000,186.093,-25.868282318115234,56.3774
1776314429062000000,186.19800024414062,-26.09093475341797,55.9604
1776314429168000000,186.304,-27.878128051757812,52.6135
1776314429273000000,186.409,-21.085315704345703,65.3344
1776314429378000000,186.51399975585937,-20.157209396362305,67.0725
1776314429483000000,186.619,-23.38997459411621,61.0185
1776314429588000000,186.724,-24.782255172729492,58.4112
1776314429694000000,186.83000024414062,-26.563966751098633,55.0745
1776314429799000000,186.935,-23.55232810974121,60.7145
1776314429904000000,187.04,-24.164478302001953,59.5681
1776314430009000000,187.145,-25.945140838623047,56.2334
1776314430114000000,187.24999975585936,-28.163097381591797,52.0798
1776314430219000000,187.355,-28.8400821685791,50.8121
1776314430324000000,187.46,-29.606340408325195,49.3771
1776314430429000000,187.565,-14.945417404174805,76.8326
1776314430534000000,187.67000024414062,-16.768882751464844,73.4178
1776314430639000000,187.775,-19.741867065429688,67.8503
1776314430744000000,187.88,-22.632198333740234,62.4376
1776314430850000000,187.98599975585938,-24.984495162963867,58.0324
1776314430955000000,188.091,-20.860519409179688,65.7554
1776314431060000000,188.196,-21.70598793029785,64.1721
1776314431165000000,188.301,-25.36085319519043,57.3276
1776314431270000000,188.4060002441406,-27.669536590576172,53.0041
1776314431375000000,188.511,-30.99721336364746,46.7724
1776314431480000000,188.616,-32.38780975341797,44.1682
1776314431586000000,188.72199975585937,-22.75873565673828,62.2006
1776314431691000000,188.827,-25.285314559936523,57.4691
1776314431796000000,188.932,-29.682600021362305,49.2343
1776314431898000000,189.03399975585938,-32.89287185668945,43.2224
1776314432003000000,189.139,-36.36304473876953,36.7238
1776314432108000000,189.244,-30.87825584411621,46.9952
1776314432210000000,189.34599975585937,-31.672321319580078,45.5081
1776314432314000000,189.44999975585938,-34.53009796142578,40.1563
1776314432419000000,189.555,-36.699989318847656,36.0928
1776314432524000000,189.66,-38.210670471191406,33.2637
1776314432629000000,189.765,-38.39902877807617,32.9110
1776314432734000000,189.8700002441406,-38.08867645263672,33.4922
1776314432839000000,189.975,-37.87664794921875,33.8892
1776314432945000000,190.081,-37.42045974731445,34.7436
1776314433048000000,190.184,-38.379581451416016,32.9474
1776314433153000000,190.289,-40.99347686767578,28.0523
1776314433258000000,190.39399975585937,-33.11602020263672,42.8045
1776314433363000000,190.499,-28.79873275756836,50.8895
1776314433468000000,190.604,-32.842803955078125,43.3161
1776314433573000000,190.709,-35.6900634765625,37.9841
1776314433678000000,190.81400024414063,-38.90203857421875,31.9690
1776314433783000000,190.919,-41.22127151489258,27.6258
1776314433889000000,191.025,-33.2991828918457,42.4615
1776314433991000000,191.127,-37.64857482910156,34.3164
1776314434096000000,191.232,-40.621944427490234,28.7481
1776314434198000000,191.3340002441406,-42.81365203857422,24.6437
1776314434303000000,191.439,-43.1468620300293,24.0197
1776314434405000000,191.541,-44.123138427734375,22.1914
1776314434510000000,191.64600024414062,-43.223793029785156,23.8756
1776314434612000000,191.748,-44.32342529296875,21.8163
1776314434717000000,191.853,-41.56243133544922,26.9869
1776314434819000000,191.955,-43.009124755859375,24.2776
1776314434924000000,192.06,-40.44607925415039,29.0775
1776314435026000000,192.16199975585937,-42.6506233215332,24.9490
1776314435127000000,192.263,-44.395957946777344,21.6805
1776314435232000000,192.368,-43.68234634399414,23.0169
1776314435335000000,192.471,-44.06507873535156,22.3001
1776314435440000000,192.576,-44.2535285949707,21.9472
1776314435545000000,192.681,-41.971134185791016,26.2215
1776314435648000000,192.784,-41.29948425292969,27.4793
1776314435753000000,192.889,-43.457664489746094,23.4377
1776314435854000000,192.99000024414062,-42.524200439453125,25.1858
1776314435959000000,193.095,-44.73534393310547,21.0449
1776314436061000000,193.197,-45.72674560546875,19.1883
1776314436166000000,193.30200024414063,-46.73162841796875,17.3065
1776314436268000000,193.404,-41.581233978271484,26.9517
1776314436373000000,193.509,-44.10911178588867,22.2177
1776314436478000000,193.6140002441406,-46.34746170043945,18.0259
1776314436583000000,193.719,-47.58513259887695,15.7081
1776314436688000000,193.824,-29.583885192871094,49.4191
1776314436793000000,193.929,-32.4285888671875,44.0918
1776314436894000000,194.03000024414064,-35.26477813720703,38.7805
1776314436999000000,194.135,-37.450557708740234,34.6872
1776314437103000000,194.239,-40.15597915649414,29.6207
1776314437208000000,194.344,-42.64353942871094,24.9623
1776314437313000000,194.449,-45.03097915649414,20.4913
1776314437417000000,194.553,-44.24919509887695,21.9554
1776314437523000000,194.659,-46.301151275634766,18.1126
1776314437625000000,194.761,-37.49072265625,34.6120
1776314437725000000,194.861,-34.65901565551758,39.9149
1776314437831000000,194.967,-36.99531936645508,35.5397
1776314437936000000,195.072,-40.375953674316406,29.2088
1776314438038000000,195.17400024414061,-42.76154708862305,24.7413
1776314438143000000,195.279,-44.498165130615234,21.4891
1776314438244000000,195.38,-37.392791748046875,34.7954
1776314438349000000,195.485,-36.30887985229492,36.8252
1776314438454000000,195.5900002441406,-35.92340850830078,37.5471
1776314438559000000,195.695,-34.735496520996094,39.7717
1776314438664000000,195.8,-31.643495559692383,45.5621
1776314438769000000,195.905,-32.19506072998047,44.5292
1776314438874000000,196.00999975585938,-31.80899429321289,45.2522
1776314438979000000,196.115,-33.7285270690918,41.6574
1776314439084000000,196.22,-26.06410789489746,56.0106
1776314439190000000,196.32600024414063,-28.059720993041992,52.2734
1776314439295000000,196.431,-30.281333923339844,48.1130
1776314439400000000,196.536,-31.64056968688965,45.5676
1776314439501000000,196.637,-33.34601593017578,42.3738
1776314439606000000,196.74200024414063,-24.538820266723633,58.8670
1776314439707000000,196.843,-17.74627685546875,71.5875
1776314439810000000,196.94599975585936,-18.487680435180664,70.1990
1776314439915000000,197.051,-20.510339736938477,66.4112
1776314440017000000,197.153,-22.87444496154785,61.9839
1776314440120000000,197.256,-25.464994430541992,57.1326
1776314440224000000,197.36,-28.224687576293945,51.9645
1776314440325000000,197.461,-30.429494857788086,47.8356
1776314440430000000,197.56600024414064,-30.51126480102539,47.6824
1776314440536000000,197.672,-30.705936431884766,47.3179
1776314440641000000,197.777,-28.316490173339844,51.7926
1776314440746000000,197.88199975585937,-29.325666427612305,49.9027
1776314440851000000,197.987,-25.244924545288086,57.5447
1776314440956000000,198.092,-26.95279312133789,54.3464
1776314441061000000,198.197,-25.673158645629883,56.7428
1776314441167000000,198.303,-26.242088317871094,55.6773
1776314441272000000,198.408,-28.38947296142578,51.6559
1776314441377000000,198.513,-28.13926124572754,52.1245
1776314441482000000,198.6179997558594,-27.31854820251465,53.6614
1776314441587000000,198.723,-28.942489624023438,50.6203
1776314441692000000,198.828,-30.88802719116211,46.9769
1776314441797000000,198.933,-32.86887741088867,43.2673
1776314441898000000,199.03399975585938,-33.04512023925781,42.9373
1776314442003000000,199.139,-18.41745376586914,70.3305
1776314442108000000,199.244,-14.471833229064941,77.7195
1776314442213000000,199.349,-13.400927543640137,79.7250
1776314442314000000,199.44999975585938,-15.398028373718262,75.9850
1776314442419000000,199.555,-18.900758743286133,69.4255
1776314442524000000,199.66,-22.781177520751953,62.1586
1776314442629000000,199.765,-25.880146026611328,56.3551
1776314442734000000,199.8700002441406,-24.389925003051758,59.1459
1776314442835000000,199.971,-23.666147232055664,60.5013
1776314442937000000,200.073,-26.10183334350586,55.9400
1776314443043000000,200.179,-29.402496337890625,49.7588
1776314443144000000,200.28,-31.848369598388672,45.1784
1776314443249000000,200.385,-34.08011245727539,40.9990
1776314443351000000,200.487,-34.93892288208008,39.3907
1776314443456000000,200.592,-31.448482513427734,45.9273
1776314443561000000,200.697,-17.27486801147461,72.4703
1776314443666000000,200.80199975585938,-20.159643173217773,67.0679
1776314443771000000,200.907,-23.83134651184082,60.1919
1776314443876000000,201.012,-26.799936294555664,54.6326
1776314443981000000,201.117,-7.314049243927002,91.1239
1776314444085000000,201.221,-9.324240684509277,87.3594
1776314444190000000,201.32600024414063,-12.006296157836914,82.3367
1776314444295000000,201.431,-14.478894233703613,77.7063
1776314444400000000,201.536,-17.33372688293457,72.3600
1776314444501000000,201.637,-20.231504440307617,66.9334
1776314444606000000,201.74200024414063,-15.55546760559082,75.6902
1776314444707000000,201.843,-9.785015106201172,86.4965
1776314444809000000,201.945,-10.708894729614258,84.7664
1776314444910000000,202.04600024414063,-12.492733001708984,81.4258
1776314445015000000,202.151,-14.367424964904785,77.9151
1776314445120000000,202.256,-16.204143524169922,74.4754
1776314445226000000,202.3619997558594,-13.43593978881836,79.6594
1776314445329000000,202.465,-15.750271797180176,75.3254
1776314445435000000,202.571,-18.44316864013672,70.2824
1776314445540000000,202.676,-21.579238891601562,64.4095
1776314445645000000,202.781,-23.432865142822266,60.9382
1776314445750000000,202.88600024414063,-20.251094818115234,66.8967
1776314445855000000,202.991,-22.194494247436523,63.2573
1776314445960000000,203.096,-12.516032218933105,81.3822
1776314446065000000,203.201,-14.910795211791992,76.8975
1776314446171000000,203.307,-10.215782165527344,85.6898
1776314446276000000,203.412,-11.048428535461426,84.1305
1776314446380000000,203.516,-11.606270790100098,83.0859
1776314446485000000,203.621,-13.016902923583984,80.4442
1776314446590000000,203.72600024414064,-10.38306999206543,85.3766
1776314446695000000,203.831,-14.13896656036377,78.3429
1776314446797000000,203.933,-13.112812042236328,80.2646
1776314446898000000,204.03399975585938,-16.92144775390625,73.1321
1776314447001000000,204.137,-15.712791442871094,75.3956
1776314447107000000,204.243,-17.082611083984375,72.8303
1776314447212000000,204.348,-15.169574737548828,76.4129
1776314447317000000,204.453,-11.55675983428955,83.1786
1776314447422000000,204.55800024414063,-13.702421188354492,79.1604
1776314447527000000,204.663,-11.665926933288574,82.9742
1776314447632000000,204.768,-13.501606941223145,79.5365
1776314447737000000,204.873,-16.156646728515625,74.5644
1776314447842000000,204.97799975585937,-19.964008331298828,67.4343
1776314447947000000,205.083,-18.534618377685547,70.1111
1776314448053000000,205.189,-13.704617500305176,79.1563
1776314448158000000,205.29400024414062,-15.056314468383789,76.6250
1776314448263000000,205.399,-17.136276245117188,72.7298
1776314448368000000,205.504,-18.00563621520996,71.1018
1776314448469000000,205.605,-14.943648338317871,76.8360
1776314448574000000,205.71000024414062,-18.685840606689453,69.8279
1776314448679000000,205.815,-14.449912071228027,77.7606
1776314448784000000,205.92,-11.992829322814941,82.3620
1776314448890000000,206.02599975585937,-14.612841606140137,77.4555
1776314448995000000,206.131,-18.25389289855957,70.6368
1776314449100000000,206.236,-21.05896759033203,65.3838
1776314449201000000,206.337,-24.6335391998291,58.6897
1776314449307000000,206.443,-25.399513244628906,57.2552
1776314449412000000,206.548,-26.38094711303711,55.4173
1776314449514000000,206.64999975585937,-24.992774963378906,58.0169
1776314449620000000,206.756,-25.111753463745117,57.7941
1776314449725000000,206.861,-23.082029342651367,61.5952
1776314449830000000,206.96600024414062,-24.792686462402344,58.3916
1776314449935000000,207.071,-26.706390380859375,54.8078
1776314450040000000,207.176,-29.46348762512207,49.6446
1776314450145000000,207.281,-32.2747802734375,44.3799
1776314450251000000,207.387,-35.03938293457031,39.2026
1776314450356000000,207.492,-37.35647964477539,34.8634
1776314450461000000,207.597,-39.36021041870117,31.1110
1776314450566000000,207.70200024414063,-40.44125747680664,29.0865
1776314450671000000,207.807,-39.41025161743164,31.0173
1776314450776000000,207.912,-38.75248718261719,32.2491
1776314450881000000,208.017,-40.43942642211914,29.0899
1776314450987000000,208.123,-35.479251861572266,38.3789
1776314451092000000,208.228,-33.59836196899414,41.9012
1776314451197000000,208.333,-36.272850036621094,36.8927
1776314451301000000,208.437,-38.65174865722656,32.4377
1776314451406000000,208.54200024414064,-41.68171691894531,26.7635
1776314451512000000,208.648,-43.17693328857422,23.9634
1776314451617000000,208.753,-41.658939361572266,26.8061
1776314451722000000,208.85799975585937,-42.77431869506836,24.7174
1776314451827000000,208.963,-44.792171478271484,20.9385
1776314451932000000,209.068,-43.949249267578125,22.5171
1776314452037000000,209.173,-45.48129653930664,19.6480
1776314452143000000,209.279,-46.98675537109375,16.8287
1776314452248000000,209.384,-43.44321060180664,23.4647
1776314452353000000,209.489,-45.22105026245117,20.1354
1776314452453000000,209.589,-47.71030044555664,15.4737
1776314452559000000,209.695,-44.160728454589844,22.1210
1776314452664000000,209.8,-26.727275848388672,54.7687
1776314452769000000,209.905,-27.918529510498047,52.5378
1776314452874000000,210.00999975585938,-29.146154403686523,50.2389
1776314452979000000,210.115,-31.69422149658203,45.4671
1776314453084000000,210.22,-34.097530364990234,40.9664
1776314453189000000,210.325,-23.37591552734375,61.0448
1776314453295000000,210.431,-26.39653968811035,55.3881
1776314453400000000,210.536,-28.791046142578125,50.9039
1776314453505000000,210.641,-31.94987678527832,44.9883
1776314453610000000,210.74599975585937,-34.25482940673828,40.6718
1776314453715000000,210.851,-36.188697814941406,37.0503
1776314453818000000,210.95399975585937,-38.82609176635742,32.1112
1776314453924000000,211.06,-41.32857131958008,27.4248
1776314454029000000,211.165,-42.938533782958984,24.4098
1776314454134000000,211.27000024414062,-42.114009857177734,25.9539
1776314454239000000,211.375,-42.44567108154297,25.3328
1776314454344000000,211.48,-42.172725677490234,25.8440
1776314454449000000,211.585,-43.147212982177734,24.0190
1776314454554000000,211.68999975585936,-40.45010757446289,29.0699
1776314454660000000,211.796,-42.33095169067383,25.5477
1776314454765000000,211.901,-32.4405517578125,44.0694
1776314454866000000,212.00199975585937,-33.319480895996094,42.4235
1776314454971000000,212.107,-35.54817581176758,38.2498
1776314455076000000,212.212,-37.349849700927734,34.8758
1776314455181000000,212.317,-38.46198272705078,32.7931
1776314455286000000,212.42200024414063,-40.383853912353516,29.1940
1776314455391000000,212.527,-42.14384078979492,25.8981
1776314455495000000,212.631,-43.94801330566406,22.5194
1776314455601000000,212.737,-43.03523635864258,24.2287
1776314455704000000,212.84,-45.393043518066406,19.8133
1776314455809000000,212.945,-44.32060623168945,21.8216
1776314455914000000,213.04999975585937,-42.650936126708984,24.9484
1776314456019000000,213.155,-43.83100891113281,22.7385
1776314456124000000,213.26,-45.63558578491211,19.3591
1776314456229000000,213.365,-47.16090393066406,16.5026
1776314456335000000,213.471,-31.858861923217773,45.1588
1776314456440000000,213.576,-30.55834197998047,47.5943
1776314456545000000,213.681,-32.59151840209961,43.7867
1776314456646000000,213.78200024414062,-32.469295501708984,44.0156
1776314456748000000,213.884,-32.3154182434082,44.3038
1776314456853000000,213.989,-34.24003982543945,40.6995
1776314456959000000,214.095,-36.05630111694336,37.2982
1776314457064000000,214.2,-36.80070114135742,35.9042
1776314457169000000,214.305,-39.00638198852539,31.7736
1776314457274000000,214.4099997558594,-41.46439743041992,27.1705
1776314457379000000,214.515,-42.84678649902344,24.5816
1776314457484000000,214.62,-44.31330108642578,21.8353
1776314457585000000,214.721,-45.64773941040039,19.3363
1776314457690000000,214.82599975585939,-43.37868881225586,23.5856
1776314457794000000,214.92999975585937,-45.07121658325195,20.4160
1776314457899000000,215.035,-45.630271911621094,19.3690
1776314458004000000,215.14,-46.8380126953125,17.1073
1776314458107000000,215.243,-35.97924041748047,37.4425
1776314458210000000,215.34599975585937,-37.729774475097656,34.1643
1776314458314000000,215.44999975585938,-36.78175354003906,35.9397
1776314458419000000,215.555,-33.64569091796875,41.8126
1776314458524000000,215.66,-35.76816177368164,37.8378
1776314458629000000,215.765,-37.57014846801758,34.4632
1776314458730000000,215.86599975585938,-38.269569396972656,33.1534
1776314458835000000,215.971,-40.24127197265625,29.4610
1776314458941000000,216.077,-31.45839500427246,45.9087
1776314459046000000,216.18200024414062,-33.42513656616211,42.2256
1776314459151000000,216.287,-29.58538055419922,49.4163
1776314459256000000,216.392,-32.155677795410156,44.6029
1776314459359000000,216.495,-31.849693298339844,45.1759
1776314459464000000,216.6,-34.410884857177734,40.3796
1776314459566000000,216.70200024414063,-32.68850326538086,43.6051
1776314459670000000,216.80600024414062,-26.493961334228516,55.2056
1776314459775000000,216.911,-29.335365295410156,49.8845
1776314459880000000,217.016,-31.95417022705078,44.9803
1776314459985000000,217.121,-35.55475997924805,38.2375
1776314460090000000,217.22599975585936,-38.142398834228516,33.3916
1776314460195000000,217.331,-40.827754974365234,28.3627
1776314460301000000,217.437,-42.84792709350586,24.5795
1776314460401000000,217.537,-32.24971389770508,44.4268
1776314460507000000,217.643,-34.40193176269531,40.3964
1776314460612000000,217.748,-36.490264892578125,36.4855
1776314460716000000,217.852,-35.6529541015625,38.0536
1776314460821000000,217.957,-32.21380615234375,44.4941
1776314460927000000,218.063,-34.78528594970703,39.6785
1776314461032000000,218.168,-33.054969787597656,42.9188
1776314461137000000,218.273,-32.04328918457031,44.8134
1776314461242000000,218.37799975585938,-29.9465274810791,48.7400
1776314461347000000,218.483,-29.479183197021484,49.6152
1776314461452000000,218.588,-29.443693161010742,49.6817
1776314461557000000,218.693,-27.837566375732422,52.6895
1776314461662000000,218.79800024414064,-18.545963287353516,70.0899
1776314461767000000,218.903,-12.668060302734375,81.0975
1776314461872000000,219.008,-6.337010860443115,92.9536
1776314461978000000,219.11399975585937,-9.959782600402832,86.1693
1776314462083000000,219.219,-12.594280242919922,81.2356
1776314462188000000,219.324,-3.4435842037200928,98.3722
1776314462293000000,219.429,-8.119255065917969,89.6160
1776314462395000000,219.531,-10.966352462768555,84.2843
1776314462497000000,219.633,-14.795559883117676,77.1133
1776314462602000000,219.73799975585936,-17.975627899169922,71.1580
1776314462707000000,219.843,-21.24090003967285,65.0431
1776314462812000000,219.948,-15.031396865844727,76.6716
1776314462917000000,220.053,-10.103036880493164,85.9010
1776314463022000000,220.15800024414062,-11.333377838134766,83.5969
1776314463127000000,220.263,-9.092290878295898,87.7938
1776314463232000000,220.368,-5.8427910804748535,93.8792
1776314463336000000,220.472,-7.605068683624268,90.5789
1776314463441000000,220.577,-11.919065475463867,82.5001
1776314463545000000,220.681,-14.980331420898438,76.7673
1776314463651000000,220.787,-18.396053314208984,70.3706
1776314463752000000,220.888,-20.086469650268555,67.2050
1776314463857000000,220.993,-22.906702041625977,61.9235
1776314463959000000,221.095,-18.153074264526367,70.8257
1776314464064000000,221.2,-11.669458389282227,82.9675
1776314464170000000,221.30599975585938,-15.829970359802246,75.1761
1776314464275000000,221.411,-19.089147567749023,69.0727
1776314464379000000,221.515,-21.657026290893555,64.2638
1776314464483000000,221.619,-15.93192195892334,74.9852
1776314464585000000,221.721,-18.901058197021484,69.4249
1776314464687000000,221.823,-21.497360229492188,64.5628
1776314464792000000,221.928,-24.332040786743164,59.2543
1776314464897000000,222.033,-24.234922409057617,59.4362
1776314465002000000,222.13799975585937,-26.1124210357666,55.9202
1776314465107000000,222.243,-23.048355102539062,61.6582
1776314465212000000,222.348,-17.72410011291504,71.6290
1776314465314000000,222.44999975585938,-17.669389724731445,71.7315
1776314465419000000,222.555,-19.73233413696289,67.8682
1776314465523000000,222.659,-21.257997512817383,65.0111
1776314465628000000,222.764,-19.707128524780273,67.9154
1776314465730000000,222.86599975585938,-22.364822387695312,62.9383
1776314465835000000,222.971,-9.944679260253906,86.1975
1776314465940000000,223.076,-14.12063217163086,78.3772
1776314466045000000,223.181,-17.431365966796875,72.1772
1776314466146000000,223.28199975585937,-19.41522216796875,68.4620
1776314466251000000,223.387,-22.40329933166504,62.8662
1776314466356000000,223.492,-22.1520938873291,63.3367
1776314466460000000,223.596,-24.460664749145508,59.0134
1776314466565000000,223.701,-27.554323196411133,53.2199
1776314466667000000,223.803,-22.503170013427734,62.6792
1776314466773000000,223.909,-23.87679672241211,60.1068
1776314466878000000,224.01400024414062,-22.154884338378906,63.3314
1776314466983000000,224.119,-24.939010620117188,58.1176
1776314467084000000,224.22,-25.720598220825195,56.6539
1776314467189000000,224.325,-19.384977340698242,68.5187
1776314467294000000,224.43000024414061,-21.441890716552734,64.6667
1776314467399000000,224.535,-24.322965621948242,59.2713
1776314467501000000,224.637,-26.199079513549805,55.7579
1776314467606000000,224.74200024414063,-27.85708999633789,52.6529
1776314467707000000,224.843,-27.98076820373535,52.4213
1776314467811000000,224.947,-23.865924835205078,60.1272
1776314467916000000,225.052,-24.552696228027344,58.8411
1776314468022000000,225.15800024414062,-18.292457580566406,70.5646
1776314468123000000,225.259,-21.051233291625977,65.3983
1776314468228000000,225.364,-23.281888961791992,61.2209
1776314468333000000,225.469,-23.131418228149414,61.5027
1776314468439000000,225.575,-24.61152458190918,58.7309
1776314468541000000,225.677,-14.192950248718262,78.2418
1776314468646000000,225.78200024414062,-17.35737419128418,72.3158
1776314468751000000,225.887,-21.054040908813477,65.3930
1776314468857000000,225.993,-23.638879776000977,60.5524
1776314468962000000,226.09799975585938,-26.79032325744629,54.6506
1776314469067000000,226.203,-29.593961715698242,49.4003
1776314469171000000,226.307,-20.777677536010742,65.9105
1776314469276000000,226.412,-24.18004608154297,59.5389
1776314469379000000,226.515,-25.481382369995117,57.1019
1776314469485000000,226.621,-22.627504348754883,62.4464
1776314469590000000,226.72600024414064,-25.382984161376953,57.2862
1776314469695000000,226.831,-29.010841369628906,50.4923
1776314469800000000,226.936,-22.95079231262207,61.8409
1776314469905000000,227.041,-20.365283966064453,66.6828
1776314470010000000,227.14599975585938,-23.164134979248047,61.4414
1776314470115000000,227.251,-23.701677322387695,60.4348
1776314470221000000,227.357,-26.84109878540039,54.5556
1776314470323000000,227.459,-29.173778533935547,50.1871
1776314470429000000,227.565,-31.180185317993164,46.4297
1776314470534000000,227.67000024414062,-29.828475952148438,48.9611
1776314470639000000,227.775,-30.46399688720703,47.7709
1776314470744000000,227.88,-26.03190803527832,56.0709
1776314470849000000,227.985,-25.05033302307129,57.9091
1776314470951000000,228.087,-23.896162033081055,60.0706
1776314471056000000,228.192,-27.31667709350586,53.6649
1776314471158000000,228.29400024414062,-19.654556274414062,68.0138
1776314471263000000,228.399,-12.607926368713379,81.2101
1776314471368000000,228.504,-17.184144973754883,72.6402
1776314471473000000,228.609,-20.43095588684082,66.5599
1776314471578000000,228.71399975585936,-24.644432067871094,58.6693
1776314471681000000,228.817,-26.718738555908203,54.7847
1776314471786000000,228.9219997558594,-29.572874069213867,49.4398
1776314471887000000,229.023,-22.18910789489746,63.2674
1776314471992000000,229.128,-24.971179962158203,58.0574
1776314472097000000,229.233,-23.480178833007812,60.8496
1776314472203000000,229.339,-16.8664493560791,73.2351
1776314472308000000,229.444,-20.17163848876953,67.0455
1776314472413000000,229.549,-23.919700622558594,60.0265
1776314472515000000,229.651,-26.338056564331055,55.4976
1776314472620000000,229.756,-28.867801666259766,50.7601
1776314472722000000,229.85799975585937,-30.799896240234375,47.1419
1776314472828000000,229.964,-28.561431884765625,51.3339
1776314472933000000,230.069,-27.087369918823242,54.0944
1776314473033000000,230.169,-29.165498733520508,50.2026
1776314473138000000,230.27399975585936,-32.70008850097656,43.5834
1776314473243000000,230.379,-31.485204696655273,45.8585
1776314473346000000,230.48199975585936,-30.985942840576172,46.7935
1776314473452000000,230.588,-31.122467041015625,46.5378
1776314473557000000,230.693,-33.6151123046875,41.8698
1776314473662000000,230.79800024414064,-35.677001953125,38.0085
1776314473767000000,230.903,-35.34446334838867,38.6313
1776314473872000000,231.008,-31.53961944580078,45.7566
1776314473977000000,231.113,-32.43726348876953,44.0756
1776314474082000000,231.21799975585938,-31.115591049194336,46.5507
1776314474188000000,231.324,-34.24187469482422,40.6961
1776314474293000000,231.429,-37.46952438354492,34.6517
1776314474398000000,231.53400024414063,-34.49189376831055,40.2279
1776314474501000000,231.637,-36.91062545776367,35.6983
1776314474606000000,231.74200024414063,-38.24238586425781,33.2043
1776314474712000000,231.848,-39.479270935058594,30.8880
1776314474817000000,231.953,-42.22625732421875,25.7437
1776314474922000000,232.05799975585938,-32.19157028198242,44.5357
1776314475027000000,232.163,-34.815650939941406,39.6216
1776314475132000000,232.268,-37.56547164916992,34.4720
1776314475237000000,232.373,-39.16111755371094,31.4838
1776314475343000000,232.479,-40.46532440185547,29.0414
1776314475448000000,232.584,-37.951751708984375,33.7486
1776314475553000000,232.689,-39.50480651855469,30.8402
1776314475658000000,232.79399975585937,-37.558502197265625,34.4850
1776314475763000000,232.899,-33.846187591552734,41.4371
1776314475868000000,233.004,-34.89056396484375,39.4813
1776314475973000000,233.109,-37.00479507446289,35.5220
1776314476078000000,233.21400024414064,-38.273075103759766,33.1469
1776314476184000000,233.32,-38.389217376708984,32.9294
1776314476289000000,233.425,-32.131771087646484,44.6477
1776314476389000000,233.525,-33.00913619995117,43.0047
1776314476494000000,233.63000024414063,-32.247188568115234,44.4316
1776314476599000000,233.735,-31.0847225189209,46.6085
1776314476704000000,233.84,-30.102807998657227,48.4473
1776314476809000000,233.945,-28.531206130981445,51.3905
1776314476915000000,234.051,-29.757713317871094,49.0936
1776314477020000000,234.156,-30.8454647064209,47.0566
1776314477121000000,234.257,-28.775270462036133,50.9334
1776314477226000000,234.3619997558594,-30.498987197875977,47.7054
1776314477331000000,234.467,-30.030696868896484,48.5824
1776314477433000000,234.569,-30.8995361328125,46.9553
1776314477538000000,234.67399975585937,-27.047338485717773,54.1693
1776314477644000000,234.78,-28.837099075317383,50.8176
1776314477744000000,234.88,-20.427003860473633,66.5673
1776314477850000000,234.98599975585938,-22.970073699951172,61.8048
1776314477955000000,235.091,-25.768756866455078,56.5637
1776314478058000000,235.19399975585938,-28.2290096282959,51.9564
1776314478163000000,235.299,-30.718730926513672,47.2939
1776314478265000000,235.401,-32.753875732421875,43.4827
1776314478369000000,235.505,-34.6599006652832,39.9133
1776314478472000000,235.608,-36.583499908447266,36.3109
1776314478577000000,235.713,-36.85337448120117,35.8055
1776314478680000000,235.816,-38.43794631958008,32.8381
1776314478785000000,235.921,-36.52276611328125,36.4247
1776314478890000000,236.02599975585937,-32.084285736083984,44.7366
1776314478995000000,236.131,-33.79164123535156,41.5393
1776314479100000000,236.236,-33.0118408203125,42.9996
1776314479202000000,236.33799975585939,-34.02085876464844,41.1100
1776314479307000000,236.443,-28.495328903198242,51.4577
1776314479412000000,236.548,-27.218807220458984,53.8482
1776314479517000000,236.653,-30.512493133544922,47.6801
1776314479622000000,236.75800024414062,-23.962675094604492,59.9460
1776314479727000000,236.863,-17.219697952270508,72.5736
1776314479833000000,236.969,-21.305709838867188,64.9217
1776314479938000000,237.07399975585938,-24.836345672607422,58.3099
1776314480043000000,237.179,-27.303455352783203,53.6897
1776314480148000000,237.284,-24.207468032836914,59.4876
1776314480253000000,237.389,-26.354909896850586,55.4660
1776314480358000000,237.49400024414064,-23.75825309753418,60.3288
1776314480460000000,237.596,-24.934724807739258,58.1256
1776314480565000000,237.701,-20.930715560913086,65.6240
1776314480670000000,237.80600024414062,-23.839815139770508,60.1761
1776314480775000000,237.911,-26.582054138183594,55.0407
1776314480881000000,238.017,-28.373979568481445,51.6849
1776314480986000000,238.12199975585938,-29.699100494384766,49.2034
1776314481091000000,238.227,-25.80239486694336,56.5007
1776314481196000000,238.332,-27.622905731201172,53.0915
1776314481301000000,238.437,-23.8184814453125,60.2160
1776314481406000000,238.54200024414064,-21.503341674804688,64.5516
1776314481508000000,238.644,-23.954374313354492,59.9615
1776314481613000000,238.749,-25.338205337524414,57.3700
1776314481718000000,238.85400024414062,-29.448410034179688,49.6728
1776314481823000000,238.959,-31.32955551147461,46.1500
1776314481926000000,239.06200024414062,-30.445859909057617,47.8049
1776314482031000000,239.167,-27.39946746826172,53.5099
1776314482136000000,239.272,-29.21090316772461,50.1176
1776314482241000000,239.377,-31.291824340820312,46.2207
1776314482347000000,239.483,-30.025028228759766,48.5930
1776314482451000000,239.587,-32.59968185424805,43.7714
1776314482556000000,239.692,-36.373023986816406,36.7051
1776314482657000000,239.793,-35.40107727050781,38.5253
1776314482757000000,239.893,-37.737369537353516,34.1501
1776314482862000000,239.99800024414063,-40.42156219482422,29.1234
1776314482967000000,240.103,-42.740989685058594,24.7798
1776314483072000000,240.208,-35.85991668701172,37.6660
1776314483178000000,240.31399975585938,-38.23575210571289,33.2167
1776314483283000000,240.419,-41.54736328125,27.0151
1776314483388000000,240.524,-42.25822067260742,25.6839
1776314483493000000,240.629,-40.47589874267578,29.0216
1776314483598000000,240.73400024414062,-42.028568267822266,26.1139
1776314483703000000,240.839,-44.776123046875,20.9686
1776314483808000000,240.944,-42.19331359863281,25.8054
1776314483913000000,241.049,-42.880149841308594,24.5192
1776314484019000000,241.155,-43.18782424926758,23.9430
1776314484124000000,241.26,-36.32313537597656,36.7985
1776314484229000000,241.365,-24.248615264892578,59.4105
1776314484334000000,241.47000024414064,-23.900588989257812,60.0623
1776314484439000000,241.575,-28.031505584716797,52.3263
1776314484544000000,241.68,-25.57246208190918,56.9313
1776314484650000000,241.78599975585936,-27.76254653930664,52.8300
1776314484755000000,241.891,-29.84914779663086,48.9224
1776314484857000000,241.993,-31.99325942993164,44.9071
1776314484960000000,242.096,-27.126020431518555,54.0220
1776314485065000000,242.201,-28.91626739501953,50.6694
1776314485170000000,242.30599975585938,-30.613859176635742,47.4903
1776314485275000000,242.411,-29.843273162841797,48.9334
1776314485379000000,242.515,-23.69915008544922,60.4395
1776314485485000000,242.621,-27.201404571533203,53.8808
1776314485590000000,242.72600024414064,-29.281818389892578,49.9848
1776314485695000000,242.831,-32.04438018798828,44.8114
1776314485800000000,242.936,-29.59562110900879,49.3972
1776314485905000000,243.041,-31.47918128967285,45.8698
1776314486010000000,243.14599975585938,-25.719207763671875,56.6565
1776314486115000000,243.251,-28.611413955688477,51.2403
1776314486221000000,243.357,-30.417428970336914,47.8582
1776314486326000000,243.46200024414063,-27.86882781982422,52.6309
1776314486431000000,243.567,-30.67201805114746,47.3814
1776314486536000000,243.672,-8.398787498474121,89.0925
1776314486641000000,243.777,-13.045177459716797,80.3912
1776314486744000000,243.88,-16.749752044677734,73.4537
1776314486849000000,243.985,-21.509601593017578,64.5399
1776314486953000000,244.089,-24.91376304626465,58.1649
1776314487058000000,244.19399975585938,-27.898273468017578,52.5758
1776314487159000000,244.295,-28.250946044921875,51.9153
1776314487265000000,244.401,-21.05072784423828,65.3992
1776314487370000000,244.50599975585936,-23.85702133178711,60.1439
1776314487475000000,244.611,-27.153547286987305,53.9704
1776314487580000000,244.716,-26.4666805267334,55.2567
1776314487681000000,244.817,-28.685766220092773,51.1010
1776314487785000000,244.921,-30.31006622314453,48.0592
1776314487891000000,245.027,-29.101478576660156,50.3225
1776314487996000000,245.132,-29.1618595123291,50.2095
1776314488101000000,245.237,-28.463438034057617,51.5174
1776314488206000000,245.34200024414062,-28.435916900634766,51.5689
1776314488311000000,245.447,-26.610246658325195,54.9879
1776314488416000000,245.552,-26.716249465942383,54.7894
1776314488517000000,245.653,-28.32828140258789,51.7705
1776314488622000000,245.75800024414062,-25.95181655883789,56.2209
1776314488727000000,245.863,-27.2210750579834,53.8440
1776314488832000000,245.968,-27.69933319091797,52.9483
1776314488937000000,246.073,-28.68842124938965,51.0961
1776314489042000000,246.1779997558594,-29.66932487487793,49.2591
1776314489147000000,246.283,-28.229154586791992,51.9561
1776314489252000000,246.388,-29.41731834411621,49.7311
1776314489357000000,246.493,-28.710935592651367,51.0539
1776314489462000000,246.59800024414062,-28.53055191040039,51.3917
1776314489568000000,246.704,-26.989194869995117,54.2782
1776314489673000000,246.809,-11.087699890136719,84.0570
1776314489778000000,246.91399975585938,-12.798309326171875,80.8535
1776314489881000000,247.017,-16.542966842651367,73.8409
1776314489986000000,247.12199975585938,-12.724319458007812,80.9921
1776314490091000000,247.227,-13.997720718383789,78.6074
1776314490197000000,247.333,-17.595991134643555,71.8689
1776314490301000000,247.437,-17.781452178955078,71.5216
1776314490407000000,247.543,-19.978803634643555,67.4066
1776314490512000000,247.648,-20.620298385620117,66.2053
1776314490617000000,247.753,-23.09579849243164,61.5694
1776314490718000000,247.85400024414062,-24.240957260131836,59.4249
1776314490823000000,247.959,-26.394105911254883,55.3926
1776314490928000000,248.064,-28.754379272460938,50.9726
1776314491033000000,248.169,-21.667816162109375,64.2436
1776314491138000000,248.27399975585936,-22.42985725402832,62.8165
1776314491243000000,248.379,-24.04037094116211,59.8005
1776314491348000000,248.484,-25.248275756835938,57.5384
1776314491453000000,248.589,-27.340534210205078,53.6203
1776314491559000000,248.695,-23.663484573364258,60.5063
1776314491664000000,248.8,-25.518491744995117,57.0324
1776314491769000000,248.905,-28.0153865814209,52.3565
1776314491874000000,249.00999975585938,-22.409149169921875,62.8553
1776314491978000000,249.11399975585937,-26.06669807434082,56.0058
1776314492083000000,249.219,-28.494524002075195,51.4592
1776314492188000000,249.324,-31.263595581054688,46.2735
1776314492293000000,249.429,-34.01053237915039,41.1293
1776314492398000000,249.53400024414063,-37.358741760253906,34.8591
1776314492502000000,249.6380002441406,-39.87443161010742,30.1480
1776314492607000000,249.743,-41.30116653442383,27.4761
1776314492712000000,249.848,-43.383182525634766,23.5771
1776314492817000000,249.953,-44.38774108886719,21.6959
1776314492922000000,250.05799975585938,-43.727508544921875,22.9323
1776314493027000000,250.163,-41.77300262451172,26.5925
1776314493132000000,250.268,-39.28606033325195,31.2498
1776314493238000000,250.37400024414063,-18.046995162963867,71.0243
1776314493343000000,250.479,-20.569032669067383,66.3013
1776314493445000000,250.581,-23.32887840270996,61.1329
1776314493550000000,250.68600024414062,-24.964733123779297,58.0694
1776314493655000000,250.791,-23.308792114257812,61.1705
1776314493756000000,250.892,-21.55594253540039,64.4531
1776314493859000000,250.995,-19.01837921142578,69.2052
1776314493960000000,251.096,-20.414535522460938,66.5906
1776314494066000000,251.20199975585936,-16.03437042236328,74.7934
1776314494171000000,251.307,-19.077970504760742,69.0936
1776314494273000000,251.409,-21.567626953125,64.4312
1776314494373000000,251.509,-21.648212432861328,64.2803
1776314494478000000,251.6140002441406,-21.902790069580078,63.8035
1776314494583000000,251.719,-20.572277069091797,66.2952
1776314494688000000,251.824,-18.529918670654297,70.1199
1776314494793000000,251.929,-20.91966438293457,65.6446
1776314494894000000,252.03000024414064,-23.807226181030273,60.2371
1776314494999000000,252.135,-26.65642738342285,54.9014
1776314495101000000,252.237,-28.881074905395508,50.7353
1776314495206000000,252.34200024414062,-30.572616577148438,47.5675
1776314495308000000,252.444,-31.974979400634766,44.9413
1776314495413000000,252.549,-34.51496124267578,40.1847
1776314495515000000,252.651,-30.34292221069336,47.9977
1776314495620000000,252.756,-32.97181701660156,43.0745
1776314495725000000,252.861,-33.939186096191406,41.2629
1776314495830000000,252.96600024414062,-31.945634841918945,44.9963
1776314495931000000,253.067,-30.906923294067383,46.9415
1776314496034000000,253.16999975585938,-32.439857482910156,44.0707
1776314496139000000,253.275,-29.64789581298828,49.2993
1776314496244000000,253.38,-30.264568328857422,48.1444
1776314496349000000,253.485,-31.646366119384766,45.5567
1776314496454000000,253.5900002441406,-32.46067810058594,44.0318
1776314496558000000,253.69400024414062,-31.944719314575195,44.9980
1776314496663000000,253.799,-34.11224365234375,40.9389
1776314496768000000,253.904,-36.478546142578125,36.5075
1776314496870000000,254.00600024414064,-32.57170867919922,43.8238
1776314496973000000,254.109,-28.926294326782227,50.6506
1776314497075000000,254.211,-30.699703216552734,47.3295
1776314497176000000,254.312,-27.646684646606445,53.0469
1776314497281000000,254.417,-27.668296813964844,53.0065
1776314497385000000,254.521,-28.679664611816406,51.1125
1776314497490000000,254.62599975585937,-27.73299789428711,52.8853
1776314497595000000,254.731,-27.387645721435547,53.5320
1776314497698000000,254.83399975585937,-28.46869659423828,51.5075
1776314497801000000,254.937,-29.98796272277832,48.6624
1776314497907000000,255.043,-26.601999282836914,55.0033
1776314498012000000,255.148,-28.50012969970703,51.4487
1776314498114000000,255.24999975585936,-28.912967681884766,50.6756
1776314498219000000,255.355,-31.419761657714844,45.9811
1776314498324000000,255.46,-29.094993591308594,50.3347
1776314498429000000,255.565,-20.237613677978516,66.9219
1776314498534000000,255.67000024414062,-21.709674835205078,64.1652
1776314498638000000,255.77400024414064,-24.75150489807129,58.4687
1776314498743000000,255.879,-27.298999786376953,53.6980
1776314498848000000,255.984,-28.493656158447266,51.4608
1776314498953000000,256.089,-29.57189178466797,49.4416
1776314499057000000,256.193,-31.121252059936523,46.5401
1776314499161000000,256.297,-27.09034538269043,54.0888
1776314499266000000,256.4019997558594,-29.088794708251953,50.3463
1776314499371000000,256.507,-25.574352264404297,56.9278
1776314499477000000,256.613,-23.58688735961914,60.6497
1776314499582000000,256.7180002441406,-14.249395370483398,78.1361
1776314499687000000,256.823,-8.806191444396973,88.3296
1776314499792000000,256.928,-11.314067840576172,83.6331
1776314499897000000,257.033,-8.62853717803955,88.6623
1776314500000000000,257.136,-10.609696388244629,84.9522
1776314500101000000,257.237,-13.000882148742676,80.4742
1776314500206000000,257.34200024414065,-13.89809513092041,78.7940
1776314500312000000,257.448,-15.358823776245117,76.0585
1776314500417000000,257.553,-13.42077922821045,79.6878
1776314500522000000,257.65799975585935,-12.914506912231445,80.6359
1776314500623000000,257.759,-8.463994026184082,88.9704
1776314500728000000,257.864,-11.027085304260254,84.1705
1776314500833000000,257.969,-14.189146041870117,78.2489
1776314500938000000,258.07399975585935,-15.998305320739746,74.8609
1776314501043000000,258.179,-17.707244873046875,71.6606
1776314501148000000,258.284,-17.598989486694336,71.8633
1776314501253000000,258.389,-16.3598575592041,74.1838
1776314501359000000,258.495,-8.353981018066406,89.1764
1776314501464000000,258.6,-12.019340515136719,82.3123
1776314501569000000,258.705,-8.10870361328125,89.6358
1776314501677000000,258.813,-9.399572372436523,87.2184
1776314501777000000,258.913,-11.255834579467773,83.7421
1776314501882000000,259.01799975585936,-10.083327293395996,85.9379
1776314501987000000,259.123,-14.949811935424805,76.8244
1776314502092000000,259.228,-18.59134292602539,70.0049
1776314502197000000,259.333,-21.850887298583984,63.9007
1776314502302000000,259.43800024414065,-23.912124633789062,60.0407
1776314502408000000,259.544,-19.546916961669922,68.2154
1776314502513000000,259.649,-18.514928817749023,70.1480
1776314502618000000,259.75399975585935,-20.10746955871582,67.1656
1776314502720000000,259.856,-19.803096771240234,67.7356
1776314502820000000,259.956,-21.385753631591797,64.7718
1776314502920000000,260.056,-16.840166091918945,73.2843
1776314503025000000,260.161,-15.490999221801758,75.8109
1776314503130000000,260.26599975585935,-15.33310604095459,76.1066
1776314503231000000,260.367,-18.062034606933594,70.9961
1776314503335000000,260.471,-13.097586631774902,80.2931
1776314503436000000,260.572,-14.936119079589844,76.8501
1776314503541000000,260.677,-16.515310287475586,73.8927
1776314503646000000,260.78200024414065,-18.78655242919922,69.6393
1776314503751000000,260.887,-20.618661880493164,66.2083
1776314503856000000,260.992,-22.396272659301758,62.8794
1776314503961000000,261.097,-23.762067794799805,60.3217
1776314504063000000,261.199,-24.986797332763672,58.0281
1776314504168000000,261.304,-21.778451919555664,64.0364
1776314504273000000,261.409,-21.76426124572754,64.0630
1776314504378000000,261.5139997558594,-17.616479873657227,71.8305
1776314504482000000,261.6179997558594,-19.898868560791016,67.5563
1776314504585000000,261.721,-17.438663482666016,72.1635
1776314504690000000,261.82599975585936,-6.251040935516357,93.1146
1776314504795000000,261.931,-10.873310089111328,84.4585
1776314504899000000,262.035,-14.3862943649292,77.8797
1776314505002000000,262.13799975585937,-16.957040786743164,73.0655
1776314505106000000,262.24199975585935,-14.562540054321289,77.5497
1776314505210000000,262.3459997558594,-17.952796936035156,71.2007
1776314505313000000,262.449,-19.507402420043945,68.2894
1776314505418000000,262.55399975585937,-17.43471336364746,72.1709
1776314505523000000,262.659,-14.740988731384277,77.2155
1776314505628000000,262.764,-16.364070892333984,74.1759
1776314505733000000,262.869,-20.38821029663086,66.6399
1776314505838000000,262.9740002441406,-22.77090072631836,62.1778
1776314505944000000,263.08,-21.97876739501953,63.6613
1776314506049000000,263.185,-23.635501861572266,60.5587
1776314506154000000,263.28999975585936,-10.237459182739258,85.6493
1776314506256000000,263.392,-12.286304473876953,81.8124
1776314506361000000,263.497,-14.029472351074219,78.5479
1776314506462000000,263.5980002441406,-16.558130264282227,73.8125
1776314506567000000,263.703,-20.201087951660156,66.9903
1776314506672000000,263.808,-24.04793930053711,59.7863
1776314506778000000,263.9139997558594,-25.759878158569336,56.5804
1776314506880000000,264.016,-23.757421493530273,60.3304
1776314506984000000,264.12,-22.163311004638672,63.3157
1776314507086000000,264.22200024414065,-15.234999656677246,76.2903
1776314507186000000,264.3219997558594,-16.73615264892578,73.4791
1776314507291000000,264.427,-16.740079879760742,73.4718
1776314507395000000,264.531,-18.093069076538086,70.9380
1776314507497000000,264.633,-22.026357650756836,63.5721
1776314507603000000,264.739,-24.811405181884766,58.3566
1776314507708000000,264.844,-21.393814086914062,64.7567
1776314507813000000,264.949,-22.094270706176758,63.4450
1776314507918000000,265.05400024414064,-17.422367095947266,72.1941
1776314508019000000,265.155,-19.92365264892578,67.5099
1776314508119000000,265.255,-22.173311233520508,63.2969
1776314508224000000,265.36,-24.08795738220215,59.7114
1776314508329000000,265.465,-25.245141983032227,57.5443
1776314508435000000,265.571,-14.412616729736328,77.8304
1776314508540000000,265.676,-9.595215797424316,86.8520
1776314508640000000,265.776,-11.078351974487305,84.0745
1776314508745000000,265.881,-15.41165828704834,75.9595
1776314508851000000,265.987,-19.017032623291016,69.2077
1776314508956000000,266.092,-17.1232852935791,72.7541
1776314509061000000,266.197,-19.090621948242188,69.0699
1776314509166000000,266.30200024414063,-22.052940368652344,63.5224
1776314509272000000,266.408,-12.145830154418945,82.0754
1776314509377000000,266.513,-15.077322959899902,76.5856
1776314509482000000,266.6179997558594,-13.132368087768555,80.2279
1776314509587000000,266.723,-14.329941749572754,77.9852
1776314509692000000,266.828,-18.548067092895508,70.0859
1776314509793000000,266.929,-19.562103271484375,68.1870
1776314509898000000,267.0339997558594,-23.008092880249023,61.7336
1776314510004000000,267.14,-22.544858932495117,62.6011
1776314510109000000,267.245,-17.616777420043945,71.8300
1776314510210000000,267.3459997558594,-15.464613914489746,75.8603
1776314510315000000,267.451,-18.760456085205078,69.6882
1776314510421000000,267.557,-19.4382266998291,68.4189
1776314510521000000,267.657,-20.97032356262207,65.5498
1776314510623000000,267.759,-22.89134979248047,61.9523
1776314510727000000,267.863,-14.428980827331543,77.7998
1776314510833000000,267.969,-15.92683219909668,74.9947
1776314510938000000,268.07399975585935,-15.122900009155273,76.5003
1776314511039000000,268.175,-18.225435256958008,70.6901
1776314511145000000,268.281,-17.410358428955078,72.2165
1776314511250000000,268.38599975585936,-15.882363319396973,75.0780
1776314511355000000,268.491,-18.270496368408203,70.6058
1776314511456000000,268.592,-21.89453125,63.8190
1776314511557000000,268.693,-25.103857040405273,57.8089
1776314511663000000,268.799,-28.232126235961914,51.9506
1776314511768000000,268.904,-30.262481689453125,48.1483
1776314511873000000,269.009,-31.159889221191406,46.4677
1776314511978000000,269.11399975585937,-33.047698974609375,42.9324
1776314512083000000,269.219,-24.318723678588867,59.2792
1776314512189000000,269.325,-19.687170028686523,67.9527
1776314512294000000,269.4300002441406,-23.125890731811523,61.5130
1776314512399000000,269.535,-24.63119125366211,58.6941
1776314512504000000,269.64,-25.610271453857422,56.8605
1776314512608000000,269.744,-21.148283004760742,65.2165
1776314512713000000,269.849,-22.32309913635254,63.0164
1776314512818000000,269.9539997558594,-25.09070587158203,57.8335
1776314512924000000,270.06,-20.318655014038086,66.7702
1776314513029000000,270.165,-22.489309310913086,62.7052
1776314513134000000,270.27000024414065,-24.965404510498047,58.0682
1776314513234000000,270.3699997558594,-26.190292358398438,55.7743
1776314513339000000,270.475,-27.876102447509766,52.6173
1776314513445000000,270.581,-25.19662094116211,57.6352
1776314513546000000,270.68199975585935,-27.024063110351562,54.2129
1776314513647000000,270.783,-28.998517990112305,50.5154
1776314513752000000,270.888,-27.907489776611328,52.5585
1776314513857000000,270.993,-28.55922508239746,51.3380
1776314513960000000,271.096,-26.09009552001953,55.9620
1776314514065000000,271.201,-21.984086990356445,63.6513
1776314514170000000,271.3059997558594,-24.168333053588867,59.5609
1776314514275000000,271.411,-25.7027645111084,56.6873
1776314514381000000,271.517,-27.504281997680664,53.3136
1776314514486000000,271.6220002441406,-27.869234085083008,52.6302
1776314514591000000,271.727,-28.274492263793945,51.8712
1776314514696000000,271.832,-26.123117446899414,55.9001
1776314514801000000,271.937,-17.216421127319336,72.5797
1776314514906000000,272.04199975585936,-19.46843910217285,68.3624
1776314515009000000,272.145,-16.217498779296875,74.4504
1776314515114000000,272.2499997558594,-16.157812118530273,74.5622
1776314515219000000,272.355,-13.653532028198242,79.2520
1776314515324000000,272.46,-16.28775978088379,74.3188
1776314515429000000,272.565,-16.188432693481445,74.5048
1776314515534000000,272.6700002441406,-15.340027809143066,76.0937
1776314515639000000,272.775,-16.715076446533203,73.5186
1776314515744000000,272.88,-17.730030059814453,71.6179
1776314515850000000,272.9859997558594,-16.84370994567871,73.2777
1776314515955000000,273.091,-16.915185928344727,73.1439
1776314516060000000,273.196,-16.72805404663086,73.4943
1776314516165000000,273.301,-19.191747665405273,68.8805
1776314516270000000,273.4060002441406,-21.786840438842773,64.0207
1776314516376000000,273.512,-23.49837875366211,60.8155
1776314516481000000,273.617,-21.003177642822266,65.4883
1776314516585000000,273.721,-17.75491714477539,71.5713
1776314516690000000,273.82599975585936,-19.25027847290039,68.7709
1776314516795000000,273.931,-20.9156551361084,65.6522
1776314516900000000,274.036,-18.908292770385742,69.4114
1776314517004000000,274.14,-21.474607467651367,64.6054
1776314517109000000,274.245,-21.53952980041504,64.4838
1776314517210000000,274.3459997558594,-18.228498458862305,70.6844
1776314517315000000,274.451,-18.730817794799805,69.7437
1776314517420000000,274.556,-18.373369216918945,70.4131
1776314517525000000,274.661,-17.83099365234375,71.4288
1776314517630000000,274.7660002441406,-19.95948028564453,67.4428
1776314517732000000,274.868,-20.082454681396484,67.2125
1776314517834000000,274.96999975585936,-19.11223030090332,69.0294
1776314517940000000,275.076,-21.95401382446289,63.7076
1776314518045000000,275.181,-20.569316864013672,66.3007
1776314518146000000,275.2819997558594,-21.60748863220215,64.3566
1776314518252000000,275.388,-23.784025192260742,60.2806
1776314518357000000,275.493,-25.90712547302246,56.3046
1776314518460000000,275.596,-17.321287155151367,72.3833
1776314518560000000,275.696,-18.058483123779297,71.0028
1776314518665000000,275.801,-21.49344253540039,64.5701
1776314518768000000,275.904,-24.101848602294922,59.6854
1776314518873000000,276.009,-25.41057014465332,57.2345
1776314518978000000,276.11399975585937,-24.655733108520508,58.6481
1776314519083000000,276.219,-20.48665428161621,66.4555
1776314519189000000,276.325,-20.22854995727539,66.9389
1776314519294000000,276.4300002441406,-21.01679039001465,65.4628
1776314519399000000,276.535,-22.70886993408203,62.2940
1776314519501000000,276.637,-20.32742691040039,66.7537
1776314519606000000,276.7420002441406,-18.733003616333008,69.7396
1776314519708000000,276.844,-19.0899600982666,69.0711
1776314519813000000,276.949,-21.069955825805664,65.3632
1776314519919000000,277.055,-21.668479919433594,64.2423
1776314520024000000,277.16,-21.65825653076172,64.2615
1776314520129000000,277.265,-20.302745819091797,66.8000
1776314520234000000,277.3699997558594,-22.555850982666016,62.5806
1776314520339000000,277.475,-22.558988571166992,62.5747
1776314520444000000,277.58,-23.351686477661133,61.0902
1776314520549000000,277.685,-23.405677795410156,60.9891
1776314520654000000,277.79000024414063,-23.30739402770996,61.1731
1776314520760000000,277.896,-18.271503448486328,70.6039
1776314520865000000,278.001,-19.299657821655273,68.6784
1776314520970000000,278.1059997558594,-20.60169792175293,66.2401
1776314521075000000,278.211,-19.668533325195312,67.9876
1776314521180000000,278.316,-21.201059341430664,65.1177
1776314521285000000,278.421,-19.035036087036133,69.1740
1776314521390000000,278.5260002441406,-19.817371368408203,67.7089
1776314521496000000,278.632,-17.452346801757812,72.1379
1776314521601000000,278.737,-19.44698143005371,68.4025
1776314521706000000,278.8419997558594,-19.183237075805664,68.8965
1776314521811000000,278.947,-19.62493324279785,68.0693
1776314521914000000,279.0499997558594,-20.78728675842285,65.8926
1776314522019000000,279.155,-22.337444305419922,62.9896
1776314522124000000,279.26,-22.92033576965332,61.8980
1776314522229000000,279.365,-19.94527816772461,67.4694
1776314522332000000,279.468,-22.011831283569336,63.5993
1776314522437000000,279.573,-24.028032302856445,59.8236
1776314522542000000,279.6780002441406,-24.913116455078125,58.1661
1776314522648000000,279.784,-26.142635345458984,55.8636
1776314522748000000,279.884,-25.675233840942383,56.7389
1776314522851000000,279.987,-21.976686477661133,63.6652
1776314522955000000,280.091,-24.897642135620117,58.1951
1776314523060000000,280.196,-26.921934127807617,54.4042
1776314523165000000,280.301,-18.32172203063965,70.5098
1776314523270000000,280.4060002441406,-21.115299224853516,65.2783
1776314523376000000,280.512,-24.21941566467285,59.4652
1776314523481000000,280.617,-26.224153518676758,55.7109
1776314523586000000,280.7219997558594,-26.141345977783203,55.8660
1776314523691000000,280.827,-23.184598922729492,61.4031
1776314523796000000,280.932,-21.446002960205078,64.6590
1776314523899000000,281.035,-21.087417602539062,65.3305
1776314524004000000,281.14,-14.187722206115723,78.2516
1776314524109000000,281.245,-8.114912986755371,89.6242
1776314524214000000,281.35000024414063,-5.618204116821289,94.2997
1776314524319000000,281.455,-9.969188690185547,86.1516
1776314524425000000,281.561,-12.870266914367676,80.7188
1776314524526000000,281.66200024414064,-16.152973175048828,74.5712
1776314524632000000,281.768,-19.547420501708984,68.2145
1776314524736000000,281.872,-21.293912887573242,64.9438
1776314524841000000,281.977,-22.212154388427734,63.2242
1776314524946000000,282.0819997558594,-22.323068618774414,63.0165
1776314525051000000,282.187,-17.11795425415039,72.7641
1776314525156000000,282.292,-16.325939178466797,74.2473
1776314525262000000,282.39800024414063,-15.870015144348145,75.1011
1776314525367000000,282.503,-19.35626983642578,68.5724
1776314525472000000,282.608,-20.605005264282227,66.2339
1776314525577000000,282.713,-20.585010528564453,66.2714
1776314525681000000,282.817,-22.49555206298828,62.6935
1776314525784000000,282.92,-25.767135620117188,56.5668
1776314525889000000,283.025,-17.692832946777344,71.6875
1776314525994000000,283.1299997558594,-21.325401306152344,64.8848
1776314526099000000,283.235,-23.934606552124023,59.9986
1776314526201000000,283.337,-26.62403678894043,54.9621
1776314526307000000,283.443,-17.51007652282715,72.0298
1776314526411000000,283.547,-20.451480865478516,66.5214
1776314526516000000,283.652,-23.84209632873535,60.1718
1776314526621000000,283.757,-13.093399047851562,80.3009
1776314526725000000,283.861,-16.219234466552734,74.4472
1776314526830000000,283.9660002441406,-19.03969383239746,69.1653
1776314526932000000,284.068,-6.018784523010254,93.5496
1776314527037000000,284.173,-11.104836463928223,84.0249
1776314527143000000,284.279,-15.336974143981934,76.0994
1776314527248000000,284.384,-11.428984642028809,83.4179
1776314527353000000,284.489,-14.983914375305176,76.7605
1776314527453000000,284.589,-17.894315719604492,71.3102
1776314527559000000,284.695,-21.207998275756836,65.1047
1776314527664000000,284.8,-18.254093170166016,70.6365
1776314527769000000,284.905,-19.80721664428711,67.7279
1776314527874000000,285.0099997558594,-21.75531578063965,64.0797
1776314527979000000,285.115,-22.73003387451172,62.2544
1776314528084000000,285.22,-23.989826202392578,59.8951
1776314528189000000,285.325,-25.926212310791016,56.2689
1776314528295000000,285.431,-28.802614212036133,50.8822
1776314528400000000,285.536,-30.73762321472168,47.2585
1776314528505000000,285.641,-5.6913652420043945,94.1627
1776314528610000000,285.7459997558594,-9.238462448120117,87.5201
1776314528715000000,285.851,-14.13204574584961,78.3558
1776314528818000000,285.9539997558594,-6.53782320022583,92.5776
1776314528923000000,286.059,-10.251799583435059,85.6224
1776314529028000000,286.164,-14.947633743286133,76.8285
1776314529134000000,286.27000024414065,-18.444721221923828,70.2795
1776314529237000000,286.373,-22.822786331176758,62.0807
1776314529341000000,286.477,-25.483436584472656,57.0981
1776314529443000000,286.579,-22.675477981567383,62.3565
1776314529547000000,286.683,-22.543380737304688,62.6039
1776314529649000000,286.785,-25.910844802856445,56.2976
1776314529754000000,286.8899997558594,-28.330900192260742,51.7656
1776314529857000000,286.993,-30.73647689819336,47.2607
1776314529958000000,287.0940002441406,-32.49831008911133,43.9613
1776314530059000000,287.195,-34.20014953613281,40.7742
1776314530164000000,287.3,-35.96518325805664,37.4689
1776314530265000000,287.401,-32.7657585144043,43.4604
1776314530370000000,287.50599975585936,-29.590272903442383,49.4072
1776314530475000000,287.611,-31.953500747680664,44.9815
1776314530575000000,287.711,-33.90803527832031,41.3213
1776314530680000000,287.816,-34.745819091796875,39.7524
1776314530783000000,287.919,-32.87095642089844,43.2634
1776314530888000000,288.024,-34.80421447753906,39.6430
1776314530992000000,288.128,-34.32480239868164,40.5408
1776314531092000000,288.228,-28.87238121032715,50.7516
1776314531197000000,288.333,-27.445005416870117,53.4246
1776314531302000000,288.43800024414065,-29.312536239624023,49.9273
1776314531405000000,288.541,-28.815738677978516,50.8576
1776314531509000000,288.645,-27.490478515625,53.3395
1776314531614000000,288.7500002441406,-29.85251808166504,48.9161
1776314531719000000,288.855,-30.979347229003906,46.8058
1776314531822000000,288.95800024414064,-28.998828887939453,50.5148
1776314531926000000,289.0620002441406,-31.59856414794922,45.6462
1776314532030000000,289.1660002441406,-33.330055236816406,42.4037
1776314532135000000,289.271,-32.73448181152344,43.5190
1776314532238000000,289.37400024414063,-33.21064758300781,42.6273
1776314532343000000,289.479,-33.05473709106445,42.9193
1776314532447000000,289.583,-27.42841911315918,53.4557
1776314532552000000,289.688,-30.780517578125,47.1782
1776314532657000000,289.793,-31.973209381103516,44.9446
1776314532762000000,289.89799975585936,-33.59556198120117,41.9065
1776314532863000000,289.999,-28.183732986450195,52.0412
1776314532964000000,290.1,-31.104949951171875,46.5706
1776314533069000000,290.205,-31.911842346191406,45.0596
1776314533173000000,290.309,-33.22578811645508,42.5989
1776314533273000000,290.409,-26.2918643951416,55.5841
1776314533377000000,290.513,-30.105058670043945,48.4431
1776314533481000000,290.617,-31.982772827148438,44.9267
1776314533581000000,290.717,-33.59453201293945,41.9084
1776314533686000000,290.8220002441406,-25.737102508544922,56.6230
1776314533792000000,290.928,-27.36707878112793,53.5706
1776314533894000000,291.03000024414064,-23.38010597229004,61.0370
1776314533996000000,291.132,-26.13295555114746,55.8817
1776314534097000000,291.233,-27.342145919799805,53.6172
1776314534199000000,291.335,-29.383249282836914,49.7949
1776314534304000000,291.44,-30.796255111694336,47.1487
1776314534411000000,291.547,-27.572513580322266,53.1858
1776314534511000000,291.647,-24.570398330688477,58.8079
1776314534611000000,291.747,-26.04753875732422,56.0417
1776314534711000000,291.847,-27.907365798950195,52.5588
1776314534811000000,291.947,-28.863018035888672,50.7691
1776314534928000000,292.064,-26.539037704467773,55.1212
1776314535045000000,292.181,-28.419755935668945,51.5992
1776314535161000000,292.297,-30.182180404663086,48.2987
1776314535278000000,292.41400024414065,-31.737751007080078,45.3856
1776314535378000000,292.5139997558594,-29.099367141723633,50.3265
1776314535494000000,292.6300002441406,-30.505849838256836,47.6926
1776314535595000000,292.731,-30.852754592895508,47.0429
1776314535711000000,292.847,-31.027114868164062,46.7164
1776314535811000000,292.947,-30.942615509033203,46.8746
1776314535911000000,293.047,-27.729707717895508,52.8915
1776314536028000000,293.164,-25.31475257873535,57.4140
1776314536128000000,293.264,-28.022174835205078,52.3438
1776314536245000000,293.381,-28.692203521728516,51.0890
1776314536345000000,293.481,-22.191204071044922,63.2634
1776314536445000000,293.581,-22.116060256958008,63.4042
1776314536545000000,293.681,-22.094167709350586,63.4452
1776314536645000000,293.781,-9.5841703414917,86.8727
1776314536761000000,293.897,-12.252008438110352,81.8766
1776314536862000000,293.9980002441406,-11.589456558227539,83.1174
1776314536962000000,294.09799975585935,-13.107952117919922,80.2737
1776314537079000000,294.215,-16.638505935668945,73.6620
1776314537195000000,294.331,-16.024686813354492,74.8115
1776314537312000000,294.448,-13.724105834960938,79.1198
1776314537412000000,294.548,-17.003271102905273,72.9789
1776314537512000000,294.648,-17.58141326904297,71.8962
1776314537629000000,294.765,-22.96953010559082,61.8059
1776314537745000000,294.881,-23.794008255004883,60.2619
1776314537845000000,294.981,-16.822237014770508,73.3179
1776314537962000000,295.09799975585935,-20.38996124267578,66.6366
1776314538079000000,295.215,-23.211509704589844,61.3527
1776314538179000000,295.315,-26.176719665527344,55.7997
1776314538296000000,295.432,-28.440061569213867,51.5612
1776314538412000000,295.548,-29.72079849243164,49.1627
1776314538512000000,295.648,-27.788034439086914,52.7822
1776314538612000000,295.748,-24.326175689697266,59.2653
1776314538712000000,295.848,-21.138582229614258,65.2347
1776314538813000000,295.949,-22.450441360473633,62.7780
1776314538913000000,296.049,-23.124176025390625,61.5163
1776314539029000000,296.165,-22.751209259033203,62.2147
1776314539146000000,296.2819997558594,-23.587841033935547,60.6479
1776314539263000000,296.399,-26.71803092956543,54.7860
1776314539380000000,296.516,-26.06413459777832,56.0106
1776314539480000000,296.616,-16.648197174072266,73.6438
1776314539596000000,296.732,-19.609376907348633,68.0984
1776314539696000000,296.832,-23.014270782470703,61.7221
1776314539813000000,296.949,-26.053449630737305,56.0306
1776314539913000000,297.049,-15.848780632019043,75.1409
1776314540030000000,297.1660002441406,-16.571985244750977,73.7866
1776314540130000000,297.26599975585935,-17.567163467407227,71.9229
1776314540247000000,297.383,-14.919977188110352,76.8803
1776314540347000000,297.483,-12.400654792785645,81.5982
1776314540463000000,297.599,-15.539189338684082,75.7207
1776314540564000000,297.7,-15.418265342712402,75.9471
1776314540680000000,297.816,-14.370969772338867,77.9084
1776314540780000000,297.916,-17.61663055419922,71.8303
1776314540897000000,298.033,-18.610498428344727,69.9690
1776314540997000000,298.133,-21.585905075073242,64.3970
1776314541097000000,298.233,-21.05193328857422,65.3969
1776314541214000000,298.35000024414063,-19.46773338317871,68.3637
1776314541314000000,298.4499997558594,-19.445032119750977,68.4062
1776314541430000000,298.56600024414064,-21.43317222595215,64.6830
1776314541531000000,298.667,-23.33505630493164,61.1213
1776314541647000000,298.783,-26.70486831665039,54.8107
1776314541764000000,298.9,-26.95567512512207,54.3410
1776314541864000000,299,-27.95639991760254,52.4669
1776314541981000000,299.117,-30.594697952270508,47.5262
1776314542098000000,299.2339997558594,-31.65375518798828,45.5429
1776314542214000000,299.35000024414063,-27.072858810424805,54.1215
1776314542314000000,299.4499997558594,-24.06285285949707,59.7584
1776314542414000000,299.5500002441406,-26.769895553588867,54.6889
1776314542531000000,299.667,-28.34825897216797,51.7331
1776314542647000000,299.783,-24.732608795166016,58.5041
1776314542764000000,299.9,-26.547731399536133,55.1049
1776314542880000000,300.016,-28.572080612182617,51.3139
1776314542981000000,300.117,-26.0859375,55.9698
1776314543097000000,300.233,-25.254283905029297,57.5272
1776314543197000000,300.333,-24.463035583496094,59.0090
1776314543314000000,300.4499997558594,-21.56627655029297,64.4337
1776314543414000000,300.5500002441406,-23.943504333496094,59.9819
1776314543531000000,300.667,-22.985340118408203,61.7763
1776314543631000000,300.767,-21.135997772216797,65.2395
1776314543747000000,300.883,-23.859954833984375,60.1384
1776314543847000000,300.983,-26.591096878051758,55.0237
1776314543963000000,301.099,-27.297861099243164,53.7002
1776314544064000000,301.2,-27.810909271240234,52.7394
1776314544180000000,301.316,-19.21339225769043,68.8400
1776314544280000000,301.416,-19.249120712280273,68.7731
1776314544380000000,301.516,-21.667341232299805,64.2445
1776314544481000000,301.617,-24.844833374023438,58.2940
1776314544597000000,301.733,-27.169565200805664,53.9404
1776314544697000000,301.833,-28.664491653442383,51.1409
1776314544813000000,301.949,-26.70623207092285,54.8081
1776314544913000000,302.049,-26.31391716003418,55.5428
1776314545030000000,302.1660002441406,-29.129634857177734,50.2698
1776314545130000000,302.26599975585935,-20.71697235107422,66.0242
1776314545247000000,302.383,-21.897998809814453,63.8125
1776314545363000000,302.499,-25.966005325317383,56.1943
1776314545463000000,302.599,-28.63214683532715,51.2015
1776314545564000000,302.7,-27.584613800048828,53.1632
1776314545680000000,302.816,-22.64336395263672,62.4167
1776314545797000000,302.933,-21.458059310913086,64.6364
1776314545913000000,303.049,-20.02833366394043,67.3138
1776314546030000000,303.1660002441406,-18.228107452392578,70.6851
1776314546130000000,303.26599975585935,-19.668310165405273,67.9881
1776314546247000000,303.383,-16.509735107421875,73.9031
1776314546363000000,303.499,-17.95919418334961,71.1887
1776314546463000000,303.599,-21.583431243896484,64.4016
1776314546580000000,303.716,-23.69498634338379,60.4473
1776314546697000000,303.833,-23.565847396850586,60.6891
1776314546813000000,303.949,-24.94180679321289,58.1124
1776314546913000000,304.049,-23.59400177001953,60.6364
1776314547013000000,304.149,-25.032241821289062,57.9430
1776314547130000000,304.26599975585935,-27.67434310913086,52.9951
1776314547246000000,304.3820002441406,-28.75782585144043,50.9661
1776314547363000000,304.499,-30.14746856689453,48.3637
1776314547463000000,304.599,-24.092878341674805,59.7022
1776314547563000000,304.699,-23.678335189819336,60.4785
1776314547663000000,304.799,-25.271230697631836,57.4955
1776314547780000000,304.916,-24.987342834472656,58.0271
1776314547896000000,305.032,-17.777158737182617,71.5296
1776314547996000000,305.132,-12.91660213470459,80.6320
1776314548096000000,305.232,-13.490679740905762,79.5569
1776314548213000000,305.349,-16.197057723999023,74.4887
1776314548313000000,305.449,-17.640697479248047,71.7852
1776314548413000000,305.549,-17.571714401245117,71.9144
1776314548513000000,305.649,-17.31925392150879,72.3872
1776314548630000000,305.7660002441406,-18.726415634155273,69.7520
1776314548730000000,305.8659997558594,-21.687503814697266,64.2067
1776314548846000000,305.98200024414064,-24.721755981445312,58.5245
1776314548946000000,306.0819997558594,-21.10478973388672,65.2980
1776314549063000000,306.199,-24.317651748657227,59.2812
1776314549163000000,306.299,-27.042245864868164,54.1789
1776314549263000000,306.399,-19.545738220214844,68.2176
1776314549363000000,306.499,-20.25347137451172,66.8922
1776314549463000000,306.599,-16.169355392456055,74.5406
1776314549580000000,306.716,-20.743637084960938,65.9743
1776314549680000000,306.816,-21.036285400390625,65.4263
1776314549780000000,306.916,-24.41451644897461,59.0998
1776314549896000000,307.032,-20.762630462646484,65.9387
1776314549996000000,307.132,-18.264482498168945,70.6170
1776314550113000000,307.249,-22.031755447387695,63.5620
1776314550213000000,307.349,-25.149612426757812,57.7232
1776314550329000000,307.465,-16.26405906677246,74.3632
1776314550446000000,307.5820002441406,-13.48288345336914,79.5715
1776314550546000000,307.68199975585935,-16.14098358154297,74.5937
1776314550663000000,307.799,-8.55103588104248,88.8074
1776314550763000000,307.899,-10.15890121459961,85.7964
1776314550880000000,308.016,-11.51458740234375,83.2576
1776314550996000000,308.132,-15.332927703857422,76.1070
1776314551097000000,308.233,-6.1274003982543945,93.3462
1776314551213000000,308.349,-10.836149215698242,84.5281
1776314551313000000,308.449,-10.609334945678711,84.9528
1776314551413000000,308.549,-6.8105149269104,92.0669
1776314551513000000,308.649,-7.614558696746826,90.5612
1776314551614000000,308.7500002441406,-9.900796890258789,86.2797
1776314551730000000,308.8659997558594,-12.139262199401855,82.0877
1776314551830000000,308.9660002441406,-13.343851089477539,79.8319
1776314551947000000,309.083,-10.021245002746582,86.0542
1776314552063000000,309.199,-11.830310821533203,82.6663
1776314552163000000,309.299,-13.906584739685059,78.7781
1776314552264000000,309.4,-14.710189819335938,77.2732
1776314552380000000,309.516,-16.047773361206055,74.7683
1776314552480000000,309.616,-16.613994598388672,73.7079
1776314552597000000,309.733,-18.664440155029297,69.8680
1776314552714000000,309.84999975585936,-11.584493637084961,83.1267
1776314552814000000,309.9500002441406,-12.745631217956543,80.9522
1776314552914000000,310.0499997558594,-16.835227966308594,73.2936
1776314553030000000,310.1660002441406,-18.476057052612305,70.2208
1776314553130000000,310.26599975585935,-19.54672622680664,68.2158
1776314553247000000,310.383,-16.034650802612305,74.7928
1776314553347000000,310.483,-17.21863555908203,72.5756
1776314553464000000,310.6,-10.898537635803223,84.4112
1776314553564000000,310.7,-13.852649688720703,78.8791
1776314553681000000,310.817,-16.79509925842285,73.3687
1776314553781000000,310.917,-17.16901969909668,72.6685
1776314553897000000,311.033,-19.585485458374023,68.1432
1776314554014000000,311.15000024414064,-19.26482391357422,68.7437
1776314554131000000,311.267,-20.758726119995117,65.9460
1776314554247000000,311.383,-23.64256477355957,60.5455
1776314554347000000,311.483,-25.00132179260254,58.0009
1776314554447000000,311.583,-27.391752243041992,53.5243
1776314554547000000,311.683,-23.021480560302734,61.7086
1776314554648000000,311.784,-26.54131317138672,55.1170
1776314554748000000,311.884,-29.73029136657715,49.1450
1776314554848000000,311.984,-23.31192970275879,61.1646
1776314554948000000,312.084,-26.92450523376465,54.3994
1776314555048000000,312.184,-29.156803131103516,50.2189
1776314555164000000,312.3,-26.775663375854492,54.6781
1776314555281000000,312.417,-30.08261489868164,48.4852
1776314555381000000,312.517,-28.582836151123047,51.2938
1776314555481000000,312.617,-30.619047164916992,47.4806
1776314555581000000,312.717,-30.238117218017578,48.1939
1776314555681000000,312.817,-32.03418731689453,44.8304
1776314555781000000,312.917,-28.675867080688477,51.1196
1776314555898000000,313.0339997558594,-30.513933181762695,47.6774
1776314556015000000,313.151,-23.098257064819336,61.5648
1776314556131000000,313.267,-22.583099365234375,62.5295
1776314556231000000,313.367,-22.584657669067383,62.5266
1776314556331000000,313.467,-25.721153259277344,56.6529
1776314556448000000,313.584,-16.160001754760742,74.5581
1776314556548000000,313.684,-16.936594009399414,73.1038
1776314556648000000,313.784,-20.06808853149414,67.2394
1776314556748000000,313.884,-21.074296951293945,65.3551
1776314556848000000,313.984,-20.97161293029785,65.5474
1776314556948000000,314.084,-20.326072692871094,66.7563
1776314557049000000,314.185,-21.40325927734375,64.7390
1776314557165000000,314.301,-17.106313705444336,72.7859
1776314557265000000,314.401,-18.736276626586914,69.7335
1776314557382000000,314.51800024414064,-21.64238166809082,64.2912
1776314557482000000,314.6179997558594,-24.12376594543457,59.6443
1776314557582000000,314.7180002441406,-26.84668731689453,54.5451
1776314557698000000,314.8339997558594,-25.259469985961914,57.5175
1776314557798000000,314.93400024414063,-24.92030143737793,58.1526
1776314557899000000,315.035,-25.48577880859375,57.0937
1776314557999000000,315.135,-27.589832305908203,53.1534
1776314558099000000,315.235,-30.932510375976562,46.8936
1776314558215000000,315.351,-18.94826316833496,69.3365
1776314558315000000,315.451,-14.213469505310059,78.2034
1776314558432000000,315.568,-17.505117416381836,72.0391
1776314558532000000,315.668,-21.294321060180664,64.9430
1776314558632000000,315.768,-25.37515640258789,57.3008
1776314558749000000,315.885,-28.823850631713867,50.8425
1776314558849000000,315.985,-31.173173904418945,46.4429
1776314558949000000,316.085,-25.36976432800293,57.3109
1776314559066000000,316.2019997558594,-18.318023681640625,70.5168
1776314559182000000,316.31800024414065,-9.391010284423828,87.2344
1776314559298000000,316.43399975585936,-14.012484550476074,78.5797
1776314559399000000,316.535,-17.929471969604492,71.2444
1776314559499000000,316.635,-21.207979202270508,65.1047
1776314559599000000,316.735,-23.94281005859375,59.9832
1776314559699000000,316.835,-25.381685256958008,57.2886
1776314559799000000,316.935,-28.056346893310547,52.2798
1776314559899000000,317.035,-30.93015480041504,46.8980
1776314559999000000,317.135,-32.9881706237793,43.0439
1776314560099000000,317.235,-30.839746475219727,47.0673
1776314560216000000,317.352,-33.18072509765625,42.6833
1776314560332000000,317.468,-35.256004333496094,38.7969
1776314560449000000,317.585,-33.490692138671875,42.1028
1776314560549000000,317.685,-33.227882385253906,42.5950
1776314560649000000,317.785,-32.52845764160156,43.9048
1776314560749000000,317.885,-33.56340026855469,41.9667
1776314560849000000,317.985,-30.0538387298584,48.5390
1776314560949000000,318.085,-23.892086029052734,60.0782
1776314561049000000,318.185,-26.628803253173828,54.9531
1776314561149000000,318.285,-28.610029220581055,51.2429
1776314561265000000,318.401,-29.193418502807617,50.1504
1776314561365000000,318.501,-31.725177764892578,45.4091
1776314561465000000,318.601,-32.146060943603516,44.6209
1776314561566000000,318.7020002441406,-9.82296085357666,86.4255
1776314561682000000,318.8179997558594,-10.53782844543457,85.0868
1776314561782000000,318.9180002441406,-15.312825202941895,76.1446
1776314561899000000,319.035,-19.7406005859375,67.8527
1776314561999000000,319.135,-18.014122009277344,71.0859
1776314562099000000,319.235,-16.310094833374023,74.2770
1776314562216000000,319.352,-18.909448623657227,69.4092
1776314562332000000,319.468,-16.669584274291992,73.6038
1776314562432000000,319.568,-18.06712532043457,70.9866
1776314562549000000,319.685,-19.966411590576172,67.4298
1776314562649000000,319.785,-22.292091369628906,63.0745
1776314562749000000,319.885,-25.540660858154297,56.9909
1776314562866000000,320.0019997558594,-23.988147735595703,59.8983
1776314562966000000,320.10200024414064,-21.75994300842285,64.0711
1776314563066000000,320.2019997558594,-20.88426971435547,65.7109
1776314563183000000,320.319,-23.134828567504883,61.4963
1776314563283000000,320.419,-25.6991024017334,56.6942
1776314563383000000,320.519,-21.690065383911133,64.2019
1776314563500000000,320.636,-24.31081771850586,59.2940
1776314563616000000,320.752,-25.43278694152832,57.1929
1776314563717000000,320.853,-26.619665145874023,54.9702
1776314563817000000,320.953,-28.580341339111328,51.2985
1776314563917000000,321.053,-31.456239700317383,45.9128
1776314564017000000,321.153,-33.076377868652344,42.8787
1776314564117000000,321.253,-34.44319152832031,40.3191
1776314564217000000,321.353,-32.267066955566406,44.3943
1776314564317000000,321.453,-30.560693740844727,47.5899
1776314564433000000,321.569,-32.08551788330078,44.7343
1776314564533000000,321.669,-33.157772064208984,42.7263
1776314564649000000,321.785,-32.47189712524414,44.0107
1776314564749000000,321.885,-31.76774787902832,45.3294
1776314564849000000,321.985,-32.69023895263672,43.6019
1776314564950000000,322.0860002441406,-29.374170303344727,49.8119
1776314565050000000,322.18599975585937,-31.740617752075195,45.3802
1776314565150000000,322.2860002441406,-32.91077423095703,43.1889
1776314565250000000,322.38599975585936,-34.29771423339844,40.5915
1776314565350000000,322.4860002441406,-31.98451042175293,44.9235
1776314565466000000,322.60199975585937,-31.78028106689453,45.3059
1776314565566000000,322.7020002441406,-32.02908706665039,44.8400
1776314565682000000,322.8179997558594,-23.579984664916992,60.6627
1776314565782000000,322.9180002441406,-21.805662155151367,63.9854
1776314565882000000,323.01799975585936,-21.84294319152832,63.9156
1776314565983000000,323.119,-18.65702247619629,69.8819
1776314566099000000,323.235,-20.760154724121094,65.9434
1776314566216000000,323.352,-23.41947364807129,60.9632
1776314566333000000,323.469,-21.77198600769043,64.0485
1776314566448000000,323.584,-24.40842628479004,59.1112
1776314566548000000,323.684,-27.203786849975586,53.8764
1776314566648000000,323.784,-20.958518981933594,65.5719
1776314566748000000,323.884,-18.55305290222168,70.0766
1776314566849000000,323.985,-19.498533248901367,68.3060
1776314566965000000,324.101,-21.43097496032715,64.6871
1776314567066000000,324.2019997558594,-23.775531768798828,60.2965
1776314567182000000,324.31800024414065,-22.172969818115234,63.2976
1776314567299000000,324.435,-23.557069778442383,60.7056
1776314567399000000,324.535,-23.91759490966797,60.0304
1776314567515000000,324.651,-26.66396141052246,54.8873
1776314567615000000,324.751,-28.396028518676758,51.6436
1776314567715000000,324.851,-24.541019439697266,58.8629
1776314567815000000,324.951,-27.24376678466797,53.8015
1776314567932000000,325.068,-28.988983154296875,50.5332
1776314568032000000,325.168,-31.035762786865234,46.7002
1776314568132000000,325.268,-32.634498596191406,43.7062
1776314568248000000,325.384,-30.93305206298828,46.8925
1776314568348000000,325.484,-28.451032638549805,51.5406
1776314568449000000,325.585,-30.613637924194336,47.4907
1776314568565000000,325.701,-30.557167053222656,47.5965
1776314568681000000,325.817,-32.56624984741211,43.8340
1776314568781000000,325.917,-29.62685775756836,49.3387
1776314568898000000,326.0339997558594,-29.562891006469727,49.4584
1776314569015000000,326.151,-26.60201644897461,55.0033
1776314569132000000,326.268,-27.6378231048584,53.0635
1776314569232000000,326.368,-29.787704467773438,49.0374
1776314569348000000,326.484,-29.625591278076172,49.3410
1776314569449000000,326.585,-31.317638397216797,46.1723
1776314569564000000,326.7,-31.92188835144043,45.0407
1776314569664000000,326.8,-30.82806968688965,47.0891
1776314569781000000,326.917,-28.249216079711914,51.9186
1776314569881000000,327.017,-29.884733200073242,48.8557
1776314569998000000,327.1340002441406,-30.896747589111328,46.9605
1776314570098000000,327.2339997558594,-26.00724220275879,56.1171
1776314570215000000,327.351,-24.958892822265625,58.0804
1776314570315000000,327.451,-27.74786376953125,52.8575
1776314570415000000,327.551,-29.789527893066406,49.0340
1776314570515000000,327.651,-30.695873260498047,47.3367
1776314570631000000,327.767,-31.830299377441406,45.2123
1776314570731000000,327.867,-28.107860565185547,52.1833
1776314570831000000,327.967,-29.890281677246094,48.8453
1776314570948000000,328.084,-29.376352310180664,49.8078
1776314571064000000,328.2,-30.615032196044922,47.4881
1776314571181000000,328.317,-26.670106887817383,54.8758
1776314571298000000,328.43399975585936,-24.0532169342041,59.7764
1776314571398000000,328.5340002441406,-24.84281349182129,58.2978
1776314571515000000,328.651,-27.190698623657227,53.9009
1776314571631000000,328.767,-28.994403839111328,50.5231
1776314571748000000,328.884,-27.111623764038086,54.0489
1776314571848000000,328.984,-22.288740158081055,63.0808
1776314571948000000,329.084,-24.731008529663086,58.5071
1776314572065000000,329.201,-26.68536949157715,54.8472
1776314572165000000,329.301,-27.05274772644043,54.1592
1776314572265000000,329.401,-26.915626525878906,54.4160
1776314572365000000,329.501,-25.353734970092773,57.3409
1776314572465000000,329.601,-27.43226432800293,53.4485
1776314572581000000,329.717,-29.3721923828125,49.8156
1776314572697000000,329.833,-31.71820831298828,45.4222
1776314572797000000,329.933,-32.88882064819336,43.2300
1776314572914000000,330.0499997558594,-24.309711456298828,59.2961
1776314573014000000,330.15000024414064,-26.118144989013672,55.9094
1776314573114000000,330.2499997558594,-26.029216766357422,56.0760
1776314573214000000,330.35000024414063,-29.409303665161133,49.7461
1776314573314000000,330.4499997558594,-24.553524017333984,58.8395
1776314573414000000,330.5500002441406,-26.789644241333008,54.6519
1776314573514000000,330.64999975585937,-29.476991653442383,49.6193
1776314573631000000,330.767,-28.28378677368164,51.8538
1776314573747000000,330.883,-28.48577308654785,51.4756
1776314573864000000,331,-30.498493194580078,47.7063
1776314573964000000,331.1,-31.17772102355957,46.4343
1776314574064000000,331.2,-33.22916030883789,42.5926
1776314574164000000,331.3,-30.467620849609375,47.7642
1776314574281000000,331.417,-30.62740135192871,47.4649
1776314574381000000,331.517,-32.65592956542969,43.6661
1776314574481000000,331.617,-27.511188507080078,53.3007
1776314574581000000,331.717,-23.94599151611328,59.9772
1776314574697000000,331.833,-26.8011531829834,54.6304
1776314574797000000,331.933,-29.463899612426758,49.6438
1776314574913000000,332.049,-27.241619110107422,53.8055
1776314575014000000,332.15000024414064,-29.603839874267578,49.3818
1776314575114000000,332.2499997558594,-30.65296173095703,47.4171
1776314575230000000,332.36600024414065,-30.89393424987793,46.9658
1776314575330000000,332.4659997558594,-24.963497161865234,58.0717
1776314575447000000,332.583,-18.08129119873047,70.9601
1776314575547000000,332.683,-16.92367172241211,73.1280
1776314575647000000,332.783,-19.468486785888672,68.3623
1776314575763000000,332.899,-22.24401092529297,63.1645
1776314575880000000,333.016,-25.858787536621094,56.3951
1776314575996000000,333.132,-24.923431396484375,58.1468
1776314576097000000,333.233,-27.64067840576172,53.0582
1776314576213000000,333.349,-18.825599670410156,69.5662
1776314576313000000,333.449,-15.896066665649414,75.0524
1776314576430000000,333.56600024414064,-20.38523292541504,66.6455
1776314576530000000,333.6659997558594,-23.187171936035156,61.3983
1776314576630000000,333.7660002441406,-24.925477981567383,58.1429
1776314576730000000,333.8659997558594,-25.746952056884766,56.6046
1776314576846000000,333.98200024414064,-27.867589950561523,52.6332
1776314576963000000,334.099,-25.87419891357422,56.3663
1776314577063000000,334.199,-12.756864547729492,80.9312
1776314577163000000,334.299,-15.055384635925293,76.6267
1776314577279000000,334.415,-20.571916580200195,66.2959
1776314577380000000,334.516,-21.959136962890625,63.6980
1776314577496000000,334.632,-22.959278106689453,61.8251
1776314577596000000,334.732,-24.357929229736328,59.2058
1776314577696000000,334.832,-27.109771728515625,54.0524
1776314577812000000,334.948,-24.840618133544922,58.3019
1776314577912000000,335.048,-23.296079635620117,61.1943
1776314578029000000,335.165,-22.6815185546875,62.3452
1776314578129000000,335.265,-25.088098526000977,57.8384
1776314578246000000,335.3820002441406,-28.16835594177246,52.0700
1776314578346000000,335.48199975585936,-28.580001831054688,51.2991
1776314578446000000,335.5820002441406,-30.258934020996094,48.1550
1776314578546000000,335.68199975585935,-22.012985229492188,63.5972
1776314578663000000,335.799,-20.56525993347168,66.3083
1776314578779000000,335.915,-16.5654296875,73.7988
1776314578895000000,336.031,-20.251487731933594,66.8959
1776314579012000000,336.148,-16.0574951171875,74.7501
1776314579112000000,336.248,-18.466707229614258,70.2383
1776314579229000000,336.365,-21.873422622680664,63.8585
1776314579329000000,336.465,-25.799217224121094,56.5067
1776314579429000000,336.565,-27.7170352935791,52.9152
1776314579545000000,336.681,-30.508392333984375,47.6878
1776314579645000000,336.781,-32.21769714355469,44.4868
1776314579762000000,336.89799975585936,-29.062490463256836,50.3955
1776314579862000000,336.9980002441406,-31.032123565673828,46.7070
1776314579962000000,337.09799975585935,-32.296634674072266,44.3390
1776314580062000000,337.19800024414064,-29.608417510986328,49.3732
1776314580162000000,337.2979997558594,-30.725109100341797,47.2820
1776314580262000000,337.39800024414063,-27.437175750732422,53.4393
1776314580362000000,337.4979997558594,-29.87539291381836,48.8732
1776314580479000000,337.615,-30.942378997802734,46.8751
1776314580579000000,337.715,-25.574251174926758,56.9280
1776314580696000000,337.832,-28.889663696289062,50.7192
1776314580796000000,337.932,-30.46721839904785,47.7649
1776314580896000000,338.032,-32.475181579589844,44.0046
1776314580996000000,338.132,-28.54629135131836,51.3622
1776314581113000000,338.249,-25.882667541503906,56.3504
1776314581229000000,338.365,-28.7354679107666,51.0080
1776314581346000000,338.48199975585936,-29.16507911682129,50.2034
1776314581446000000,338.5820002441406,-30.313861846923828,48.0521
1776314581546000000,338.68199975585935,-28.208465576171875,51.9949
1776314581646000000,338.78200024414065,-30.07312774658203,48.5029
1776314581746000000,338.8819997558594,-25.724355697631836,56.6469
1776314581847000000,338.983,-28.2945556640625,51.8337
1776314581963000000,339.099,-29.72195053100586,49.1606
1776314582063000000,339.199,-30.386812210083008,47.9155
1776314582180000000,339.316,-29.90980339050293,48.8088
1776314582297000000,339.433,-30.687435150146484,47.3525
1776314582397000000,339.533,-28.807479858398438,50.8731
1776314582497000000,339.633,-26.4549503326416,55.2787
1776314582597000000,339.733,-28.37525749206543,51.6825
1776314582697000000,339.833,-29.96263885498047,48.7098
1776314582814000000,339.9500002441406,-28.4871883392334,51.4729
1776314582914000000,340.0499997558594,-25.112430572509766,57.7928
1776314583014000000,340.15000024414064,-27.435989379882812,53.4415
1776314583114000000,340.2499997558594,-25.18290138244629,57.6609
1776314583231000000,340.367,-27.42538070678711,53.4614
1776314583331000000,340.467,-29.15743064880371,50.2178
1776314583448000000,340.584,-30.676494598388672,47.3730
1776314583564000000,340.7,-32.15596008300781,44.6024
1776314583664000000,340.8,-32.56433868408203,43.8376
1776314583765000000,340.901,-30.062549591064453,48.5227
1776314583865000000,341.001,-29.827255249023438,48.9634
1776314583981000000,341.117,-31.565181732177734,45.7088
1776314584082000000,341.21799975585935,-30.6291561126709,47.4616
1776314584182000000,341.31800024414065,-29.341968536376953,49.8722
1776314584299000000,341.435,-29.85175132751465,48.9175
1776314584416000000,341.552,-30.177005767822266,48.3084
1776314584532000000,341.668,-31.18964195251465,46.4120
1776314584649000000,341.785,-31.033306121826172,46.7048
1776314584749000000,341.885,-31.290922164916992,46.2224
1776314584866000000,342.0019997558594,-30.37582778930664,47.9361
1776314584966000000,342.10200024414064,-30.320100784301758,48.0404
1776314585067000000,342.203,-27.35870361328125,53.5862
1776314585183000000,342.319,-29.93585968017578,48.7600
1776314585284000000,342.42,-29.958473205566406,48.7176
1776314585400000000,342.536,-31.308088302612305,46.1902
1776314585500000000,342.636,-30.662939071655273,47.3984
1776314585617000000,342.753,-31.155698776245117,46.4756
1776314585717000000,342.853,-29.65222930908203,49.2911
1776314585817000000,342.953,-29.20889663696289,50.1214
1776314585917000000,343.053,-31.00786590576172,46.7524
1776314586017000000,343.153,-28.718727111816406,51.0393
1776314586133000000,343.269,-31.677043914794922,45.4993
1776314586250000000,343.38599975585936,-30.291872024536133,48.0933
1776314586350000000,343.4860002441406,-29.24936294555664,50.0456
1776314586450000000,343.58599975585935,-30.656478881835938,47.4105
1776314586567000000,343.703,-30.452247619628906,47.7929
1776314586667000000,343.803,-29.781097412109375,49.0498
1776314586767000000,343.903,-31.09857940673828,46.5826
1776314586867000000,344.003,-32.09032440185547,44.7253
1776314586967000000,344.103,-31.426631927490234,45.9682
1776314587067000000,344.203,-25.104284286499023,57.8081
1776314587183000000,344.319,-24.021713256835938,59.8354
1776314587283000000,344.419,-22.58536148071289,62.5253
1776314587384000000,344.52,-22.848255157470703,62.0330
1776314587500000000,344.636,-16.24857521057129,74.3922
1776314587600000000,344.736,-17.30329704284668,72.4170
1776314587700000000,344.836,-21.639726638793945,64.2962
1776314587817000000,344.953,-25.12965965270996,57.7606
1776314587917000000,345.053,-20.964859008789062,65.5600
1776314588017000000,345.153,-20.06145477294922,67.2518
1776314588133000000,345.269,-21.42256736755371,64.7029
1776314588250000000,345.38599975585936,-21.98068618774414,63.6577
1776314588350000000,345.4860002441406,-24.981386184692383,58.0382
1776314588450000000,345.58599975585935,-25.76459503173828,56.5715
1776314588550000000,345.68600024414064,-22.329814910888672,63.0039
1776314588650000000,345.7859997558594,-23.417192459106445,60.9675
1776314588750000000,345.88600024414063,-23.93780517578125,59.9926
1776314588850000000,345.9859997558594,-21.558780670166016,64.4478
1776314588967000000,346.103,-23.296422958374023,61.1937
1776314589067000000,346.203,-24.40715980529785,59.1136
1776314589183000000,346.319,-24.003755569458008,59.8691
1776314589283000000,346.419,-19.795595169067383,67.7497
1776314589383000000,346.519,-19.749141693115234,67.8367
1776314589500000000,346.636,-18.37306785583496,70.4137
1776314589617000000,346.753,-21.57978057861328,64.4084
1776314589717000000,346.853,-19.08246612548828,69.0852
1776314589833000000,346.969,-21.720050811767578,64.1458
1776314589950000000,347.0860002441406,-24.15296745300293,59.5896
1776314590067000000,347.203,-26.79697608947754,54.6382
1776314590167000000,347.303,-28.962963104248047,50.5819
1776314590283000000,347.419,-30.354190826416016,47.9766
1776314590400000000,347.536,-28.59220314025879,51.2763
1776314590500000000,347.636,-29.655933380126953,49.2842
1776314590600000000,347.736,-31.916332244873047,45.0511
1776314590700000000,347.836,-32.71964645385742,43.5468
1776314590817000000,347.953,-33.468345642089844,42.1447
1776314590917000000,348.053,-33.069580078125,42.8915
1776314591034000000,348.16999975585935,-32.23466491699219,44.4550
1776314591134000000,348.27000024414065,-29.869524002075195,48.8842
1776314591250000000,348.38599975585936,-26.998079299926758,54.2616
1776314591367000000,348.503,-23.55256462097168,60.7140
1776314591467000000,348.603,-22.803909301757812,62.1160
1776314591583000000,348.719,-19.712785720825195,67.9048
1776314591700000000,348.836,-14.038708686828613,78.5306
1776314591800000000,348.936,-17.314708709716797,72.3957
1776314591900000000,349.036,-17.02403450012207,72.9400
1776314592017000000,349.153,-19.128414154052734,68.9991
1776314592117000000,349.253,-21.694377899169922,64.1938
1776314592234000000,349.3699997558594,-20.70408058166504,66.0484
1776314592350000000,349.4860002441406,-22.49693489074707,62.6909
1776314592467000000,349.603,-20.62335777282715,66.1995
1776314592567000000,349.703,-21.74667739868164,64.0959
1776314592683000000,349.819,-18.896038055419922,69.4343
1776314592783000000,349.919,-21.4825382232666,64.5906
1776314592900000000,350.036,-20.989545822143555,65.5138
1776314593000000000,350.136,-23.092111587524414,61.5763
1776314593117000000,350.253,-20.164873123168945,67.0581
1776314593234000000,350.3699997558594,-22.669103622436523,62.3685
1776314593350000000,350.4860002441406,-24.43129539489746,59.0684
1776314593450000000,350.58599975585935,-26.290056228637695,55.5875
1776314593567000000,350.703,-26.134809494018555,55.8782
1776314593683000000,350.819,-27.78284454345703,52.7919
1776314593783000000,350.919,-26.38225555419922,55.4148
1776314593900000000,351.036,-27.713115692138672,52.9225
1776314594000000000,351.136,-30.051050186157227,48.5443
1776314594100000000,351.236,-31.849571228027344,45.1762
1776314594217000000,351.353,-27.851558685302734,52.6633
1776314594333000000,351.469,-29.370607376098633,49.8185
1776314594433000000,351.569,-25.849140167236328,56.4132
1776314594533000000,351.669,-27.469221115112305,53.3793
1776314594633000000,351.769,-28.696069717407227,51.0817
1776314594733000000,351.869,-30.57045555114746,47.5716
1776314594833000000,351.969,-32.20880126953125,44.5034
1776314594933000000,352.069,-27.660018920898438,53.0220
1776314595033000000,352.169,-26.81749725341797,54.5998
1776314595133000000,352.269,-27.40876007080078,53.4925
1776314595250000000,352.38599975585936,-28.673437118530273,51.1241
1776314595350000000,352.4860002441406,-30.202009201049805,48.2616
1776314595467000000,352.603,-29.96499252319336,48.7054
1776314595567000000,352.703,-28.182912826538086,52.0427
1776314595684000000,352.82,-29.518821716308594,49.5410
1776314595800000000,352.936,-23.3530216217041,61.0877
1776314595900000000,353.036,-23.217838287353516,61.3409
1776314596000000000,353.136,-23.529571533203125,60.7571
1776314596100000000,353.236,-25.248016357421875,57.5389
1776314596217000000,353.353,-27.25526237487793,53.7800
1776314596334000000,353.47000024414064,-29.828445434570312,48.9611
1776314596450000000,353.58599975585935,-26.7618408203125,54.7040
1776314596550000000,353.68600024414064,-27.26807975769043,53.7559
1776314596650000000,353.7859997558594,-29.813798904418945,48.9886
1776314596750000000,353.88600024414063,-28.4830379486084,51.4807
1776314596850000000,353.9859997558594,-29.644384384155273,49.3058
1776314596967000000,354.103,-23.426618576049805,60.9499
1776314597084000000,354.22,-19.974681854248047,67.4143
1776314597200000000,354.336,-24.159320831298828,59.5777
1776314597317000000,354.453,-21.89315414428711,63.8216
1776314597417000000,354.553,-24.947946548461914,58.1009
1776314597534000000,354.6700002441406,-28.613754272460938,51.2359
1776314597634000000,354.7699997558594,-30.608766555786133,47.4998
1776314597734000000,354.8700002441406,-31.494564056396484,45.8410
1776314597834000000,354.96999975585936,-33.38433074951172,42.3020
1776314597934000000,355.0700002441406,-32.38444519042969,44.1745
1776314598034000000,355.16999975585935,-33.249000549316406,42.5555
1776314598134000000,355.27000024414065,-34.06196975708008,41.0330
1776314598251000000,355.387,-29.28432273864746,49.9801
1776314598351000000,355.487,-18.77703285217285,69.6572
1776314598467000000,355.603,-21.19432830810547,65.1303
1776314598567000000,355.703,-19.386545181274414,68.5157
1776314598684000000,355.82,-20.022974014282227,67.3239
1776314598784000000,355.92,-20.961891174316406,65.5656
1776314598900000000,356.036,-19.36733627319336,68.5517
1776314599017000000,356.153,-23.762712478637695,60.3205
1776314599134000000,356.27000024414065,-24.946224212646484,58.1041
1776314599251000000,356.387,-26.731521606445312,54.7608
1776314599367000000,356.503,-25.815486907958984,56.4762
1776314599484000000,356.62,-21.088205337524414,65.3290
1776314599584000000,356.72,-24.47879981994629,58.9794
1776314599700000000,356.836,-28.27872085571289,51.8633
1776314599800000000,356.936,-28.448928833007812,51.5446
1776314599900000000,357.036,-26.61772346496582,54.9739
1776314600001000000,357.137,-24.73126220703125,58.5067
1776314600101000000,357.237,-27.102439880371094,54.0661
1776314600201000000,357.337,-22.946935653686523,61.8482
1776314600317000000,357.453,-25.38434410095215,57.2836
1776314600417000000,357.553,-26.55643653869629,55.0886
1776314600533000000,357.669,-23.68564796447754,60.4648
1776314600633000000,357.769,-25.238107681274414,57.5575
1776314600733000000,357.869,-27.013975143432617,54.2318
1776314600834000000,357.96999975585936,-28.017122268676758,52.3532
1776314600950000000,358.0860002441406,-27.96181869506836,52.4568
1776314601050000000,358.18599975585937,-27.096338272094727,54.0776
1776314601150000000,358.2860002441406,-28.212190628051758,51.9879
1776314601250000000,358.38599975585936,-27.833263397216797,52.6975
1776314601367000000,358.503,-30.679471969604492,47.3674
1776314601484000000,358.62,-32.18547439575195,44.5471
1776314601600000000,358.736,-28.66264533996582,51.1443
1776314601700000000,358.836,-30.20490837097168,48.2561
1776314601817000000,358.953,-32.14018249511719,44.6319
1776314601917000000,359.053,-29.80630111694336,49.0026
1776314602033000000,359.169,-28.195899963378906,52.0184
1776314602133000000,359.269,-29.661922454833984,49.2730
1776314602233000000,359.369,-31.457443237304688,45.9105
1776314602350000000,359.4860002441406,-29.797374725341797,49.0193
1776314602467000000,359.603,-31.949979782104492,44.9881
1776314602567000000,359.703,-30.61278533935547,47.4923
1776314602683000000,359.819,-29.591259002685547,49.4053
1776314602783000000,359.919,-31.403873443603516,46.0108
1776314602883000000,360.019,-32.7635383605957,43.4646
1776314603000000000,360.136,-28.063125610351562,52.2671
1776314603100000000,360.236,-28.0887393951416,52.2191
1776314603200000000,360.336,-28.949827194213867,50.6065
1776314603300000000,360.436,-26.65605926513672,54.9021
1776314603416000000,360.552,-28.439109802246094,51.5630
1776314603517000000,360.653,-29.353731155395508,49.8501
1776314603632000000,360.768,-30.829635620117188,47.0862
1776314603732000000,360.868,-31.756261825561523,45.3509
1776314603833000000,360.969,-28.973609924316406,50.5620
1776314603949000000,361.085,-30.449796676635742,47.7975
1776314604066000000,361.2019997558594,-30.477031707763672,47.7465
1776314604166000000,361.30200024414063,-31.356706619262695,46.0992
1776314604266000000,361.4019997558594,-30.98101043701172,46.8027
1776314604366000000,361.5020002441406,-31.65705108642578,45.5367
1776314604466000000,361.60199975585937,-30.499324798583984,47.7048
1776314604583000000,361.719,-31.68468475341797,45.4850
1776314604699000000,361.835,-27.56622314453125,53.1976
1776314604799000000,361.935,-29.019153594970703,50.4767
1776314604899000000,362.035,-30.19099235534668,48.2822
1776314605016000000,362.152,-29.917381286621094,48.7946
1776314605133000000,362.269,-29.483383178710938,49.6073
1776314605233000000,362.369,-30.6693058013916,47.3865
1776314605349000000,362.485,-32.36274719238281,44.2151
1776314605449000000,362.585,-32.26402282714844,44.4000
1776314605566000000,362.7020002441406,-33.67083740234375,41.7655
1776314605682000000,362.8179997558594,-27.87552833557129,52.6184
1776314605782000000,362.9180002441406,-30.390539169311523,47.9085
1776314605899000000,363.035,-32.175933837890625,44.5650
1776314606016000000,363.152,-30.403635025024414,47.8840
1776314606116000000,363.252,-29.853416442871094,48.9144
1776314606232000000,363.368,-30.363727569580078,47.9587
1776314606332000000,363.468,-30.719953536987305,47.2916
1776314606433000000,363.569,-32.332130432128906,44.2725
1776314606549000000,363.685,-33.37248992919922,42.3242
1776314606649000000,363.785,-30.916353225708008,46.9238
1776314606765000000,363.901,-33.3079833984375,42.4450
1776314606865000000,364.001,-30.28172492980957,48.1123
1776314606965000000,364.101,-31.03458023071289,46.7024
1776314607065000000,364.201,-30.620136260986328,47.4785
1776314607165000000,364.301,-30.921857833862305,46.9135
1776314607282000000,364.4179997558594,-29.095800399780273,50.3332
1776314607382000000,364.51800024414064,-30.941619873046875,46.8765
1776314607499000000,364.635,-28.716251373291016,51.0440
1776314607599000000,364.735,-29.962982177734375,48.7092
1776314607699000000,364.835,-28.80539894104004,50.8770
1776314607815000000,364.951,-30.29888343811035,48.0802
1776314607915000000,365.051,-29.836559295654297,48.9459
1776314608015000000,365.151,-31.193124771118164,46.4055
1776314608132000000,365.268,-31.36351203918457,46.0864
1776314608248000000,365.384,-32.15314865112305,44.6077
1776314608348000000,365.484,-28.526275634765625,51.3997
1776314608448000000,365.584,-19.380859375,68.5264
1776314608548000000,365.684,-21.81342887878418,63.9709
1776314608648000000,365.784,-23.757490158081055,60.3302
1776314608748000000,365.884,-26.42951202392578,55.3263
1776314608865000000,366.001,-29.12525177001953,50.2780
1776314608981000000,366.117,-30.792749404907227,47.1553
1776314609081000000,366.217,-25.787748336791992,56.5282
1776314609181000000,366.317,-28.222734451293945,51.9682
1776314609298000000,366.43399975585936,-25.805709838867188,56.4945
1776314609398000000,366.5340002441406,-28.042177200317383,52.3063
1776314609515000000,366.651,-30.832897186279297,47.0801
1776314609615000000,366.751,-31.307662963867188,46.1910
1776314609715000000,366.851,-31.07790184020996,46.6213
1776314609831000000,366.967,-18.46856689453125,70.2348
1776314609948000000,367.084,-22.915071487426758,61.9078
1776314610048000000,367.184,-25.529281616210938,57.0122
1776314610148000000,367.284,-28.68561553955078,51.1013
1776314610248000000,367.384,-30.202009201049805,48.2616
1776314610365000000,367.501,-31.92202377319336,45.0405
1776314610465000000,367.601,-32.77696990966797,43.4394
1776314610565000000,367.701,-31.412208557128906,45.9952
1776314610681000000,367.817,-32.46428680419922,44.0250
1776314610782000000,367.9180002441406,-28.895092010498047,50.7090
1776314610897000000,368.033,-30.910825729370117,46.9342
1776314610997000000,368.133,-33.20643997192383,42.6352
1776314611114000000,368.2499997558594,-28.00956916809082,52.3674
1776314611214000000,368.35000024414063,-29.44519805908203,49.6789
1776314611314000000,368.4499997558594,-28.213655471801758,51.9852
1776314611414000000,368.5500002441406,-22.049848556518555,63.5281
1776314611514000000,368.64999975585937,-24.640647888183594,58.6764
1776314611631000000,368.767,-27.84902572631836,52.6680
1776314611731000000,368.867,-28.60181999206543,51.2582
1776314611848000000,368.984,-27.387340545654297,53.5326
1776314611964000000,369.1,-29.13873863220215,50.2528
1776314612080000000,369.216,-25.126449584960938,57.7666
1776314612181000000,369.317,-24.406723022460938,59.1144
1776314612297000000,369.433,-26.2898006439209,55.5880
1776314612397000000,369.533,-28.847347259521484,50.7984
1776314612497000000,369.633,-25.74381446838379,56.6104
1776314612597000000,369.733,-28.41316795349121,51.6115
1776314612697000000,369.833,-29.79136085510254,49.0306
1776314612798000000,369.93400024414063,-31.759254455566406,45.3453
1776314612914000000,370.0499997558594,-33.08522033691406,42.8622
1776314613031000000,370.167,-32.02901077270508,44.8401
1776314613131000000,370.267,-33.48485565185547,42.1138
1776314613247000000,370.383,-28.470218658447266,51.5047
1776314613347000000,370.483,-30.36224365234375,47.9615
1776314613448000000,370.584,-27.770618438720703,52.8148
1776314613548000000,370.684,-29.565532684326172,49.4535
1776314613648000000,370.784,-30.73653793334961,47.2606
1776314613748000000,370.884,-31.812034606933594,45.2465
1776314613864000000,371,-29.299663543701172,49.9514
1776314613980000000,371.116,-27.66408920288086,53.0143
1776314614097000000,371.233,-26.036293029785156,56.0627
1776314614214000000,371.35000024414063,-28.66436195373535,51.1411
1776314614314000000,371.4499997558594,-24.218002319335938,59.4678
1776314614431000000,371.567,-26.069984436035156,55.9996
1776314614531000000,371.667,-28.38269805908203,51.6686
1776314614647000000,371.783,-30.821935653686523,47.1006
1776314614747000000,371.883,-31.237573623657227,46.3223
1776314614847000000,371.983,-30.72455596923828,47.2830
1776314614948000000,372.084,-32.47840881347656,43.9985
1776314615063000000,372.199,-31.514732360839844,45.8032
1776314615163000000,372.299,-18.25945472717285,70.6264
1776314615263000000,372.399,-16.47075843811035,73.9761
1776314615364000000,372.5,-17.28407096862793,72.4530
1776314615464000000,372.6,-21.29412078857422,64.9434
1776314615564000000,372.7,-24.766212463378906,58.4412
1776314615680000000,372.816,-28.351322174072266,51.7274
1776314615780000000,372.916,-30.88357162475586,46.9852
1776314615897000000,373.033,-24.247854232788086,59.4119
1776314616013000000,373.149,-23.943817138671875,59.9813
1776314616113000000,373.249,-25.119028091430664,57.7805
1776314616230000000,373.36600024414065,-27.44703483581543,53.4208
1776314616346000000,373.48199975585936,-29.912429809570312,48.8039
1776314616446000000,373.5820002441406,-25.51838493347168,57.0326
1776314616546000000,373.68199975585935,-26.01153564453125,56.1091
1776314616647000000,373.783,-27.816701889038086,52.7285
1776314616763000000,373.899,-26.926118850708008,54.3963
1776314616863000000,373.999,-28.112276077270508,52.1750
1776314616963000000,374.099,-26.178983688354492,55.7955
1776314617079000000,374.215,-28.047109603881836,52.2971
1776314617196000000,374.332,-30.979463577270508,46.8056
1776314617296000000,374.432,-29.53017807006836,49.5197
1776314617413000000,374.549,-26.998125076293945,54.2615
1776314617530000000,374.6659997558594,-29.45284080505371,49.6645
1776314617646000000,374.78200024414065,-31.927894592285156,45.0295
1776314617763000000,374.899,-30.548959732055664,47.6118
1776314617863000000,374.999,-27.95932960510254,52.4614
1776314617963000000,375.099,-28.877687454223633,50.7416
1776314618063000000,375.199,-31.335405349731445,46.1391
1776314618179000000,375.315,-31.912660598754883,45.0580
1776314618296000000,375.432,-27.989429473876953,52.4051
1776314618396000000,375.532,-30.53580093383789,47.6365
1776314618496000000,375.632,-32.97801208496094,43.0629
1776314618613000000,375.749,-30.63497543334961,47.4508
1776314618713000000,375.849,-23.270137786865234,61.2429
1776314618829000000,375.965,-24.12864112854004,59.6352
1776314618929000000,376.065,-19.13016128540039,68.9959
1776314619046000000,376.1820002441406,-22.280750274658203,63.0957
1776314619162000000,376.2979997558594,-19.159954071044922,68.9401
1776314619262000000,376.39800024414063,-21.125104904174805,65.2599
1776314619379000000,376.515,-15.6907320022583,75.4369
1776314619496000000,376.632,-12.950690269470215,80.5682
1776314619612000000,376.748,-14.123499870300293,78.3719
1776314619712000000,376.848,-16.03021812438965,74.8011
1776314619812000000,376.948,-20.06503677368164,67.2451
1776314619929000000,377.065,-23.2651424407959,61.2523
1776314620029000000,377.165,-21.748064041137695,64.0933
1776314620129000000,377.265,-23.939891815185547,59.9887
1776314620246000000,377.3820002441406,-23.688823699951172,60.4588
1776314620346000000,377.48199975585936,-26.543062210083008,55.1137
1776314620446000000,377.5820002441406,-28.064899444580078,52.2637
1776314620563000000,377.699,-24.546581268310547,58.8525
1776314620679000000,377.815,-22.68718910217285,62.3346
1776314620779000000,377.915,-25.360794067382812,57.3277
1776314620896000000,378.032,-27.679019927978516,52.9864
1776314620996000000,378.132,-22.973188400268555,61.7990
1776314621096000000,378.232,-21.227981567382812,65.0673
1776314621212000000,378.348,-23.665752410888672,60.5020
1776314621312000000,378.448,-25.732839584350586,56.6310
1776314621412000000,378.548,-25.673913955688477,56.7413
1776314621529000000,378.665,-25.64582633972168,56.7939
1776314621646000000,378.78200024414065,-20.028146743774414,67.3142
1776314621746000000,378.8819997558594,-23.00532341003418,61.7388
1776314621863000000,378.999,-26.25897216796875,55.6457
1776314621979000000,379.115,-24.611568450927734,58.7308
1776314622079000000,379.215,-21.45606803894043,64.6401
1776314622179000000,379.315,-21.74777603149414,64.0938
1776314622295000000,379.431,-25.61591148376465,56.8500
1776314622395000000,379.531,-27.981428146362305,52.4201
1776314622495000000,379.631,-30.016693115234375,48.6086
1776314622595000000,379.731,-29.625680923461914,49.3409
1776314622712000000,379.848,-23.623008728027344,60.5821
1776314622829000000,379.965,-12.073326110839844,82.2112
1776314622946000000,380.0819997558594,-10.328170776367188,85.4794
1776314623046000000,380.1820002441406,-13.161128997802734,80.1741
1776314623146000000,380.2819997558594,-17.910297393798828,71.2803
1776314623262000000,380.39800024414063,-22.518449783325195,62.6506
1776314623362000000,380.4979997558594,-25.49873924255371,57.0694
1776314623478000000,380.61400024414064,-28.06190299987793,52.2694
1776314623579000000,380.715,-30.158037185668945,48.3439
1776314623695000000,380.831,-22.396547317504883,62.8789
1776314623795000000,380.931,-5.136598110198975,95.2017
1776314623912000000,381.048,-4.7884297370910645,95.8537
1776314624012000000,381.148,-6.858694076538086,91.9767
1776314624129000000,381.265,-10.001232147216797,86.0916
1776314624245000000,381.381,-16.036977767944336,74.7885
1776314624362000000,381.4979997558594,-20.332138061523438,66.7449
1776314624462000000,381.5980002441406,-23.713851928710938,60.4120
1776314624578000000,381.7139997558594,-22.11985206604004,63.3971
1776314624678000000,381.81400024414063,-24.66220474243164,58.6360
1776314624795000000,381.931,-27.262910842895508,53.7656
1776314624911000000,382.047,-30.375062942504883,47.9375
1776314625028000000,382.164,-25.387006759643555,57.2786
1776314625145000000,382.281,-27.356740951538086,53.5899
1776314625245000000,382.381,-27.833505630493164,52.6971
1776314625346000000,382.48199975585936,-29.342744827270508,49.8707
1776314625447000000,382.583,-30.68816566467285,47.3511
1776314625548000000,382.684,-21.590505599975586,64.3884
1776314625648000000,382.784,-23.63973617553711,60.5508
1776314625749000000,382.885,-25.944660186767578,56.2343
1776314625850000000,382.9859997558594,-28.234302520751953,51.9465
1776314626055000000,383.191,-25.741849899291992,56.6141
1776314626158000000,383.29400024414065,-28.83340072631836,50.8246
1776314626262000000,383.39800024414063,-30.809478759765625,47.1240
1776314626362000000,383.4979997558594,-33.211891174316406,42.6250
1776314626464000000,383.6,-32.42384338378906,44.1007
1776314626567000000,383.703,-31.244789123535156,46.3088
1776314626688000000,383.824,-27.781129837036133,52.7952
1776314626781000000,383.917,-24.161094665527344,59.5744
1776314626883000000,384.019,-20.78104591369629,65.9042
1776314626986000000,384.12199975585935,-25.142478942871094,57.7366
1776314627087000000,384.223,-27.427085876464844,53.4582
1776314627188000000,384.324,-29.078407287597656,50.3657
1776314627292000000,384.428,-31.088274002075195,46.6019
1776314627396000000,384.532,-30.57759666442871,47.5582
1776314627497000000,384.633,-19.563068389892578,68.1852
1776314627603000000,384.739,-23.608198165893555,60.6098
1776314627708000000,384.844,-25.969133377075195,56.1885
1776314627812000000,384.948,-27.026355743408203,54.2086
1776314627915000000,385.051,-26.015953063964844,56.1008
1776314628020000000,385.156,-28.322311401367188,51.7817
1776314628125000000,385.261,-29.144575119018555,50.2418
1776314628229000000,385.365,-26.64215660095215,54.9281
1776314628334000000,385.47000024414064,-24.62418556213379,58.7072
1776314628434000000,385.5699997558594,-22.834348678588867,62.0590
1776314628535000000,385.671,-24.507471084594727,58.9258
1776314628636000000,385.772,-25.41558265686035,57.2251
1776314628744000000,385.88,-27.518329620361328,53.2873
1776314628848000000,385.984,-29.61372184753418,49.3633
1776314628949000000,386.085,-25.553274154663086,56.9673
1776314629054000000,386.1900002441406,-11.53526496887207,83.2188
1776314629294000000,386.4300002441406,-12.550085067749023,81.3184
1776314629306000000,386.4419997558594,-12.550085067749023,81.3184
1776314629366000000,386.5020002441406,-14.482102394104004,77.7003
1776314629468000000,386.604,-8.910905838012695,88.1335
1776314629569000000,386.705,-6.071782112121582,93.4503
1776314629672000000,386.808,-7.909718036651611,90.0084
1776314629777000000,386.913,-11.302104949951172,83.6555
1776314629881000000,387.017,-15.901969909667969,75.0413
1776314629985000000,387.121,-19.378236770629883,68.5313
1776314630086000000,387.22200024414065,-22.20490074157715,63.2378
1776314630191000000,387.327,-25.535629272460938,57.0003
1776314630293000000,387.429,-26.957134246826172,54.3383
1776314630398000000,387.5340002441406,-22.541240692138672,62.6079
1776314630502000000,387.63800024414064,-25.683338165283203,56.7237
1776314630607000000,387.743,-28.235666275024414,51.9439
1776314630710000000,387.8460002441406,-30.88605499267578,46.9806
1776314630815000000,387.951,-32.44982147216797,44.0521
1776314630917000000,388.053,-33.1732177734375,42.6974
1776314631022000000,388.1580002441406,-28.868696212768555,50.7585
1776314631123000000,388.259,-30.962427139282227,46.8375
1776314631227000000,388.363,-17.388038635253906,72.2583
1776314631332000000,388.468,-18.356884002685547,70.4440
1776314631433000000,388.569,-19.527084350585938,68.2525
1776314631537000000,388.673,-16.58814811706543,73.7563
1776314631641000000,388.777,-16.541643142700195,73.8434
1776314631744000000,388.88,-11.7416353225708,82.8324
1776314631848000000,388.984,-12.976604461669922,80.5196
1776314631950000000,389.0860002441406,-16.538124084472656,73.8500
1776314632055000000,389.191,-17.876482009887695,71.3436
1776314632161000000,389.297,-15.02131462097168,76.6905
1776314632265000000,389.401,-15.381526947021484,76.0159
1776314632367000000,389.503,-18.253137588500977,70.6383
1776314632471000000,389.607,-18.6456298828125,69.9032
1776314632576000000,389.712,-18.116933822631836,70.8933
1776314632678000000,389.81400024414063,-19.019731521606445,69.2027
1776314632783000000,389.919,-20.345855712890625,66.7192
1776314632884000000,390.02,-18.40790557861328,70.3484
1776314632988000000,390.124,-11.450501441955566,83.3776
1776314633094000000,390.2300002441406,-12.320775032043457,81.7478
1776314633199000000,390.335,-12.317914962768555,81.7532
1776314633300000000,390.436,-13.566922187805176,79.4142
1776314633400000000,390.536,-15.685362815856934,75.4469
1776314633503000000,390.639,-16.70882225036621,73.5303
1776314633608000000,390.744,-18.3067569732666,70.5379
1776314633711000000,390.847,-18.739444732666016,69.7276
1776314633815000000,390.951,-15.691507339477539,75.4354
1776314633918000000,391.05400024414064,-16.808141708374023,73.3443
1776314634022000000,391.1580002441406,-16.95840835571289,73.0629
1776314634125000000,391.261,-15.055534362792969,76.6264
1776314634228000000,391.364,-17.238245010375977,72.5389
1776314634333000000,391.469,-18.848060607910156,69.5241
1776314634434000000,391.5699997558594,-19.33551597595215,68.6113
1776314634534000000,391.6700002441406,-19.8580265045166,67.6328
1776314634636000000,391.772,-20.697362899780273,66.0610
1776314634742000000,391.87800024414065,-17.03964614868164,72.9108
1776314634846000000,391.98200024414064,-16.36200714111328,74.1798
1776314634950000000,392.0860002441406,-13.799100875854492,78.9794
1776314635051000000,392.187,-13.98004150390625,78.6405
1776314635154000000,392.28999975585936,-15.013318061828613,76.7055
1776314635255000000,392.391,-17.292078018188477,72.4380
1776314635357000000,392.493,-18.37194061279297,70.4158
1776314635461000000,392.597,-19.313310623168945,68.6529
1776314635567000000,392.703,-18.579511642456055,70.0271
1776314635669000000,392.805,-17.434274673461914,72.1718
1776314635772000000,392.908,-19.584749221801758,68.1445
1776314635875000000,393.011,-22.941314697265625,61.8587
1776314635978000000,393.11399975585937,-25.855205535888672,56.4018
1776314636082000000,393.21799975585935,-28.3727970123291,51.6871
1776314636183000000,393.319,-31.232168197631836,46.3324
1776314636286000000,393.42200024414063,-32.68572998046875,43.6103
1776314636388000000,393.524,-28.82979393005371,50.8313
1776314636488000000,393.624,-18.392412185668945,70.3774
1776314636591000000,393.727,-20.36154556274414,66.6898
1776314636695000000,393.831,-22.357839584350586,62.9514
1776314636800000000,393.936,-23.56525230407715,60.6902
1776314636901000000,394.037,-25.987281799316406,56.1545
1776314637003000000,394.139,-25.488927841186523,57.0878
1776314637107000000,394.243,-26.401710510253906,55.3784
1776314637208000000,394.344,-14.921060562133789,76.8783
1776314637312000000,394.448,-17.98513412475586,71.1402
1776314637417000000,394.553,-19.116352081298828,69.0217
1776314637517000000,394.653,-21.338764190673828,64.8598
1776314637621000000,394.757,-23.26789093017578,61.2471
1776314637726000000,394.86200024414063,-25.0610408782959,57.8891
1776314637831000000,394.967,-27.55474853515625,53.2191
1776314637934000000,395.0700002441406,-18.90757179260254,69.4127
1776314638035000000,395.171,-16.456127166748047,74.0035
1776314638140000000,395.276,-19.949012756347656,67.4624
1776314638245000000,395.381,-22.681211471557617,62.3458
1776314638350000000,395.4860002441406,-25.902692794799805,56.3129
1776314638450000000,395.58599975585935,-27.790157318115234,52.7783
1776314638554000000,395.6899997558594,-30.040807723999023,48.5635
1776314638659000000,395.795,-30.93841552734375,46.8825
1776314638762000000,395.89799975585936,-32.081634521484375,44.7416
1776314638866000000,396.0019997558594,-31.9964599609375,44.9011
1776314638967000000,396.103,-33.07057571411133,42.8896
1776314639072000000,396.208,-28.690624237060547,51.0919
1776314639176000000,396.312,-30.50804328918457,47.6885
1776314639279000000,396.415,-27.735334396362305,52.8809
1776314639383000000,396.519,-29.31003761291504,49.9320
1776314639484000000,396.62,-29.545549392700195,49.4909
1776314639588000000,396.724,-26.22337532043457,55.7124
1776314639689000000,396.825,-26.946243286132812,54.3587
1776314639794000000,396.9299997558594,-27.31749153137207,53.6634
1776314639899000000,397.035,-18.683914184570312,69.8315
1776314640001000000,397.137,-20.70082664489746,66.0545
1776314640106000000,397.24199975585935,-23.693532943725586,60.4500
1776314640210000000,397.3459997558594,-25.847023010253906,56.4172
1776314640313000000,397.449,-26.948043823242188,54.3553
1776314640418000000,397.55399975585937,-9.322870254516602,87.3620
1776314640519000000,397.655,-10.274341583251953,85.5802
1776314640620000000,397.756,-10.449719429016113,85.2518
1776314640724000000,397.86,-11.923462867736816,82.4919
1776314640827000000,397.963,-13.51301097869873,79.5151
1776314640930000000,398.06599975585937,-15.763291358947754,75.3010
1776314641033000000,398.169,-19.615726470947266,68.0865
1776314641138000000,398.2739997558594,-23.437593460083008,60.9293
1776314641240000000,398.376,-26.02387046813965,56.0860
1776314641346000000,398.48199975585936,-26.976455688476562,54.3021
1776314641450000000,398.58599975585935,-26.500789642333984,55.1929
1776314641552000000,398.688,-27.965648651123047,52.4496
1776314641657000000,398.793,-27.44678497314453,53.4213
1776314641759000000,398.895,-28.52957534790039,51.3935
1776314641863000000,398.999,-20.80376434326172,65.8617
1776314641968000000,399.104,-22.93524932861328,61.8701
1776314642074000000,399.20999975585937,-25.9111270904541,56.2971
1776314642177000000,399.313,-27.480030059814453,53.3590
1776314642280000000,399.416,-29.70520782470703,49.1919
1776314642384000000,399.52,-25.658082962036133,56.7710
1776314642488000000,399.624,-28.10634422302246,52.1861
1776314642594000000,399.72999975585935,-29.53764533996582,49.5057
1776314642697000000,399.833,-30.892534255981445,46.9684
1776314642798000000,399.93400024414063,-30.424192428588867,47.8455
1776314642902000000,400.0380002441406,-31.563568115234375,45.7118
1776314643005000000,400.141,-21.299640655517578,64.9331
1776314643110000000,400.24600024414065,-25.169082641601562,57.6867
1776314643214000000,400.35000024414063,-27.571575164794922,53.1876
1776314643319000000,400.455,-26.08240509033203,55.9764
1776314643424000000,400.56,-28.569887161254883,51.3180
1776314643526000000,400.66200024414064,-29.885719299316406,48.8539
1776314643627000000,400.763,-31.24411392211914,46.3100
1776314643731000000,400.867,-30.72100067138672,47.2897
1776314643831000000,400.967,-15.60432243347168,75.5987
1776314643936000000,401.072,-18.038936614990234,71.0394
1776314644039000000,401.175,-20.19799041748047,66.9961
1776314644142000000,401.2780002441406,-21.951519012451172,63.7123
1776314644247000000,401.383,-24.629318237304688,58.6976
1776314644352000000,401.488,-21.666242599487305,64.2465
1776314644454000000,401.59000024414064,-23.56338119506836,60.6938
1776314644559000000,401.695,-13.07564640045166,80.3342
1776314644664000000,401.8,-16.022659301757812,74.8153
1776314644768000000,401.904,-20.762210845947266,65.9395
1776314644868000000,402.004,-24.13368797302246,59.6257
1776314644973000000,402.109,-27.806007385253906,52.7486
1776314645073000000,402.209,-29.781980514526367,49.0482
1776314645179000000,402.315,-31.859294891357422,45.1580
1776314645282000000,402.4179997558594,-33.44176483154297,42.1945
1776314645385000000,402.521,-33.990509033203125,41.1668
1776314645487000000,402.623,-33.23344421386719,42.5846
1776314645591000000,402.727,-33.96235275268555,41.2196
1776314645697000000,402.833,-32.764408111572266,43.4630
1776314645799000000,402.935,-32.876182556152344,43.2536
1776314645899000000,403.035,-33.03892517089844,42.9489
1776314646004000000,403.14,-32.01887130737305,44.8591
1776314646105000000,403.241,-33.232330322265625,42.5867
1776314646209000000,403.345,-33.02345657348633,42.9778
1776314646315000000,403.451,-32.102291107177734,44.7029
1776314646419000000,403.555,-14.536587715148926,77.5983
1776314646524000000,403.66,-16.603548049926758,73.7275
1776314646629000000,403.765,-19.10116958618164,69.0502
1776314646731000000,403.867,-20.768451690673828,65.9278
1776314646837000000,403.973,-23.822946548461914,60.2077
1776314646937000000,404.073,-21.36563491821289,64.8095
1776314647039000000,404.175,-22.105680465698242,63.4236
1776314647140000000,404.276,-10.789600372314453,84.6153
1776314647246000000,404.3820002441406,-15.886611938476562,75.0701
1776314647349000000,404.485,-19.4652042388916,68.3684
1776314647454000000,404.59000024414064,-23.284940719604492,61.2152
1776314647555000000,404.691,-26.167509078979492,55.8170
1776314647657000000,404.793,-27.979572296142578,52.4235
1776314647762000000,404.89799975585936,-27.492643356323242,53.3354
1776314647866000000,405.0019997558594,-26.927648544311523,54.3935
1776314647966000000,405.10200024414064,-28.296627044677734,51.8298
1776314648069000000,405.205,-30.268077850341797,48.1378
1776314648174000000,405.3100002441406,-31.51671600341797,45.7995
1776314648278000000,405.41400024414065,-32.14303970336914,44.6266
1776314648382000000,405.51800024414064,-30.97138214111328,46.8208
1776314648486000000,405.6220002441406,-32.10097885131836,44.7054
1776314648588000000,405.724,-33.363643646240234,42.3408
1776314648689000000,405.825,-31.528118133544922,45.7782
1776314648793000000,405.929,-33.57783126831055,41.9397
1776314648894000000,406.03000024414064,-34.61899185180664,39.9899
1776314648996000000,406.132,-32.355125427246094,44.2294
1776314649099000000,406.235,-32.96270751953125,43.0916
1776314649205000000,406.341,-33.59025573730469,41.9164
1776314649316000000,406.452,-32.88475799560547,43.2376
1776314649416000000,406.552,-33.80574035644531,41.5128
1776314649520000000,406.656,-13.772027015686035,79.0301
1776314649624000000,406.76,-18.754419326782227,69.6995
1776314649730000000,406.8659997558594,-23.129125595092773,61.5070
1776314649833000000,406.969,-26.400388717651367,55.3809
1776314649938000000,407.07399975585935,-28.843446731567383,50.8058
1776314650039000000,407.175,-30.41313934326172,47.8662
1776314650144000000,407.28,-32.01231384277344,44.8714
1776314650250000000,407.38599975585936,-32.939369201660156,43.1353
1776314650355000000,407.491,-33.84846878051758,41.4328
1776314650456000000,407.592,-34.780731201171875,39.6870
1776314650558000000,407.6940002441406,-31.801639556884766,45.2659
1776314650663000000,407.799,-31.074121475219727,46.6284
1776314650767000000,407.903,-30.66561508178711,47.3934
1776314650872000000,408.008,-32.53108215332031,43.8999
1776314650975000000,408.111,-32.4358024597168,44.0783
1776314651078000000,408.2140002441406,-32.67823791503906,43.6243
1776314651183000000,408.319,-32.44279479980469,44.0652
1776314651287000000,408.423,-33.3667106628418,42.3350
1776314651389000000,408.525,-34.839088439941406,39.5777
1776314651495000000,408.631,-31.34187126159668,46.1269
1776314651600000000,408.736,-32.74764633178711,43.4943
1776314651703000000,408.839,-32.437416076660156,44.0753
1776314651807000000,408.943,-26.431489944458008,55.3226
1776314651906000000,409.04199975585936,-24.843883514404297,58.2957
1776314652009000000,409.145,-18.55895233154297,70.0656
1776314652111000000,409.247,-22.13848114013672,63.3622
1776314652216000000,409.352,-25.845937728881836,56.4192
1776314652321000000,409.457,-27.961050033569336,52.4582
1776314652423000000,409.559,-30.111370086669922,48.4313
1776314652528000000,409.664,-30.45389747619629,47.7899
1776314652634000000,409.7699997558594,-29.76111602783203,49.0872
1776314652737000000,409.873,-31.972675323486328,44.9456
1776314652839000000,409.975,-32.49692916870117,43.9639
1776314652942000000,410.07800024414064,-31.872373580932617,45.1335
1776314653048000000,410.184,-31.032268524169922,46.7067
1776314653151000000,410.287,-32.445674896240234,44.0598
1776314653254000000,410.39000024414065,-30.568408966064453,47.5754
1776314653356000000,410.492,-8.49659538269043,88.9094
1776314653459000000,410.595,-11.572505950927734,83.1491
1776314653564000000,410.7,-13.714550971984863,79.1377
1776314653668000000,410.804,-17.624990463256836,71.8146
1776314653771000000,410.907,-20.899349212646484,65.6827
1776314653874000000,411.0099997558594,-15.879472732543945,75.0834
1776314653979000000,411.115,-17.415416717529297,72.2071
1776314654084000000,411.22,-21.263633728027344,65.0005
1776314654188000000,411.324,-24.744794845581055,58.4813
1776314654293000000,411.429,-25.484699249267578,57.0957
1776314654398000000,411.5340002441406,-13.26606273651123,79.9776
1776314654502000000,411.63800024414064,-16.049707412719727,74.7646
1776314654605000000,411.741,-20.625234603881836,66.1960
1776314654708000000,411.844,-23.950815200805664,59.9682
1776314654813000000,411.949,-25.05332374572754,57.9035
1776314654919000000,412.055,-22.49013328552246,62.7036
1776314655022000000,412.1580002441406,-23.040523529052734,61.6729
1776314655125000000,412.261,-26.27824592590332,55.6096
1776314655227000000,412.363,-28.503938674926758,51.4416
1776314655329000000,412.465,-23.651784896850586,60.5282
1776314655434000000,412.5699997558594,-27.23077392578125,53.8258
1776314655539000000,412.675,-29.255468368530273,50.0342
1776314655644000000,412.78,-26.815359115600586,54.6038
1776314655748000000,412.884,-12.62490177154541,81.1783
1776314655852000000,412.988,-16.608808517456055,73.7176
1776314655956000000,413.092,-18.114992141723633,70.8970
1776314656057000000,413.193,-21.05546760559082,65.3903
1776314656160000000,413.296,-20.65564727783203,66.1391
1776314656266000000,413.4019997558594,-22.333724975585938,62.9965
1776314656369000000,413.505,-20.538665771484375,66.3581
1776314656473000000,413.609,-18.748638153076172,69.7103
1776314656576000000,413.712,-21.969703674316406,63.6782
1776314656681000000,413.817,-24.743324279785156,58.4841
1776314656786000000,413.92199975585936,-6.61254358291626,92.4376
1776314656893000000,414.029,-6.454629898071289,92.7334
1776314656994000000,414.1299997558594,-9.609302520751953,86.8256
1776314657099000000,414.235,-13.18159294128418,80.1358
1776314657203000000,414.339,-17.027320861816406,72.9339
1776314657307000000,414.443,-20.372716903686523,66.6689
1776314657413000000,414.549,-24.608816146850586,58.7360
1776314657518000000,414.6540002441406,-27.486692428588867,53.3466
1776314657623000000,414.759,-30.141368865966797,48.3751
1776314657725000000,414.861,-30.43032455444336,47.8340
1776314657830000000,414.9660002441406,-30.238279342651367,48.1936
1776314657935000000,415.071,-7.098498344421387,91.5276
1776314658039000000,415.175,-10.43971061706543,85.2705
1776314658144000000,415.28,-7.734582424163818,90.3364
1776314658250000000,415.38599975585936,-12.94894027709961,80.5715
1776314658353000000,415.489,-7.467552185058594,90.8365
1776314658458000000,415.5939997558594,-5.641044616699219,94.2570
1776314658561000000,415.697,-9.004439353942871,87.9583
1776314658666000000,415.80199975585936,-13.021655082702637,80.4353
1776314658769000000,415.905,-17.935998916625977,71.2322
1776314658873000000,416.009,-21.75051498413086,64.0887
1776314658976000000,416.112,-25.486305236816406,57.0927
1776314659081000000,416.217,-7.753685474395752,90.3006
1776314659186000000,416.3219997558594,-12.621355056762695,81.1849
1776314659290000000,416.4259997558594,-16.329004287719727,74.2416
1776314659392000000,416.528,-14.195500373840332,78.2370
1776314659494000000,416.6300002441406,-18.273794174194336,70.5996
1776314659600000000,416.736,-22.641357421875,62.4204
1776314659703000000,416.839,-26.055524826049805,56.0267
1776314659807000000,416.943,-29.085519790649414,50.3524
1776314659911000000,417.047,-30.546846389770508,47.6158
1776314660017000000,417.153,-32.898704528808594,43.2115
1776314660120000000,417.256,-34.1414794921875,40.8841
1776314660223000000,417.359,-34.381710052490234,40.4342
1776314660325000000,417.461,-35.462257385253906,38.4107
1776314660430000000,417.56600024414064,-36.363319396972656,36.7233
1776314660535000000,417.671,-36.799922943115234,35.9056
1776314660640000000,417.776,-36.0497932434082,37.3104
1776314660745000000,417.881,-35.95851135253906,37.4813
1776314660848000000,417.984,-32.08353042602539,44.7380
1776314660953000000,418.089,-33.0231819152832,42.9783
1776314661059000000,418.195,-34.90462875366211,39.4550
1776314661162000000,418.2979997558594,-36.61156463623047,36.2584
1776314661273000000,418.409,-25.385499954223633,57.2815
1776314661370000000,418.50599975585936,-14.84092903137207,77.0283
1776314661474000000,418.60999975585935,-13.683232307434082,79.1963
1776314661576000000,418.712,-18.65277099609375,69.8899
1776314661680000000,418.816,-22.37274169921875,62.9235
1776314661785000000,418.921,-14.160656929016113,78.3023
1776314661887000000,419.023,-9.237095832824707,87.5226
1776314661992000000,419.128,-13.113679885864258,80.2629
1776314662095000000,419.231,-17.182811737060547,72.6427
1776314662198000000,419.3340002441406,-21.650882720947266,64.2753
1776314662303000000,419.439,-24.75956153869629,58.4537
1776314662407000000,419.543,-27.23834991455078,53.8116
1776314662510000000,419.6460002441406,-27.41667366027832,53.4777
1776314662613000000,419.749,-20.930295944213867,65.6247
1776314662718000000,419.85400024414065,-23.71471405029297,60.4103
1776314662821000000,419.957,-14.75666618347168,77.1861
1776314662924000000,420.06,-13.238093376159668,80.0300
1776314663026000000,420.16199975585937,-15.282923698425293,76.2006
1776314663129000000,420.265,-17.874849319458008,71.3467
1776314663234000000,420.3699997558594,-20.210487365722656,66.9727
1776314663338000000,420.4739997558594,-21.818279266357422,63.9618
1776314663441000000,420.577,-16.181859970092773,74.5172
1776314663544000000,420.68,-12.589874267578125,81.2439
1776314663649000000,420.785,-13.319965362548828,79.8766
1776314663754000000,420.8899997558594,-15.352952003479004,76.0695
1776314663859000000,420.995,-18.3757381439209,70.4087
1776314663962000000,421.09799975585935,-19.099903106689453,69.0525
1776314664063000000,421.199,-16.178665161132812,74.5231
1776314664164000000,421.3,-18.69269371032715,69.8151
1776314664270000000,421.4060002441406,-21.80921745300293,63.9788
1776314664375000000,421.511,-24.49127960205078,58.9561
1776314664477000000,421.613,-24.964641571044922,58.0696
1776314664582000000,421.7180002441406,-27.325664520263672,53.6481
1776314664688000000,421.824,-28.722314834594727,51.0326
1776314664791000000,421.927,-30.523488998413086,47.6595
1776314664896000000,422.032,-31.21785545349121,46.3592
1776314664999000000,422.135,-30.349679946899414,47.9850
1776314665099000000,422.235,-33.11248779296875,42.8111
1776314665204000000,422.34,-34.63334274291992,39.9630
1776314665308000000,422.444,-33.52604675292969,42.0366
1776314665410000000,422.5459997558594,-32.23531723022461,44.4538
1776314665511000000,422.647,-22.70582389831543,62.2997
1776314665613000000,422.749,-25.374528884887695,57.3020
1776314665718000000,422.85400024414065,-28.355592727661133,51.7194
1776314665822000000,422.95800024414064,-30.754039764404297,47.2278
1776314665927000000,423.063,-33.01852035522461,42.9871
1776314666030000000,423.1660002441406,-29.30878257751465,49.9343
1776314666135000000,423.271,-31.583316802978516,45.6748
1776314666239000000,423.375,-20.65192413330078,66.1460
1776314666342000000,423.4780002441406,-11.441137313842773,83.3951
1776314666446000000,423.5820002441406,-15.288751602172852,76.1897
1776314666550000000,423.68600024414064,-20.29816246032715,66.8085
1776314666655000000,423.791,-22.78095245361328,62.1590
1776314666759000000,423.895,-14.650982856750488,77.3840
1776314666862000000,423.9980002441406,-16.108827590942383,74.6539
1776314666964000000,424.1,-19.09847068786621,69.0552
1776314667069000000,424.205,-15.811502456665039,75.2107
1776314667173000000,424.309,-18.956905364990234,69.3203
1776314667276000000,424.412,-22.324939727783203,63.0130
1776314667382000000,424.51800024414064,-24.557573318481445,58.8319
1776314667487000000,424.623,-27.860599517822266,52.6463
1776314667590000000,424.7260002441406,-21.010465621948242,65.4746
1776314667693000000,424.829,-20.229991912841797,66.9362
1776314667796000000,424.932,-12.782809257507324,80.8826
1776314667899000000,425.035,-16.253902435302734,74.3822
1776314667999000000,425.135,-18.754486083984375,69.6994
1776314668101000000,425.237,-17.0751953125,72.8442
1776314668206000000,425.34200024414065,-21.4017391204834,64.7419
1776314668310000000,425.44600024414063,-10.666563987731934,84.8457
1776314668413000000,425.549,-13.610306739807129,79.3329
1776314668519000000,425.655,-15.757218360900879,75.3124
1776314668624000000,425.76,-18.050521850585938,71.0177
1776314668730000000,425.8659997558594,-20.119272232055664,67.1435
1776314668830000000,425.9660002441406,-23.151077270507812,61.4659
1776314668932000000,426.068,-26.577880859375,55.0485
1776314669034000000,426.16999975585935,-28.723695755004883,51.0300
1776314669140000000,426.276,-31.340534210205078,46.1294
1776314669245000000,426.381,-31.937509536743164,45.0115
1776314669346000000,426.48199975585936,-33.36152648925781,42.3447
1776314669451000000,426.587,-31.253803253173828,46.2919
1776314669556000000,426.692,-33.61299133300781,41.8738
1776314669661000000,426.797,-33.327457427978516,42.4085
1776314669764000000,426.9,-26.883926391601562,54.4754
1776314669866000000,427.0019997558594,-29.19679069519043,50.1440
1776314669971000000,427.107,-28.96257781982422,50.5827
1776314670074000000,427.20999975585937,-30.427732467651367,47.8389
1776314670178000000,427.31399975585936,-32.529605865478516,43.9027
1776314670283000000,427.419,-29.470924377441406,49.6307
1776314670388000000,427.524,-31.698843002319336,45.4584
1776314670491000000,427.627,-33.34987258911133,42.3666
1776314670595000000,427.731,-32.403011322021484,44.1397
1776314670696000000,427.832,-33.84159851074219,41.4457
1776314670799000000,427.935,-34.86118698120117,39.5363
1776314670905000000,428.041,-31.642318725585938,45.5643
1776314671008000000,428.144,-32.836631774902344,43.3277
1776314671111000000,428.247,-34.41542053222656,40.3711
1776314671213000000,428.349,-30.478858947753906,47.7431
1776314671318000000,428.4540002441406,-30.650653839111328,47.4214
1776314671422000000,428.5580002441406,-33.538063049316406,42.0141
1776314671525000000,428.661,-31.98520278930664,44.9222
1776314671628000000,428.764,-33.9797477722168,41.1870
1776314671735000000,428.871,-33.892330169677734,41.3507
1776314671839000000,428.975,-23.381786346435547,61.0338
1776314671944000000,429.08,-21.236595153808594,65.0511
1776314672047000000,429.183,-17.10134506225586,72.7952
1776314672148000000,429.284,-8.454889297485352,88.9875
1776314672248000000,429.384,-13.746772766113281,79.0773
1776314672351000000,429.487,-17.774538040161133,71.5345
1776314672454000000,429.59000024414064,-22.472185134887695,62.7372
1776314672559000000,429.695,-25.729957580566406,56.6364
1776314672663000000,429.799,-29.37220573425293,49.8155
1776314672765000000,429.901,-31.331478118896484,46.1464
1776314672871000000,430.007,-33.41963195800781,42.2359
1776314672976000000,430.112,-34.66337966918945,39.9067
1776314673080000000,430.216,-33.06611633300781,42.8979
1776314673181000000,430.317,-34.22296905517578,40.7315
1776314673285000000,430.421,-28.80147933959961,50.8843
1776314673390000000,430.5260002441406,-31.73232650756836,45.3957
1776314673493000000,430.629,-33.83226776123047,41.4632
1776314673597000000,430.733,-33.39760971069336,42.2772
1776314673700000000,430.836,-31.64386749267578,45.5614
1776314673800000000,430.936,-32.810829162597656,43.3760
1776314673905000000,431.041,-34.614810943603516,39.9977
1776314674010000000,431.14599975585935,-34.20466232299805,40.7658
1776314674114000000,431.2499997558594,-34.225406646728516,40.7269
1776314674216000000,431.352,-35.95384979248047,37.4901
1776314674318000000,431.4540002441406,-34.99810028076172,39.2799
1776314674423000000,431.559,-32.402896881103516,44.1400
1776314674528000000,431.664,-34.35747146606445,40.4796
1776314674631000000,431.767,-30.800029754638672,47.1417
1776314674735000000,431.871,-32.17283248901367,44.5708
1776314674835000000,431.971,-30.260496139526367,48.1520
1776314674937000000,432.073,-30.27943229675293,48.1166
1776314675042000000,432.1779997558594,-31.26664161682129,46.2678
1776314675145000000,432.281,-27.905813217163086,52.5617
1776314675249000000,432.385,-29.481475830078125,49.6109
1776314675351000000,432.487,-31.037553787231445,46.6968
1776314675456000000,432.592,-33.098262786865234,42.8377
1776314675561000000,432.697,-35.00843048095703,39.2606
1776314675666000000,432.80199975585936,-35.94784927368164,37.5013
1776314675769000000,432.905,-36.05253982543945,37.3053
1776314675869000000,433.005,-31.78156852722168,45.3035
1776314675974000000,433.1100002441406,-32.90714645385742,43.1956
1776314676079000000,433.215,-32.92997360229492,43.1529
1776314676184000000,433.32,-33.82014083862305,41.4859
1776314676287000000,433.423,-31.825958251953125,45.2204
1776314676393000000,433.529,-34.11574935913086,40.9323
1776314676496000000,433.632,-30.49931526184082,47.7048
1776314676600000000,433.736,-31.317886352539062,46.1719
1776314676702000000,433.83800024414063,-31.792509078979492,45.2830
1776314676807000000,433.943,-34.00022888183594,41.1486
1776314676909000000,434.045,-35.480323791503906,38.3769
1776314677013000000,434.149,-32.3913459777832,44.1616
1776314677116000000,434.252,-33.606483459472656,41.8860
1776314677218000000,434.3539997558594,-34.2486457824707,40.6834
1776314677320000000,434.456,-34.09005355834961,40.9804
1776314677423000000,434.559,-31.60174560546875,45.6403
1776314677526000000,434.66200024414064,-33.179344177246094,42.6859
1776314677630000000,434.7660002441406,-34.612144470214844,40.0027
1776314677733000000,434.869,-33.25016403198242,42.5533
1776314677836000000,434.972,-34.25189971923828,40.6773
1776314677936000000,435.072,-33.58810806274414,41.9204
1776314678041000000,435.177,-34.10370635986328,40.9548
1776314678144000000,435.28,-34.9640998840332,39.3436
1776314678247000000,435.383,-29.62584686279297,49.3406
1776314678352000000,435.488,-27.976274490356445,52.4297
1776314678457000000,435.593,-30.735286712646484,47.2629
1776314678558000000,435.6940002441406,-32.35892868041992,44.2223
1776314678661000000,435.797,-34.22734451293945,40.7233
1776314678764000000,435.9,-33.172935485839844,42.6979
1776314678867000000,436.003,-27.878284454345703,52.6132
1776314678970000000,436.1059997558594,-29.884946823120117,48.8553
1776314679075000000,436.211,-28.300899505615234,51.8218
1776314679180000000,436.316,-30.05401039123535,48.5387
1776314679284000000,436.42,-32.543785095214844,43.8761
1776314679387000000,436.523,-33.56684875488281,41.9602
1776314679491000000,436.627,-34.50356674194336,40.2060
1776314679596000000,436.732,-33.81983184814453,41.4865
1776314679701000000,436.837,-31.247880935668945,46.3030
1776314679804000000,436.94,-32.52628707885742,43.9089
1776314679909000000,437.045,-33.6671142578125,41.7725
1776314680010000000,437.14599975585935,-33.912269592285156,41.3134
1776314680115000000,437.251,-35.23368453979492,38.8387
1776314680220000000,437.356,-33.060157775878906,42.9091
1776314680322000000,437.45799975585936,-34.38819122314453,40.4221
1776314680427000000,437.563,-34.21346664428711,40.7493
1776314680531000000,437.667,-35.160919189453125,38.9750
1776314680635000000,437.771,-29.346952438354492,49.8628
1776314680740000000,437.876,-31.25375747680664,46.2920
1776314680846000000,437.98200024414064,-33.13322830200195,42.7723
1776314680948000000,438.084,-34.54829406738281,40.1223
1776314681050000000,438.18599975585937,-34.23806381225586,40.7032
1776314681154000000,438.28999975585936,-35.50232696533203,38.3356
1776314681255000000,438.391,-33.68666458129883,41.7358
1776314681360000000,438.496,-34.858219146728516,39.5419
1776314681465000000,438.601,-31.758787155151367,45.3462
1776314681569000000,438.705,-31.967100143432617,44.9561
1776314681672000000,438.808,-33.39737319946289,42.2776
1776314681777000000,438.913,-34.341026306152344,40.5104
1776314681881000000,439.017,-33.0084114074707,43.0060
1776314681986000000,439.12199975585935,-34.47193908691406,40.2653
1776314682087000000,439.223,-33.54694747924805,41.9975
1776314682190000000,439.32600024414063,-34.36330795288086,40.4687
1776314682290000000,439.4259997558594,-31.412933349609375,45.9939
1776314682396000000,439.532,-33.13709259033203,42.7650
1776314682499000000,439.635,-32.99675369262695,43.0278
1776314682603000000,439.739,-35.02695846557617,39.2259
1776314682706000000,439.8419997558594,-35.98375701904297,37.4341
1776314682811000000,439.947,-31.059965133666992,46.6549
1776314682917000000,440.053,-33.810890197753906,41.5032
1776314683021000000,440.157,-35.07426071166992,39.1373
1776314683123000000,440.259,-33.71714401245117,41.6788
1776314683224000000,440.36,-35.080631256103516,39.1254
1776314683325000000,440.461,-35.15414810180664,38.9877
1776314683430000000,440.56600024414064,-33.75675964355469,41.6046
1776314683533000000,440.669,-34.04522705078125,41.0644
1776314683637000000,440.773,-34.20550537109375,40.7642
1776314683739000000,440.875,-35.255558013916016,38.7978
1776314683844000000,440.98,-37.61918258666992,34.3714
1776314683949000000,441.085,-34.54670333862305,40.1252
1776314684053000000,441.189,-31.448640823364258,45.9270
1776314684155000000,441.291,-32.730674743652344,43.5261
1776314684256000000,441.392,-34.79349136352539,39.6631
1776314684356000000,441.492,-36.2689323425293,36.9000
1776314684461000000,441.597,-37.532196044921875,34.5343
1776314684563000000,441.699,-34.082916259765625,40.9938
1776314684667000000,441.803,-33.118003845214844,42.8008
1776314684770000000,441.9059997558594,-32.7037353515625,43.5766
1776314684873000000,442.009,-34.00313186645508,41.1432
1776314684978000000,442.11399975585937,-32.014122009277344,44.8680
1776314685083000000,442.219,-33.5879020690918,41.9208
1776314685184000000,442.32,-33.32621765136719,42.4109
1776314685289000000,442.425,-32.803646087646484,43.3895
1776314685392000000,442.528,-33.880531311035156,41.3728
1776314685494000000,442.6300002441406,-30.980661392211914,46.8034
1776314685599000000,442.735,-32.96177673339844,43.0933
1776314685701000000,442.837,-34.89470672607422,39.4735
1776314685804000000,442.94,-35.40663528442383,38.5148
1776314685907000000,443.043,-36.681556701660156,36.1273
1776314686012000000,443.148,-30.531545639038086,47.6444
1776314686118000000,443.2540002441406,-32.83656311035156,43.3278
1776314686220000000,443.356,-32.32869338989258,44.2789
1776314686324000000,443.46,-33.90711212158203,41.3230
1776314686426000000,443.56199975585935,-30.64124870300293,47.4390
1776314686526000000,443.66200024414064,-32.20379638671875,44.5128
1776314686632000000,443.768,-33.94036865234375,41.2607
1776314686735000000,443.871,-35.077388763427734,39.1314
1776314686838000000,443.9740002441406,-36.69670104980469,36.0989
1776314686943000000,444.079,-32.5775032043457,43.8130
1776314687043000000,444.179,-32.14299774169922,44.6267
1776314687148000000,444.284,-30.32952308654785,48.0228
1776314687251000000,444.387,-32.424224853515625,44.1000
1776314687355000000,444.491,-34.456459045410156,40.2942
1776314687460000000,444.596,-35.3860969543457,38.5533
1776314687566000000,444.7020002441406,-36.040374755859375,37.3280
1776314687669000000,444.805,-34.91330337524414,39.4387
1776314687772000000,444.908,-24.27540397644043,59.3603
1776314687875000000,445.011,-21.070518493652344,65.3621
1776314687981000000,445.117,-24.904184341430664,58.1828
1776314688086000000,445.22200024414065,-27.459247589111328,53.3979
1776314688192000000,445.328,-30.463476181030273,47.7719
1776314688294000000,445.4300002441406,-32.844947814941406,43.3121
1776314688399000000,445.535,-34.92018127441406,39.4258
1776314688503000000,445.639,-36.24899673461914,36.9374
1776314688606000000,445.7420002441406,-30.553098678588867,47.6041
1776314688709000000,445.845,-32.384010314941406,44.1753
1776314688814000000,445.9500002441406,-33.54064178466797,42.0093
1776314688919000000,446.055,-31.045318603515625,46.6823
1776314689023000000,446.159,-31.78330421447754,45.3003
1776314689126000000,446.2620002441406,-33.610347747802734,41.8788
1776314689228000000,446.364,-35.44173049926758,38.4491
1776314689333000000,446.469,-36.37189483642578,36.7072
1776314689436000000,446.572,-36.06403350830078,37.2837
1776314689540000000,446.676,-34.54362487792969,40.1310
1776314689645000000,446.781,-35.8304328918457,37.7212
1776314689750000000,446.88600024414063,-36.18904113769531,37.0496
1776314689853000000,446.989,-35.114234924316406,39.0624
1776314689957000000,447.093,-34.47560501098633,40.2584
1776314690059000000,447.195,-32.4679069519043,44.0182
1776314690164000000,447.3,-34.96738052368164,39.3374
1776314690269000000,447.405,-36.636775970458984,36.2112
1776314690371000000,447.507,-37.78969955444336,34.0521
1776314690474000000,447.60999975585935,-34.25556182861328,40.6705
1776314690577000000,447.713,-33.86022186279297,41.4108
1776314690677000000,447.813,-35.274288177490234,38.7627
1776314690783000000,447.919,-33.717872619628906,41.6774
1776314690886000000,448.0220002441406,-35.24786376953125,38.8122
1776314690991000000,448.127,-35.21971130371094,38.8649
1776314691093000000,448.229,-36.71896743774414,36.0572
1776314691193000000,448.329,-34.54393768310547,40.1304
1776314691296000000,448.432,-32.441890716552734,44.0669
1776314691402000000,448.5379997558594,-34.27626419067383,40.6317
1776314691505000000,448.641,-34.20182800292969,40.7711
1776314691609000000,448.745,-33.81133270263672,41.5024
1776314691712000000,448.848,-35.14860153198242,38.9981
1776314691817000000,448.953,-36.93390655517578,35.6547
1776314691921000000,449.057,-34.630706787109375,39.9679
1776314692026000000,449.16199975585937,-34.990718841552734,39.2937
1776314692129000000,449.265,-35.16035079956055,38.9761
1776314692231000000,449.367,-36.3299446105957,36.7858
1776314692336000000,449.472,-35.28660202026367,38.7396
1776314692439000000,449.575,-33.89080810546875,41.3535
1776314692543000000,449.679,-34.63188171386719,39.9657
1776314692648000000,449.784,-35.205223083496094,38.8920
1776314692753000000,449.889,-35.25104904174805,38.8062
1776314692857000000,449.993,-31.961671829223633,44.9662
1776314692960000000,450.096,-34.22257614135742,40.7322
1776314693062000000,450.19800024414064,-33.1522216796875,42.7367
1776314693167000000,450.303,-35.33235168457031,38.6540
1776314693272000000,450.408,-36.340755462646484,36.7655
1776314693374000000,450.5100002441406,-36.26428985595703,36.9087
1776314693477000000,450.613,-33.22854995727539,42.5938
1776314693579000000,450.715,-33.27554702758789,42.5057
1776314693680000000,450.816,-33.98741149902344,41.1726
1776314693786000000,450.92199975585936,-32.913265228271484,43.1842
1776314693891000000,451.027,-28.880460739135742,50.7364
1776314693994000000,451.1299997558594,-30.150707244873047,48.3576
1776314694097000000,451.233,-32.36078643798828,44.2188
1776314694201000000,451.337,-34.364784240722656,40.4659
1776314694306000000,451.4419997558594,-36.35834884643555,36.7326
1776314694408000000,451.544,-35.30876541137695,38.6981
1776314694512000000,451.648,-34.83912658691406,39.5776
1776314694615000000,451.751,-30.692262649536133,47.3435
1776314694720000000,451.856,-29.257579803466797,50.0302
1776314694825000000,451.961,-31.99299430847168,44.9076
1776314694929000000,452.065,-32.64186096191406,43.6924
1776314695032000000,452.168,-33.00743865966797,43.0078
1776314695137000000,452.273,-35.08430480957031,39.1185
1776314695238000000,452.37400024414063,-35.935333251953125,37.5248
1776314695343000000,452.479,-29.832569122314453,48.9534
1776314695448000000,452.584,-28.51030921936035,51.4296
1776314695553000000,452.689,-31.981351852416992,44.9294
1776314695658000000,452.7939997558594,-34.23395919799805,40.7109
1776314695763000000,452.899,-34.35947799682617,40.4759
1776314695866000000,453.0019997558594,-32.236488342285156,44.4516
1776314695971000000,453.107,-32.5249137878418,43.9115
1776314696077000000,453.213,-32.26534652709961,44.3975
1776314696181000000,453.317,-33.897987365722656,41.3401
1776314696282000000,453.4179997558594,-32.97909927368164,43.0609
1776314696388000000,453.524,-35.01163864135742,39.2546
1776314696493000000,453.629,-27.010364532470703,54.2386
1776314696598000000,453.73400024414065,-28.282316207885742,51.8566
1776314696703000000,453.839,-22.818464279174805,62.0888
1776314696808000000,453.944,-26.425363540649414,55.3341
1776314696911000000,454.047,-29.261764526367188,50.0224
1776314697015000000,454.151,-31.94143295288086,45.0041
1776314697117000000,454.253,-33.54784393310547,41.9958
1776314697217000000,454.353,-34.18627166748047,40.8002
1776314697318000000,454.4540002441406,-35.93874740600586,37.5184
1776314697423000000,454.559,-29.90871238708496,48.8108
1776314697529000000,454.665,-32.229827880859375,44.4641
1776314697633000000,454.769,-33.731597900390625,41.6517
1776314697735000000,454.871,-33.8773307800293,41.3788
1776314697840000000,454.976,-35.064334869384766,39.1559
1776314697946000000,455.0819997558594,-7.521153926849365,90.7361
1776314698050000000,455.18599975585937,-9.056354522705078,87.8611
1776314698151000000,455.287,-10.862360954284668,84.4790
1776314698257000000,455.393,-15.487351417541504,75.8178
1776314698362000000,455.4979997558594,-19.44456672668457,68.4071
1776314698467000000,455.603,-24.035980224609375,59.8087
1776314698569000000,455.705,-27.29172134399414,53.7117
1776314698675000000,455.811,-30.901071548461914,46.9524
1776314698780000000,455.916,-32.63921356201172,43.6974
1776314698884000000,456.02,-35.29845428466797,38.7174
1776314698986000000,456.12199975585935,-35.63533401489258,38.0866
1776314699091000000,456.227,-29.25864601135254,50.0282
1776314699196000000,456.332,-25.706253051757812,56.6808
1776314699301000000,456.437,-26.07417106628418,55.9918
1776314699406000000,456.54200024414064,-24.689119338989258,58.5856
1776314699511000000,456.647,-28.23224449157715,51.9504
1776314699614000000,456.7500002441406,-30.70779800415039,47.3144
1776314699719000000,456.855,-32.65987777709961,43.6587
1776314699820000000,456.956,-29.12179183959961,50.2845
1776314699925000000,457.061,-33.51359558105469,42.0599
1776314700030000000,457.1660002441406,-24.215255737304688,59.4730
1776314700135000000,457.271,-26.915912628173828,54.4155
1776314700238000000,457.37400024414063,-29.898273468017578,48.8304
1776314700343000000,457.479,-32.568809509277344,43.8293
1776314700448000000,457.584,-34.435428619384766,40.3336
1776314700554000000,457.6899997558594,-30.12641143798828,48.4031
1776314700659000000,457.795,-32.3858642578125,44.1719
1776314700764000000,457.9,-34.792232513427734,39.6654
1776314700869000000,458.005,-30.281496047973633,48.1127
1776314700972000000,458.108,-28.276744842529297,51.8670
1776314701077000000,458.213,-30.072599411010742,48.5039
1776314701182000000,458.31800024414065,-30.817060470581055,47.1098
1776314701286000000,458.42200024414063,-32.263484954833984,44.4010
1776314701388000000,458.524,-34.00263977050781,41.1441
1776314701490000000,458.62599975585937,-31.47645378112793,45.8749
1776314701591000000,458.727,-33.01443862915039,42.9947
1776314701696000000,458.832,-33.86394119262695,41.4039
1776314701799000000,458.935,-35.108306884765625,39.0735
1776314701903000000,459.039,-30.00537872314453,48.6298
1776314702006000000,459.1420002441406,-31.376548767089844,46.0620
1776314702108000000,459.244,-31.379419326782227,46.0566
1776314702213000000,459.349,-33.16132736206055,42.7196
1776314702316000000,459.452,-31.24247169494629,46.3131
1776314702420000000,459.556,-32.0356330871582,44.8277
1776314702521000000,459.657,-29.78558349609375,49.0414
1776314702624000000,459.76,-31.99933433532715,44.8957
1776314702725000000,459.861,-31.786720275878906,45.2939
1776314702830000000,459.9660002441406,-32.99182891845703,43.0371
1776314702933000000,460.069,-33.97322082519531,41.1992
1776314703037000000,460.173,-34.10285568237305,40.9564
1776314703139000000,460.275,-27.609100341796875,53.1173
1776314703244000000,460.38,-29.417367935180664,49.7310
1776314703350000000,460.4860002441406,-31.506521224975586,45.8186
1776314703455000000,460.591,-26.66004753112793,54.8946
1776314703555000000,460.691,-26.145538330078125,55.8581
1776314703660000000,460.796,-28.61228370666504,51.2387
1776314703762000000,460.89799975585936,-20.317060470581055,66.7731
1776314703867000000,461.003,-23.910757064819336,60.0432
1776314703970000000,461.1059997558594,-27.965503692626953,52.4499
1776314704075000000,461.211,-30.6622371673584,47.3997
1776314704181000000,461.317,-29.454437255859375,49.6615
1776314704283000000,461.419,-32.015899658203125,44.8647
1776314704388000000,461.524,-33.5699348449707,41.9544
1776314704491000000,461.627,-34.23470687866211,40.7095
1776314704592000000,461.728,-33.98320388793945,41.1805
1776314704697000000,461.833,-35.36833572387695,38.5866
1776314704800000000,461.936,-24.174379348754883,59.5495
1776314704904000000,462.04,-27.875965118408203,52.6176
1776314705007000000,462.143,-18.28506088256836,70.5785
1776314705109000000,462.245,-21.086986541748047,65.3313
1776314705214000000,462.35000024414063,-20.496000289916992,66.4380
1776314705319000000,462.455,-24.314022064208984,59.2880
1776314705424000000,462.56,-27.12262535095215,54.0283
1776314705529000000,462.665,-30.593822479248047,47.5278
1776314705634000000,462.7699997558594,-32.014305114746094,44.8677
1776314705738000000,462.87399975585936,-29.14446258544922,50.2420
1776314705841000000,462.977,-31.911128997802734,45.0609
1776314705946000000,463.0819997558594,-22.25026512145996,63.1528
1776314706051000000,463.187,-25.90636444091797,56.3060
1776314706155000000,463.291,-29.160200119018555,50.2126
1776314706257000000,463.393,-31.246170043945312,46.3062
1776314706358000000,463.49400024414064,-19.009502410888672,69.2218
1776314706460000000,463.596,-22.55352783203125,62.5849
1776314706562000000,463.69799975585937,-26.609691619873047,54.9889
1776314706667000000,463.803,-29.378761291503906,49.8033
1776314706769000000,463.905,-31.840171813964844,45.1938
1776314706872000000,464.008,-34.3037109375,40.5803
1776314706975000000,464.111,-20.28594970703125,66.8314
1776314707080000000,464.216,-15.578502655029297,75.6471
1776314707185000000,464.321,-19.856563568115234,67.6355
1776314707289000000,464.425,-23.532447814941406,60.7517
1776314707391000000,464.527,-26.933950424194336,54.3817
1776314707494000000,464.6300002441406,-26.612123489379883,54.9844
1776314707599000000,464.735,-17.763032913208008,71.5561
1776314707703000000,464.839,-21.457082748413086,64.6382
1776314707807000000,464.943,-25.546905517578125,56.9792
1776314707909000000,465.045,-28.676082611083984,51.1192
1776314708015000000,465.151,-31.9482364654541,44.9914
1776314708120000000,465.256,-34.162506103515625,40.8447
1776314708225000000,465.361,-36.39692687988281,36.6603
1776314708329000000,465.465,-34.94700241088867,39.3756
1776314708429000000,465.565,-33.120819091796875,42.7955
1776314708534000000,465.6700002441406,-33.60561752319336,41.8876
1776314708637000000,465.773,-34.63576889038086,39.9585
1776314708741000000,465.877,-35.64705276489258,38.0646
1776314708844000000,465.98,-33.979671478271484,41.1871
1776314708949000000,466.085,-31.208736419677734,46.3763
1776314709054000000,466.1900002441406,-34.28485107421875,40.6156
1776314709159000000,466.295,-34.99470520019531,39.2863
1776314709262000000,466.39800024414063,-35.93461608886719,37.5261
1776314709368000000,466.504,-33.895904541015625,41.3440
1776314709471000000,466.607,-35.153167724609375,38.9895
1776314709575000000,466.711,-33.3778076171875,42.3142
1776314709677000000,466.813,-32.45156478881836,44.0488
1776314709783000000,466.919,-33.97975540161133,41.1870
1776314709888000000,467.024,-35.49261474609375,38.3538
1776314709988000000,467.124,-33.78456497192383,41.5525
1776314710094000000,467.2300002441406,-34.05344772338867,41.0490
1776314710197000000,467.333,-35.490745544433594,38.3573
1776314710302000000,467.43800024414065,-34.502933502197266,40.2072
1776314710406000000,467.54200024414064,-36.23355484008789,36.9663
1776314710509000000,467.645,-37.813560485839844,34.0074
1776314710612000000,467.748,-30.82396697998047,47.0968
1776314710718000000,467.85400024414065,-32.406776428222656,44.1327
1776314710820000000,467.956,-34.30366516113281,40.5804
1776314710923000000,468.059,-35.4114875793457,38.5058
1776314711023000000,468.159,-34.70098876953125,39.8363
1776314711127000000,468.263,-35.73249053955078,37.9046
1776314711232000000,468.368,-35.556968688964844,38.2333
1776314711337000000,468.473,-34.01426696777344,41.1223
1776314711440000000,468.576,-29.290658950805664,49.9683
1776314711544000000,468.68,-31.56599235534668,45.7072
1776314711647000000,468.783,-34.27222442626953,40.6393
1776314711752000000,468.888,-36.23549270629883,36.9626
1776314711854000000,468.9900002441406,-33.277305603027344,42.5025
1776314711958000000,469.0940002441406,-35.407814025878906,38.5126
1776314712059000000,469.195,-37.02900695800781,35.4766
1776314712162000000,469.2979997558594,-36.02249526977539,37.3615
1776314712264000000,469.4,-36.07168197631836,37.2694
1776314712370000000,469.50599975585936,-36.66960525512695,36.1497
1776314712470000000,469.6060002441406,-31.14624786376953,46.4933
1776314712573000000,469.709,-11.060070991516113,84.1087
1776314712675000000,469.811,-8.387842178344727,89.1130
1776314712779000000,469.915,-6.149032115936279,93.3057
1776314712881000000,470.017,-6.79686975479126,92.0925
1776314712982000000,470.1180002441406,-4.5385589599609375,96.3216
1776314713087000000,470.223,-5.390480041503906,94.7262
1776314713190000000,470.32600024414063,-5.859367370605469,93.8481
1776314713293000000,470.429,-7.654433727264404,90.4865
1776314713398000000,470.5340002441406,-8.17523193359375,89.5112
1776314713499000000,470.635,-11.349298477172852,83.5671
1776314713603000000,470.739,-15.816393852233887,75.2016
1776314713707000000,470.843,-9.828415870666504,86.4153
1776314713810000000,470.94599975585936,-13.461740493774414,79.6111
1776314713915000000,471.051,-16.995634078979492,72.9932
1776314714020000000,471.156,-21.600643157958984,64.3694
1776314714120000000,471.256,-24.656387329101562,58.6469
1776314714223000000,471.359,-28.61395835876465,51.2355
1776314714327000000,471.463,-31.52677345275879,45.7807
1776314714431000000,471.567,-34.036216735839844,41.0812
1776314714534000000,471.6700002441406,-31.99706268310547,44.9000
1776314714637000000,471.773,-32.482276916503906,43.9913
1776314714740000000,471.876,-32.83198547363281,43.3364
1776314714844000000,471.98,-35.231483459472656,38.8429
1776314714948000000,472.084,-36.92552947998047,35.6704
1776314715049000000,472.185,-34.287532806396484,40.6106
1776314715154000000,472.28999975585936,-35.09275436401367,39.1027
1776314715257000000,472.393,-31.167743682861328,46.4530
1776314715361000000,472.497,-31.821048736572266,45.2296
1776314715464000000,472.6,-31.49629020690918,45.8378
1776314715567000000,472.703,-32.272666931152344,44.3838
1776314715672000000,472.808,-32.852447509765625,43.2981
1776314715774000000,472.91000024414063,-34.303043365478516,40.5815
1776314715877000000,473.013,-12.113600730895996,82.1358
1776314715981000000,473.117,-15.831497192382812,75.1733
1776314716084000000,473.22,-20.075878143310547,67.2248
1776314716189000000,473.325,-23.145462036132812,61.4764
1776314716294000000,473.4300002441406,-27.068159103393555,54.1303
1776314716399000000,473.535,-29.54433822631836,49.4932
1776314716500000000,473.636,-31.904390335083008,45.0735
1776314716606000000,473.7420002441406,-33.36988067626953,42.3291
1776314716711000000,473.847,-34.680816650390625,39.8741
1776314716816000000,473.952,-9.501978874206543,87.0266
1776314716920000000,474.056,-13.98706340789795,78.6274
1776314717025000000,474.161,-18.581300735473633,70.0237
1776314717128000000,474.264,-22.209753036499023,63.2287
1776314717230000000,474.36600024414065,-25.579345703125,56.9184
1776314717333000000,474.469,-29.471668243408203,49.6293
1776314717434000000,474.5699997558594,-32.06936264038086,44.7646
1776314717539000000,474.675,-34.16417694091797,40.8416
1776314717644000000,474.78,-35.211212158203125,38.8808
1776314717748000000,474.884,-27.0692138671875,54.1284
1776314717850000000,474.9859997558594,-29.960416793823242,48.7140
1776314717953000000,475.089,-33.39619445800781,42.2798
1776314718058000000,475.19399975585935,-35.10314178466797,39.0832
1776314718162000000,475.2979997558594,-34.146339416503906,40.8750
1776314718263000000,475.399,-33.42420959472656,42.2273
1776314718368000000,475.504,-33.88663101196289,41.3614
1776314718470000000,475.6060002441406,-35.29330825805664,38.7271
1776314718575000000,475.711,-37.41790008544922,34.7483
1776314718678000000,475.81400024414063,-37.869625091552734,33.9024
1776314718784000000,475.92,-37.317691802978516,34.9360
1776314718885000000,476.021,-37.50390625,34.5873
1776314718987000000,476.123,-33.835609436035156,41.4569
1776314719087000000,476.223,-35.3129997253418,38.6902
1776314719193000000,476.329,-25.314619064331055,57.4142
1776314719294000000,476.4300002441406,-7.936113357543945,89.9590
1776314719399000000,476.535,-12.730847358703613,80.9799
1776314719502000000,476.63800024414064,-12.22019100189209,81.9362
1776314719606000000,476.7420002441406,-9.606232643127441,86.8314
1776314719707000000,476.843,-13.365559577941895,79.7912
1776314719812000000,476.948,-14.873573303222656,76.9672
1776314719916000000,477.052,-17.661258697509766,71.7467
1776314720021000000,477.157,-21.482357025146484,64.5909
1776314720126000000,477.2620002441406,-18.035991668701172,71.0449
1776314720229000000,477.365,-14.82186222076416,77.0640
1776314720331000000,477.467,-18.308847427368164,70.5339
1776314720435000000,477.571,-22.84532356262207,62.0385
1776314720537000000,477.673,-25.464262008666992,57.1340
1776314720639000000,477.775,-28.298994064331055,51.8254
1776314720744000000,477.88,-30.8826904296875,46.9869
1776314720846000000,477.98200024414064,-33.747703552246094,41.6215
1776314720949000000,478.085,-34.75689697265625,39.7316
1776314721052000000,478.188,-35.096534729003906,39.0956
1776314721158000000,478.29400024414065,-35.92581558227539,37.5426
1776314721258000000,478.3939997558594,-33.930381774902344,41.2794
1776314721360000000,478.496,-33.14622116088867,42.7479
1776314721463000000,478.599,-33.24200439453125,42.5686
1776314721568000000,478.704,-33.90534210205078,41.3263
1776314721672000000,478.808,-34.584957122802734,40.0536
1776314721777000000,478.913,-35.72932815551758,37.9105
1776314721880000000,479.016,-36.99337387084961,35.5434
1776314721984000000,479.12,-37.55919647216797,34.4837
1776314722087000000,479.223,-33.812435150146484,41.5003
1776314722192000000,479.328,-35.16217041015625,38.9727
1776314722295000000,479.431,-36.26773452758789,36.9023
1776314722397000000,479.533,-36.84800720214844,35.8156
1776314722502000000,479.63800024414064,-37.398197174072266,34.7852
1776314722603000000,479.739,-37.42551803588867,34.7341
1776314722705000000,479.841,-31.44660758972168,45.9308
1776314722809000000,479.945,-27.028594970703125,54.2044
1776314722912000000,480.048,-28.798715591430664,50.8895
1776314723014000000,480.15000024414064,-31.458219528198242,45.9091
1776314723118000000,480.2540002441406,-33.540306091308594,42.0099
1776314723222000000,480.3580002441406,-33.63949203491211,41.8242
1776314723326000000,480.4620002441406,-34.350738525390625,40.4922
1776314723428000000,480.564,-34.36436462402344,40.4667
1776314723531000000,480.667,-35.53168869018555,38.2807
1776314723636000000,480.772,-35.41633224487305,38.4967
1776314723737000000,480.873,-33.89099884033203,41.3532
1776314723838000000,480.9740002441406,-35.77293014526367,37.8289
1776314723943000000,481.079,-34.40056228637695,40.3989
1776314724048000000,481.184,-34.9197998046875,39.4265
1776314724151000000,481.287,-35.452880859375,38.4282
1776314724254000000,481.39000024414065,-34.12089157104492,40.9227
1776314724360000000,481.496,-32.945274353027344,43.1242
1776314724461000000,481.597,-34.28230667114258,40.6204
1776314724564000000,481.7,-35.07221603393555,39.1411
1776314724670000000,481.80600024414065,-33.657936096191406,41.7896
1776314724773000000,481.909,-34.83119583129883,39.5925
1776314724878000000,482.0140002441406,-32.69971466064453,43.5841
1776314724981000000,482.117,-31.387008666992188,46.0424
1776314725085000000,482.221,-32.604618072509766,43.7622
1776314725188000000,482.324,-30.58527183532715,47.5438
1776314725293000000,482.429,-31.82830810546875,45.2160
1776314725398000000,482.5340002441406,-34.31657791137695,40.5562
1776314725498000000,482.63399975585935,-32.22223663330078,44.4783
1776314725602000000,482.7379997558594,-33.907318115234375,41.3226
1776314725704000000,482.84,-32.86164093017578,43.2809
1776314725808000000,482.944,-33.419925689697266,42.2354
1776314725910000000,483.0460002441406,-32.567527770996094,43.8317
1776314726016000000,483.152,-32.16389846801758,44.5875
1776314726119000000,483.255,-19.442575454711914,68.4108
1776314726224000000,483.36,-23.39760398864746,61.0042
1776314726325000000,483.461,-24.684999465942383,58.5933
1776314726430000000,483.56600024414064,-27.351383209228516,53.5999
1776314726532000000,483.668,-29.7961368560791,49.0216
1776314726636000000,483.772,-30.848228454589844,47.0514
1776314726738000000,483.87399975585936,-32.320220947265625,44.2948
1776314726843000000,483.979,-33.45534896850586,42.1690
1776314726944000000,484.08,-34.255035400390625,40.6715
1776314727049000000,484.185,-32.31006622314453,44.3138
1776314727152000000,484.288,-34.16078567504883,40.8480
1776314727255000000,484.391,-35.7780876159668,37.8192
1776314727360000000,484.496,-33.94108963012695,41.2594
1776314727461000000,484.597,-35.51155090332031,38.3184
1776314727563000000,484.699,-34.5063591003418,40.2008
1776314727666000000,484.80199975585936,-35.357723236083984,38.6064
1776314727770000000,484.9059997558594,-31.618480682373047,45.6089
1776314727873000000,485.009,-33.251808166503906,42.5502
1776314727979000000,485.115,-34.694602966308594,39.8483
1776314728082000000,485.21799975585935,-35.54457473754883,38.2565
1776314728187000000,485.323,-34.021636962890625,41.1085
1776314728288000000,485.424,-34.51347732543945,40.1875
1776314728394000000,485.52999975585936,-33.62815856933594,41.8454
1776314728499000000,485.635,-33.00407791137695,43.0141
1776314728599000000,485.735,-31.124269485473633,46.5344
1776314728704000000,485.84,-31.808481216430664,45.2531
1776314728806000000,485.9420002441406,-31.39944076538086,46.0191
1776314728908000000,486.044,-33.038543701171875,42.9496
1776314729012000000,486.148,-34.26407241821289,40.6545
1776314729115000000,486.251,-34.45413589477539,40.2986
1776314729219000000,486.355,-34.993221282958984,39.2890
1776314729321000000,486.457,-34.522396087646484,40.1708
1776314729424000000,486.56,-35.056217193603516,39.1711
1776314729529000000,486.665,-35.112030029296875,39.0666
1776314729631000000,486.767,-34.89064025878906,39.4812
1776314729736000000,486.872,-35.739784240722656,37.8910
1776314729837000000,486.973,-34.1377067565918,40.8912
1776314729942000000,487.07800024414064,-32.11841583251953,44.6727
1776314730046000000,487.1820002441406,-33.420799255371094,42.2337
1776314730149000000,487.285,-34.03279495239258,41.0876
1776314730253000000,487.389,-35.08621597290039,39.1149
1776314730356000000,487.492,-36.08001708984375,37.2538
1776314730461000000,487.597,-34.79860305786133,39.6535
1776314730566000000,487.7020002441406,-35.779151916503906,37.8172
1776314730668000000,487.804,-35.789791107177734,37.7973
1776314730771000000,487.907,-35.57301330566406,38.2033
1776314730876000000,488.012,-36.24602508544922,36.9429
1776314730981000000,488.117,-34.12543869018555,40.9141
1776314731083000000,488.219,-35.46921157836914,38.3977
1776314731186000000,488.3219997558594,-33.693748474121094,41.7226
1776314731289000000,488.425,-33.570648193359375,41.9531
1776314731395000000,488.531,-32.67857360839844,43.6237
1776314731499000000,488.635,-34.3238410949707,40.5426
1776314731603000000,488.739,-31.561626434326172,45.7154
1776314731705000000,488.841,-33.66363525390625,41.7790
1776314731810000000,488.94599975585936,-34.9705924987793,39.3314
1776314731911000000,489.047,-35.85426330566406,37.6766
1776314732014000000,489.15000024414064,-36.16032028198242,37.1034
1776314732119000000,489.255,-32.67247009277344,43.6351
1776314732223000000,489.359,-31.23412322998047,46.3287
1776314732328000000,489.464,-33.42351150512695,42.2286
1776314732433000000,489.569,-34.39626693725586,40.4070
1776314732538000000,489.67399975585937,-32.35761642456055,44.2248
1776314732641000000,489.777,-33.785545349121094,41.5507
1776314732746000000,489.8819997558594,-35.28624725341797,38.7403
1776314732850000000,489.9859997558594,-36.55747604370117,36.3597
1776314732955000000,490.091,-30.649608612060547,47.4233
1776314733056000000,490.192,-30.434040069580078,47.8270
1776314733161000000,490.297,-25.950237274169922,56.2239
1776314733266000000,490.4019997558594,-27.884981155395508,52.6007
1776314733370000000,490.50599975585936,-30.628311157226562,47.4632
1776314733475000000,490.611,-33.39672088623047,42.2788
1776314733580000000,490.716,-34.71646499633789,39.8073
1776314733685000000,490.821,-36.624603271484375,36.2340
1776314733790000000,490.92600024414065,-35.75117492675781,37.8696
1776314733895000000,491.031,-36.212833404541016,37.0051
1776314733997000000,491.133,-35.935203552246094,37.5250
1776314734102000000,491.2380002441406,-37.14933776855469,35.2513
1776314734206000000,491.34200024414065,-36.68950653076172,36.1124
1776314734307000000,491.443,-36.22677230834961,36.9790
1776314734412000000,491.548,-36.815216064453125,35.8770
1776314734517000000,491.653,-33.62989807128906,41.8421
1776314734621000000,491.757,-35.23590850830078,38.8346
1776314734724000000,491.86,-36.36056900024414,36.7284
1776314734826000000,491.9619997558594,-36.802616119384766,35.9006
1776314734931000000,492.067,-36.79042434692383,35.9234
1776314735034000000,492.16999975585935,-37.203304290771484,35.1502
1776314735138000000,492.2739997558594,-37.650306701660156,34.3131
1776314735241000000,492.377,-37.487483978271484,34.6180
1776314735346000000,492.48199975585936,-37.35462188720703,34.8668
1776314735446000000,492.5820002441406,-36.2952880859375,36.8507
1776314735551000000,492.687,-32.39889144897461,44.1475
1776314735655000000,492.791,-33.5158576965332,42.0557
1776314735759000000,492.895,-34.740516662597656,39.7623
1776314735864000000,493,-30.3922119140625,47.9054
1776314735968000000,493.104,-32.24866485595703,44.4288
1776314736072000000,493.208,-34.86827087402344,39.5230
1776314736177000000,493.313,-36.282752990722656,36.8741
1776314736282000000,493.4179997558594,-37.18796157836914,35.1790
1776314736387000000,493.523,-17.395240783691406,72.2448
1776314736491000000,493.627,-22.163963317871094,63.3144
1776314736596000000,493.732,-19.389631271362305,68.5099
1776314736697000000,493.833,-22.956594467163086,61.8301
1776314736802000000,493.9379997558594,-26.189260482788086,55.7763
1776314736907000000,494.043,-29.898361206054688,48.8302
1776314737008000000,494.144,-16.029714584350586,74.8021
1776314737112000000,494.248,-20.993398666381836,65.5066
1776314737217000000,494.353,-25.674266815185547,56.7407
1776314737322000000,494.45799975585936,-28.87836265563965,50.7404
1776314737425000000,494.561,-32.524566650390625,43.9121
1776314737527000000,494.663,-34.095035552978516,40.9711
1776314737632000000,494.768,-36.09956359863281,37.2172
1776314737737000000,494.873,-37.045772552490234,35.4452
1776314737841000000,494.977,-37.50690841674805,34.5817
1776314737943000000,495.079,-35.930110931396484,37.5345
1776314738047000000,495.183,-37.803531646728516,34.0262
1776314738152000000,495.288,-37.72290802001953,34.1772
1776314738255000000,495.391,-36.661842346191406,36.1642
1776314738358000000,495.49400024414064,-35.586509704589844,38.1780
1776314738460000000,495.596,-37.31910705566406,34.9334
1776314738564000000,495.7,-37.7042350769043,34.2121
1776314738669000000,495.805,-38.09901809692383,33.4728
1776314738773000000,495.909,-39.01126480102539,31.7644
1776314738877000000,496.013,-39.64030456542969,30.5864
1776314738982000000,496.1180002441406,-35.78944778442383,37.7980
1776314739087000000,496.223,-31.854875564575195,45.1662
1776314739192000000,496.328,-33.20414733886719,42.6395
1776314739297000000,496.433,-35.357872009277344,38.6062
1776314739402000000,496.5379997558594,-37.019012451171875,35.4953
1776314739507000000,496.643,-37.88675308227539,33.8703
1776314739607000000,496.743,-37.0451774597168,35.4463
1776314739708000000,496.844,-38.1815299987793,33.3183
1776314739808000000,496.944,-38.18996810913086,33.3025
1776314739910000000,497.0460002441406,-39.03622055053711,31.7177
1776314740016000000,497.152,-36.87652587890625,35.7622
1776314740120000000,497.256,-37.63650894165039,34.3390
1776314740222000000,497.3580002441406,-37.95782470703125,33.7372
1776314740325000000,497.461,-38.92380905151367,31.9282
1776314740428000000,497.564,-37.99030303955078,33.6764
1776314740533000000,497.669,-35.7208137512207,37.9265
1776314740638000000,497.7740002441406,-37.54718780517578,34.5062
1776314740741000000,497.877,-38.52192687988281,32.6808
1776314740842000000,497.9779997558594,-39.347198486328125,31.1353
1776314740944000000,498.08,-36.64287567138672,36.1997
1776314741049000000,498.185,-38.07649612426758,33.5150
1776314741154000000,498.28999975585936,-38.72144317626953,32.3072
1776314741259000000,498.395,-39.611019134521484,30.6413
1776314741364000000,498.5,-40.8701286315918,28.2833
1776314741468000000,498.604,-36.20344924926758,37.0227
1776314741573000000,498.709,-37.63594436645508,34.3400
1776314741675000000,498.811,-38.46628952026367,32.7850
1776314741777000000,498.913,-37.916019439697266,33.8155
1776314741880000000,499.016,-38.65251159667969,32.4363
1776314741985000000,499.121,-38.224281311035156,33.2382
1776314742090000000,499.2259997558594,-37.52700424194336,34.5440
1776314742193000000,499.329,-37.676246643066406,34.2645
1776314742298000000,499.43399975585936,-36.85220718383789,35.8077
1776314742403000000,499.539,-38.67583084106445,32.3926
1776314742508000000,499.644,-38.464134216308594,32.7891
1776314742608000000,499.744,-36.5068473815918,36.4545
1776314742709000000,499.845,-37.85720443725586,33.9257
1776314742811000000,499.947,-37.56467056274414,34.4735
1776314742916000000,500.052,-38.650543212890625,32.4400
1776314743019000000,500.155,-34.68846893310547,39.8598
1776314743123000000,500.259,-35.22870635986328,38.8481
1776314743228000000,500.364,-36.7730827331543,35.9559
1776314743331000000,500.467,-31.4864559173584,45.8562
1776314743436000000,500.572,-33.03385925292969,42.9584
1776314743540000000,500.676,-34.84452819824219,39.5675
1776314743644000000,500.78,-36.8542366027832,35.8039
1776314743749000000,500.885,-28.042034149169922,52.3066
1776314743853000000,500.989,-29.259212493896484,50.0271
1776314743957000000,501.093,-31.338212966918945,46.1338
1776314744059000000,501.195,-33.40890121459961,42.2560
1776314744164000000,501.3,-35.39698028564453,38.5329
1776314744269000000,501.405,-30.708724975585938,47.3126
1776314744373000000,501.509,-33.148231506347656,42.7442
1776314744475000000,501.611,-30.579082489013672,47.5554
1776314744578000000,501.7139997558594,-32.52151107788086,43.9178
1776314744679000000,501.815,-34.63999557495117,39.9505
1776314744783000000,501.919,-36.271331787109375,36.8955
1776314744886000000,502.0220002441406,-34.654659271240234,39.9231
1776314744990000000,502.12600024414064,-35.74691390991211,37.8776
1776314745093000000,502.229,-37.05400085449219,35.4298
1776314745196000000,502.332,-36.18845748901367,37.0507
1776314745301000000,502.437,-31.758371353149414,45.3470
1776314745403000000,502.539,-28.10582733154297,52.1871
1776314745508000000,502.644,-9.06179141998291,87.8509
1776314745609000000,502.745,-11.245391845703125,83.7617
1776314745709000000,502.845,-14.948716163635254,76.8265
1776314745811000000,502.947,-18.096338272094727,70.9319
1776314745916000000,503.052,-20.145099639892578,67.0952
1776314746020000000,503.156,-18.042593002319336,71.0326
1776314746123000000,503.259,-9.441523551940918,87.1398
1776314746228000000,503.364,-9.999258995056152,86.0953
1776314746333000000,503.469,-11.655080795288086,82.9945
1776314746436000000,503.572,-13.70497989654541,79.1556
1776314746540000000,503.676,-15.890606880187988,75.0626
1776314746641000000,503.777,-19.601703643798828,68.1128
1776314746746000000,503.8819997558594,-23.334674835205078,61.1221
1776314746851000000,503.987,-26.17416000366211,55.8045
1776314746953000000,504.089,-29.82440757751465,48.9687
1776314747057000000,504.193,-31.926130294799805,45.0328
1776314747158000000,504.29400024414065,-24.548900604248047,58.8482
1776314747259000000,504.395,-25.118751525878906,57.7810
1776314747359000000,504.495,-25.654808044433594,56.7771
1776314747464000000,504.6,-28.23809051513672,51.9394
1776314747570000000,504.70599975585935,-30.034454345703125,48.5753
1776314747675000000,504.811,-31.104455947875977,46.5716
1776314747778000000,504.9139997558594,-29.726520538330078,49.1520
1776314747879000000,505.015,-31.486820220947266,45.8555
1776314747980000000,505.116,-27.751802444458008,52.8501
1776314748085000000,505.221,-10.992629051208496,84.2350
1776314748190000000,505.32600024414063,-10.000728607177734,86.0926
1776314748293000000,505.429,-10.860063552856445,84.4833
1776314748396000000,505.532,-11.534727096557617,83.2199
1776314748502000000,505.63800024414064,-11.602842330932617,83.0923
1776314748606000000,505.7420002441406,-11.123791694641113,83.9894
1776314748709000000,505.845,-7.780247688293457,90.2509
1776314748813000000,505.949,-11.072961807250977,84.0846
1776314748915000000,506.051,-12.734642028808594,80.9728
1776314749020000000,506.156,-14.486165046691895,77.6927
1776314749124000000,506.26,-15.650559425354004,75.5121
1776314749228000000,506.364,-14.690664291381836,77.3097
1776314749330000000,506.4659997558594,-11.672368049621582,82.9621
1776314749435000000,506.571,-11.317934036254883,83.6258
1776314749537000000,506.673,-13.722381591796875,79.1230
1776314749641000000,506.777,-17.29595375061035,72.4308
1776314749746000000,506.8819997558594,-15.983216285705566,74.8892
1776314749848000000,506.984,-19.30231285095215,68.6735
1776314749953000000,507.089,-22.65656280517578,62.3920
1776314750057000000,507.193,-14.700016021728516,77.2922
1776314750160000000,507.296,-12.594446182250977,81.2353
1776314750263000000,507.399,-14.512612342834473,77.6432
1776314750368000000,507.504,-18.335960388183594,70.4832
1776314750470000000,507.6060002441406,-23.410350799560547,60.9803
1776314750575000000,507.711,-27.1077880859375,54.0561
1776314750680000000,507.816,-30.535465240478516,47.6371
1776314750784000000,507.92,-32.88689422607422,43.2336
1776314750887000000,508.023,-35.080692291259766,39.1252
1776314750990000000,508.12600024414064,-21.207849502563477,65.1050
1776314751093000000,508.229,-16.60649871826172,73.7219
1776314751196000000,508.332,-18.63513946533203,69.9229
1776314751302000000,508.43800024414065,-20.400976181030273,66.6160
1776314751403000000,508.539,-21.739112854003906,64.1101
1776314751508000000,508.644,-18.837657928466797,69.5436
1776314751613000000,508.749,-16.219491958618164,74.4467
1776314751715000000,508.851,-11.752457618713379,82.8121
1776314751819000000,508.955,-12.920005798339844,80.6256
1776314751924000000,509.06,-16.31662368774414,74.2648
1776314752026000000,509.16199975585937,-19.048887252807617,69.1481
1776314752130000000,509.26599975585935,-18.82911491394043,69.5596
1776314752235000000,509.371,-22.461427688598633,62.7574
1776314752337000000,509.473,-25.333219528198242,57.3794
1776314752442000000,509.57799975585937,-26.828044891357422,54.5800
1776314752546000000,509.68199975585935,-29.578269958496094,49.4296
1776314752652000000,509.788,-26.56346893310547,55.0755
1776314752753000000,509.889,-26.062850952148438,56.0130
1776314752857000000,509.993,-27.95319938659668,52.4729
1776314752960000000,510.096,-29.616716384887695,49.3576
1776314753065000000,510.201,-23.44179916381836,60.9214
1776314753170000000,510.3059997558594,-26.083293914794922,55.9747
1776314753274000000,510.40999975585936,-29.531158447265625,49.5179
1776314753375000000,510.511,-31.51150894165039,45.8093
1776314753478000000,510.61400024414064,-33.399749755859375,42.2731
1776314753579000000,510.715,-34.38520050048828,40.4277
1776314753679000000,510.815,-30.74506187438965,47.2446
1776314753784000000,510.92,-22.72666358947754,62.2607
1776314753887000000,511.023,-24.246768951416016,59.4140
1776314753991000000,511.127,-26.91021728515625,54.4261
1776314754093000000,511.229,-29.194250106811523,50.1488
1776314754198000000,511.3340002441406,-32.18954086303711,44.5395
1776314754303000000,511.439,-29.411104202270508,49.7427
1776314754407000000,511.543,-31.49569320678711,45.8389
1776314754509000000,511.645,-32.95024108886719,43.1149
1776314754612000000,511.748,-32.73619842529297,43.5158
1776314754717000000,511.853,-29.890470504760742,48.8450
1776314754820000000,511.956,-29.398834228515625,49.7657
1776314754924000000,512.06,-30.94207000732422,46.8757
1776314755027000000,512.163,-32.39921188354492,44.1469
1776314755131000000,512.267,-34.029117584228516,41.0945
1776314755236000000,512.372,-28.873815536499023,50.7489
1776314755341000000,512.477,-10.732518196105957,84.7222
1776314755442000000,512.5779997558594,-14.519916534423828,77.6295
1776314755546000000,512.6819997558594,-18.257915496826172,70.6293
1776314755647000000,512.783,-22.308095932006836,63.0445
1776314755752000000,512.888,-14.785036087036133,77.1330
1776314755857000000,512.993,-18.322866439819336,70.5077
1776314755960000000,513.096,-21.239208221435547,65.0462
1776314756064000000,513.2,-15.367914199829102,76.0414
1776314756169000000,513.305,-11.427742004394531,83.4202
1776314756274000000,513.4099997558594,-14.15406608581543,78.3146
1776314756377000000,513.513,-18.145742416381836,70.8394
1776314756480000000,513.616,-17.173145294189453,72.6608
1776314756586000000,513.7219997558594,-21.736461639404297,64.1150
1776314756691000000,513.827,-24.603124618530273,58.7466
1776314756792000000,513.928,-27.310091018676758,53.6773
1776314756897000000,514.033,-28.953277587890625,50.6001
1776314757002000000,514.1379997558594,-30.873672485351562,47.0037
1776314757107000000,514.243,-29.20768165588379,50.1236
1776314757210000000,514.3459997558593,-30.815004348754883,47.1136
1776314757313000000,514.449,-28.520692825317383,51.4102
1776314757419000000,514.555,-31.03046226501465,46.7101
1776314757521000000,514.657,-31.05491828918457,46.6643
1776314757626000000,514.7619997558594,-33.50144577026367,42.0827
1776314757731000000,514.867,-34.84440231323242,39.5677
1776314757836000000,514.972,-36.037742614746094,37.3330
1776314757941000000,515.077,-37.07112121582031,35.3978
1776314758046000000,515.1820002441407,-38.28860855102539,33.1178
1776314758147000000,515.283,-33.407676696777344,42.2583
1776314758250000000,515.3859997558594,-35.01438903808594,39.2494
1776314758354000000,515.4899997558593,-36.6019401550293,36.2764
1776314758458000000,515.5939997558594,-36.06542205810547,37.2811
1776314758559000000,515.695,-36.47771072387695,36.5090
1776314758663000000,515.799,-37.75209426879883,34.1225
1776314758768000000,515.904,-38.03127670288086,33.5997
1776314758871000000,516.007,-37.8530387878418,33.9335
1776314758976000000,516.112,-36.53408432006836,36.4035
1776314759080000000,516.216,-36.57894515991211,36.3195
1776314759182000000,516.3180002441406,-32.676177978515625,43.6282
1776314759287000000,516.423,-31.6291446685791,45.5890
1776314759392000000,516.528,-33.11943054199219,42.7981
1776314759494000000,516.6300002441407,-34.9135856628418,39.4382
1776314759596000000,516.732,-36.88031768798828,35.7551
1776314759699000000,516.835,-37.65597152709961,34.3025
1776314759804000000,516.94,-36.59107208251953,36.2967
1776314759909000000,517.045,-35.9672966003418,37.4649
1776314760011000000,517.147,-36.05209732055664,37.3061
1776314760115000000,517.251,-35.9898796081543,37.4226
1776314760220000000,517.356,-36.93825149536133,35.6466
1776314760325000000,517.461,-36.55476760864258,36.3647
1776314760427000000,517.563,-37.75389862060547,34.1191
1776314760532000000,517.668,-37.422481536865234,34.7398
1776314760633000000,517.769,-38.39065933227539,32.9267
1776314760738000000,517.8739997558594,-36.399898529052734,36.6548
1776314760842000000,517.9779997558594,-36.528194427490234,36.4145
1776314760945000000,518.081,-37.092594146728516,35.3575
1776314761049000000,518.185,-34.92629623413086,39.4144
1776314761154000000,518.2899997558594,-35.878318786621094,37.6315
1776314761259000000,518.395,-36.88203048706055,35.7519
1776314761360000000,518.496,-35.901458740234375,37.5882
1776314761465000000,518.601,-34.755558013916016,39.7341
1776314761565000000,518.701,-35.83424377441406,37.7141
1776314761668000000,518.804,-28.278594970703125,51.8636
1776314761772000000,518.908,-29.2791690826416,49.9898
1776314761875000000,519.011,-32.1478385925293,44.6176
1776314761980000000,519.116,-34.03417205810547,41.0851
1776314762082000000,519.2179997558594,-35.75507354736328,37.8623
1776314762187000000,519.323,-36.688716888427734,36.1139
1776314762292000000,519.428,-35.21895980834961,38.8663
1776314762393000000,519.529,-35.66778564453125,38.0258
1776314762495000000,519.631,-36.869319915771484,35.7757
1776314762598000000,519.7340002441406,-35.97529602050781,37.4499
1776314762700000000,519.836,-36.981483459472656,35.5656
1776314762805000000,519.941,-36.699283599853516,36.0941
1776314762909000000,520.045,-37.726104736328125,34.1712
1776314763011000000,520.147,-35.46132278442383,38.4124
1776314763115000000,520.251,-34.75102996826172,39.7426
1776314763221000000,520.357,-35.29153823852539,38.7304
1776314763325000000,520.461,-36.66952133178711,36.1498
1776314763427000000,520.563,-34.99985122680664,39.2766
1776314763532000000,520.668,-36.73899459838867,36.0197
1776314763637000000,520.773,-36.07300567626953,37.2669
1776314763739000000,520.875,-37.41129684448242,34.7607
1776314763842000000,520.9779997558594,-37.60904312133789,34.3904
1776314763945000000,521.081,-37.51939010620117,34.5583
1776314764049000000,521.185,-36.503074645996094,36.4615
1776314764154000000,521.2899997558594,-37.690093994140625,34.2386
1776314764259000000,521.395,-38.31007766723633,33.0776
1776314764360000000,521.496,-37.31170654296875,34.9472
1776314764465000000,521.601,-34.353755950927734,40.4866
1776314764568000000,521.704,-35.215660095214844,38.8725
1776314764672000000,521.808,-36.36537170410156,36.7194
1776314764776000000,521.912,-35.72315979003906,37.9221
1776314764879000000,522.015,-32.58413314819336,43.8006
1776314764982000000,522.1180002441406,-35.109832763671875,39.0707
1776314765087000000,522.223,-35.88713073730469,37.6150
1776314765189000000,522.325,-35.72747039794922,37.9140
1776314765293000000,522.429,-34.487361907958984,40.2364
1776314765395000000,522.531,-34.18910217285156,40.7949
1776314765498000000,522.6339997558593,-35.857662200927734,37.6702
1776314765600000000,522.736,-37.18288803100586,35.1885
1776314765705000000,522.841,-37.2642822265625,35.0360
1776314765807000000,522.943,-35.06334686279297,39.1577
1776314765911000000,523.047,-36.22311019897461,36.9858
1776314766015000000,523.151,-35.426815032958984,38.4771
1776314766120000000,523.256,-36.40531539916992,36.6446
1776314766224000000,523.36,-36.08382797241211,37.2467
1776314766329000000,523.465,-36.96900177001953,35.5890
1776314766429000000,523.565,-35.604736328125,38.1439
1776314766531000000,523.667,-35.20696258544922,38.8888
1776314766633000000,523.769,-16.23954963684082,74.4091
1776314766738000000,523.8739997558594,-21.172409057617188,65.1713
1776314766842000000,523.9779997558594,-25.510345458984375,57.0477
1776314766945000000,524.081,-28.472063064575195,51.5012
1776314767048000000,524.184,-29.103124618530273,50.3195
1776314767153000000,524.289,-17.174219131469727,72.6588
1776314767254000000,524.3900002441407,-20.20926856994629,66.9750
1776314767358000000,524.4940002441406,-19.062049865722656,69.1234
1776314767462000000,524.5980002441406,-24.12273597717285,59.6462
1776314767567000000,524.703,-27.5129451751709,53.2974
1776314767672000000,524.808,-30.643930435180664,47.4340
1776314767776000000,524.912,-33.19129180908203,42.6635
1776314767879000000,525.015,-35.85607147216797,37.6732
1776314767984000000,525.12,-36.972503662109375,35.5824
1776314768090000000,525.2259997558593,-38.22215270996094,33.2422
1776314768193000000,525.329,-36.78315353393555,35.9370
1776314768297000000,525.433,-35.919700622558594,37.5540
1776314768399000000,525.535,-36.383907318115234,36.6847
1776314768504000000,525.64,-33.69172286987305,41.7264
1776314768609000000,525.745,-35.44624710083008,38.4407
1776314768714000000,525.8499997558594,-32.330596923828125,44.2754
1776314768818000000,525.9539997558594,-23.444551467895508,60.9163
1776314768923000000,526.059,-23.723552703857422,60.3938
1776314769027000000,526.163,-27.18840789794922,53.9052
1776314769131000000,526.267,-30.214492797851562,48.2382
1776314769236000000,526.372,-32.94047927856445,43.1332
1776314769341000000,526.477,-34.05941390991211,41.0378
1776314769444000000,526.58,-34.49656295776367,40.2191
1776314769548000000,526.684,-35.16512680053711,38.9671
1776314769651000000,526.787,-35.29948043823242,38.7155
1776314769756000000,526.892,-34.58849334716797,40.0470
1776314769859000000,526.995,-33.49727249145508,42.0905
1776314769961000000,527.097,-34.567779541015625,40.0858
1776314770066000000,527.2019997558593,-28.420185089111328,51.5984
1776314770170000000,527.3059997558594,-30.383411407470703,47.9219
1776314770275000000,527.411,-31.3779296875,46.0594
1776314770379000000,527.515,-32.41349411010742,44.1201
1776314770482000000,527.6179997558594,-30.7520809173584,47.2314
1776314770585000000,527.721,-32.749088287353516,43.4916
1776314770687000000,527.823,-34.661373138427734,39.9105
1776314770792000000,527.928,-35.28299331665039,38.7464
1776314770896000000,528.032,-35.428565979003906,38.4738
1776314771000000000,528.136,-34.923431396484375,39.4197
1776314771102000000,528.2380002441406,-35.925209045410156,37.5437
1776314771208000000,528.344,-36.252174377441406,36.9314
1776314771309000000,528.445,-34.50551986694336,40.2024
1776314771413000000,528.549,-34.29848861694336,40.5901
1776314771517000000,528.653,-33.90663146972656,41.3239
1776314771622000000,528.7580002441406,-34.9526252746582,39.3651
1776314771725000000,528.861,-36.01128387451172,37.3825
1776314771828000000,528.964,-34.652645111083984,39.9268
1776314771931000000,529.067,-25.669782638549805,56.7491
1776314772036000000,529.172,-28.519573211669922,51.4123
1776314772136000000,529.272,-31.768381118774414,45.3282
1776314772239000000,529.375,-33.65385055541992,41.7973
1776314772342000000,529.4780002441406,-34.57577133178711,40.0708
1776314772442000000,529.5779997558594,-34.8327522277832,39.5896
1776314772544000000,529.68,-35.96934127807617,37.4611
1776314772648000000,529.784,-32.004642486572266,44.8858
1776314772753000000,529.889,-33.606788635253906,41.8854
1776314772855000000,529.991,-34.68115997314453,39.8734
1776314772959000000,530.095,-36.26320266723633,36.9108
1776314773060000000,530.196,-36.08144760131836,37.2511
1776314773165000000,530.301,-34.45710372924805,40.2930
1776314773269000000,530.405,-35.49871063232422,38.3424
1776314773374000000,530.5100002441407,-34.74697494506836,39.7502
1776314773475000000,530.611,-35.43559265136719,38.4606
1776314773577000000,530.713,-35.959800720214844,37.4789
1776314773681000000,530.817,-36.439964294433594,36.5797
1776314773786000000,530.9219997558594,-33.959312438964844,41.2253
1776314773889000000,531.025,-34.78279495239258,39.6831
1776314773991000000,531.127,-31.379079818725586,46.0573
1776314774092000000,531.228,-31.936527252197266,45.0133
1776314774197000000,531.333,-25.494430541992188,57.0775
1776314774300000000,531.436,-27.403091430664062,53.5031
1776314774405000000,531.541,-29.90219497680664,48.8230
1776314774509000000,531.645,-32.1919059753418,44.5351
1776314774610000000,531.7459997558594,-33.79698944091797,41.5292
1776314774715000000,531.851,-32.54207229614258,43.8793
1776314774817000000,531.953,-34.3410758972168,40.5103
1776314774923000000,532.059,-34.16206359863281,40.8456
1776314775025000000,532.161,-35.10003662109375,39.0890
1776314775126000000,532.2620002441406,-35.1231689453125,39.0457
1776314775231000000,532.367,-35.83213424682617,37.7180
1776314775337000000,532.473,-36.82418441772461,35.8602
1776314775442000000,532.5779997558594,-37.24272155761719,35.0764
1776314775547000000,532.683,-34.224369049072266,40.7289
1776314775651000000,532.787,-33.97050094604492,41.2043
1776314775755000000,532.891,-33.239341735839844,42.5735
1776314775858000000,532.9939997558594,-34.029544830322266,41.0937
1776314775977000000,533.113,-35.589717864990234,38.1720
1776314776072000000,533.208,-35.4937858581543,38.3516
1776314776176000000,533.312,-36.075889587402344,37.2615
1776314776279000000,533.415,-37.77738952636719,34.0751
1776314776385000000,533.521,-34.876243591308594,39.5081
1776314776486000000,533.6220002441406,-35.879093170166016,37.6301
1776314776592000000,533.728,-33.84585189819336,41.4377
1776314776696000000,533.832,-35.26668930053711,38.7769
1776314776798000000,533.9340002441406,-33.69874572753906,41.7132
1776314776902000000,534.0380002441407,-35.069679260253906,39.1459
1776314777007000000,534.143,-21.248638153076172,65.0286
1776314777109000000,534.245,-24.810279846191406,58.3587
1776314777210000000,534.3459997558593,-27.46412467956543,53.3888
1776314777315000000,534.451,-30.41473388671875,47.8632
1776314777420000000,534.556,-33.18799591064453,42.6697
1776314777525000000,534.661,-31.48484230041504,45.8592
1776314777626000000,534.7619997558594,-24.456533432006836,59.0211
1776314777736000000,534.872,-28.106103897094727,52.1866
1776314777843000000,534.979,-30.605188369750977,47.5065
1776314777946000000,535.0819997558593,-32.21938705444336,44.4836
1776314778047000000,535.183,-32.57944107055664,43.8093
1776314778148000000,535.284,-31.960426330566406,44.9686
1776314778253000000,535.389,-33.657798767089844,41.7899
1776314778358000000,535.4940002441406,-27.373027801513672,53.5594
1776314778460000000,535.596,-29.482072830200195,49.6098
1776314778561000000,535.697,-28.978879928588867,50.5521
1776314778664000000,535.8,-32.07199478149414,44.7596
1776314778769000000,535.905,-32.37126541137695,44.1992
1776314778874000000,536.0099997558593,-28.703689575195312,51.0675
1776314778975000000,536.111,-30.7248592376709,47.2824
1776314779076000000,536.212,-33.33749008178711,42.3897
1776314779181000000,536.317,-34.266212463378906,40.6505
1776314779286000000,536.4220002441406,-34.86933517456055,39.5211
1776314779391000000,536.527,-35.07879638671875,39.1288
1776314779492000000,536.628,-23.25653648376465,61.2684
1776314779592000000,536.728,-26.793142318725586,54.6454
1776314779692000000,536.828,-29.85900115966797,48.9039
1776314779793000000,536.929,-33.1070671081543,42.8213
1776314779894000000,537.0300002441406,-33.63961410522461,41.8240
1776314779999000000,537.135,-33.926300048828125,41.2871
1776314780103000000,537.239,-35.142738342285156,39.0090
1776314780206000000,537.3420002441406,-35.13410568237305,39.0252
1776314780310000000,537.4460002441406,-36.31163024902344,36.8201
1776314780415000000,537.551,-36.55918884277344,36.3565
1776314780516000000,537.652,-37.034423828125,35.4665
1776314780620000000,537.756,-33.567745208740234,41.9585
1776314780725000000,537.861,-35.00874710083008,39.2600
1776314780826000000,537.9619997558593,-36.81285095214844,35.8814
1776314780932000000,538.068,-33.734222412109375,41.6468
1776314781034000000,538.1699997558594,-35.52633285522461,38.2907
1776314781138000000,538.2739997558593,-35.66118240356445,38.0382
1776314781244000000,538.38,-36.57307434082031,36.3305
1776314781349000000,538.485,-36.51459503173828,36.4400
1776314781454000000,538.5900002441406,-37.562225341796875,34.4781
1776314781558000000,538.6940002441406,-36.457820892333984,36.5463
1776314781660000000,538.796,-36.346099853515625,36.7555
1776314781760000000,538.896,-32.580291748046875,43.8078
1776314781862000000,538.9980002441406,-32.87229537963867,43.2609
1776314781965000000,539.101,-34.030059814453125,41.0928
1776314782069000000,539.205,-35.14366149902344,39.0073
1776314782174000000,539.3100002441406,-33.680477142333984,41.7474
1776314782279000000,539.415,-34.794376373291016,39.6614
1776314782381000000,539.517,-35.15993118286133,38.9769
1776314782486000000,539.6220002441406,-35.372615814208984,38.5786
1776314782590000000,539.7260002441407,-35.24415588378906,38.8191
1776314782694000000,539.8300002441406,-31.44891357421875,45.9265
1776314782796000000,539.932,-33.40105056762695,42.2707
1776314782898000000,540.0339997558593,-34.94379806518555,39.3816
1776314783004000000,540.14,-35.102500915527344,39.0844
1776314783108000000,540.244,-31.09576416015625,46.5878
1776314783211000000,540.347,-32.72294616699219,43.5406
1776314783312000000,540.448,-34.73535919189453,39.7719
1776314783416000000,540.552,-33.94025802612305,41.2609
1776314783521000000,540.657,-33.960472106933594,41.2231
1776314783625000000,540.761,-33.776214599609375,41.5681
1776314783730000000,540.8659997558593,-32.2765998840332,44.3765
1776314783831000000,540.967,-33.987022399902344,41.1734
1776314783933000000,541.069,-35.986595153808594,37.4288
1776314784038000000,541.1740002441406,-34.75208282470703,39.7406
1776314784140000000,541.276,-33.801815032958984,41.5202
1776314784245000000,541.381,-32.342769622802734,44.2526
1776314784347000000,541.483,-33.58609390258789,41.9242
1776314784452000000,541.588,-31.26458740234375,46.2717
1776314784557000000,541.693,-29.481487274169922,49.6109
1776314784661000000,541.797,-29.503225326538086,49.5702
1776314784762000000,541.8979997558594,-28.916547775268555,50.6689
1776314784862000000,541.9980002441406,-30.426025390625,47.8421
1776314784963000000,542.099,-31.219961166381836,46.3552
1776314785066000000,542.2019997558593,-27.763975143432617,52.8273
1776314785171000000,542.307,-27.516279220581055,53.2911
1776314785274000000,542.4099997558594,-29.14411163330078,50.2427
1776314785379000000,542.515,-28.193227767944336,52.0234
1776314785482000000,542.6179997558594,-29.185495376586914,50.1652
1776314785584000000,542.72,-30.21714973449707,48.2332
1776314785688000000,542.824,-29.046955108642578,50.4246
1776314785791000000,542.927,-29.395275115966797,49.7723
1776314785896000000,543.032,-30.279687881469727,48.1161
1776314785999000000,543.135,-30.094043731689453,48.4638
1776314786103000000,543.239,-28.74653434753418,50.9872
1776314786208000000,543.344,-29.912195205688477,48.8043
1776314786312000000,543.448,-30.785240173339844,47.1694
1776314786413000000,543.549,-29.634130477905273,49.3250
1776314786519000000,543.655,-30.308046340942383,48.0630
1776314786624000000,543.76,-28.916946411132812,50.6681
1776314786729000000,543.865,-29.645618438720703,49.3035
1776314786830000000,543.9660002441407,-27.8385066986084,52.6877
1776314786934000000,544.0700002441406,-28.610490798950195,51.2420
1776314787040000000,544.176,-29.661956787109375,49.2729
1776314787144000000,544.28,-30.971050262451172,46.8214
1776314787247000000,544.383,-29.927045822143555,48.7765
1776314787351000000,544.487,-29.29085922241211,49.9679
1776314787454000000,544.5900002441406,-28.829404830932617,50.8320
1776314787559000000,544.695,-30.038354873657227,48.5680
1776314787664000000,544.8,-28.982995986938477,50.5444
1776314787765000000,544.901,-28.432310104370117,51.5757
1776314787866000000,545.0019997558594,-28.700397491455078,51.0736
1776314787969000000,545.105,-29.971946716308594,48.6924
1776314788069000000,545.205,-29.728412628173828,49.1485
1776314788173000000,545.309,-30.548818588256836,47.6121
1776314788276000000,545.412,-28.072996139526367,52.2486
1776314788381000000,545.517,-30.648704528808594,47.4250
1776314788486000000,545.6220002441406,-31.32047462463379,46.1670
1776314788590000000,545.7260002441407,-28.731937408447266,51.0146
1776314788693000000,545.829,-30.579364776611328,47.5549
1776314788798000000,545.9340002441406,-31.577791213989258,45.6851
1776314788903000000,546.039,-32.27431869506836,44.3807
1776314789006000000,546.1420002441406,-27.046615600585938,54.1707
1776314789109000000,546.245,-29.228307723999023,50.0850
1776314789214000000,546.3500002441406,-27.921911239624023,52.5315
1776314789319000000,546.455,-29.254783630371094,50.0354
1776314789423000000,546.559,-28.701942443847656,51.0707
1776314789527000000,546.663,-30.70042610168457,47.3282
1776314789632000000,546.768,-31.462936401367188,45.9002
1776314789736000000,546.872,-31.726877212524414,45.4059
1776314789836000000,546.972,-30.779211044311523,47.1806
1776314789940000000,547.076,-31.039669036865234,46.6929
1776314790044000000,547.18,-30.099580764770508,48.4534
1776314790149000000,547.285,-31.778682708740234,45.3089
1776314790253000000,547.389,-32.879241943359375,43.2479
1776314790356000000,547.492,-28.13150405883789,52.1390
1776314790461000000,547.597,-29.879064559936523,48.8663
1776314790566000000,547.7020002441407,-30.818939208984375,47.1062
1776314790669000000,547.805,-31.864429473876953,45.1483
1776314790773000000,547.909,-28.274715423583984,51.8708
1776314790878000000,548.0140002441407,-26.777681350708008,54.6743
1776314790983000000,548.119,-28.136140823364258,52.1303
1776314791086000000,548.2220002441406,-30.14202880859375,48.3739
1776314791189000000,548.325,-31.21877670288086,46.3575
1776314791291000000,548.427,-32.44886016845703,44.0539
1776314791396000000,548.532,-33.249935150146484,42.5537
1776314791500000000,548.636,-32.68050003051758,43.6201
1776314791601000000,548.737,-31.90073585510254,45.0804
1776314791705000000,548.841,-33.41698455810547,42.2409
1776314791807000000,548.943,-32.44755554199219,44.0563
1776314791912000000,549.048,-34.18157958984375,40.8090
1776314792017000000,549.153,-35.21979522705078,38.8647
1776314792118000000,549.2540002441406,-35.05491256713867,39.1735
1776314792223000000,549.359,-16.661428451538086,73.6191
1776314792325000000,549.461,-21.402048110961914,64.7413
1776314792429000000,549.565,-24.890329360961914,58.2088
1776314792534000000,549.6700002441406,-27.635719299316406,53.0675
1776314792635000000,549.771,-28.341228485107422,51.7463
1776314792741000000,549.877,-24.038162231445312,59.8046
1776314792842000000,549.9779997558594,-27.088394165039062,54.0924
1776314792946000000,550.0819997558593,-30.49898338317871,47.7054
1776314793051000000,550.187,-32.85285186767578,43.2973
1776314793153000000,550.289,-24.56345558166504,58.8209
1776314793255000000,550.391,-27.947175979614258,52.4842
1776314793360000000,550.496,-31.47206687927246,45.8831
1776314793463000000,550.599,-34.016448974609375,41.1183
1776314793568000000,550.704,-35.860679626464844,37.6646
1776314793670000000,550.8060002441406,-33.07762908935547,42.8764
1776314793775000000,550.911,-35.410888671875,38.5069
1776314793880000000,551.016,-33.48424530029297,42.1149
1776314793984000000,551.12,-34.764156341552734,39.7180
1776314794086000000,551.2220002441406,-36.02494430541992,37.3569
1776314794187000000,551.323,-37.730953216552734,34.1621
1776314794292000000,551.428,-38.61104965209961,32.5139
1776314794393000000,551.529,-37.412513732910156,34.7584
1776314794497000000,551.633,-35.04865646362305,39.1852
1776314794603000000,551.739,-34.69467544555664,39.8481
1776314794704000000,551.84,-35.62078857421875,38.1138
1776314794808000000,551.944,-24.245637893676758,59.4161
1776314794913000000,552.049,-27.535892486572266,53.2544
1776314795017000000,552.153,-31.282283782958984,46.2385
1776314795120000000,552.256,-33.51576614379883,42.0559
1776314795221000000,552.357,-34.936561584472656,39.3952
1776314795324000000,552.46,-36.36250305175781,36.7248
1776314795425000000,552.561,-36.81081008911133,35.8852
1776314795528000000,552.664,-37.59026336669922,34.4256
1776314795632000000,552.768,-37.94593048095703,33.7595
1776314795737000000,552.873,-35.6061897277832,38.1411
1776314795838000000,552.9740002441406,-33.10573959350586,42.8237
1776314795939000000,553.075,-33.2236328125,42.6030
1776314796039000000,553.175,-20.290544509887695,66.8228
1776314796142000000,553.2780002441406,-24.929950714111328,58.1346
1776314796243000000,553.379,-12.131721496582031,82.1019
1776314796347000000,553.483,-16.363534927368164,74.1769
1776314796453000000,553.589,-21.467403411865234,64.6189
1776314796554000000,553.6899997558594,-24.98818588256836,58.0255
1776314796656000000,553.792,-28.953222274780273,50.6002
1776314796761000000,553.897,-31.641035079956055,45.5667
1776314796866000000,554.0019997558594,-34.0976448059082,40.9662
1776314796971000000,554.107,-32.268375396728516,44.3919
1776314797072000000,554.208,-34.364898681640625,40.4657
1776314797175000000,554.311,-35.97101593017578,37.4579
1776314797278000000,554.4140002441407,-33.451480865478516,42.1763
1776314797383000000,554.519,-33.71872329711914,41.6758
1776314797488000000,554.624,-33.76259231567383,41.5937
1776314797589000000,554.725,-35.03313446044922,39.2143
1776314797694000000,554.8300002441406,-34.2386589050293,40.7021
1776314797796000000,554.932,-34.04072952270508,41.0728
1776314797900000000,555.036,-31.228107452392578,46.3400
1776314798005000000,555.141,-29.154436111450195,50.2234
1776314798106000000,555.2419997558594,-30.53754234313965,47.6332
1776314798211000000,555.347,-31.485877990722656,45.8573
1776314798313000000,555.449,-31.208757400512695,46.3762
1776314798417000000,555.553,-32.39595031738281,44.1530
1776314798522000000,555.6579997558594,-31.885114669799805,45.1096
1776314798625000000,555.761,-31.96074104309082,44.9680
1776314798728000000,555.864,-32.56419372558594,43.8379
1776314798833000000,555.969,-24.060741424560547,59.7623
1776314798937000000,556.073,-17.968381881713867,71.1715
1776314799039000000,556.175,-16.215869903564453,74.4535
1776314799139000000,556.275,-17.903324127197266,71.2934
1776314799239000000,556.375,-19.423154830932617,68.4472
1776314799342000000,556.4780002441406,-17.665767669677734,71.7382
1776314799447000000,556.583,-14.231132507324219,78.1703
1776314799551000000,556.687,-14.8348388671875,77.0397
1776314799656000000,556.792,-14.96883773803711,76.7888
1776314799759000000,556.895,-13.498584747314453,79.5421
1776314799862000000,556.9980002441406,-13.31461238861084,79.8867
1776314799962000000,557.0979997558594,-13.602001190185547,79.3485
1776314800067000000,557.203,-15.435866355895996,75.9142
1776314800173000000,557.309,-16.155454635620117,74.5666
1776314800277000000,557.413,-9.434683799743652,87.1526
1776314800378000000,557.5139997558593,-10.939475059509277,84.3346
1776314800483000000,557.619,-12.346307754516602,81.7000
1776314800588000000,557.724,-15.150324821472168,76.4489
1776314800693000000,557.829,-17.397197723388672,72.2412
1776314800797000000,557.933,-19.69234848022461,67.9430
1776314800901000000,558.037,-13.145034790039062,80.2042
1776314801006000000,558.1420002441406,-12.669507026672363,81.0947
1776314801109000000,558.245,-14.311091423034668,78.0205
1776314801210000000,558.3459997558593,-14.75013542175293,77.1983
1776314801311000000,558.447,-7.065060138702393,91.5902
1776314801416000000,558.552,-9.769712448120117,86.5252
1776314801522000000,558.6579997558594,-8.810921669006348,88.3207
1776314801627000000,558.763,-9.597071647644043,86.8485
1776314801732000000,558.868,-11.633591651916504,83.0347
1776314801834000000,558.9699997558594,-12.05252456665039,82.2502
1776314801944000000,559.08,-13.2302885055542,80.0446
1776314802049000000,559.185,-14.736859321594238,77.2232
1776314802153000000,559.289,-13.398351669311523,79.7298
1776314802256000000,559.392,-13.981595993041992,78.6376
1776314802359000000,559.495,-14.938667297363281,76.8453
1776314802462000000,559.5980002441406,-16.009775161743164,74.8394
1776314802567000000,559.703,-17.704566955566406,71.6656
1776314802672000000,559.808,-13.52979564666748,79.4837
1776314802776000000,559.912,-16.17112922668457,74.5372
1776314802881000000,560.017,-14.575428009033203,77.5255
1776314802985000000,560.121,-17.29105567932129,72.4400
1776314803090000000,560.2259997558593,-13.16099739074707,80.1743
1776314803192000000,560.328,-14.804230690002441,77.0970
1776314803297000000,560.433,-15.446145057678223,75.8949
1776314803402000000,560.5379997558593,-16.012128829956055,74.8350
1776314803507000000,560.643,-17.309934616088867,72.4046
1776314803609000000,560.745,-19.128995895385742,68.9980
1776314803714000000,560.8499997558594,-20.45928382873535,66.5068
1776314803818000000,560.9539997558594,-20.754941940307617,65.9531
1776314803924000000,561.06,-16.107074737548828,74.6572
1776314804025000000,561.161,-19.139616012573242,68.9782
1776314804126000000,561.2620002441406,-18.091487884521484,70.9410
1776314804227000000,561.363,-19.266592025756836,68.7404
1776314804332000000,561.468,-19.957260131835938,67.4469
1776314804437000000,561.573,-19.801908493041992,67.7379
1776314804542000000,561.6780002441407,-21.49312973022461,64.5707
1776314804643000000,561.779,-21.796886444091797,64.0019
1776314804749000000,561.885,-24.18316650390625,59.5331
1776314804853000000,561.989,-25.87857437133789,56.3581
1776314804957000000,562.093,-26.08317756652832,55.9749
1776314805060000000,562.196,-26.475343704223633,55.2405
1776314805161000000,562.297,-27.40529441833496,53.4990
1776314805265000000,562.401,-33.08443832397461,42.8636
1776314805369000000,562.505,-35.72468948364258,37.9192
1776314805474000000,562.6099997558593,-38.88379669189453,32.0032
1776314805576000000,562.712,-13.669034004211426,79.2229
1776314805681000000,562.817,-15.026823997497559,76.6802
1776314805786000000,562.9219997558594,-11.365706443786621,83.5364
1776314805891000000,563.027,-14.8345365524292,77.0403
1776314805994000000,563.1299997558593,-16.347421646118164,74.2071
1776314806097000000,563.233,-10.001504898071289,86.0911
1776314806202000000,563.3379997558594,-14.431770324707031,77.7946
1776314806306000000,563.4419997558593,-17.603933334350586,71.8540
1776314806409000000,563.545,-18.90718650817871,69.4134
1776314806511000000,563.647,-9.163090705871582,87.6612
1776314806616000000,563.752,-13.621310234069824,79.3123
1776314806719000000,563.855,-16.776824951171875,73.4030
1776314806823000000,563.959,-15.357994079589844,76.0600
1776314806928000000,564.064,-18.805744171142578,69.6034
1776314807033000000,564.169,-20.693317413330078,66.0685
1776314807232000000,564.368,-8.980416297912598,88.0033
1776314807237000000,564.373,-8.980416297912598,88.0033
1776314807341000000,564.477,-13.702993392944336,79.1593
1776314807443000000,564.579,-16.358903884887695,74.1856
1776314807547000000,564.683,-14.201116561889648,78.2265
1776314807650000000,564.7859997558594,-10.652647018432617,84.8717
1776314807753000000,564.889,-11.334465980529785,83.5949
1776314807857000000,564.993,-9.05005168914795,87.8729
1776314807996000000,565.132,-9.969239234924316,86.1515
1776314808062000000,565.1980002441406,-10.479686737060547,85.1956
1776314808162000000,565.2979997558593,-11.263718605041504,83.7274
1776314808263000000,565.399,-12.174426078796387,82.0219
1776314808368000000,565.504,-13.825607299804688,78.9297
1776314808471000000,565.607,-5.920444011688232,93.7337
1776314808575000000,565.711,-7.1524577140808105,91.4265
1776314808676000000,565.812,-10.456265449523926,85.2395
1776314808782000000,565.9180002441407,-13.684345245361328,79.1943
1776314808882000000,566.0179997558594,-16.81606101989746,73.3295
1776314808987000000,566.123,-18.87200164794922,69.4793
1776314809092000000,566.228,-21.091777801513672,65.3223
1776314809197000000,566.333,-19.387418746948242,68.5141
1776314809301000000,566.437,-10.761069297790527,84.6687
1776314809404000000,566.54,-11.82353401184082,82.6790
1776314809508000000,566.644,-12.401045799255371,81.5975
1776314809610000000,566.7459997558594,-14.803123474121094,77.0991
1776314809714000000,566.8499997558594,-12.525458335876465,81.3645
1776314809817000000,566.953,-13.830368995666504,78.9208
1776314809921000000,567.057,-16.34035301208496,74.2203
1776314810024000000,567.16,-19.69090461730957,67.9458
1776314810127000000,567.263,-15.19671630859375,76.3620
1776314810232000000,567.368,-18.653696060180664,69.8881
1776314810336000000,567.472,-8.115432739257812,89.6232
1776314810438000000,567.5740002441406,-11.196338653564453,83.8536
1776314810542000000,567.6780002441407,-16.12059211730957,74.6319
1776314810644000000,567.78,-19.595191955566406,68.1250
1776314810749000000,567.885,-22.901874542236328,61.9326
1776314810851000000,567.987,-19.115345001220703,69.0236
1776314810955000000,568.091,-9.590323448181152,86.8611
1776314811060000000,568.196,-10.76530647277832,84.6608
1776314811161000000,568.297,-15.421550750732422,75.9410
1776314811267000000,568.403,-17.200050354003906,72.6104
1776314811372000000,568.508,-9.416647911071777,87.1864
1776314811477000000,568.613,-7.092688083648682,91.5385
1776314811578000000,568.7139997558594,-11.56856632232666,83.1565
1776314811679000000,568.815,-15.577524185180664,75.6489
1776314811784000000,568.92,-10.438129425048828,85.2735
1776314811889000000,569.025,-13.45771598815918,79.6187
1776314811993000000,569.129,-10.661924362182617,84.8544
1776314812097000000,569.233,-14.351236343383789,77.9454
1776314812201000000,569.337,-13.114660263061523,80.2611
1776314812306000000,569.4419997558593,-16.00320816040039,74.8517
1776314812410000000,569.5459997558594,-18.097335815429688,70.9300
1776314812513000000,569.649,-21.420215606689453,64.7073
1776314812616000000,569.752,-13.69374942779541,79.1766
1776314812720000000,569.856,-15.657761573791504,75.4986
1776314812820000000,569.956,-18.42234230041504,70.3214
1776314812923000000,570.059,-20.01679039001465,67.3355
1776314813027000000,570.163,-17.753280639648438,71.5743
1776314813130000000,570.2659997558594,-18.48722267150879,70.1999
1776314813232000000,570.368,-17.50288200378418,72.0433
1776314813335000000,570.471,-14.768136978149414,77.1646
1776314813437000000,570.573,-17.505496978759766,72.0384
1776314813541000000,570.677,-21.011547088623047,65.4726
1776314813645000000,570.781,-11.080825805664062,84.0699
1776314813747000000,570.883,-10.757486343383789,84.6754
1776314813852000000,570.988,-14.757519721984863,77.1845
1776314813957000000,571.093,-12.702744483947754,81.0325
1776314814061000000,571.197,-16.967025756835938,73.0468
1776314814164000000,571.3,-19.870628356933594,67.6092
1776314814269000000,571.405,-12.210722923278809,81.9539
1776314814371000000,571.507,-13.120647430419922,80.2499
1776314814475000000,571.611,-14.989890098571777,76.7494
1776314814578000000,571.7139997558594,-11.495821952819824,83.2927
1776314814681000000,571.817,-10.823086738586426,84.5525
1776314814783000000,571.919,-10.338506698608398,85.4600
1776314814887000000,572.023,-14.187586784362793,78.2518
1776314814992000000,572.128,-7.687411785125732,90.4247
1776314815097000000,572.233,-11.988037109375,82.3709
1776314815199000000,572.335,-15.48366928100586,75.8247
1776314815304000000,572.44,-17.137819290161133,72.7269
1776314815409000000,572.545,-11.003806114196777,84.2141
1776314815513000000,572.649,-14.067903518676758,78.4760
1776314815617000000,572.753,-16.883609771728516,73.2030
1776314815722000000,572.8579997558594,-15.797562599182129,75.2368
1776314815827000000,572.963,-8.419782638549805,89.0532
1776314815932000000,573.068,-10.083475112915039,85.9376
1776314816034000000,573.1699997558594,-12.281071662902832,81.8222
1776314816137000000,573.273,-14.489535331726074,77.6864
1776314816242000000,573.3779997558594,-15.692269325256348,75.4340
1776314816347000000,573.483,-10.987625122070312,84.2444
1776314816452000000,573.588,-14.05560302734375,78.4990
1776314816557000000,573.693,-18.11198616027832,70.9026
1776314816660000000,573.796,-17.39197540283203,72.2510
1776314816763000000,573.899,-21.33790397644043,64.8614
1776314816868000000,574.004,-22.9816951751709,61.7831
1776314816973000000,574.109,-11.320221900939941,83.6216
1776314817077000000,574.213,-13.89065170288086,78.8079
1776314817180000000,574.316,-17.705001831054688,71.6648
1776314817286000000,574.4220002441406,-19.199527740478516,68.8660
1776314817391000000,574.527,-14.406074523925781,77.8427
1776314817492000000,574.628,-12.633268356323242,81.1626
1776314817596000000,574.732,-13.373136520385742,79.7771
1776314817700000000,574.836,-16.929304122924805,73.1174
1776314817802000000,574.9379997558593,-13.99189567565918,78.6183
1776314817903000000,575.039,-10.0805025100708,85.9432
1776314818009000000,575.145,-13.162545204162598,80.1714
1776314818111000000,575.247,-14.316283226013184,78.0108
1776314818215000000,575.351,-15.016855239868164,76.6989
1776314818317000000,575.453,-18.93166160583496,69.3676
1776314818422000000,575.5580002441407,-16.34387969970703,74.2137
1776314818523000000,575.659,-9.063458442687988,87.8478
1776314818624000000,575.76,-11.598125457763672,83.1011
1776314818728000000,575.864,-14.730631828308105,77.2349
1776314818832000000,575.968,-12.730439186096191,80.9806
1776314818937000000,576.073,-17.07843780517578,72.8381
1776314819040000000,576.176,-18.75145149230957,69.7051
1776314819145000000,576.281,-22.225637435913086,63.1989
1776314819249000000,576.385,-10.694540023803711,84.7933
1776314819354000000,576.4899997558593,-10.995536804199219,84.2296
1776314819457000000,576.593,-11.829779624938965,82.6673
1776314819559000000,576.695,-9.050932884216309,87.8713
1776314819662000000,576.7980002441407,-11.588383674621582,83.1194
1776314819767000000,576.903,-15.853355407714844,75.1323
1776314819868000000,577.004,-19.014009475708008,69.2134
1776314819973000000,577.109,-16.16548728942871,74.5478
1776314820077000000,577.213,-6.505190849304199,92.6387
1776314820179000000,577.315,-9.421722412109375,87.1769
1776314820284000000,577.42,-12.41866683959961,81.5645
1776314820385000000,577.521,-10.812884330749512,84.5717
1776314820489000000,577.625,-12.180362701416016,82.0108
1776314820590000000,577.7260002441407,-15.678330421447754,75.4601
1776314820695000000,577.831,-19.735368728637695,67.8625
1776314820804000000,577.94,-24.790891647338867,58.3950
1776314820942000000,578.0780002441406,-28.39238929748535,51.6505
1776314821011000000,578.147,-31.187442779541016,46.4161
1776314821113000000,578.249,-31.565032958984375,45.7090
1776314821218000000,578.3539997558594,-33.8465690612793,41.4364
1776314821318000000,578.4540002441406,-37.05093002319336,35.4356
1776314821422000000,578.5580002441407,-38.08355712890625,33.5018
1776314821527000000,578.663,-30.532981872558594,47.6418
1776314821629000000,578.765,-27.917322158813477,52.5401
1776314821733000000,578.869,-29.815160751342773,48.9860
1776314821836000000,578.972,-28.2491397857666,51.9187
1776314821937000000,579.073,-29.51554298400879,49.5471
1776314822039000000,579.175,-31.59787940979004,45.6475
1776314822142000000,579.2780002441406,-33.56623077392578,41.9614
1776314822581000000,579.717,-28.514240264892578,51.4223
1776314822624000000,579.76,-29.405475616455078,49.7532
1776314822700000000,579.836,-31.973037719726562,44.9450
1776314822804000000,579.94,-35.1098518371582,39.0706
1776314822908000000,580.044,-37.747840881347656,34.1305
1776314823008000000,580.144,-23.82843017578125,60.1974
1776314823114000000,580.2499997558593,-26.396602630615234,55.3880
1776314823216000000,580.352,-22.867977142333984,61.9960
1776314823325000000,580.461,-20.78797149658203,65.8913
1776314823426000000,580.5619997558593,-19.58443260192871,68.1451
1776314823526000000,580.6620002441406,-22.482803344726562,62.7174
1776314823628000000,580.764,-26.8447208404541,54.5488
1776314823732000000,580.868,-17.49034881591797,72.0667
1776314823838000000,580.9740002441406,-21.593053817749023,64.3836
1776314823941000000,581.077,-22.120235443115234,63.3963
1776314824046000000,581.1820002441407,-26.963836669921875,54.3257
1776314824150000000,581.2860002441406,-21.0165958404541,65.4631
1776314824254000000,581.3900002441407,-21.290752410888672,64.9497
1776314824358000000,581.4940002441406,-23.857173919677734,60.1436
1776314824458000000,581.5939997558594,-20.687467575073242,66.0795
1776314824558000000,581.6940002441406,-20.896081924438477,65.6888
1776314824663000000,581.799,-23.31886863708496,61.1517
1776314824767000000,581.903,-25.715158462524414,56.6641
1776314824871000000,582.007,-21.600723266601562,64.3692
1776314824974000000,582.1100002441407,-22.05915069580078,63.5107
1776314825082000000,582.2179997558594,-25.292102813720703,57.4564
1776314825183000000,582.319,-19.552658081054688,68.2046
1776314825289000000,582.425,-15.738166809082031,75.3481
1776314825393000000,582.529,-18.293455123901367,70.5628
1776314825495000000,582.631,-22.52631378173828,62.6359
1776314825600000000,582.736,-19.315574645996094,68.6486
1776314825704000000,582.84,-23.818662643432617,60.2157
1776314825808000000,582.944,-21.0695743560791,65.3639
1776314825913000000,583.049,-25.62907600402832,56.8253
1776314826017000000,583.153,-20.83086585998535,65.8109
1776314826120000000,583.256,-24.504121780395508,58.9320
1776314826224000000,583.36,-27.699447631835938,52.9481
1776314826329000000,583.465,-21.83113670349121,63.9377
1776314826433000000,583.569,-19.81633949279785,67.7108
1776314826538000000,583.6739997558594,-18.32269287109375,70.5080
1776314826641000000,583.777,-20.512798309326172,66.4066
1776314826742000000,583.8780002441406,-12.933259963989258,80.6008
1776314826847000000,583.983,-16.005075454711914,74.8482
1776314826950000000,584.0860002441407,-18.25383758544922,70.6370
1776314827054000000,584.1900002441406,-14.238207817077637,78.1570
1776314827158000000,584.2940002441406,-17.521780014038086,72.0079
1776314827263000000,584.399,-21.54517936706543,64.4732
1776314827367000000,584.503,-19.095125198364258,69.0615
1776314827472000000,584.608,-17.998750686645508,71.1147
1776314827574000000,584.7100002441406,-18.3890380859375,70.3838
1776314827677000000,584.813,-19.933063507080078,67.4923
1776314827779000000,584.915,-22.173267364501953,63.2970
1776314827884000000,585.02,-23.032615661621094,61.6877
1776314827988000000,585.124,-24.090600967407227,59.7064
1776314828092000000,585.228,-26.219066619873047,55.7204
1776314828197000000,585.333,-14.095311164855957,78.4246
1776314828300000000,585.436,-16.143875122070312,74.5883
1776314828404000000,585.54,-15.349656105041504,76.0756
1776314828507000000,585.643,-16.924379348754883,73.1266
1776314828613000000,585.749,-16.73931312561035,73.4732
1776314828717000000,585.853,-21.286067962646484,64.9585
1776314828821000000,585.957,-25.375476837158203,57.3002
1776314828923000000,586.059,-19.50265884399414,68.2983
1776314829025000000,586.161,-20.87846565246582,65.7218
1776314829127000000,586.263,-18.60310935974121,69.9829
1776314829227000000,586.363,-21.242420196533203,65.0402
1776314829329000000,586.465,-14.441912651062012,77.7756
1776314829434000000,586.5699997558594,-16.311767578125,74.2739
1776314829538000000,586.6739997558594,-16.4354248046875,74.0423
1776314829644000000,586.78,-17.887855529785156,71.3223
1776314829749000000,586.885,-12.944784164428711,80.5792
1776314829854000000,586.9900002441407,-14.66821575164795,77.3518
1776314829959000000,587.095,-18.823131561279297,69.5708
1776314830063000000,587.199,-18.564348220825195,70.0555
1776314830167000000,587.303,-21.239521026611328,65.0457
1776314830271000000,587.407,-23.819812774658203,60.2135
1776314830374000000,587.5100002441407,-24.837461471557617,58.3078
1776314830477000000,587.613,-15.660191535949707,75.4941
1776314830579000000,587.715,-18.44513702392578,70.2787
1776314830684000000,587.82,-20.427942276000977,66.5655
1776314830787000000,587.923,-23.227819442749023,61.3222
1776314830891000000,588.027,-17.133085250854492,72.7358
1776314830992000000,588.128,-17.243104934692383,72.5298
1776314831097000000,588.233,-20.955657958984375,65.5772
1776314831199000000,588.335,-10.564156532287598,85.0374
1776314831304000000,588.44,-12.393378257751465,81.6119
1776314831409000000,588.545,-17.082630157470703,72.8303
1776314831513000000,588.649,-21.361217498779297,64.8178
1776314831617000000,588.753,-15.962815284729004,74.9274
1776314831721000000,588.857,-19.30565643310547,68.6672
1776314831823000000,588.959,-19.355852127075195,68.5732
1776314831928000000,589.064,-12.475028991699219,81.4589
1776314832033000000,589.169,-15.030033111572266,76.6742
1776314832138000000,589.2739997558593,-18.78435516357422,69.6435
1776314832241000000,589.377,-18.21261215209961,70.7142
1776314832346000000,589.4819997558594,-18.300851821899414,70.5489
1776314832450000000,589.5859997558593,-16.74513053894043,73.4623
1776314832555000000,589.691,-19.255779266357422,68.7606
1776314832657000000,589.793,-21.461549758911133,64.6299
1776314832759000000,589.895,-10.900697708129883,84.4072
1776314832864000000,590,-14.499442100524902,77.6678
1776314832967000000,590.103,-17.339771270751953,72.3487
1776314833071000000,590.207,-12.106045722961426,82.1499
1776314833173000000,590.309,-15.437474250793457,75.9112
1776314833277000000,590.413,-17.611860275268555,71.8392
1776314833380000000,590.516,-20.723669052124023,66.0117
1776314833484000000,590.62,-17.549945831298828,71.9551
1776314833590000000,590.7260002441407,-15.976963996887207,74.9009
1776314833692000000,590.828,-17.50659942626953,72.0363
1776314833792000000,590.928,-21.01691436767578,65.4625
1776314833897000000,591.033,-13.964259147644043,78.6701
1776314834001000000,591.137,-17.134111404418945,72.7339
1776314834106000000,591.2419997558594,-20.86302947998047,65.7507
1776314834207000000,591.343,-12.173982620239258,82.0227
1776314834311000000,591.447,-13.329710960388184,79.8584
1776314834413000000,591.549,-18.243392944335938,70.6565
1776314834517000000,591.653,-21.411746978759766,64.7231
1776314834621000000,591.757,-26.336763381958008,55.5000
1776314834727000000,591.863,-10.051709175109863,85.9971
1776314834829000000,591.965,-13.62811279296875,79.2996
1776314834934000000,592.0700002441406,-15.024923324584961,76.6838
1776314835038000000,592.1740002441406,-14.884051322937012,76.9476
1776314835142000000,592.2780002441406,-18.26459503173828,70.6168
1776314835246000000,592.3820002441406,-12.485257148742676,81.4398
1776314835351000000,592.487,-11.30349063873291,83.6529
1776314835454000000,592.5900002441406,-12.408988952636719,81.5826
1776314835557000000,592.693,-16.040769577026367,74.7814
1776314835657000000,592.793,-13.81499195098877,78.9496
1776314835763000000,592.899,-8.392313003540039,89.1047
1776314835867000000,593.003,-11.015130996704102,84.1929
1776314835971000000,593.107,-13.989089012145996,78.6236
1776314836074000000,593.2099997558594,-13.731016159057617,79.1069
1776314836177000000,593.313,-14.791916847229004,77.1201
1776314836280000000,593.416,-17.96305274963379,71.1815
1776314836384000000,593.52,-12.441303253173828,81.5221
1776314836489000000,593.625,-13.541842460632324,79.4611
1776314836591000000,593.727,-16.50663948059082,73.9089
1776314836696000000,593.832,-15.455583572387695,75.8773
1776314836801000000,593.937,-18.0408878326416,71.0357
1776314836904000000,594.04,-12.896994590759277,80.6687
1776314837007000000,594.143,-14.617130279541016,77.4474
1776314837110000000,594.2460002441406,-14.60866928100586,77.4633
1776314837210000000,594.3459997558593,-14.748854637145996,77.2007
1776314837311000000,594.447,-16.072660446166992,74.7217
1776314837416000000,594.552,-19.484790802001953,68.3317
1776314837521000000,594.657,-24.137365341186523,59.6188
1776314837624000000,594.76,-28.00312042236328,52.3794
1776314837725000000,594.861,-12.834644317626953,80.7855
1776314837827000000,594.963,-14.96744441986084,76.7914
1776314837931000000,595.067,-7.295777797698975,91.1582
1776314838034000000,595.1699997558594,-10.930342674255371,84.3517
1776314838138000000,595.2739997558593,-13.84221363067627,78.8986
1776314838242000000,595.3779997558594,-16.263782501220703,74.3637
1776314838347000000,595.483,-10.133944511413574,85.8431
1776314838451000000,595.587,-12.985464096069336,80.5031
1776314838559000000,595.695,-16.900001525878906,73.1723
1776314838659000000,595.795,-19.529905319213867,68.2473
1776314838764000000,595.9,-11.897848129272461,82.5398
1776314838868000000,596.004,-15.206741333007812,76.3433
1776314838971000000,596.107,-10.019448280334473,86.0575
1776314839074000000,596.2099997558594,-7.201546669006348,91.3346
1776314839178000000,596.3139997558594,-10.598477363586426,84.9732
1776314839280000000,596.416,-11.568260192871094,83.1571
1776314839384000000,596.52,-15.391533851623535,75.9972
1776314839489000000,596.625,-9.708861351013184,86.6392
1776314839592000000,596.728,-13.221370697021484,80.0613
1776314839697000000,596.833,-15.696043014526367,75.4269
1776314839801000000,596.937,-12.611863136291504,81.2027
1776314839906000000,597.0419997558594,-15.557892799377441,75.6857
1776314840007000000,597.143,-13.243634223937988,80.0196
1776314840108000000,597.244,-11.192469596862793,83.8608
1776314840213000000,597.349,-9.295597076416016,87.4131
1776314840318000000,597.4540002441406,-12.358219146728516,81.6777
1776314840421000000,597.557,-13.478167533874512,79.5804
1776314840526000000,597.6620002441406,-14.716710090637207,77.2609
1776314840631000000,597.767,-11.366926193237305,83.5341
1776314840735000000,597.871,-15.858811378479004,75.1221
1776314840838000000,597.9740002441406,-17.90131187438965,71.2971
1776314840942000000,598.0780002441406,-14.260783195495605,78.1148
1776314841043000000,598.179,-16.07135581970215,74.7241
1776314841148000000,598.284,-20.3974666595459,66.6226
1776314841249000000,598.385,-13.324666976928711,79.8678
1776314841351000000,598.487,-10.589788436889648,84.9894
1776314841455000000,598.591,-13.56821060180664,79.4117
1776314841558000000,598.6940002441406,-16.270263671875,74.3516
1776314841663000000,598.799,-17.429248809814453,72.1812
1776314841768000000,598.904,-11.773533821105957,82.7726
1776314841871000000,599.007,-12.866415977478027,80.7260
1776314841974000000,599.1100002441407,-13.300536155700684,79.9130
1776314842075000000,599.211,-7.471517086029053,90.8290
1776314842177000000,599.313,-10.660086631774902,84.8578
1776314842277000000,599.413,-15.522871017456055,75.7512
1776314842380000000,599.516,-14.07034969329834,78.4714
1776314842485000000,599.621,-17.03362464904785,72.9220
1776314842590000000,599.7260002441407,-11.165241241455078,83.9118
1776314842693000000,599.829,-13.591330528259277,79.3684
1776314842798000000,599.9340002441406,-16.86904525756836,73.2303
1776314842901000000,600.037,-13.697000503540039,79.1706
1776314843005000000,600.141,-16.319599151611328,74.2592
1776314843108000000,600.244,-18.745935440063477,69.7154
1776314843213000000,600.349,-9.230508804321289,87.5350
1776314843314000000,600.4499997558594,-13.02734661102295,80.4246
1776314843418000000,600.5539997558594,-14.503202438354492,77.6608
1776314843523000000,600.659,-17.183277130126953,72.6418
1776314843627000000,600.763,-13.557147979736328,79.4325
1776314843731000000,600.867,-16.795747756958008,73.3675
1776314843835000000,600.971,-19.651344299316406,68.0198
1776314843939000000,601.075,-15.985790252685547,74.8843
1776314844042000000,601.1779997558593,-19.526172637939453,68.2542
1776314844143000000,601.279,-23.951364517211914,59.9672
1776314844244000000,601.38,-19.530303955078125,68.2465
1776314844344000000,601.48,-12.77151870727539,80.9037
1776314844446000000,601.5820002441407,-15.434653282165527,75.9164
1776314844551000000,601.687,-18.40178871154785,70.3599
1776314844652000000,601.788,-19.88695526123047,67.5786
1776314844756000000,601.892,-9.63444995880127,86.7785
1776314844861000000,601.997,-12.759858131408691,80.9255
1776314844962000000,602.0979997558594,-15.319046020507812,76.1329
1776314845067000000,602.203,-16.204757690429688,74.4743
1776314845169000000,602.305,-16.89286231994629,73.1857
1776314845274000000,602.4099997558594,-19.79139518737793,67.7576
1776314845374000000,602.5100002441407,-15.171377182006836,76.4095
1776314845475000000,602.611,-14.29434585571289,78.0519
1776314845581000000,602.717,-13.554306030273438,79.4378
1776314845686000000,602.8220002441407,-15.90540599822998,75.0349
1776314845790000000,602.9260002441406,-18.824764251708984,69.5678
1776314845894000000,603.0300002441406,-15.266846656799316,76.2307
1776314845997000000,603.133,-18.64112091064453,69.9117
1776314846097000000,603.233,-23.278255462646484,61.2277
1776314846198000000,603.3340002441406,-8.143757820129395,89.5701
1776314846303000000,603.439,-11.908526420593262,82.5198
1776314846408000000,603.544,-15.148340225219727,76.4526
1776314846514000000,603.6499997558594,-18.231807708740234,70.6782
1776314846616000000,603.752,-10.819069862365723,84.5601
1776314846727000000,603.863,-13.924482345581055,78.7446
1776314846829000000,603.965,-18.049102783203125,71.0204
1776314846933000000,604.069,-12.212016105651855,81.9515
1776314847037000000,604.173,-14.913917541503906,76.8916
1776314847141000000,604.277,-17.353174209594727,72.3236
1776314847245000000,604.381,-20.63541603088379,66.1770
1776314847345000000,604.481,-17.680952072143555,71.7098
1776314847446000000,604.5820002441407,-13.35966682434082,79.8023
1776314847551000000,604.687,-17.092288970947266,72.8122
1776314847653000000,604.789,-12.189311027526855,81.9940
1776314847757000000,604.893,-8.852590560913086,88.2427
1776314847859000000,604.995,-11.187783241271973,83.8696
1776314847962000000,605.0979997558594,-14.00772476196289,78.5887
1776314848067000000,605.203,-9.341119766235352,87.3278
1776314848171000000,605.307,-12.074624061584473,82.2088
1776314848277000000,605.413,-15.491836547851562,75.8094
1776314848380000000,605.516,-18.921541213989258,69.3865
1776314848480000000,605.616,-18.380491256713867,70.3998
1776314848586000000,605.7219997558594,-16.206541061401367,74.4709
1776314848691000000,605.827,-19.718137741088867,67.8948
1776314848792000000,605.928,-21.479021072387695,64.5971
1776314848893000000,606.029,-15.344626426696777,76.0850
1776314848995000000,606.131,-17.01935577392578,72.9488
1776314849098000000,606.2339997558594,-12.834481239318848,80.7858
1776314849201000000,606.337,-8.718575477600098,88.4937
1776314849304000000,606.44,-13.047221183776855,80.3874
1776314849408000000,606.544,-15.126114845275879,76.4943
1776314849510000000,606.6460002441406,-19.484487533569336,68.3323
1776314849610000000,606.7459997558594,-23.80048179626465,60.2497
1776314849715000000,606.851,-25.08160400390625,57.8506
1776314849816000000,606.952,-16.955307006835938,73.0687
1776314849921000000,607.057,-17.379974365234375,72.2734
1776314850024000000,607.16,-17.945537567138672,71.2143
1776314850127000000,607.263,-20.332109451293945,66.7450
1776314850229000000,607.365,-21.610912322998047,64.3501
1776314850330000000,607.4659997558593,-11.444631576538086,83.3886
1776314850433000000,607.569,-13.648765563964844,79.2609
1776314850537000000,607.673,-17.139144897460938,72.7244
1776314850642000000,607.7779997558594,-9.589194297790527,86.8633
1776314850746000000,607.8819997558594,-12.16781234741211,82.0343
1776314850852000000,607.988,-16.139638900756836,74.5962
1776314850956000000,608.092,-14.113123893737793,78.3913
1776314851060000000,608.196,-12.262910842895508,81.8562
1776314851163000000,608.299,-15.161044120788574,76.4288
1776314851268000000,608.404,-19.715978622436523,67.8988
1776314851372000000,608.508,-23.549243927001953,60.7202
1776314851476000000,608.612,-10.28356647491455,85.5629
1776314851582000000,608.7180002441406,-12.083383560180664,82.1924
1776314851680000000,608.816,-14.508997917175293,77.6499
1776314851781000000,608.917,-10.80647087097168,84.5837
1776314851884000000,609.02,-13.73216438293457,79.1047
1776314851990000000,609.1260002441406,-17.9726619720459,71.1635
1776314852094000000,609.2300002441406,-15.335752487182617,76.1017
1776314852198000000,609.3340002441406,-15.963982582092285,74.9252
1776314852304000000,609.44,-17.76460075378418,71.5531
1776314852407000000,609.543,-20.02861213684082,67.3133
1776314852510000000,609.6460002441406,-7.176654815673828,91.3812
1776314852613000000,609.749,-9.850261688232422,86.3744
1776314852717000000,609.853,-14.319127082824707,78.0055
1776314852820000000,609.956,-15.664185523986816,75.4866
1776314852925000000,610.061,-11.120227813720703,83.9961
1776314853029000000,610.165,-12.71222972869873,81.0147
1776314853132000000,610.268,-17.550146102905273,71.9548
1776314853237000000,610.373,-14.889318466186523,76.9377
1776314853341000000,610.477,-18.675294876098633,69.8477
1776314853445000000,610.581,-15.644377708435059,75.5237
1776314853554000000,610.6899997558594,-18.04443359375,71.0291
1776314853658000000,610.7939997558594,-12.929559707641602,80.6077
1776314853767000000,610.903,-11.44196891784668,83.3936
1776314853869000000,611.005,-12.162940979003906,82.0434
1776314853971000000,611.107,-12.310311317443848,81.7674
1776314854072000000,611.208,-10.750473976135254,84.6885
1776314854174000000,611.3100002441406,-13.604426383972168,79.3439
1776314854278000000,611.4140002441407,-17.15166664123535,72.7010
1776314854382000000,611.5180002441406,-22.186918258666992,63.2715
1776314854487000000,611.623,-21.038768768310547,65.4216
1776314854596000000,611.732,-12.09422779083252,82.1721
1776314854696000000,611.832,-16.37077522277832,74.1634
1776314854796000000,611.932,-10.97998046875,84.2587
1776314854897000000,612.033,-13.867240905761719,78.8517
1776314854999000000,612.135,-16.95973777770996,73.0604
1776314855104000000,612.24,-17.137054443359375,72.7284
1776314855208000000,612.344,-10.08953857421875,85.9263
1776314855314000000,612.4499997558594,-12.912729263305664,80.6393
1776314855417000000,612.553,-17.219762802124023,72.5735
1776314855523000000,612.659,-7.2370476722717285,91.2681
1776314855627000000,612.763,-11.104975700378418,84.0247
1776314855728000000,612.864,-9.2391996383667,87.5187
1776314855832000000,612.968,-11.460367202758789,83.3591
1776314855937000000,613.073,-14.381559371948242,77.8886
1776314856043000000,613.179,-11.857458114624023,82.6155
1776314856154000000,613.2899997558594,-14.225302696228027,78.1812
1776314856254000000,613.3900002441407,-11.846586227416992,82.6358
1776314856358000000,613.4940002441406,-15.320496559143066,76.1302
1776314856462000000,613.5980002441406,-16.96661949157715,73.0475
1776314856566000000,613.7020002441407,-18.03533363342285,71.0461
1776314856666000000,613.8019997558594,-8.604208946228027,88.7078
1776314856766000000,613.9020002441406,-11.716511726379395,82.8794
1776314856870000000,614.0060002441406,-10.757283210754395,84.6758
1776314856975000000,614.111,-13.149100303649902,80.1966
1776314857080000000,614.216,-15.591950416564941,75.6219
1776314857182000000,614.3180002441406,-11.53864574432373,83.2125
1776314857282000000,614.4179997558593,-12.205099105834961,81.9644
1776314857384000000,614.52,-7.094076633453369,91.5359
1776314857490000000,614.6259997558594,-11.263166427612305,83.7284
1776314857595000000,614.731,-14.90219783782959,76.9136
1776314857699000000,614.835,-16.949064254760742,73.0804
1776314857799000000,614.935,-11.781607627868652,82.7575
1776314857904000000,615.04,-14.392424583435059,77.8682
1776314858007000000,615.143,-14.353837966918945,77.9405
1776314858111000000,615.247,-12.055264472961426,82.2450
1776314858213000000,615.349,-12.479886054992676,81.4499
1776314858317000000,615.453,-15.323763847351074,76.1241
1776314858417000000,615.553,-16.48546600341797,73.9486
1776314858517000000,615.653,-14.419600486755371,77.8173
1776314858621000000,615.757,-15.31881332397461,76.1334
1776314858725000000,615.861,-14.079384803771973,78.4545
1776314858825000000,615.961,-16.055042266845703,74.7546
1776314858929000000,616.065,-13.400445938110352,79.7259
1776314859031000000,616.167,-15.935749053955078,74.9780
1776314859137000000,616.273,-19.90708351135254,67.5409
1776314859242000000,616.3779997558594,-8.627313613891602,88.6646
1776314859346000000,616.4819997558594,-11.709929466247559,82.8918
1776314859451000000,616.587,-12.967994689941406,80.5358
1776314859551000000,616.687,-15.443836212158203,75.8993
1776314859651000000,616.787,-14.272231101989746,78.0933
1776314859753000000,616.889,-18.006526947021484,71.1001
1776314859856000000,616.992,-19.78928565979004,67.7615
1776314859973000000,617.109,-21.944501876831055,63.7254
1776314860076000000,617.212,-13.536704063415527,79.4707
1776314860180000000,617.316,-15.138303756713867,76.4714
1776314860286000000,617.4220002441406,-16.731321334838867,73.4882
1776314860387000000,617.523,-10.489603996276855,85.1771
1776314860493000000,617.629,-14.086793899536133,78.4406
1776314860593000000,617.729,-16.677066802978516,73.5898
1776314860697000000,617.833,-21.17860221862793,65.1597
1776314860800000000,617.936,-20.764284133911133,65.9356
1776314860903000000,618.039,-23.991247177124023,59.8925
1776314861008000000,618.144,-27.882638931274414,52.6051
1776314861111000000,618.247,-12.356207847595215,81.6815
1776314861216000000,618.352,-14.695281982421875,77.3011
1776314861319000000,618.455,-17.489046096801758,72.0692
1776314861422000000,618.5580002441407,-17.495363235473633,72.0574
1776314861527000000,618.663,-8.592596054077148,88.7296
1776314861631000000,618.767,-12.336454391479492,81.7185
1776314861736000000,618.872,-15.213582038879395,76.3304
1776314861839000000,618.975,-19.545190811157227,68.2186
1776314861944000000,619.08,-24.822275161743164,58.3362
1776314862048000000,619.184,-28.841520309448242,50.8094
1776314862151000000,619.287,-27.130186080932617,54.0142
1776314862270000000,619.4060002441406,-10.426318168640137,85.2956
1776314862367000000,619.503,-9.061951637268066,87.8506
1776314862470000000,619.6060002441407,-10.665285110473633,84.8481
1776314862575000000,619.711,-6.028825283050537,93.5308
1776314862679000000,619.815,-8.352636337280273,89.1790
1776314862784000000,619.92,-11.16372013092041,83.9146
1776314862887000000,620.023,-9.601383209228516,86.8404
1776314862989000000,620.125,-8.849971771240234,88.2476
1776314863094000000,620.2300002441406,-10.997138023376465,84.2266
1776314863196000000,620.332,-13.331061363220215,79.8559
1776314863303000000,620.439,-16.109893798828125,74.6519
1776314863411000000,620.547,-14.421074867248535,77.8146
1776314863513000000,620.649,-16.141023635864258,74.5936
1776314863618000000,620.7539997558594,-19.173160552978516,68.9153
1776314863720000000,620.856,-6.954723834991455,91.7968
1776314863824000000,620.96,-10.416671752929688,85.3136
1776314863929000000,621.065,-9.242568016052246,87.5124
1776314864034000000,621.1699997558594,-13.523959159851074,79.4946
1776314864136000000,621.272,-8.665928840637207,88.5923
1776314864240000000,621.376,-13.135951042175293,80.2212
1776314864340000000,621.476,-16.37636375427246,74.1529
1776314864440000000,621.576,-20.100112915039062,67.1794
1776314864545000000,621.681,-10.175895690917969,85.7645
1776314864649000000,621.785,-10.603967666625977,84.9629
1776314864752000000,621.888,-10.238607406616211,85.6471
1776314864856000000,621.992,-8.519484519958496,88.8665
1776314864957000000,622.093,-10.820719718933105,84.5570
1776314865062000000,622.1980002441406,-11.95744800567627,82.4282
1776314865169000000,622.305,-15.849708557128906,75.1392
1776314865270000000,622.4060002441406,-9.011293411254883,87.9455
1776314865374000000,622.5100002441407,-10.26229190826416,85.6027
1776314865477000000,622.613,-11.452820777893066,83.3732
1776314865582000000,622.7180002441406,-13.881439208984375,78.8252
1776314865688000000,622.824,-14.647425651550293,77.3907
1776314865789000000,622.925,-16.766666412353516,73.4220
1776314865893000000,623.029,-15.12927532196045,76.4883
1776314865997000000,623.133,-13.181803703308105,80.1354
1776314866103000000,623.239,-10.931968688964844,84.3486
1776314866203000000,623.339,-10.689414978027344,84.8029
1776314866306000000,623.4419997558593,-14.571684837341309,77.5325
1776314866406000000,623.5420002441406,-14.13697338104248,78.3466
1776314866509000000,623.645,-15.473918914794922,75.8429
1776314866614000000,623.7500002441407,-18.8196964263916,69.5773
1776314866720000000,623.856,-7.4063401222229,90.9511
1776314866819000000,623.955,-11.235154151916504,83.7809
1776314866920000000,624.056,-14.176409721374512,78.2728
1776314867025000000,624.161,-13.469657897949219,79.5963
1776314867130000000,624.2659997558594,-9.853742599487305,86.3678
1776314867234000000,624.3699997558593,-14.734545707702637,77.2275
1776314867340000000,624.476,-18.07450294494629,70.9728
1776314867443000000,624.579,-12.38907527923584,81.6199
1776314867548000000,624.684,-15.345998764038086,76.0825
1776314867653000000,624.789,-18.305156707763672,70.5408
1776314867758000000,624.8940002441407,-13.074469566345215,80.3364
1776314867859000000,624.995,-15.769515991210938,75.2894
1776314867963000000,625.099,-14.013175010681152,78.5785
1776314868065000000,625.201,-17.026931762695312,72.9346
1776314868168000000,625.304,-20.7471981048584,65.9676
1776314868271000000,625.407,-8.939994812011719,88.0790
1776314868371000000,625.507,-11.850493431091309,82.6285
1776314868476000000,625.612,-14.557168960571289,77.5597
1776314868577000000,625.713,-9.701940536499023,86.6521
1776314868684000000,625.82,-10.926932334899902,84.3581
1776314868787000000,625.923,-11.920248985290527,82.4979
1776314868890000000,626.0259997558594,-15.615974426269531,75.5769
1776314868995000000,626.131,-17.527502059936523,71.9972
1776314869099000000,626.235,-11.973275184631348,82.3986
1776314869202000000,626.3379997558594,-14.814669609069824,77.0775
1776314869305000000,626.441,-18.180980682373047,70.7734
1776314869409000000,626.545,-14.416845321655273,77.8225
1776314869510000000,626.6460002441406,-16.17403793334961,74.5318
1776314869615000000,626.751,-18.516204833984375,70.1456
1776314869724000000,626.86,-9.714774131774902,86.6281
1776314869824000000,626.96,-11.168405532836914,83.9059
1776314869929000000,627.065,-14.230000495910645,78.1724
1776314870032000000,627.168,-17.066959381103516,72.8596
1776314870136000000,627.272,-16.427303314208984,74.0575
1776314870237000000,627.373,-19.22692108154297,68.8147
1776314870338000000,627.4739997558594,-16.916257858276367,73.1418
1776314870443000000,627.579,-20.507888793945312,66.4158
1776314870548000000,627.684,-18.901697158813477,69.4237
1776314870652000000,627.788,-22.047883987426758,63.5318
1776314870757000000,627.893,-22.631855010986328,62.4382
1776314870862000000,627.9980002441406,-12.240403175354004,81.8983
1776314870965000000,628.101,-12.870341300964355,80.7186
1776314871069000000,628.205,-14.205687522888184,78.2179
1776314871173000000,628.309,-16.517099380493164,73.8893
1776314871276000000,628.412,-11.163534164428711,83.9150
1776314871376000000,628.512,-13.028054237365723,80.4233
1776314871477000000,628.613,-14.673208236694336,77.3424
1776314871582000000,628.7180002441406,-15.966650009155273,74.9202
1776314871686000000,628.8220002441407,-18.38434600830078,70.3925
1776314871792000000,628.928,-21.173784255981445,65.1688
1776314871893000000,629.029,-14.753204345703125,77.1926
1776314871999000000,629.135,-15.934288024902344,74.9808
1776314872103000000,629.239,-14.129595756530762,78.3604
1776314872208000000,629.344,-17.55492401123047,71.9458
1776314872313000000,629.449,-12.175887107849121,82.0192
1776314872416000000,629.552,-15.439427375793457,75.9075
1776314872519000000,629.655,-18.35892105102539,70.4402
1776314872621000000,629.757,-20.883935928344727,65.7116
1776314872726000000,629.8620002441406,-9.427103042602539,87.1668
1776314872826000000,629.9619997558593,-12.847376823425293,80.7617
1776314872929000000,630.065,-11.491033554077148,83.3017
1776314873032000000,630.168,-14.19686222076416,78.2345
1776314873136000000,630.272,-14.050041198730469,78.5094
1776314873238000000,630.3740002441406,-18.37803840637207,70.4044
1776314873341000000,630.477,-21.61980438232422,64.3335
1776314873445000000,630.581,-9.490789413452148,87.0475
1776314873548000000,630.684,-12.520221710205078,81.3743
1776314873652000000,630.788,-14.188749313354492,78.2497
1776314873757000000,630.893,-14.86477279663086,76.9837
1776314873862000000,630.9980002441406,-13.83580207824707,78.9106
1776314873965000000,631.101,-12.914894104003906,80.6352
1776314874069000000,631.205,-14.51707935333252,77.6348
1776314874171000000,631.307,-15.729208946228027,75.3648
1776314874274000000,631.4099997558594,-9.938863754272461,86.2084
1776314874377000000,631.513,-11.965957641601562,82.4123
1776314874482000000,631.6179997558594,-15.505284309387207,75.7842
1776314874589000000,631.725,-14.361571311950684,77.9260
1776314874690000000,631.8259997558594,-17.268207550048828,72.4827
1776314874795000000,631.931,-20.690204620361328,66.0744
1776314874898000000,632.0339997558593,-22.476613998413086,62.7289
1776314875002000000,632.1379997558594,-16.064434051513672,74.7371
1776314875105000000,632.241,-18.193994522094727,70.7490
1776314875211000000,632.347,-20.914976119995117,65.6534
1776314875315000000,632.451,-18.549489974975586,70.0833
1776314875423000000,632.559,-16.36284828186035,74.1782
1776314875524000000,632.66,-15.412369728088379,75.9582
1776314875629000000,632.765,-20.10985565185547,67.1612
1776314875732000000,632.868,-7.812069416046143,90.1913
1776314875836000000,632.972,-10.853477478027344,84.4956
1776314875938000000,633.0739997558594,-14.774481773376465,77.1528
1776314876043000000,633.179,-19.199541091918945,68.8659
1776314876149000000,633.285,-16.971694946289062,73.0380
1776314876254000000,633.3900002441407,-17.772258758544922,71.5388
1776314876357000000,633.493,-20.03009796142578,67.3105
1776314876462000000,633.5980002441406,-17.878068923950195,71.3407
1776314876565000000,633.701,-17.02834129333496,72.9319
1776314876669000000,633.805,-20.453527450561523,66.5176
1776314876773000000,633.909,-16.183412551879883,74.5142
1776314876878000000,634.0140002441407,-12.963313102722168,80.5445
1776314876982000000,634.1180002441406,-13.689486503601074,79.1846
1776314877085000000,634.221,-15.811481475830078,75.2108
1776314877188000000,634.324,-8.470416069030762,88.9584
1776314877290000000,634.4259997558594,-9.690105438232422,86.6743
1776314877399000000,634.535,-13.89343547821045,78.8027
1776314877498000000,634.6339997558593,-16.07905387878418,74.7097
1776314877602000000,634.7379997558594,-14.694523811340332,77.3025
1776314877705000000,634.841,-16.783355712890625,73.3907
1776314877810000000,634.9459997558594,-19.528291702270508,68.2503
1776314877915000000,635.051,-21.108524322509766,65.2910
1776314878020000000,635.156,-13.103728294372559,80.2816
1776314878123000000,635.259,-15.199151992797852,76.3575
1776314878228000000,635.364,-17.997859954833984,71.1163
1776314878331000000,635.467,-8.918490409851074,88.1193
1776314878435000000,635.571,-11.487358093261719,83.3086
1776314878538000000,635.6739997558594,-15.39151668548584,75.9972
1776314878643000000,635.779,-15.057477951049805,76.6228
1776314878748000000,635.884,-12.970596313476562,80.5309
1776314878853000000,635.989,-14.976736068725586,76.7740
1776314878957000000,636.093,-19.764108657836914,67.8087
1776314879061000000,636.197,-23.43482780456543,60.9345
1776314879164000000,636.3,-14.82093334197998,77.0658
1776314879268000000,636.404,-12.779515266418457,80.8887
1776314879371000000,636.507,-11.454781532287598,83.3696
1776314879472000000,636.608,-11.861364364624023,82.6082
1776314879578000000,636.7139997558594,-15.332499504089355,76.1078
1776314879681000000,636.817,-19.21796989440918,68.8314
1776314879791000000,636.927,-13.78810977935791,78.9999
1776314879889000000,637.025,-13.042396545410156,80.3964
1776314879994000000,637.1299997558593,-15.341425895690918,76.0910
1776314880098000000,637.2339997558594,-19.17837905883789,68.9056
1776314880203000000,637.339,-7.40550422668457,90.9527
1776314880304000000,637.44,-9.70139217376709,86.6531
1776314880409000000,637.545,-13.295699119567871,79.9221
1776314880514000000,637.6499997558594,-14.439640045166016,77.7798
1776314880619000000,637.755,-10.201603889465332,85.7164
1776314880722000000,637.8579997558594,-11.712933540344238,82.8861
1776314880827000000,637.963,-16.226625442504883,74.4333
1776314880931000000,638.067,-14.383787155151367,77.8844
1776314881034000000,638.1699997558594,-13.960783004760742,78.6766
1776314881141000000,638.277,-15.772767066955566,75.2833
1776314881243000000,638.379,-17.08451271057129,72.8268
1776314881347000000,638.483,-16.387868881225586,74.1314
1776314881452000000,638.588,-9.571474075317383,86.8964
1776314881554000000,638.6899997558594,-11.682049751281738,82.9440
1776314881655000000,638.791,-11.950841903686523,82.4406
1776314881760000000,638.896,-9.630032539367676,86.7868
1776314881864000000,639,-11.538300514221191,83.2132
1776314881967000000,639.103,-15.311806678771973,76.1465
1776314882070000000,639.2060002441406,-20.236642837524414,66.9237
1776314882172000000,639.308,-23.730514526367188,60.3808
1776314882277000000,639.413,-12.52014446258545,81.3745
1776314882380000000,639.516,-15.57582950592041,75.6521
1776314882484000000,639.62,-14.59699821472168,77.4851
1776314882585000000,639.721,-17.571882247924805,71.9141
1776314882685000000,639.821,-18.585811614990234,70.0153
1776314882786000000,639.9219997558594,-16.54384422302246,73.8393
1776314882888000000,640.024,-12.483366966247559,81.4433
1776314882994000000,640.1299997558593,-14.291075706481934,78.0580
1776314883097000000,640.233,-18.06145477294922,70.9972
1776314883201000000,640.337,-8.25148868560791,89.3684
1776314883305000000,640.441,-12.366998672485352,81.6613
1776314883407000000,640.543,-8.553674697875977,88.8025
1776314883509000000,640.645,-9.213335037231445,87.5671
1776314883614000000,640.7500002441407,-12.525863647460938,81.3637
1776314883719000000,640.855,-10.093539237976074,85.9188
1776314883822000000,640.9580002441406,-11.60738468170166,83.0838
1776314883926000000,641.0620002441407,-15.393909454345703,75.9928
1776314884030000000,641.1660002441406,-15.513139724731445,75.7695
1776314884134000000,641.2700002441406,-15.994577407836914,74.8679
1776314884236000000,641.372,-16.906240463256836,73.1606
1776314884341000000,641.477,-9.508615493774414,87.0142
1776314884446000000,641.5820002441407,-12.168168067932129,82.0336
1776314884550000000,641.6860002441406,-11.471458435058594,83.3383
1776314884652000000,641.788,-9.529810905456543,86.9745
1776314884756000000,641.892,-11.767929077148438,82.7831
1776314884861000000,641.997,-13.38414192199707,79.7564
1776314884965000000,642.101,-11.68492317199707,82.9386
1776314885067000000,642.203,-14.417698860168457,77.8209
1776314885171000000,642.307,-16.12550163269043,74.6227
1776314885273000000,642.409,-18.850414276123047,69.5197
1776314885377000000,642.513,-19.949649810791016,67.4612
1776314885480000000,642.616,-10.123507499694824,85.8627
1776314885585000000,642.721,-13.498823165893555,79.5417
1776314885691000000,642.827,-17.456035614013672,72.1310
1776314885792000000,642.928,-11.414572715759277,83.4449
1776314885897000000,643.033,-11.161541938781738,83.9187
1776314886001000000,643.137,-14.200277328491211,78.2281
1776314886107000000,643.243,-15.85667610168457,75.1261
1776314886209000000,643.345,-17.45847511291504,72.1264
1776314886318000000,643.4540002441406,-13.278875350952148,79.9536
1776314886419000000,643.555,-11.665864944458008,82.9743
1776314886523000000,643.659,-14.19382095336914,78.2402
1776314886628000000,643.764,-12.336065292358398,81.7192
1776314886729000000,643.865,-14.381964683532715,77.8878
1776314886834000000,643.9699997558594,-18.79704475402832,69.6197
1776314886936000000,644.072,-8.611286163330078,88.6946
1776314887040000000,644.176,-11.725299835205078,82.8630
1776314887141000000,644.277,-12.551112174987793,81.3165
1776314887246000000,644.3820002441406,-14.85490608215332,77.0021
1776314887352000000,644.488,-11.972829818725586,82.3994
1776314887453000000,644.589,-15.163612365722656,76.4240
1776314887557000000,644.693,-17.119384765625,72.7614
1776314887681000000,644.817,-19.74863624572754,67.8376
1776314887794000000,644.9299997558594,-17.852153778076172,71.3892
1776314887899000000,645.035,-14.740281105041504,77.2168
1776314888001000000,645.137,-16.208942413330078,74.4664
1776314888104000000,645.24,-14.568511009216309,77.5385
1776314888209000000,645.345,-16.902774810791016,73.1671
1776314888314000000,645.4499997558594,-18.58009147644043,70.0260
1776314888419000000,645.555,-22.719322204589844,62.2744
1776314888523000000,645.659,-15.825196266174316,75.1851
1776314888628000000,645.764,-19.55776596069336,68.1951
1776314888733000000,645.869,-18.507768630981445,70.1614
1776314888890000000,646.0259997558594,-17.022075653076172,72.9437
1776314888942000000,646.0780002441406,-13.598531723022461,79.3550
1776314889046000000,646.1820002441407,-16.240110397338867,74.4081
1776314889149000000,646.285,-17.81481170654297,71.4591
1776314889251000000,646.387,-7.426815986633301,90.9128
1776314889355000000,646.491,-10.646883964538574,84.8825
1776314889460000000,646.596,-13.00018310546875,80.4755
1776314889562000000,646.6979997558594,-9.259310722351074,87.4810
1776314889666000000,646.8019997558594,-11.248641014099121,83.7556
1776314889769000000,646.905,-14.630595207214355,77.4222
1776314889873000000,647.009,-14.730748176574707,77.2347
1776314889976000000,647.112,-10.63712215423584,84.9008
1776314890079000000,647.215,-12.027639389038086,82.2968
1776314890186000000,647.3219997558593,-14.616971969604492,77.4477
1776314890285000000,647.421,-17.638093948364258,71.7901
1776314890389000000,647.525,-15.355353355407715,76.0650
1776314890489000000,647.625,-18.24239730834961,70.6584
1776314890595000000,647.731,-22.79766273498535,62.1277
1776314890699000000,647.835,-6.796458721160889,92.0932
1776314890802000000,647.9379997558593,-10.572834968566895,85.0212
1776314890904000000,648.04,-13.82863712310791,78.9240
1776314891011000000,648.147,-17.044523239135742,72.9016
1776314891118000000,648.2540002441406,-15.449129104614258,75.8893
1776314891220000000,648.356,-13.510828018188477,79.5192
1776314891321000000,648.457,-16.774269104003906,73.4077
1776314891422000000,648.5580002441407,-20.276010513305664,66.8500
1776314891527000000,648.663,-13.791540145874023,78.9935
1776314891632000000,648.768,-16.105077743530273,74.6609
1776314891737000000,648.873,-18.8432674407959,69.5331
1776314891838000000,648.9740002441406,-10.704377174377441,84.7749
1776314891939000000,649.075,-12.751213073730469,80.9417
1776314892041000000,649.177,-15.625144004821777,75.5597
1776314892146000000,649.2819997558594,-10.256739616394043,85.6131
1776314892250000000,649.3859997558594,-9.22841739654541,87.5389
1776314892352000000,649.488,-10.661979675292969,84.8543
1776314892456000000,649.592,-13.275445938110352,79.9600
1776314892556000000,649.692,-16.75146484375,73.4505
1776314892661000000,649.797,-13.06639289855957,80.3515
1776314892765000000,649.901,-16.015825271606445,74.8281
1776314892868000000,650.004,-18.84788703918457,69.5245
1776314892973000000,650.109,-9.97156047821045,86.1472
1776314893076000000,650.212,-13.766940116882324,79.0396
1776314893181000000,650.317,-16.75690269470215,73.4403
1776314893286000000,650.4220002441406,-19.659236907958984,68.0051
1776314893389000000,650.525,-14.389463424682617,77.8738
1776314893494000000,650.6300002441407,-16.86234474182129,73.2428
1776314893598000000,650.7340002441406,-15.669663429260254,75.4763
1776314893702000000,650.8380002441406,-6.831148624420166,92.0283
1776314893806000000,650.9420002441407,-9.725074768066406,86.6088
1776314893911000000,651.047,-12.072420120239258,82.2129
1776314894014000000,651.1500002441406,-14.894387245178223,76.9282
1776314894119000000,651.255,-13.851107597351074,78.8820
1776314894223000000,651.359,-14.798018455505371,77.1087
1776314894328000000,651.464,-16.934961318969727,73.1068
1776314894431000000,651.567,-19.64478874206543,68.0321
1776314894535000000,651.671,-14.608644485473633,77.4633
1776314894639000000,651.775,-18.218101501464844,70.7039
1776314894744000000,651.88,-21.694252014160156,64.1941
1776314894849000000,651.985,-16.852699279785156,73.2609
1776314894951000000,652.087,-15.59404182434082,75.6180
1776314895056000000,652.192,-17.828859329223633,71.4328
1776314895161000000,652.297,-19.350759506225586,68.5827
1776314895266000000,652.4019997558594,-10.769248008728027,84.6534
1776314895369000000,652.505,-12.346708297729492,81.6993
1776314895473000000,652.609,-15.753564834594727,75.3192
1776314895575000000,652.711,-10.225906372070312,85.6709
1776314895679000000,652.815,-13.265527725219727,79.9786
1776314895784000000,652.92,-15.160386085510254,76.4301
1776314895889000000,653.025,-18.15447235107422,70.8230
1776314895994000000,653.1299997558593,-12.737639427185059,80.9672
1776314896099000000,653.235,-15.55103588104248,75.6985
1776314896202000000,653.3379997558594,-18.202449798583984,70.7332
1776314896306000000,653.4419997558593,-14.223085403442383,78.1854
1776314896412000000,653.548,-17.551042556762695,71.9531
1776314896516000000,653.652,-19.58336639404297,68.1471
1776314896620000000,653.756,-21.89610481262207,63.8161
1776314896723000000,653.859,-8.93774700164795,88.0832
1776314896828000000,653.964,-13.331175804138184,79.8556
1776314896932000000,654.068,-11.37847900390625,83.5125
1776314897035000000,654.171,-12.758391380310059,80.9283
1776314897139000000,654.275,-12.688821792602539,81.0586
1776314897244000000,654.38,-14.52054500579834,77.6283
1776314897349000000,654.485,-16.522043228149414,73.8801
1776314897453000000,654.589,-17.066875457763672,72.8598
1776314897556000000,654.692,-20.14435386657715,67.0966
1776314897661000000,654.797,-24.331825256347656,59.2547
1776314897765000000,654.901,-22.79509925842285,62.1325
1776314897871000000,655.007,-14.683494567871094,77.3231
1776314897973000000,655.109,-13.045160293579102,80.3913
1776314898075000000,655.211,-15.743914604187012,75.3373
1776314898179000000,655.315,-18.480981826782227,70.2116
1776314898289000000,655.425,-10.576336860656738,85.0146
1776314898393000000,655.529,-14.150811195373535,78.3207
1776314898495000000,655.631,-17.115612030029297,72.7685
1776314898599000000,655.735,-10.688390731811523,84.8048
1776314898701000000,655.837,-13.34130859375,79.8367
1776314898806000000,655.9420002441407,-17.195619583129883,72.6187
1776314898909000000,656.045,-8.292559623718262,89.2915
1776314899013000000,656.149,-10.422635078430176,85.3025
1776314899129000000,656.265,-15.000555038452148,76.7294
1776314899229000000,656.365,-17.78793716430664,71.5094
1776314899332000000,656.468,-11.051005363464355,84.1257
1776314899435000000,656.571,-10.770477294921875,84.6511
1776314899540000000,656.676,-10.318285942077637,85.4979
1776314899642000000,656.7779997558594,-13.75313663482666,79.0654
1776314899746000000,656.8819997558594,-10.05418586730957,85.9925
1776314899850000000,656.9859997558593,-11.28586196899414,83.6859
1776314899955000000,657.091,-14.60359001159668,77.4728
1776314900060000000,657.196,-8.763190269470215,88.4101
1776314900162000000,657.2979997558593,-11.828750610351562,82.6692
1776314900265000000,657.401,-15.498787879943848,75.7963
1776314900368000000,657.504,-20.562320709228516,66.3138
1776314900471000000,657.607,-13.57451057434082,79.3999
1776314900573000000,657.709,-17.968984603881836,71.1704
1776314900678000000,657.8140002441406,-20.02849769592285,67.3135
1776314900782000000,657.9180002441407,-23.701290130615234,60.4355
1776314900884000000,658.02,-16.650056838989258,73.6404
1776314900987000000,658.123,-20.717111587524414,66.0240
1776314901088000000,658.224,-23.904516220092773,60.0549
1776314901194000000,658.3299997558594,-13.875482559204102,78.8363
1776314901298000000,658.4339997558594,-15.00527286529541,76.7206
1776314901400000000,658.536,-12.868776321411133,80.7216
1776314901504000000,658.64,-15.451032638549805,75.8858
1776314901611000000,658.747,-11.699450492858887,82.9114
1776314901716000000,658.852,-11.895596504211426,82.5441
1776314901819000000,658.955,-16.09391975402832,74.6818
1776314901921000000,659.057,-17.583091735839844,71.8931
1776314902021000000,659.157,-17.92991065979004,71.2436
1776314902125000000,659.261,-14.711410522460938,77.2709
1776314902228000000,659.364,-17.8974666595459,71.3043
1776314902331000000,659.467,-17.88936996459961,71.3195
1776314902434000000,659.5699997558594,-17.53180694580078,71.9891
1776314902537000000,659.673,-21.506669998168945,64.5454
1776314902639000000,659.775,-21.65128517150879,64.2745
1776314902741000000,659.877,-15.345440864562988,76.0835
1776314902845000000,659.981,-12.751333236694336,80.9415
1776314902950000000,660.0860002441407,-13.46725845336914,79.6008
1776314903055000000,660.191,-15.254168510437012,76.2544
1776314903156000000,660.292,-17.014034271240234,72.9587
1776314903260000000,660.396,-18.903404235839844,69.4205
1776314903365000000,660.501,-22.71992301940918,62.2733
1776314903468000000,660.604,-17.600311279296875,71.8608
1776314903571000000,660.707,-13.815169334411621,78.9493
1776314903676000000,660.812,-13.99038028717041,78.6211
1776314903780000000,660.916,-15.991968154907227,74.8728
1776314903883000000,661.019,-16.922779083251953,73.1296
1776314903988000000,661.124,-18.434249877929688,70.2991
1776314904092000000,661.228,-21.944128036499023,63.7261
1776314904195000000,661.331,-14.810226440429688,77.0858
1776314904295000000,661.431,-18.32935905456543,70.4955
1776314904400000000,661.536,-21.699337005615234,64.1846
1776314904504000000,661.64,-21.248613357543945,65.0286
1776314904605000000,661.741,-13.196422576904297,80.1080
1776314904710000000,661.8460002441407,-16.383710861206055,74.1391
1776314904811000000,661.947,-12.497079849243164,81.4177
1776314904917000000,662.053,-15.267391204833984,76.2297
1776314905019000000,662.155,-18.903520584106445,69.4203
1776314905120000000,662.256,-20.194290161132812,67.0031
1776314905226000000,662.3619997558594,-19.37895965576172,68.5299
1776314905328000000,662.464,-12.563830375671387,81.2926
1776314905433000000,662.569,-16.825469970703125,73.3119
1776314905537000000,662.673,-19.276077270507812,68.7226
1776314905641000000,662.777,-16.382099151611328,74.1422
1776314905745000000,662.881,-19.472150802612305,68.3554
1776314905848000000,662.984,-10.851332664489746,84.4996
1776314905950000000,663.0860002441407,-12.141345977783203,82.0838
1776314906053000000,663.189,-14.061720848083496,78.4875
1776314906154000000,663.2899997558594,-17.948570251464844,71.2086
1776314906257000000,663.393,-22.385908126831055,62.8988
1776314906361000000,663.497,-25.479915618896484,57.1047
1776314906464000000,663.6,-23.34833335876465,61.0965
1776314906568000000,663.704,-15.862837791442871,75.1146
1776314906670000000,663.8060002441406,-17.846927642822266,71.3990
1776314906772000000,663.908,-19.336259841918945,68.6099
1776314906875000000,664.011,-22.119531631469727,63.3977
1776314906979000000,664.115,-13.580031394958496,79.3896
1776314907081000000,664.217,-16.03390121459961,74.7942
1776314907186000000,664.3219997558593,-18.940855026245117,69.3504
1776314907288000000,664.424,-21.316633224487305,64.9012
1776314907390000000,664.5260002441406,-15.61156177520752,75.5852
1776314907492000000,664.628,-14.446903228759766,77.7662
1776314907594000000,664.7299997558594,-17.6138858795166,71.8354
1776314907698000000,664.8339997558594,-12.988945960998535,80.4965
1776314907801000000,664.937,-11.04452896118164,84.1379
1776314907904000000,665.04,-11.247566223144531,83.7576
1776314908023000000,665.159,-14.452993392944336,77.7548
1776314908115000000,665.251,-10.049137115478516,86.0019
1776314908218000000,665.3539997558594,-13.623260498046875,79.3087
1776314908321000000,665.457,-9.627458572387695,86.7916
1776314908425000000,665.561,-11.77647876739502,82.7671
1776314908538000000,665.6739997558594,-8.142383575439453,89.5727
1776314908640000000,665.776,-11.455131530761719,83.3689
1776314908745000000,665.881,-14.595353126525879,77.4882
1776314908848000000,665.984,-8.485300064086914,88.9305
1776314908952000000,666.088,-9.818181991577148,86.4344
1776314909057000000,666.193,-12.155342102050781,82.0576
1776314909158000000,666.2940002441406,-16.66737937927246,73.6079
1776314909261000000,666.397,-19.3822078704834,68.5238
1776314909365000000,666.501,-22.694053649902344,62.3217
1776314909466000000,666.6019997558594,-16.016263961791992,74.8273
1776314909571000000,666.707,-19.821456909179688,67.7013
1776314909676000000,666.812,-22.316801071166992,63.0282
1776314909778000000,666.9139997558593,-8.790183067321777,88.3596
1776314909883000000,667.019,-8.70440673828125,88.5202
1776314909987000000,667.123,-11.966087341308594,82.4120
1776314910088000000,667.224,-14.987914085388184,76.7531
1776314910193000000,667.329,-6.984863758087158,91.7404
1776314910297000000,667.433,-9.834759712219238,86.4034
1776314910402000000,667.5379997558593,-11.315692901611328,83.6300
1776314910503000000,667.639,-13.784515380859375,79.0067
1776314910605000000,667.741,-10.52542781829834,85.1100
1776314910709000000,667.845,-10.115851402282715,85.8770
1776314910812000000,667.948,-10.141584396362305,85.8288
1776314910917000000,668.053,-12.33948040008545,81.7128
1776314911022000000,668.1580002441407,-10.984466552734375,84.2503
1776314911126000000,668.2620002441406,-11.4453763961792,83.3872
1776314911229000000,668.365,-13.809489250183105,78.9599
1776314911332000000,668.468,-7.658970355987549,90.4780
1776314911435000000,668.571,-10.902764320373535,84.4033
1776314911539000000,668.675,-13.056716918945312,80.3696
1776314911641000000,668.777,-15.468645095825195,75.8528
1776314911745000000,668.881,-9.881850242614746,86.3152
1776314911851000000,668.987,-13.817031860351562,78.9458
1776314911954000000,669.0899997558594,-14.077160835266113,78.4586
1776314912056000000,669.192,-14.9513521194458,76.8215
1776314912161000000,669.297,-12.960268020629883,80.5502
1776314912266000000,669.4019997558594,-13.25587272644043,79.9967
1776314912368000000,669.504,-17.039281845092773,72.9115
1776314912474000000,669.6099997558593,-9.198015213012695,87.5958
1776314912579000000,669.715,-11.74422836303711,82.8275
1776314912682000000,669.8179997558593,-15.619779586791992,75.5698
1776314912787000000,669.923,-19.36175537109375,68.5622
1776314912892000000,670.028,-13.324520111083984,79.8681
1776314912996000000,670.132,-16.036666870117188,74.7891
1776314913100000000,670.236,-15.99543571472168,74.8663
1776314913204000000,670.34,-8.488107681274414,88.9253
1776314913306000000,670.4419997558593,-11.724480628967285,82.8645
1776314913411000000,670.547,-15.92855453491211,74.9915
1776314913516000000,670.652,-15.195047378540039,76.3652
1776314913621000000,670.757,-9.851717948913574,86.3716
1776314913722000000,670.8579997558594,-10.292420387268066,85.5463
1776314913827000000,670.963,-13.106393814086914,80.2766
1776314913930000000,671.0659997558594,-15.164654731750488,76.4221
1776314914033000000,671.169,-13.229253768920898,80.0465
1776314914136000000,671.272,-14.404953002929688,77.8448
1776314914238000000,671.3740002441406,-16.157358169555664,74.5630
1776314914341000000,671.477,-11.11229419708252,84.0109
1776314914441000000,671.577,-13.787160873413086,79.0017
1776314914546000000,671.6819997558594,-16.76209259033203,73.4305
1776314914650000000,671.7859997558594,-19.156177520751953,68.9471
1776314914755000000,671.891,-9.484894752502441,87.0586
1776314914856000000,671.992,-13.262090682983398,79.9850
1776314914962000000,672.0979997558594,-15.033308029174805,76.6680
1776314915063000000,672.199,-9.458549499511719,87.1079
1776314915167000000,672.303,-10.933727264404297,84.3453
1776314915271000000,672.407,-13.817658424377441,78.9446
1776314915376000000,672.512,-17.447647094726562,72.1467
1776314915480000000,672.616,-10.918427467346191,84.3740
1776314915584000000,672.72,-12.431631088256836,81.5402
1776314915688000000,672.824,-16.9921817779541,72.9997
1776314915789000000,672.925,-19.44965171813965,68.3975
1776314915894000000,673.0300002441406,-20.313562393188477,66.7797
1776314915997000000,673.133,-21.801715850830078,63.9928
1776314916101000000,673.237,-23.096914291381836,61.5673
1776314916205000000,673.341,-11.808670043945312,82.7068
1776314916313000000,673.449,-14.450136184692383,77.7602
1776314916412000000,673.548,-15.635213851928711,75.5409
1776314916514000000,673.6499997558594,-15.023165702819824,76.6870
1776314916620000000,673.756,-14.807361602783203,77.0912
1776314916722000000,673.8579997558594,-14.556355476379395,77.5612
1776314916823000000,673.959,-18.4677677154541,70.2363
1776314916928000000,674.064,-17.11868667602539,72.7628
1776314917031000000,674.167,-19.729337692260742,67.8738
1776314917135000000,674.271,-19.8184814453125,67.7068
1776314917239000000,674.375,-20.091371536254883,67.1958
1776314917344000000,674.48,-18.613590240478516,69.9632
1776314917448000000,674.584,-18.384140014648438,70.3929
1776314917553000000,674.689,-20.780221939086914,65.9058
1776314917656000000,674.792,-20.20186424255371,66.9889
1776314917761000000,674.897,-15.177117347717285,76.3987
1776314917864000000,675,-18.080575942993164,70.9614
1776314917969000000,675.105,-16.562252044677734,73.8048
1776314918072000000,675.208,-14.536507606506348,77.5984
1776314918172000000,675.308,-15.507976531982422,75.7791
1776314918278000000,675.4140002441407,-15.348834991455078,76.0772
1776314918381000000,675.517,-16.771276473999023,73.4134
1776314918485000000,675.621,-16.87461280822754,73.2198
1776314918589000000,675.725,-21.307397842407227,64.9185
1776314918690000000,675.8259997558594,-24.42879295349121,59.0731
1776314918794000000,675.9299997558594,-21.3697452545166,64.8018
1776314918898000000,676.0339997558593,-15.134400367736816,76.4787
1776314919002000000,676.1379997558594,-16.846590042114258,73.2723
1776314919106000000,676.2419997558594,-19.350248336791992,68.5837
1776314919211000000,676.347,-10.616592407226562,84.9392
1776314919315000000,676.451,-13.293333053588867,79.9265
1776314919418000000,676.5539997558594,-14.85342788696289,77.0049
1776314919530000000,676.6659997558594,-17.874679565429688,71.3470
1776314919632000000,676.768,-19.090076446533203,69.0709
1776314919735000000,676.871,-21.885480880737305,63.8360
1776314919838000000,676.9740002441406,-24.00862693786621,59.8599
1776314919940000000,677.076,-19.0301513671875,69.1831
1776314920044000000,677.18,-21.578495025634766,64.4109
1776314920149000000,677.285,-23.90386390686035,60.0561
1776314920252000000,677.388,-20.66005516052246,66.1308
1776314920355000000,677.491,-15.008731842041016,76.7141
1776314920458000000,677.5939997558594,-16.612001419067383,73.7116
1776314920562000000,677.6979997558594,-20.749614715576172,65.9631
1776314920665000000,677.801,-20.70541763305664,66.0459
1776314920769000000,677.905,-13.023510932922363,80.4318
1776314920874000000,678.0099997558593,-16.185657501220703,74.5100
1776314920974000000,678.1100002441407,-14.688207626342773,77.3143
1776314921079000000,678.215,-14.997146606445312,76.7358
1776314921182000000,678.3180002441406,-16.8427734375,73.2795
1776314921286000000,678.4220002441406,-18.81232452392578,69.5911
1776314921389000000,678.525,-22.628795623779297,62.4440
1776314921491000000,678.627,-14.576632499694824,77.5233
1776314921596000000,678.732,-15.398496627807617,75.9842
1776314921699000000,678.835,-18.26824951171875,70.6100
1776314921803000000,678.939,-14.091865539550781,78.4311
1776314921907000000,679.043,-16.9355525970459,73.1057
1776314922008000000,679.144,-20.393169403076172,66.6306
1776314922113000000,679.249,-18.867305755615234,69.4881
1776314922216000000,679.352,-8.818563461303711,88.3064
1776314922321000000,679.457,-11.299447059631348,83.6605
1776314922424000000,679.56,-14.042806625366211,78.5230
1776314922526000000,679.6620002441406,-16.738893508911133,73.4740
1776314922627000000,679.763,-11.155399322509766,83.9302
1776314922731000000,679.867,-15.151026725769043,76.4476
1776314922833000000,679.969,-18.32391357421875,70.5057
1776314922938000000,680.0739997558594,-14.029497146606445,78.5479
1776314923041000000,680.177,-16.891315460205078,73.1886
1776314923144000000,680.28,-18.786773681640625,69.6389
1776314923251000000,680.387,-15.541499137878418,75.7164
1776314923355000000,680.491,-14.348955154418945,77.9496
1776314923458000000,680.5939997558594,-17.393875122070312,72.2474
1776314923558000000,680.6940002441406,-20.649065017700195,66.1514
1776314923660000000,680.796,-22.215572357177734,63.2178
1776314923761000000,680.897,-9.702886581420898,86.6503
1776314923861000000,680.997,-12.626681327819824,81.1749
1776314923962000000,681.0979997558594,-12.76464557647705,80.9166
1776314924066000000,681.2019997558593,-13.596577644348145,79.3586
1776314924171000000,681.307,-14.602350234985352,77.4751
1776314924275000000,681.411,-17.387075424194336,72.2601
1776314924376000000,681.512,-20.263458251953125,66.8735
1776314924480000000,681.616,-17.986881256103516,71.1369
1776314924584000000,681.72,-12.6080322265625,81.2099
1776314924689000000,681.825,-16.273929595947266,74.3447
1776314924792000000,681.928,-17.443050384521484,72.1553
1776314924892000000,682.028,-15.632650375366211,75.5457
1776314924996000000,682.132,-17.02928924560547,72.9302
1776314925101000000,682.237,-13.224469184875488,80.0555
1776314925208000000,682.344,-8.599838256835938,88.7160
1776314925311000000,682.447,-10.162569046020508,85.7895
1776314925417000000,682.553,-12.2499418258667,81.8805
1776314925523000000,682.659,-14.109576225280762,78.3979
1776314925625000000,682.761,-7.730450630187988,90.3441
1776314925726000000,682.8620002441406,-10.9495267868042,84.3158
1776314925831000000,682.967,-10.880241394042969,84.4455
1776314925935000000,683.071,-10.500971794128418,85.1558
1776314926044000000,683.18,-10.809550285339355,84.5779
1776314926149000000,683.285,-8.639267921447754,88.6422
1776314926252000000,683.388,-9.509662628173828,87.0122
1776314926357000000,683.493,-12.683465003967285,81.0686
1776314926460000000,683.596,-14.48203182220459,77.7004
1776314926565000000,683.701,-16.306974411010742,74.2829
1776314926669000000,683.805,-15.212446212768555,76.3326
1776314926774000000,683.9100002441406,-10.783441543579102,84.6268
1776314926875000000,684.011,-12.619693756103516,81.1880
1776314926977000000,684.113,-9.63632869720459,86.7750
1776314927082000000,684.2179997558594,-11.0746431350708,84.0815
1776314927185000000,684.321,-13.19245433807373,80.1154
1776314927289000000,684.425,-14.371685028076172,77.9071
1776314927394000000,684.5299997558594,-11.207566261291504,83.8325
1776314927495000000,684.631,-13.363801002502441,79.7945
1776314927598000000,684.7340002441406,-12.79410457611084,80.8614
1776314927708000000,684.844,-15.55954647064209,75.6826
1776314927809000000,684.945,-12.43059253692627,81.5422
1776314927908000000,685.044,-9.901768684387207,86.2779
1776314928012000000,685.148,-13.826716423034668,78.9276
1776314928117000000,685.253,-16.962188720703125,73.0558
1776314928281000000,685.417,-12.625469207763672,81.1772
1776314928325000000,685.461,-13.584385871887207,79.3815
1776314928427000000,685.563,-15.61301040649414,75.5824
1776314928528000000,685.664,-17.2796688079834,72.4613
1776314928630000000,685.7660002441406,-17.614315032958984,71.8346
1776314928732000000,685.868,-19.249479293823242,68.7724
1776314928837000000,685.973,-15.353239059448242,76.0689
1776314928942000000,686.0780002441406,-14.085205078125,78.4436
1776314929046000000,686.1820002441407,-12.859831809997559,80.7383
1776314929147000000,686.283,-14.501117706298828,77.6647
1776314929251000000,686.387,-18.219755172729492,70.7008
1776314929356000000,686.492,-14.204154968261719,78.2208
1776314929461000000,686.597,-12.88731861114502,80.6869
1776314929566000000,686.7020002441407,-13.940881729125977,78.7138
1776314929669000000,686.805,-14.80208969116211,77.1011
1776314929773000000,686.909,-12.654142379760742,81.1235
1776314929874000000,687.0099997558593,-16.201875686645508,74.4797
1776314929978000000,687.1139997558594,-17.440885543823242,72.1594
1776314930082000000,687.2179997558594,-14.151284217834473,78.3198
1776314930185000000,687.321,-13.978180885314941,78.6440
1776314930290000000,687.4259997558594,-16.904939651489258,73.1630
1776314930391000000,687.527,-20.567623138427734,66.3039
1776314930492000000,687.628,-17.4035587310791,72.2293
1776314930595000000,687.731,-17.777280807495117,71.5294
1776314930695000000,687.831,-21.36245346069336,64.8154
1776314930798000000,687.9340002441406,-23.998918533325195,59.8781
1776314930899000000,688.035,-18.215805053710938,70.7082
1776314931003000000,688.139,-21.972145080566406,63.6737
1776314931108000000,688.244,-23.71468162536621,60.4104
1776314931210000000,688.3459997558593,-14.187019348144531,78.2529
1776314931313000000,688.449,-16.143396377563477,74.5892
1776314931416000000,688.552,-20.27232551574707,66.8569
1776314931522000000,688.6579997558594,-21.598878860473633,64.3727
1776314931626000000,688.7619997558594,-16.992448806762695,72.9992
1776314931730000000,688.8659997558593,-20.20196533203125,66.9887
1776314931830000000,688.9660002441407,-21.508501052856445,64.5419
1776314931934000000,689.0700002441406,-17.7675838470459,71.5476
1776314932039000000,689.175,-20.481685638427734,66.4649
1776314932143000000,689.279,-24.871335983276367,58.2443
1776314932251000000,689.387,-30.22239112854004,48.2234
1776314932355000000,689.491,-33.97567367553711,41.1946
1776314932459000000,689.595,-37.001243591308594,35.5286
1776314932562000000,689.6979997558594,-13.629332542419434,79.2973
1776314932662000000,689.7980002441407,-16.482324600219727,73.9545
1776314932765000000,689.901,-11.043657302856445,84.1395
1776314932884000000,690.02,-14.600619316101074,77.4783
1776314932987000000,690.123,-16.15488052368164,74.5677
1776314933094000000,690.2300002441406,-19.70854377746582,67.9127
1776314933216000000,690.352,-24.04749298095703,59.7872
1776314933327000000,690.463,-29.422765731811523,49.7209
1776314933424000000,690.56,-33.56208801269531,41.9691
1776314933527000000,690.663,-27.628435134887695,53.0811
1776314933637000000,690.773,-31.51830291748047,45.7965
1776314933770000000,690.9059997558594,-35.01168441772461,39.2545
1776314933869000000,691.005,-38.67237854003906,32.3991
1776314933972000000,691.108,-42.63461685180664,24.9790
1776314934092000000,691.228,-45.41106414794922,19.7795
1776314934191000000,691.327,-13.89525318145752,78.7993
1776314934294000000,691.4300002441406,-16.473188400268555,73.9716
1776314934395000000,691.531,-18.899011611938477,69.4287
1776314934502000000,691.6380002441406,-6.684060573577881,92.3037
1776314934605000000,691.741,-10.555145263671875,85.0543
1776314934711000000,691.847,-15.639917373657227,75.5321
1776314934815000000,691.951,-18.868017196655273,69.4868
1776314934918000000,692.0540002441406,-13.52589225769043,79.4910
1776314935021000000,692.157,-13.039271354675293,80.4023
1776314935124000000,692.26,-16.103775024414062,74.6634
1776314935229000000,692.365,-13.097140312194824,80.2939
1776314935331000000,692.467,-11.085074424743652,84.0619
1776314935435000000,692.571,-12.26888656616211,81.8450
1776314935537000000,692.673,-14.786213874816895,77.1308
1776314935641000000,692.777,-10.466998100280762,85.2194
1776314935743000000,692.879,-13.147359848022461,80.1999
1776314935844000000,692.98,-14.511268615722656,77.6457
1776314935950000000,693.0860002441407,-15.01322078704834,76.7057
1776314936052000000,693.188,-10.147525787353516,85.8177
1776314936157000000,693.293,-11.646315574645996,83.0109
1776314936259000000,693.395,-13.817323684692383,78.9452
1776314936362000000,693.4979997558594,-16.996509552001953,72.9916
1776314936468000000,693.604,-15.951277732849121,74.9490
1776314936571000000,693.707,-18.891246795654297,69.4433
1776314936674000000,693.8099997558594,-22.764461517333984,62.1899
1776314936777000000,693.913,-8.937450408935547,88.0838
1776314936879000000,694.015,-12.19426155090332,81.9847
1776314936988000000,694.124,-13.91403579711914,78.7641
1776314937093000000,694.229,-16.14901351928711,74.5787
1776314937196000000,694.332,-11.613792419433594,83.0718
1776314937299000000,694.435,-11.919310569763184,82.4996
1776314937403000000,694.539,-15.48373794555664,75.8245
1776314937510000000,694.6460002441406,-11.715346336364746,82.8816
1776314937614000000,694.7500002441407,-12.5350923538208,81.3465
1776314937718000000,694.8540002441406,-15.757591247558594,75.3117
1776314937821000000,694.957,-18.700820922851562,69.7999
1776314937931000000,695.067,-11.240577697753906,83.7707
1776314938033000000,695.169,-11.360600471496582,83.5459
1776314938138000000,695.2739997558593,-16.090328216552734,74.6886
1776314938242000000,695.3779997558594,-12.139657974243164,82.0870
1776314938342000000,695.4780002441406,-8.573323249816895,88.7657
1776314938444000000,695.58,-10.77964973449707,84.6339
1776314938547000000,695.683,-17.20787811279297,72.5957
1776314938648000000,695.784,-20.499605178833008,66.4313
1776314938753000000,695.889,-25.948408126831055,56.2273
1776314938857000000,695.993,-15.370122909545898,76.0373
1776314938961000000,696.097,-18.677631378173828,69.8433
1776314939066000000,696.2019997558593,-21.154586791992188,65.2047
1776314939170000000,696.3059997558594,-12.342689514160156,81.7068
1776314939274000000,696.4099997558594,-15.947821617126465,74.9554
1776314939378000000,696.5139997558593,-19.30135154724121,68.6753
1776314939481000000,696.617,-12.215200424194336,81.9455
1776314939586000000,696.7219997558594,-16.034648895263672,74.7928
1776314939696000000,696.832,-13.12313461303711,80.2452
1776314939796000000,696.932,-14.044487953186035,78.5198
1776314939901000000,697.037,-14.915322303771973,76.8890
1776314940006000000,697.1420002441406,-16.6105899810791,73.7143
1776314940111000000,697.247,-20.948368072509766,65.5909
1776314940217000000,697.353,-24.080659866333008,59.7250
1776314940322000000,697.4579997558594,-15.6544189453125,75.5049
1776314940427000000,697.563,-16.27402114868164,74.3446
1776314940531000000,697.667,-16.988037109375,73.0074
1776314940636000000,697.772,-12.101929664611816,82.1577
1776314940741000000,697.877,-14.413637161254883,77.8285
1776314940846000000,697.9820002441406,-18.092744827270508,70.9386
1776314940950000000,698.0860002441407,-16.144899368286133,74.5864
1776314941055000000,698.191,-17.303142547607422,72.4173
1776314941159000000,698.295,-20.581886291503906,66.2772
1776314941264000000,698.4,-24.284303665161133,59.3437
1776314941369000000,698.505,-10.83381175994873,84.5325
1776314941473000000,698.609,-14.64111042022705,77.4025
1776314941577000000,698.713,-16.17951774597168,74.5215
1776314941683000000,698.819,-16.787975311279297,73.3821
1776314941788000000,698.924,-11.986804008483887,82.3732
1776314941892000000,699.028,-13.744147300720215,79.0823
1776314941996000000,699.132,-17.21613121032715,72.5803
1776314942098000000,699.2339997558594,-8.284380912780762,89.3068
1776314942203000000,699.339,-12.43056869506836,81.5422
1776314942308000000,699.444,-15.67280387878418,75.4705
1776314942410000000,699.5459997558594,-15.800093650817871,75.2321
1776314942515000000,699.651,-18.863283157348633,69.4956
1776314942619000000,699.755,-6.668300151824951,92.3332
1776314942723000000,699.859,-8.119585990905762,89.6154
1776314942826000000,699.9619997558593,-10.655433654785156,84.8665
1776314942929000000,700.065,-14.735600471496582,77.2256
1776314943033000000,700.169,-19.37300682067871,68.5411
1776314943138000000,700.2739997558593,-22.813758850097656,62.0976
1776314943242000000,700.3779997558594,-21.457643508911133,64.6372
1776314943343000000,700.479,-11.207892417907715,83.8319
1776314943448000000,700.584,-13.126044273376465,80.2398
1776314943553000000,700.689,-15.3179292678833,76.1350
1776314943658000000,700.7939997558594,-18.96495819091797,69.3052
1776314943762000000,700.8979997558594,-12.991924285888672,80.4910
1776314943867000000,701.003,-15.572405815124512,75.6585
1776314943971000000,701.107,-15.8748140335083,75.0922
1776314944074000000,701.2099997558594,-19.5157470703125,68.2738
1776314944177000000,701.313,-12.550493240356445,81.3176
1776314944281000000,701.417,-12.564614295959473,81.2912
1776314944386000000,701.5219997558594,-16.42820930480957,74.0558
1776314944492000000,701.628,-8.113138198852539,89.6275
1776314944596000000,701.732,-10.642553329467773,84.8906
1776314944697000000,701.833,-7.450698375701904,90.8680
1776314944798000000,701.9340002441406,-8.372650146484375,89.1415
1776314944903000000,702.039,-7.183913707733154,91.3676
1776314945008000000,702.144,-11.625444412231445,83.0500
1776314945109000000,702.245,-15.438863754272461,75.9086
1776314945213000000,702.349,-17.64012908935547,71.7862
1776314945315000000,702.451,-21.85624122619629,63.8907
1776314945415000000,702.551,-13.024251937866211,80.4304
1776314945520000000,702.656,-15.43215274810791,75.9211
1776314945625000000,702.761,-17.546539306640625,71.9615
1776314945730000000,702.8659997558593,-21.60477066040039,64.3616
1776314945831000000,702.967,-14.018937110900879,78.5677
1776314945936000000,703.072,-18.09400749206543,70.9363
1776314946038000000,703.1740002441406,-11.751189231872559,82.8145
1776314946142000000,703.2780002441406,-13.626418113708496,79.3027
1776314946244000000,703.38,-11.526991844177246,83.2343
1776314946348000000,703.484,-9.518458366394043,86.9957
1776314946451000000,703.587,-11.589547157287598,83.1172
1776314946555000000,703.691,-12.033092498779297,82.2866
1776314946660000000,703.796,-14.806036949157715,77.0937
1776314946765000000,703.901,-17.483970642089844,72.0787
1776314946866000000,704.0019997558594,-18.565031051635742,70.0542
1776314946970000000,704.1059997558593,-13.10306167602539,80.2828
1776314947072000000,704.208,-11.21489429473877,83.8188
1776314947176000000,704.312,-10.450913429260254,85.2495
1776314947278000000,704.4140002441407,-12.876877784729004,80.7064
1776314947379000000,704.515,-12.073822021484375,82.2103
1776314947481000000,704.617,-12.779573440551758,80.8886
1776314947584000000,704.72,-13.003911972045898,80.4685
1776314947689000000,704.825,-14.586999893188477,77.5039
1776314947794000000,704.9299997558594,-19.224245071411133,68.8197
1776314947898000000,705.0339997558593,-21.000547409057617,65.4932
1776314948003000000,705.139,-19.453197479248047,68.3909
1776314948106000000,705.2419997558594,-14.168695449829102,78.2872
1776314948211000000,705.347,-17.662527084350586,71.7443
1776314948312000000,705.448,-21.31915855407715,64.8965
1776314948416000000,705.552,-9.965128898620605,86.1592
1776314948521000000,705.657,-12.371834754943848,81.6522
1776314948625000000,705.761,-15.224675178527832,76.3097
1776314948728000000,705.864,-16.676387786865234,73.5910
1776314948831000000,705.967,-11.943830490112305,82.4537
1776314948932000000,706.068,-15.151978492736816,76.4458
1776314949033000000,706.169,-16.12433433532715,74.6249
1776314949135000000,706.271,-17.654624938964844,71.7591
1776314949240000000,706.376,-14.32300853729248,77.9982
1776314949344000000,706.48,-16.826189041137695,73.3105
1776314949446000000,706.5820002441407,-13.361676216125488,79.7985
1776314949546000000,706.6819997558594,-11.117124557495117,84.0019
1776314949650000000,706.7859997558594,-14.189831733703613,78.2476
1776314949751000000,706.887,-15.173162460327148,76.4061
1776314949856000000,706.992,-17.154664993286133,72.6954
1776314949960000000,707.096,-12.087169647216797,82.1853
1776314950066000000,707.2019997558593,-16.747901916503906,73.4571
1776314950171000000,707.307,-19.985576629638672,67.3939
1776314950275000000,707.411,-23.551715850830078,60.7156
1776314950380000000,707.516,-18.602624893188477,69.9838
1776314950484000000,707.62,-16.507932662963867,73.9065
1776314950589000000,707.725,-16.302034378051758,74.2921
1776314950694000000,707.8300002441406,-16.084720611572266,74.6991
1776314950799000000,707.935,-18.294631958007812,70.5606
1776314950900000000,708.036,-21.110355377197266,65.2875
1776314951004000000,708.14,-24.652969360351562,58.6533
1776314951108000000,708.244,-11.39089298248291,83.4892
1776314951211000000,708.347,-15.506880760192871,75.7812
1776314951314000000,708.4499997558594,-20.759668350219727,65.9443
1776314951416000000,708.552,-22.156097412109375,63.3292
1776314951521000000,708.657,-14.621941566467285,77.4384
1776314951625000000,708.761,-16.81266975402832,73.3358
1776314951730000000,708.8659997558593,-18.546573638916016,70.0887
1776314951833000000,708.969,-11.2854642868042,83.6867
1776314951935000000,709.071,-15.094738006591797,76.5530
1776314952040000000,709.176,-17.800966262817383,71.4850
1776314952142000000,709.2780002441406,-20.365524291992188,66.6824
1776314952245000000,709.381,-12.6270751953125,81.1742
1776314952348000000,709.484,-16.040132522583008,74.7826
1776314952451000000,709.587,-15.946160316467285,74.9585
1776314952556000000,709.692,-9.731639862060547,86.5965
1776314952661000000,709.797,-9.045165061950684,87.8821
1776314952764000000,709.9,-11.420565605163574,83.4336
1776314952868000000,710.004,-13.561625480651855,79.4241
1776314952968000000,710.104,-14.617205619812012,77.4473
1776314953068000000,710.204,-16.150074005126953,74.5767
1776314953169000000,710.305,-20.626916885375977,66.1929
1776314953275000000,710.411,-7.552181243896484,90.6780
1776314953377000000,710.513,-9.99328899383545,86.1065
1776314953480000000,710.616,-12.960898399353027,80.5491
1776314953583000000,710.719,-14.786747932434082,77.1298
1776314953688000000,710.824,-9.872265815734863,86.3332
1776314953793000000,710.929,-11.50063705444336,83.2837
1776314953897000000,711.033,-14.556966781616211,77.5601
1776314953998000000,711.1340002441407,-16.41179847717285,74.0865
1776314954102000000,711.2380002441406,-12.067119598388672,82.2228
1776314954205000000,711.341,-13.236724853515625,80.0325
1776314954310000000,711.4460002441406,-16.029882431030273,74.8018
1776314954414000000,711.5500002441406,-7.604190349578857,90.5806
1776314954519000000,711.655,-10.041390419006348,86.0164
1776314954619000000,711.755,-13.014742851257324,80.4482
1776314954725000000,711.861,-8.954794883728027,88.0513
1776314954828000000,711.964,-7.953483581542969,89.9265
1776314954933000000,712.069,-9.210238456726074,87.5729
1776314955036000000,712.172,-12.557295799255371,81.3049
1776314955141000000,712.277,-15.325870513916016,76.1202
1776314955245000000,712.381,-9.825730323791504,86.4203
1776314955348000000,712.484,-11.686369895935059,82.9359
1776314955451000000,712.587,-15.865102767944336,75.1103
1776314955554000000,712.6899997558594,-10.444731712341309,85.2611
1776314955659000000,712.795,-13.871684074401855,78.8434
1776314955762000000,712.8979997558594,-17.6148624420166,71.8336
1776314955867000000,713.003,-20.14048194885254,67.1038
1776314955967000000,713.103,-9.532684326171875,86.9691
1776314956070000000,713.2060002441406,-12.779022216796875,80.8897
1776314956176000000,713.312,-14.215824127197266,78.1990
1776314956279000000,713.415,-8.021221160888672,89.7996
1776314956383000000,713.519,-9.974072456359863,86.1425
1776314956485000000,713.621,-12.431111335754395,81.5412
1776314956590000000,713.7260002441407,-12.658591270446777,81.1152
1776314956691000000,713.827,-15.649455070495605,75.5142
1776314956796000000,713.932,-13.8408784866333,78.9011
1776314956901000000,714.037,-13.214746475219727,80.0737
1776314957002000000,714.1379997558594,-16.0374755859375,74.7875
1776314957104000000,714.24,-13.350035667419434,79.8203
1776314957206000000,714.3420002441406,-16.724525451660156,73.5009
1776314957311000000,714.447,-21.024673461914062,65.4480
1776314957414000000,714.5500002441406,-13.805242538452148,78.9679
1776314957518000000,714.6540002441407,-16.1545467376709,74.5683
1776314957624000000,714.76,-13.344773292541504,79.8302
1776314957729000000,714.865,-16.6313533782959,73.6754
1776314957833000000,714.969,-8.489677429199219,88.9223
1776314957937000000,715.073,-11.201412200927734,83.8441
1776314958038000000,715.1740002441406,-13.429963111877441,79.6706
1776314958141000000,715.277,-16.83742332458496,73.2895
1776314958246000000,715.3820002441406,-12.09205150604248,82.1762
1776314958349000000,715.485,-14.536186218261719,77.5990
1776314958452000000,715.588,-17.007347106933594,72.9713
1776314958556000000,715.692,-8.301920890808105,89.2739
1776314958661000000,715.797,-11.521265029907227,83.2451
1776314958766000000,715.9020002441406,-15.458793640136719,75.8712
1776314958870000000,716.0060002441406,-13.99521255493164,78.6121
1776314958975000000,716.111,-17.45071792602539,72.1410
1776314959077000000,716.213,-20.108722686767578,67.1633
1776314959179000000,716.315,-22.565406799316406,62.5627
1776314959282000000,716.4179997558593,-24.689895629882812,58.5841
1776314959385000000,716.521,-14.591076850891113,77.4962
1776314959489000000,716.625,-16.922893524169922,73.1294
1776314959591000000,716.727,-15.997815132141113,74.8618
1776314959695000000,716.831,-13.049016952514648,80.3840
1776314959800000000,716.936,-16.637723922729492,73.6635
1776314959903000000,717.039,-17.507518768310547,72.0346
1776314960009000000,717.145,-21.583890914916992,64.4007
1776314960111000000,717.247,-22.76484489440918,62.1892
1776314960216000000,717.352,-26.831695556640625,54.5732
1776314960318000000,717.4540002441406,-29.287843704223633,49.9735
1776314960421000000,717.557,-15.735712051391602,75.3527
1776314960525000000,717.661,-19.019386291503906,69.2033
1776314960629000000,717.765,-21.028093338012695,65.4416
1776314960734000000,717.8700002441407,-23.049047470092773,61.6569
1776314960837000000,717.973,-12.375006675720215,81.6463
1776314960941000000,718.077,-14.445899963378906,77.7681
1776314961046000000,718.1820002441407,-18.985288619995117,69.2672
1776314961147000000,718.283,-20.694562911987305,66.0662
1776314961251000000,718.387,-15.351991653442383,76.0712
1776314961354000000,718.4899997558593,-19.272802352905273,68.7287
1776314961458000000,718.5939997558594,-18.075883865356445,70.9702
1776314961562000000,718.6979997558594,-13.132131576538086,80.2284
1776314961667000000,718.803,-16.585872650146484,73.7606
1776314961770000000,718.9059997558594,-19.340673446655273,68.6016
1776314961875000000,719.011,-16.164928436279297,74.5489
1776314961979000000,719.115,-16.974594116210938,73.0326
1776314962082000000,719.2179997558594,-13.111748695373535,80.2666
1776314962185000000,719.321,-15.053449630737305,76.6303
1776314962287000000,719.423,-13.084945678710938,80.3168
1776314962390000000,719.5260002441406,-15.41788101196289,75.9479
1776314962493000000,719.629,-15.106832504272461,76.5304
1776314962596000000,719.732,-18.26271629333496,70.6203
1776314962700000000,719.836,-11.295451164245605,83.6679
1776314962805000000,719.941,-14.3275728225708,77.9897
1776314962906000000,720.0419997558594,-19.296152114868164,68.6850
1776314963011000000,720.147,-23.46234703063965,60.8830
1776314963115000000,720.251,-17.633039474487305,71.7995
1776314963217000000,720.353,-21.096723556518555,65.3131
1776314963320000000,720.456,-24.981653213500977,58.0377
1776314963422000000,720.5580002441407,-12.111770629882812,82.1392
1776314963528000000,720.664,-16.912696838378906,73.1485
1776314963630000000,720.7660002441406,-20.722780227661133,66.0134
1776314963734000000,720.8700002441407,-13.753471374511719,79.0648
1776314963839000000,720.975,-16.7893009185791,73.3796
1776314963941000000,721.077,-16.4548282623291,74.0060
1776314964046000000,721.1820002441407,-16.489652633666992,73.9407
1776314964149000000,721.285,-18.862564086914062,69.4970
1776314964251000000,721.387,-13.006192207336426,80.4642
1776314964354000000,721.4899997558593,-16.112812042236328,74.6465
1776314964456000000,721.592,-19.46177101135254,68.3749
1776314964558000000,721.6940002441406,-18.11944580078125,70.8886
1776314964661000000,721.797,-13.031579971313477,80.4167
1776314964764000000,721.9,-16.1647891998291,74.5491
1776314964870000000,722.0060002441406,-18.34044647216797,70.4748
1776314964973000000,722.109,-18.098262786865234,70.9283
1776314965078000000,722.2140002441406,-17.906721115112305,71.2870
1776314965181000000,722.317,-19.81742286682129,67.7088
1776314965283000000,722.419,-22.77398109436035,62.1721
1776314965388000000,722.524,-14.91146469116211,76.8962
1776314965489000000,722.625,-10.067948341369629,85.9667
1776314965591000000,722.727,-11.294412612915039,83.6699
1776314965695000000,722.831,-11.392123222351074,83.4869
1776314965799000000,722.935,-14.768125534057617,77.1647
1776314965904000000,723.04,-18.180377960205078,70.7745
1776314966007000000,723.143,-22.355260848999023,62.9562
1776314966112000000,723.248,-14.185065269470215,78.2566
1776314966215000000,723.351,-15.48340892791748,75.8251
1776314966317000000,723.453,-16.804187774658203,73.3517
1776314966422000000,723.5580002441407,-17.067657470703125,72.8583
1776314966524000000,723.66,-17.951984405517578,71.2022
1776314966626000000,723.7619997558594,-20.941553115844727,65.6037
1776314966731000000,723.867,-18.525846481323242,70.1276
1776314966834000000,723.9699997558594,-13.762045860290527,79.0487
1776314966938000000,724.0739997558594,-17.593141555786133,71.8742
1776314967043000000,724.179,-22.09784507751465,63.4383
1776314967148000000,724.284,-14.147059440612793,78.3277
1776314967253000000,724.389,-16.369897842407227,74.1650
1776314967355000000,724.491,-18.52878189086914,70.1221
1776314967459000000,724.595,-15.318063735961914,76.1348
1776314967561000000,724.697,-18.08927345275879,70.9451
1776314967666000000,724.8019997558594,-20.854045867919922,65.7675
1776314967771000000,724.907,-20.862655639648438,65.7514
1776314967874000000,725.0099997558593,-18.334781646728516,70.4854
1776314967976000000,725.112,-12.343368530273438,81.7055
1776314968081000000,725.217,-16.57965850830078,73.7722
1776314968183000000,725.319,-20.522964477539062,66.3876
1776314968287000000,725.423,-16.420440673828125,74.0704
1776314968390000000,725.5260002441406,-20.549060821533203,66.3387
1776314968493000000,725.629,-8.451218605041504,88.9944
1776314968596000000,725.732,-9.509626388549805,87.0123
1776314968700000000,725.836,-13.939811706542969,78.7158
1776314968805000000,725.941,-17.96437644958496,71.1790
1776314968910000000,726.0460002441406,-22.3945255279541,62.8827
1776314969015000000,726.151,-23.81766128540039,60.2176
1776314969117000000,726.253,-20.994827270507812,65.5039
1776314969221000000,726.357,-12.80455207824707,80.8418
1776314969326000000,726.4620002441407,-15.582691192626953,75.6392
1776314969431000000,726.567,-19.510103225708008,68.2843
1776314969535000000,726.671,-14.67703914642334,77.3352
1776314969639000000,726.775,-16.91370391845703,73.1466
1776314969742000000,726.8780002441406,-19.540664672851562,68.2271
1776314969844000000,726.98,-20.910003662109375,65.6627
1776314969949000000,727.085,-24.70781898498535,58.5506
1776314970053000000,727.189,-13.46640396118164,79.6024
1776314970157000000,727.293,-13.630980491638184,79.2942
1776314970260000000,727.396,-8.981389999389648,88.0015
1776314970362000000,727.4979997558594,-9.454774856567383,87.1150
1776314970466000000,727.6019997558594,-12.886218070983887,80.6889
1776314970571000000,727.707,-14.819499015808105,77.0685
1776314970676000000,727.812,-8.992122650146484,87.9814
1776314970780000000,727.916,-10.830182075500488,84.5393
1776314970885000000,728.021,-11.743196487426758,82.8295
1776314970988000000,728.124,-15.065526008605957,76.6077
1776314971093000000,728.229,-18.048643112182617,71.0212
1776314971198000000,728.3340002441406,-12.627178192138672,81.1740
1776314971302000000,728.4380002441407,-15.12626838684082,76.4940
1776314971405000000,728.541,-17.21453857421875,72.5833
1776314971510000000,728.6460002441406,-21.741891860961914,64.1049
1776314971615000000,728.751,-12.288743019104004,81.8078
1776314971719000000,728.855,-16.063398361206055,74.7390
1776314971822000000,728.9580002441406,-14.259481430053711,78.1172
1776314971927000000,729.063,-15.439648628234863,75.9071
1776314972030000000,729.1660002441406,-13.080078125,80.3259
1776314972135000000,729.271,-12.116706848144531,82.1300
1776314972240000000,729.376,-14.149286270141602,78.3236
1776314972344000000,729.48,-11.924585342407227,82.4898
1776314972447000000,729.583,-15.183282852172852,76.3872
1776314972552000000,729.688,-17.28992462158203,72.4421
1776314972656000000,729.792,-19.520580291748047,68.2647
1776314972758000000,729.8940002441407,-12.406892776489258,81.5865
1776314972859000000,729.995,-12.004979133605957,82.3392
1776314972962000000,730.0979997558594,-11.960203170776367,82.4231
1776314973065000000,730.201,-14.646864891052246,77.3917
1776314973170000000,730.3059997558594,-11.35572624206543,83.5551
1776314973274000000,730.4099997558594,-13.717658042907715,79.1319
1776314973375000000,730.511,-14.652724266052246,77.3808
1776314973479000000,730.615,-15.346761703491211,76.0810
1776314973584000000,730.72,-19.16486167907715,68.9309
1776314973688000000,730.824,-22.026596069335938,63.5717
1776314973791000000,730.927,-21.29815673828125,64.9358
1776314973896000000,731.032,-15.60227108001709,75.6026
1776314973998000000,731.1340002441407,-18.391584396362305,70.3790
1776314974100000000,731.236,-22.97276496887207,61.7998
1776314974204000000,731.34,-15.692095756530762,75.4343
1776314974308000000,731.444,-11.276374816894531,83.7037
1776314974413000000,731.549,-13.546502113342285,79.4524
1776314974515000000,731.651,-15.546801567077637,75.7064
1776314974620000000,731.756,-10.654328346252441,84.8686
1776314974725000000,731.861,-14.749095916748047,77.2003
1776314974829000000,731.965,-15.991086959838867,74.8744
1776314974934000000,732.0700002441406,-17.764488220214844,71.5534
1776314975039000000,732.175,-12.682073593139648,81.0712
1776314975144000000,732.28,-15.940568923950195,74.9690
1776314975247000000,732.383,-19.632335662841797,68.0554
1776314975347000000,732.483,-9.932096481323242,86.2211
1776314975450000000,732.5859997558593,-13.146055221557617,80.2023
1776314975556000000,732.692,-14.405233383178711,77.8442
1776314975659000000,732.795,-16.330228805541992,74.2393
1776314975762000000,732.8979997558594,-12.238966941833496,81.9010
1776314975867000000,733.003,-16.043678283691406,74.7759
1776314975973000000,733.109,-19.894071578979492,67.5653
1776314976076000000,733.212,-23.300003051757812,61.1870
1776314976181000000,733.317,-18.65826416015625,69.8796
1776314976286000000,733.4220002441406,-16.887386322021484,73.1959
1776314976390000000,733.5260002441406,-15.643560409545898,75.5252
1776314976493000000,733.629,-16.309131622314453,74.2788
1776314976596000000,733.732,-18.548921585083008,70.0843
1776314976698000000,733.8339997558594,-21.473669052124023,64.6072
1776314976799000000,733.935,-25.080244064331055,57.8531
1776314976900000000,734.036,-10.768880844116211,84.6541
1776314977005000000,734.141,-15.901618957519531,75.0420
1776314977107000000,734.243,-20.10965919494629,67.1615
1776314977212000000,734.348,-17.98346519470215,71.1433
1776314977315000000,734.451,-16.561677932739258,73.8059
1776314977415000000,734.551,-17.06465721130371,72.8639
1776314977520000000,734.656,-18.464603424072266,70.2423
1776314977624000000,734.76,-11.009641647338867,84.2032
1776314977729000000,734.865,-13.891458511352539,78.8064
1776314977830000000,734.9660002441407,-16.551504135131836,73.8249
1776314977934000000,735.0700002441406,-18.863492965698242,69.4952
1776314978039000000,735.175,-11.823142051696777,82.6797
1776314978145000000,735.281,-14.664466857910156,77.3588
1776314978250000000,735.3859997558594,-17.00658416748047,72.9727
1776314978355000000,735.491,-13.872185707092285,78.8425
1776314978458000000,735.5939997558594,-14.616039276123047,77.4495
1776314978563000000,735.699,-17.086444854736328,72.8231
1776314978664000000,735.8,-19.111303329467773,69.0312
1776314978768000000,735.904,-17.776578903198242,71.5307
1776314978870000000,736.0060002441406,-19.845190048217773,67.6568
1776314978975000000,736.111,-24.648670196533203,58.6613
1776314979080000000,736.216,-11.844069480895996,82.6405
1776314979185000000,736.321,-12.295790672302246,81.7946
1776314979290000000,736.4259997558594,-15.063819885253906,76.6109
1776314979395000000,736.531,-17.357215881347656,72.3161
1776314979500000000,736.636,-10.778286933898926,84.6364
1776314979605000000,736.741,-13.749125480651855,79.0729
1776314979711000000,736.847,-18.012603759765625,71.0887
1776314979814000000,736.9500002441406,-20.27992820739746,66.8427
1776314979918000000,737.0540002441406,-14.051560401916504,78.5066
1776314980018000000,737.1539997558593,-16.474517822265625,73.9691
1776314980123000000,737.259,-19.548770904541016,68.2119
1776314980226000000,737.3619997558594,-11.608546257019043,83.0816
1776314980330000000,737.4659997558593,-14.068489074707031,78.4749
1776314980431000000,737.567,-17.386459350585938,72.2613
1776314980535000000,737.671,-14.783554077148438,77.1358
1776314980640000000,737.776,-9.15847396850586,87.6699
1776314980746000000,737.8819997558594,-12.083269119262695,82.1926
1776314980850000000,737.9859997558593,-15.079744338989258,76.5811
1776314980955000000,738.091,-18.941743850708008,69.3487
1776314981060000000,738.196,-16.28178596496582,74.3300
1776314981165000000,738.301,-18.94683837890625,69.3392
1776314981270000000,738.4060002441406,-21.880706787109375,63.8449
1776314981375000000,738.511,-13.672588348388672,79.2163
1776314981479000000,738.615,-16.38890838623047,74.1294
1776314981583000000,738.719,-20.818866729736328,65.8334
1776314981686000000,738.8220002441407,-19.90184783935547,67.5507
1776314981788000000,738.924,-12.815742492675781,80.8209
1776314981893000000,739.029,-15.500606536865234,75.7929
1776314981998000000,739.1340002441407,-15.074389457702637,76.5911
1776314982103000000,739.239,-12.494412422180176,81.4226
1776314982203000000,739.339,-16.9235897064209,73.1281
1776314982304000000,739.44,-21.314128875732422,64.9059
1776314982409000000,739.545,-26.775392532348633,54.6786
1776314982508000000,739.644,-31.061735153198242,46.6516
1776314982613000000,739.749,-36.163822174072266,37.0969
1776314982715000000,739.851,-40.10676193237305,29.7129
1776314982820000000,739.956,-44.4620361328125,21.5568
1776314982925000000,740.061,-47.62519454956055,15.6331
1776314983030000000,740.1660002441406,-51.017127990722656,9.2810
1776314983135000000,740.271,-52.31427764892578,6.8518
1776314983239000000,740.375,-49.68513870239258,11.7754
1776314983340000000,740.476,-50.029510498046875,11.1305
1776314983445000000,740.581,-52.0182991027832,7.4061
1776314983549000000,740.685,-53.60635757446289,4.4322
1776314983651000000,740.787,-53.53298568725586,4.5696
1776314983756000000,740.892,-54.646141052246094,2.4850
1776314983861000000,740.997,-55.021907806396484,1.7813
1776314983966000000,741.1020002441406,-55.97307586669922,0.0000
1776314984068000000,741.204,-54.854488372802734,2.0948
1776314984173000000,741.309,-53.98656463623047,3.7201
1776314984278000000,741.4140002441407,-53.34309387207031,4.9252
1776314984383000000,741.519,-53.31332778930664,4.9809
1776314984486000000,741.6220002441406,-52.203582763671875,7.0591
1776314984591000000,741.727,-50.407745361328125,10.4222
1776314984696000000,741.832,-14.72027587890625,77.2543
1776314984800000000,741.936,-14.939111709594727,76.8445
1776314984903000000,742.039,-16.74696922302246,73.4589
1776314985003000000,742.139,-17.06759262084961,72.8584
1776314985108000000,742.244,-21.264057159423828,64.9997
1776314985213000000,742.349,-19.141185760498047,68.9752
1776314985317000000,742.453,-14.975638389587402,76.7760
1776314985419000000,742.555,-20.19750213623047,66.9970
1776314985522000000,742.6579997558594,-15.817866325378418,75.1988
1776314985622000000,742.7580002441406,-20.757707595825195,65.9479
1776314985723000000,742.859,-13.657872200012207,79.2438
1776314985824000000,742.96,-14.513328552246094,77.6418
1776314985929000000,743.065,-14.818357467651367,77.0706
1776314986034000000,743.1699997558594,-16.653419494628906,73.6341
1776314986137000000,743.273,-20.242229461669922,66.9133
1776314986237000000,743.373,-13.978483200073242,78.6434
1776314986342000000,743.4780002441406,-15.169651985168457,76.4127
1776314986446000000,743.5820002441407,-16.939083099365234,73.0991
1776314986551000000,743.687,-8.996759414672852,87.9727
1776314986653000000,743.789,-12.29289722442627,81.8000
1776314986759000000,743.895,-18.89198112487793,69.4419
1776314986862000000,743.9980002441406,-22.160202026367188,63.3215
1776314986965000000,744.101,-10.902375221252441,84.4041
1776314987068000000,744.204,-13.377646446228027,79.7686
1776314987173000000,744.309,-10.007266998291016,86.0803
1776314987278000000,744.4140002441407,-12.524736404418945,81.3659
1776314987381000000,744.517,-10.669580459594727,84.8400
1776314987485000000,744.621,-13.496835708618164,79.5454
1776314987590000000,744.7260002441407,-16.332027435302734,74.2359
1776314987692000000,744.828,-21.128875732421875,65.2529
1776314987798000000,744.9340002441406,-25.498823165893555,57.0692
1776314987902000000,745.0380002441407,-30.84063148498535,47.0656
1776314988005000000,745.141,-35.96577453613281,37.4677
1776314988107000000,745.243,-39.836090087890625,30.2198
1776314988212000000,745.348,-43.5068359375,23.3456
1776314988315000000,745.451,-47.446590423583984,15.9676
1776314988419000000,745.555,-50.0716667175293,11.0516
1776314988524000000,745.66,-52.37606430053711,6.7361
1776314988625000000,745.761,-53.292999267578125,5.0190
1776314988730000000,745.8659997558593,-53.88909912109375,3.9027
1776314988832000000,745.968,-55.051979064941406,1.7249
1776314988936000000,746.072,-54.16482162475586,3.3863
1776314989041000000,746.177,-15.661927223205566,75.4908
1776314989144000000,746.28,-12.771130561828613,80.9044
1776314989249000000,746.385,-14.880928039550781,76.9534
1776314989353000000,746.489,-11.040831565856934,84.1448
1776314989458000000,746.5939997558594,-13.362074851989746,79.7978
1776314989558000000,746.6940002441406,-17.19536781311035,72.6192
1776314989664000000,746.8,-19.82733917236328,67.6903
1776314989768000000,746.904,-10.448195457458496,85.2546
1776314989873000000,747.009,-13.766557693481445,79.0403
1776314989973000000,747.109,-19.27971076965332,68.7158
1776314990075000000,747.211,-23.663829803466797,60.5056
1776314990175000000,747.311,-29.0928955078125,50.3386
1776314990280000000,747.416,-33.320152282714844,42.4222
1776314990384000000,747.52,-30.057945251464844,48.5314
1776314990488000000,747.624,-8.262998580932617,89.3468
1776314990592000000,747.728,-9.94329833984375,86.2001
1776314990692000000,747.828,-10.739236831665039,84.7096
1776314990795000000,747.931,-10.426698684692383,85.2949
1776314990900000000,748.036,-11.417852401733398,83.4387
1776314991005000000,748.141,-14.291718482971191,78.0568
1776314991107000000,748.243,-15.88341999053955,75.0760
1776314991211000000,748.347,-9.109114646911621,87.7623
1776314991315000000,748.451,-12.676345825195312,81.0819
1776314991418000000,748.5539997558594,-16.855684280395508,73.2553
1776314991523000000,748.659,-19.20214080810547,68.8611
1776314991626000000,748.7619997558594,-16.06629180908203,74.7336
1776314991731000000,748.867,-19.460519790649414,68.3772
1776314991834000000,748.9699997558594,-17.40365219116211,72.2291
1776314991938000000,749.0739997558594,-20.234312057495117,66.9281
1776314992040000000,749.176,-24.074073791503906,59.7374
1776314992141000000,749.277,-21.602109909057617,64.3666
1776314992243000000,749.379,-25.298675537109375,57.4441
1776314992344000000,749.48,-18.285354614257812,70.5779
1776314992446000000,749.5820002441407,-21.79295539855957,64.0092
1776314992551000000,749.687,-24.633907318115234,58.6890
1776314992655000000,749.791,-15.584797859191895,75.6353
1776314992760000000,749.896,-18.81413459777832,69.5877
1776314992861000000,749.997,-20.907323837280273,65.6678
1776314992966000000,750.1020002441406,-16.589757919311523,73.7533
1776314993068000000,750.204,-17.030399322509766,72.9281
1776314993172000000,750.308,-19.564359664916992,68.1827
1776314993276000000,750.412,-22.931781768798828,61.8765
1776314993377000000,750.513,-11.432831764221191,83.4107
1776314993482000000,750.6179997558594,-17.132186889648438,72.7375
1776314993585000000,750.721,-21.53917694091797,64.4845
1776314993689000000,750.825,-24.809219360351562,58.3607
1776314993794000000,750.9299997558594,-16.283348083496094,74.3271
1776314993894000000,751.0300002441406,-16.998994827270508,72.9869
1776314993995000000,751.131,-18.449819564819336,70.2699
1776314994101000000,751.237,-11.488368034362793,83.3067
1776314994205000000,751.341,-13.273332595825195,79.9640
1776314994308000000,751.444,-16.64552116394043,73.6489
1776314994414000000,751.5500002441406,-14.504225730895996,77.6589
1776314994518000000,751.6540002441407,-16.05773162841797,74.7496
1776314994622000000,751.7580002441406,-14.356141090393066,77.9362
1776314994725000000,751.861,-10.259186744689941,85.6086
1776314994828000000,751.964,-11.477701187133789,83.3266
1776314994933000000,752.069,-9.868393898010254,86.3404
1776314995036000000,752.172,-12.176219940185547,82.0185
1776314995140000000,752.276,-11.15213680267334,83.9363
1776314995240000000,752.376,-8.160091400146484,89.5395
1776314995343000000,752.479,-8.863916397094727,88.2215
1776314995447000000,752.583,-11.529792785644531,83.2291
1776314995551000000,752.687,-15.089166641235352,76.5634
1776314995651000000,752.787,-17.5870361328125,71.8857
1776314995754000000,752.8899997558593,-17.717504501342773,71.6413
1776314995857000000,752.993,-10.513387680053711,85.1325
1776314995960000000,753.096,-13.562858581542969,79.4218
1776314996064000000,753.2,-18.83293914794922,69.5525
1776314996167000000,753.303,-14.335488319396973,77.9749
1776314996270000000,753.4060002441406,-12.768686294555664,80.9090
1776314996374000000,753.5100002441407,-15.340392112731934,76.0930
1776314996477000000,753.613,-15.891433715820312,75.0610
1776314996581000000,753.717,-17.028291702270508,72.9320
1776314996684000000,753.82,-19.25496482849121,68.7621
1776314996787000000,753.923,-17.324981689453125,72.3764
1776314996891000000,754.027,-18.1173095703125,70.8926
1776314996996000000,754.132,-12.530179977416992,81.3557
1776314997100000000,754.236,-16.034263610839844,74.7936
1776314997204000000,754.34,-20.108470916748047,67.1638
1776314997304000000,754.44,-8.709879875183105,88.5100
1776314997408000000,754.544,-11.983040809631348,82.3803
1776314997513000000,754.649,-13.71941089630127,79.1286
1776314997617000000,754.753,-15.355653762817383,76.0644
1776314997721000000,754.857,-8.73566722869873,88.4617
1776314997825000000,754.961,-12.67809772491455,81.0787
1776314997929000000,755.065,-16.842763900756836,73.2795
1776314998033000000,755.169,-19.666780471801758,67.9909
1776314998138000000,755.2739997558593,-15.888594627380371,75.0664
1776314998241000000,755.377,-14.798383712768555,77.1080
1776314998342000000,755.4780002441406,-13.25333023071289,80.0014
1776314998444000000,755.58,-13.126111030578613,80.2397
1776314998548000000,755.684,-16.586408615112305,73.7596
1776314998650000000,755.7859997558594,-18.844858169555664,69.5301
1776314998755000000,755.891,-23.067567825317383,61.6223
1776314998860000000,755.996,-14.647246360778809,77.3910
1776314998963000000,756.099,-19.256258010864258,68.7597
1776314999065000000,756.201,-23.171836853027344,61.4270
1776314999167000000,756.303,-18.65462303161621,69.8864
1776314999272000000,756.408,-12.893282890319824,80.6757
1776314999372000000,756.508,-10.76087760925293,84.6690
1776314999476000000,756.612,-13.351725578308105,79.8172
1776314999578000000,756.7139997558594,-7.818775653839111,90.1787
1776314999682000000,756.8179997558593,-11.080531120300293,84.0704
1776314999786000000,756.9219997558594,-13.257204055786133,79.9942
1776314999891000000,757.027,-16.459020614624023,73.9981
1776314999994000000,757.1299997558593,-9.350120544433594,87.3110
1776315000098000000,757.2339997558594,-11.820338249206543,82.6850
1776315000201000000,757.337,-14.160309791564941,78.3029
1776315000306000000,757.4419997558593,-17.271074295043945,72.4774
1776315000406000000,757.5420002441406,-10.35877513885498,85.4221
1776315000509000000,757.645,-12.505505561828613,81.4019
1776315000612000000,757.748,-14.477062225341797,77.7097
1776315000717000000,757.853,-9.244514465332031,87.5087
1776315000821000000,757.957,-12.106188774108887,82.1497
1776315000924000000,758.06,-16.601839065551758,73.7307
1776315001027000000,758.163,-14.103987693786621,78.4084
1776315001131000000,758.267,-10.03369426727295,86.0308
1776315001235000000,758.371,-13.351177215576172,79.8182
1776315001339000000,758.475,-15.143478393554688,76.4617
1776315001441000000,758.577,-16.57737922668457,73.7765
1776315001543000000,758.679,-10.021012306213379,86.0546
1776315001647000000,758.783,-13.344807624816895,79.8301
1776315001750000000,758.8860002441406,-15.909802436828613,75.0266
1776315001855000000,758.991,-8.837444305419922,88.2711
1776315001960000000,759.096,-11.938323974609375,82.4640
1776315002064000000,759.2,-16.033493041992188,74.7950
1776315002170000000,759.3059997558594,-18.041276931762695,71.0350
1776315002274000000,759.4099997558594,-11.736818313598633,82.8414
1776315002379000000,759.515,-13.951855659484863,78.6933
1776315002479000000,759.615,-10.837654113769531,84.5253
1776315002585000000,759.721,-11.818166732788086,82.6891
1776315002687000000,759.823,-13.23564624786377,80.0345
1776315002790000000,759.9260002441406,-16.16111183166504,74.5560
1776315002894000000,760.0300002441406,-19.114084243774414,69.0260
1776315002998000000,760.1340002441407,-15.402804374694824,75.9761
1776315003101000000,760.237,-16.13089942932129,74.6126
1776315003206000000,760.3420002441406,-19.412748336791992,68.4667
1776315003309000000,760.445,-11.719359397888184,82.8741
1776315003413000000,760.549,-14.494242668151855,77.6776
1776315003515000000,760.651,-19.027517318725586,69.1881
1776315003618000000,760.7539997558594,-21.780668258666992,64.0322
1776315003723000000,760.859,-13.160667419433594,80.1750
1776315003827000000,760.963,-15.708757400512695,75.4031
1776315003930000000,761.0659997558594,-16.57084846496582,73.7887
1776315004034000000,761.1699997558594,-17.793453216552734,71.4991
1776315004140000000,761.276,-14.851093292236328,77.0093
1776315004244000000,761.38,-17.757415771484375,71.5666
1776315004347000000,761.483,-18.940977096557617,69.3501
1776315004451000000,761.587,-12.84249210357666,80.7708
1776315004551000000,761.687,-16.26387596130371,74.3636
1776315004652000000,761.788,-17.97309684753418,71.1627
1776315004758000000,761.8940002441407,-21.91468620300293,63.7813
1776315004862000000,761.9980002441406,-16.872325897216797,73.2241
1776315004966000000,762.1020002441406,-21.633512496948242,64.3078
1776315005071000000,762.207,-25.24346160888672,57.5475
1776315005174000000,762.3100002441406,-18.359960556030273,70.4382
1776315005278000000,762.4140002441407,-17.148250579833984,72.7074
1776315005383000000,762.519,-13.768909454345703,79.0359
1776315005486000000,762.6220002441406,-16.92330551147461,73.1286
1776315005588000000,762.724,-12.63120174407959,81.1665
1776315005692000000,762.828,-15.004722595214844,76.7216
1776315005795000000,762.931,-16.79199981689453,73.3745
1776315005900000000,763.036,-19.697587966918945,67.9332
1776315006005000000,763.141,-12.7452974319458,80.9528
1776315006109000000,763.245,-14.832324981689453,77.0444
1776315006212000000,763.348,-17.97736930847168,71.1547
1776315006315000000,763.451,-9.14270305633545,87.6994
1776315006417000000,763.553,-12.826038360595703,80.8016
1776315006520000000,763.656,-15.630977630615234,75.5488
1776315006623000000,763.759,-11.589552879333496,83.1172
1776315006728000000,763.864,-13.940346717834473,78.7148
1776315006831000000,763.967,-18.074729919433594,70.9724
1776315006934000000,764.0700002441406,-20.028579711914062,67.3134
1776315007039000000,764.175,-22.268484115600586,63.1187
1776315007143000000,764.279,-11.223597526550293,83.8025
1776315007246000000,764.3820002441406,-14.340581893920898,77.9653
1776315007348000000,764.484,-9.337130546569824,87.3353
1776315007452000000,764.588,-8.233868598937988,89.4014
1776315007556000000,764.692,-11.399360656738281,83.4734
1776315007659000000,764.795,-12.189152717590332,81.9943
1776315007764000000,764.9,-15.234869956970215,76.2906
1776315007865000000,765.001,-16.05421257019043,74.7562
1776315007969000000,765.105,-19.483816146850586,68.3336
1776315008074000000,765.2099997558594,-23.967857360839844,59.9363
1776315008179000000,765.315,-24.074481964111328,59.7366
1776315008282000000,765.4179997558593,-14.046817779541016,78.5155
1776315008386000000,765.5219997558594,-16.51590347290039,73.8916
1776315008488000000,765.624,-19.96031379699707,67.4412
1776315008593000000,765.729,-9.44566535949707,87.1320
1776315008696000000,765.832,-12.753610610961914,80.9372
1776315008801000000,765.937,-16.641862869262695,73.6557
1776315008906000000,766.0419997558594,-19.437856674194336,68.4196
1776315009009000000,766.145,-13.452166557312012,79.6291
1776315009113000000,766.249,-17.714855194091797,71.6463
1776315009215000000,766.351,-19.746103286743164,67.8424
1776315009319000000,766.455,-12.224970817565918,81.9272
1776315009419000000,766.555,-15.018498420715332,76.6958
1776315009520000000,766.656,-18.863452911376953,69.4953
1776315009621000000,766.757,-17.643510818481445,71.7799
1776315009723000000,766.859,-13.32402229309082,79.8690
1776315009827000000,766.963,-15.588900566101074,75.6276
1776315009932000000,767.068,-16.801939010620117,73.3559
1776315010035000000,767.171,-20.221466064453125,66.9522
1776315010140000000,767.276,-15.427249908447266,75.9303
1776315010244000000,767.38,-16.712425231933594,73.5236
1776315010347000000,767.483,-20.007801055908203,67.3523
1776315010450000000,767.5859997558593,-13.316644668579102,79.8829
1776315010552000000,767.688,-16.462215423583984,73.9921
1776315010653000000,767.789,-20.282915115356445,66.8371
1776315010754000000,767.8899997558593,-24.45419692993164,59.0255
1776315010856000000,767.992,-14.8599271774292,76.9927
1776315010960000000,768.096,-18.79523277282715,69.6231
1776315011065000000,768.201,-22.9052734375,61.9262
1776315011169000000,768.305,-26.587848663330078,55.0298
1776315011272000000,768.408,-17.786121368408203,71.5128
1776315011375000000,768.511,-21.526622772216797,64.5080
1776315011478000000,768.6140002441406,-20.72732162475586,66.0049
1776315011581000000,768.717,-14.99662971496582,76.7367
1776315011686000000,768.8220002441407,-17.645427703857422,71.7763
1776315011788000000,768.924,-18.80837059020996,69.5985
1776315011891000000,769.027,-16.88909339904785,73.1927
1776315011995000000,769.131,-11.899311065673828,82.5371
1776315012100000000,769.236,-14.376544952392578,77.8980
1776315012203000000,769.339,-18.41900062561035,70.3277
1776315012309000000,769.445,-21.132387161254883,65.2463
1776315012412000000,769.548,-18.556734085083008,70.0697
1776315012515000000,769.651,-17.827667236328125,71.4350
1776315012619000000,769.755,-20.877086639404297,65.7244
1776315012724000000,769.86,-16.874916076660156,73.2193
1776315012825000000,769.961,-18.8658390045166,69.4909
1776315012933000000,770.069,-22.970430374145508,61.8042
1776315013033000000,770.169,-24.98114585876465,58.0387
1776315013137000000,770.273,-14.559069633483887,77.5562
1776315013241000000,770.377,-14.766200065612793,77.1683
1776315013346000000,770.4819997558594,-15.974872589111328,74.9048
1776315013450000000,770.5859997558593,-13.608091354370117,79.3371
1776315013554000000,770.6899997558594,-16.601858139038086,73.7306
1776315013656000000,770.792,-20.84468650817871,65.7851
1776315013761000000,770.897,-24.335601806640625,59.2476
1776315013863000000,770.999,-19.20506477355957,68.8556
1776315013968000000,771.104,-19.161216735839844,68.9377
1776315014073000000,771.209,-18.30229377746582,70.5462
1776315014178000000,771.3139997558594,-19.422300338745117,68.4488
1776315014280000000,771.416,-18.91834831237793,69.3925
1776315014384000000,771.52,-21.864591598510742,63.8751
1776315014486000000,771.6220002441406,-19.9481201171875,67.4641
1776315014593000000,771.729,-14.42489242553711,77.8074
1776315014697000000,771.833,-19.210891723632812,68.8447
1776315014802000000,771.9379997558593,-22.503833770751953,62.6780
1776315014906000000,772.0419997558594,-15.334770202636719,76.1035
1776315015010000000,772.1459997558594,-16.50982666015625,73.9030
1776315015112000000,772.248,-19.519046783447266,68.2676
1776315015216000000,772.352,-23.052030563354492,61.6514
1776315015321000000,772.457,-28.378725051879883,51.6760
1776315015423000000,772.559,-32.530635833740234,43.9007
1776315015528000000,772.664,-38.369476318359375,32.9663
1776315015631000000,772.767,-41.083683013916016,27.8834
1776315015736000000,772.872,-33.540767669677734,42.0091
1776315015839000000,772.975,-22.180583953857422,63.2833
1776315015939000000,773.075,-25.07438087463379,57.8641
1776315016044000000,773.18,-26.22846794128418,55.7028
1776315016152000000,773.288,-29.85887336730957,48.9042
1776315016252000000,773.388,-33.94218826293945,41.2573
1776315016352000000,773.488,-38.75564193725586,32.2432
1776315016452000000,773.588,-42.24783706665039,25.7033
1776315016569000000,773.705,-45.65529251098633,19.3221
1776315016669000000,773.805,-48.619544982910156,13.7710
1776315016785000000,773.921,-49.50214767456055,12.1181
1776315016902000000,774.0380002441407,-50.388954162597656,10.4574
1776315017013000000,774.149,-49.82733917236328,11.5091
1776315017119000000,774.255,-50.80147933959961,9.6849
1776315017235000000,774.371,-51.76908874511719,7.8728
1776315017335000000,774.471,-52.312808990478516,6.8546
1776315017436000000,774.572,-50.33888244628906,10.5512
1776315017552000000,774.688,-51.44334030151367,8.4829
1776315017669000000,774.805,-52.35634231567383,6.7731
1776315017785000000,774.921,-52.33634567260742,6.8105
1776315017885000000,775.021,-52.82942581176758,5.8871
1776315017986000000,775.1219997558594,-42.225830078125,25.7445
1776315018102000000,775.2380002441406,-40.9907341003418,28.0575
1776315018202000000,775.3379997558594,-43.44110107421875,23.4687
1776315018302000000,775.4380002441407,-43.14382553100586,24.0254
1776315018402000000,775.5379997558593,-34.45543670654297,40.2962
1776315018519000000,775.655,-36.37648010253906,36.6986
1776315018619000000,775.755,-39.023319244384766,31.7419
1776315018719000000,775.855,-37.09817123413086,35.3471
1776315018836000000,775.972,-39.86775588989258,30.1605
1776315018936000000,776.072,-39.54783630371094,30.7596
1776315019036000000,776.172,-34.389427185058594,40.4198
1776315019153000000,776.289,-30.693265914916992,47.3416
1776315019269000000,776.405,-34.53668975830078,40.1440
1776315019386000000,776.5219997558594,-37.11051940917969,35.3240
1776315019502000000,776.6380002441406,-29.716150283813477,49.1714
1776315019602000000,776.7379997558594,-32.42933654785156,44.0904
1776315019719000000,776.855,-34.796051025390625,39.6583
1776315019819000000,776.955,-31.370784759521484,46.0728
1776315019935000000,777.071,-22.20110321044922,63.2449
1776315020052000000,777.188,-25.880878448486328,56.3538
1776315020169000000,777.305,-29.498109817504883,49.5798
1776315020285000000,777.421,-29.324661254882812,49.9046
1776315020402000000,777.5379997558593,-31.57644271850586,45.6877
1776315020502000000,777.6380002441406,-27.234033584594727,53.8197
1776315020602000000,777.7379997558594,-15.242470741271973,76.2763
1776315020719000000,777.855,-19.728160858154297,67.8760
1776315020835000000,777.971,-23.907438278198242,60.0494
1776315020952000000,778.088,-27.540494918823242,53.2458
1776315021052000000,778.188,-29.80711555480957,49.0011
1776315021152000000,778.288,-29.841753005981445,48.9362
1776315021269000000,778.405,-31.655513763427734,45.5396
1776315021385000000,778.521,-32.77881622314453,43.4360
1776315021486000000,778.6220002441406,-32.09642791748047,44.7139
1776315021602000000,778.7379997558594,-34.33086013793945,40.5295
1776315021702000000,778.8380002441406,-34.902584075927734,39.4588
1776315021805000000,778.941,-32.66291809082031,43.6530
1776315021919000000,779.055,-33.791168212890625,41.5401
1776315022036000000,779.172,-34.16384506225586,40.8422
1776315022136000000,779.272,-35.6535530090332,38.0524
1776315022236000000,779.372,-35.5778694152832,38.1942
1776315022336000000,779.472,-36.94777297973633,35.6288
1776315022453000000,779.589,-37.664432525634766,34.2867
1776315022553000000,779.689,-35.39628982543945,38.5342
1776315022670000000,779.8060002441406,-36.224151611328125,36.9839
1776315022770000000,779.9059997558594,-34.94451904296875,39.3803
1776315022870000000,780.0060002441406,-35.977970123291016,37.4449
1776315022970000000,780.1059997558593,-33.10159683227539,42.8315
1776315023087000000,780.223,-26.389896392822266,55.4005
1776315023187000000,780.323,-16.960798263549805,73.0584
1776315023303000000,780.439,-17.33582305908203,72.3561
1776315023403000000,780.539,-20.090986251831055,67.1965
1776315023504000000,780.64,-16.08077049255371,74.7065
1776315023603000000,780.739,-7.555379867553711,90.6720
1776315023704000000,780.84,-7.674138069152832,90.4496
1776315023820000000,780.956,-9.90281867980957,86.2759
1776315023920000000,781.056,-13.020395278930664,80.4376
1776315024021000000,781.157,-16.51564598083496,73.8921
1776315024137000000,781.273,-20.345645904541016,66.7196
1776315024237000000,781.373,-23.914264678955078,60.0367
1776315024354000000,781.4899997558593,-15.998982429504395,74.8596
1776315024471000000,781.607,-20.18870735168457,67.0135
1776315024587000000,781.723,-24.353715896606445,59.2137
1776315024687000000,781.823,-26.75351905822754,54.7196
1776315024787000000,781.923,-29.497650146484375,49.5806
1776315024887000000,782.023,-31.079561233520508,46.6182
1776315024988000000,782.124,-32.06359100341797,44.7754
1776315025088000000,782.224,-33.382259368896484,42.3059
1776315025204000000,782.34,-34.26319885253906,40.6562
1776315025304000000,782.44,-31.515663146972656,45.8015
1776315025404000000,782.54,-33.036231994628906,42.9539
1776315025521000000,782.657,-34.02774429321289,41.0971
1776315025638000000,782.7740002441407,-33.4843635559082,42.1147
1776315025754000000,782.8899997558593,-35.17229461669922,38.9537
1776315025854000000,782.9900002441407,-35.33938980102539,38.6408
1776315025954000000,783.0899997558594,-35.697811126708984,37.9696
1776315026055000000,783.191,-33.88408279418945,41.3661
1776315026155000000,783.291,-34.628761291503906,39.9716
1776315026255000000,783.391,-31.676897048950195,45.4995
1776315026355000000,783.491,-33.48921585083008,42.1056
1776315026471000000,783.607,-32.258079528808594,44.4112
1776315026571000000,783.707,-33.552425384521484,41.9872
1776315026671000000,783.807,-34.68260192871094,39.8707
1776315026772000000,783.908,-33.84424591064453,41.4407
1776315026889000000,784.025,-34.20484161376953,40.7655
1776315027005000000,784.141,-34.803951263427734,39.6435
1776315027105000000,784.241,-31.95829200744629,44.9726
1776315027222000000,784.3580002441406,-33.97245788574219,41.2006
1776315027339000000,784.475,-35.19229507446289,38.9162
1776315027439000000,784.575,-32.52595901489258,43.9095
1776315027539000000,784.675,-26.664165496826172,54.8869
1776315027639000000,784.775,-24.470094680786133,58.9957
1776315027756000000,784.892,-25.361005783081055,57.3273
1776315027873000000,785.009,-28.567520141601562,51.3225
1776315027989000000,785.125,-31.647294998168945,45.5550
1776315028089000000,785.225,-31.417863845825195,45.9846
1776315028190000000,785.3260002441406,-31.80007553100586,45.2689
1776315028306000000,785.4419997558593,-33.122772216796875,42.7918
1776315028406000000,785.5420002441406,-32.47903823852539,43.9974
1776315028506000000,785.6419997558594,-32.57205581665039,43.8232
1776315028607000000,785.743,-34.379703521728516,40.4380
1776315028723000000,785.859,-21.17071533203125,65.1745
1776315028840000000,785.976,-21.239200592041016,65.0463
1776315028957000000,786.093,-24.691513061523438,58.5811
1776315029074000000,786.2099997558594,-27.338285446166992,53.6245
1776315029190000000,786.3260002441406,-16.829500198364258,73.3043
1776315029290000000,786.4259997558594,-16.35297203063965,74.1967
1776315029390000000,786.5260002441406,-14.744112968444824,77.2096
1776315029507000000,786.643,-16.05872917175293,74.7477
1776315029623000000,786.759,-12.915888786315918,80.6333
1776315029740000000,786.876,-16.97983741760254,73.0228
1776315029840000000,786.976,-16.469371795654297,73.9787
1776315029957000000,787.093,-14.374836921691895,77.9012
1776315030073000000,787.209,-17.339784622192383,72.3487
1776315030190000000,787.3260002441406,-20.938934326171875,65.6086
1776315030290000000,787.4259997558594,-14.569353103637695,77.5369
1776315030407000000,787.543,-17.914411544799805,71.2726
1776315030523000000,787.659,-21.143550872802734,65.2254
1776315030624000000,787.76,-23.70591926574707,60.4268
1776315030723000000,787.859,-21.302396774291992,64.9279
1776315030824000000,787.96,-16.133092880249023,74.6085
1776315030940000000,788.076,-17.631853103637695,71.8017
1776315031040000000,788.176,-20.958515167236328,65.5719
1776315031157000000,788.293,-17.330142974853516,72.3668
1776315031257000000,788.393,-20.342267990112305,66.7259
1776315031374000000,788.5100002441407,-22.799654006958008,62.1240
1776315031474000000,788.6099997558593,-24.75653076171875,58.4593
1776315031591000000,788.727,-24.042888641357422,59.7958
1776315031707000000,788.843,-27.253822326660156,53.7826
1776315031824000000,788.96,-28.797616958618164,50.8916
1776315031924000000,789.06,-27.591543197631836,53.1502
1776315032041000000,789.177,-30.24032211303711,48.1898
1776315032141000000,789.277,-32.15040588378906,44.6128
1776315032241000000,789.377,-33.87256622314453,41.3877
1776315032341000000,789.477,-35.180084228515625,38.9391
1776315032458000000,789.5939997558594,-17.364028930664062,72.3033
1776315032558000000,789.6940002441406,-19.246360778808594,68.7783
1776315032658000000,789.7939997558594,-19.747026443481445,67.8407
1776315032774000000,789.9100002441406,-21.812990188598633,63.9717
1776315032875000000,790.011,-16.47258758544922,73.9727
1776315032991000000,790.127,-19.75322723388672,67.8290
1776315033091000000,790.227,-22.862993240356445,62.0054
1776315033191000000,790.327,-26.055635452270508,56.0265
1776315033308000000,790.444,-29.21327781677246,50.1132
1776315033408000000,790.544,-31.318893432617188,46.1700
1776315033525000000,790.661,-24.548934936523438,58.8481
1776315033625000000,790.761,-23.667152404785156,60.4994
1776315033741000000,790.877,-26.158405303955078,55.8340
1776315033858000000,790.9939997558594,-17.771093368530273,71.5410
1776315033975000000,791.111,-22.463884353637695,62.7528
1776315034092000000,791.228,-26.77154541015625,54.6858
1776315034208000000,791.344,-30.27901268005371,48.1174
1776315034325000000,791.461,-28.90398406982422,50.6924
1776315034442000000,791.5779997558594,-29.824661254882812,48.9682
1776315034542000000,791.6780002441407,-27.73109245300293,52.8889
1776315034642000000,791.7779997558594,-30.345857620239258,47.9922
1776315034759000000,791.895,-32.257080078125,44.4130
1776315034858000000,791.9939997558594,-34.18179702758789,40.8086
1776315034958000000,792.0940002441406,-26.682676315307617,54.8522
1776315035075000000,792.211,-29.42412567138672,49.7183
1776315035192000000,792.328,-31.6529483795166,45.5444
1776315035292000000,792.428,-32.950801849365234,43.1139
1776315035409000000,792.545,-32.623538970947266,43.7268
1776315035525000000,792.661,-34.891700744628906,39.4792
1776315035642000000,792.7779997558594,-31.205036163330078,46.3832
1776315035742000000,792.8780002441406,-31.789623260498047,45.2884
1776315035842000000,792.9779997558594,-32.89875793457031,43.2114
1776315035942000000,793.0780002441406,-33.51237106323242,42.0622
1776315036059000000,793.195,-31.56270408630371,45.7134
1776315036176000000,793.312,-33.27383804321289,42.5089
1776315036292000000,793.428,-32.24129104614258,44.4426
1776315036409000000,793.545,-30.266883850097656,48.1401
1776315036509000000,793.645,-29.19182014465332,50.1534
1776315036625000000,793.761,-29.697202682495117,49.2069
1776315036742000000,793.8780002441406,-25.880537033081055,56.3544
1776315036859000000,793.995,-28.209482192993164,51.9930
1776315036976000000,794.112,-28.112756729125977,52.1741
1776315037076000000,794.212,-27.96665382385254,52.4477
1776315037192000000,794.328,-29.727075576782227,49.1510
1776315037309000000,794.445,-32.180423736572266,44.5566
1776315037409000000,794.545,-33.047847747802734,42.9322
1776315037526000000,794.6620002441406,-30.40740966796875,47.8769
1776315037626000000,794.7619997558594,-26.463953018188477,55.2618
1776315037742000000,794.8780002441406,-29.615877151489258,49.3592
1776315037842000000,794.9779997558594,-30.879470825195312,46.9929
1776315037959000000,795.095,-32.8204231262207,43.3581
1776315038059000000,795.195,-31.530773162841797,45.7732
1776315038176000000,795.312,-31.623756408691406,45.5991
1776315038292000000,795.428,-33.34077835083008,42.3836
1776315038409000000,795.545,-29.394819259643555,49.7732
1776315038526000000,795.6620002441406,-31.81397819519043,45.2428
1776315038643000000,795.779,-32.63297653198242,43.7091
1776315038743000000,795.879,-28.675024032592773,51.1212
1776315038860000000,795.996,-28.041873931884766,52.3069
1776315038976000000,796.112,-27.550256729125977,53.2275
1776315039093000000,796.229,-24.360097885131836,59.2017
1776315039210000000,796.3459997558593,-24.18269920349121,59.5340
1776315039326000000,796.4620002441407,-27.254261016845703,53.7818
1776315039443000000,796.579,-29.435863494873047,49.6963
1776315039560000000,796.696,-28.31648063659668,51.7926
1776315039676000000,796.812,-22.405168533325195,62.8627
1776315039777000000,796.913,-18.956708908081055,69.3207
1776315039894000000,797.0300002441406,-18.02620506286621,71.0632
1776315039994000000,797.1299997558593,-20.957801818847656,65.5732
1776315040094000000,797.2300002441406,-24.183963775634766,59.5316
1776315040210000000,797.3459997558593,-27.23739242553711,53.8134
1776315040327000000,797.463,-29.077987670898438,50.3665
1776315040444000000,797.58,-30.99549674987793,46.7756
1776315040544000000,797.68,-25.654834747314453,56.7771
1776315040644000000,797.78,-21.480541229248047,64.5943
1776315040761000000,797.897,-21.57122039794922,64.4245
1776315040861000000,797.997,-23.1154842376709,61.5325
1776315040978000000,798.1139997558594,-24.557817459106445,58.8315
1776315041094000000,798.2300002441406,-28.348651885986328,51.7324
1776315041211000000,798.347,-30.80002784729004,47.1417
1776315041328000000,798.464,-22.485511779785156,62.7123
1776315041444000000,798.58,-25.483388900756836,57.0981
1776315041561000000,798.697,-28.182479858398438,52.0435
1776315041678000000,798.8140002441406,-29.74264907836914,49.1218
1776315041795000000,798.931,-31.671937942504883,45.5088
1776315041895000000,799.031,-32.176631927490234,44.5637
1776315042012000000,799.148,-33.69997024536133,41.7109
1776315042129000000,799.265,-35.06593704223633,39.1529
1776315042245000000,799.381,-28.21454620361328,51.9835
1776315042362000000,799.4979997558594,-29.335142135620117,49.8850
1776315042479000000,799.615,-29.636701583862305,49.3202
1776315042595000000,799.731,-28.725963592529297,51.0258
1776315042712000000,799.848,-29.97532081604004,48.6861
1776315042829000000,799.965,-30.78760528564453,47.1649
1776315042929000000,800.065,-27.77924919128418,52.7987
1776315043029000000,800.165,-22.19213104248047,63.2617
1776315043146000000,800.2819997558594,-24.78764533996582,58.4011
1776315043262000000,800.3980002441406,-26.99486541748047,54.2676
1776315043362000000,800.4979997558594,-28.56102180480957,51.3347
1776315043463000000,800.599,-22.563804626464844,62.5657
1776315043563000000,800.699,-22.720653533935547,62.2719
1776315043679000000,800.815,-22.21661949157715,63.2158
1776315043796000000,800.932,-9.590442657470703,86.8609
1776315043896000000,801.032,-9.53920841217041,86.9569
1776315043997000000,801.133,-11.536925315856934,83.2157
1776315044097000000,801.233,-6.042870998382568,93.5045
1776315044213000000,801.349,-7.555086135864258,90.6725
1776315044313000000,801.449,-9.588200569152832,86.8651
1776315044430000000,801.5660002441406,-10.469450950622559,85.2148
1776315044547000000,801.683,-9.161894798278809,87.6635
1776315044663000000,801.799,-11.458072662353516,83.3634
1776315044780000000,801.916,-9.736763954162598,86.5869
1776315044880000000,802.016,-12.262206077575684,81.8575
1776315044981000000,802.117,-10.710208892822266,84.7639
1776315045098000000,802.2339997558594,-8.898616790771484,88.1565
1776315045215000000,802.351,-12.83267879486084,80.7892
1776315045331000000,802.467,-11.077916145324707,84.0753
1776315045448000000,802.584,-9.947705268859863,86.1919
1776315045565000000,802.701,-9.821624755859375,86.4280
1776315045681000000,802.817,-10.465147018432617,85.2229
1776315045798000000,802.9340002441406,-11.580644607543945,83.1339
1776315045898000000,803.0339997558593,-14.479568481445312,77.7050
1776315046015000000,803.151,-19.433086395263672,68.4286
1776315046131000000,803.267,-24.179353713989258,59.5402
1776315046248000000,803.384,-26.998987197875977,54.2599
1776315046365000000,803.501,-29.621416091918945,49.3488
1776315046465000000,803.601,-28.111188888549805,52.1771
1776315046581000000,803.717,-12.71999740600586,81.0002
1776315046682000000,803.8179997558593,-16.247079849243164,74.3950
1776315046798000000,803.9340002441406,-11.728093147277832,82.8577
1776315046898000000,804.0339997558593,-11.996624946594238,82.3549
1776315047015000000,804.151,-16.404834747314453,74.0996
1776315047132000000,804.268,-8.047928810119629,89.7496
1776315047232000000,804.368,-11.73801326751709,82.8392
1776315047349000000,804.485,-16.794816970825195,73.3693
1776315047465000000,804.601,-13.255364418029785,79.9976
1776315047582000000,804.7180002441406,-5.943556308746338,93.6905
1776315047698000000,804.8339997558594,-10.865962982177734,84.4723
1776315047799000000,804.935,-12.593663215637207,81.2368
1776315047899000000,805.035,-15.060196876525879,76.6177
1776315047999000000,805.135,-19.089813232421875,69.0714
1776315048099000000,805.235,-5.8366265296936035,93.8907
1776315048199000000,805.335,-9.293486595153809,87.4170
1776315048316000000,805.452,-6.643133640289307,92.3804
1776315048432000000,805.568,-6.506302356719971,92.6366
1776315048549000000,805.685,-10.78420352935791,84.6254
1776315048666000000,805.8019997558594,-8.08826732635498,89.6741
1776315048766000000,805.9020002441406,-10.313966751098633,85.5060
1776315048866000000,806.0019997558594,-13.063982963562012,80.3560
1776315048983000000,806.119,-10.047992706298828,86.0041
1776315049083000000,806.219,-13.840311050415039,78.9022
1776315049200000000,806.336,-8.276391983032227,89.3218
1776315049316000000,806.452,-10.904302597045898,84.4005
1776315049416000000,806.552,-15.224742889404297,76.3095
1776315049516000000,806.652,-13.594964981079102,79.3616
1776315049633000000,806.769,-15.78762435913086,75.2554
1776315049750000000,806.8860002441406,-18.806652069091797,69.6017
1776315049850000000,806.9859997558593,-22.201068878173828,63.2450
1776315049967000000,807.103,-23.68807029724121,60.4602
1776315050067000000,807.203,-26.149524688720703,55.8507
1776315050167000000,807.303,-27.737396240234375,52.8771
1776315050284000000,807.42,-30.277315139770508,48.1205
1776315050400000000,807.536,-33.86256408691406,41.4064
1776315050501000000,807.637,-37.61345291137695,34.3821
1776315050617000000,807.753,-39.984291076660156,29.9423
1776315050734000000,807.8700002441407,-42.099395751953125,25.9813
1776315050851000000,807.987,-43.05377960205078,24.1940
1776315050951000000,808.087,-38.19649887084961,33.2903
1776315051067000000,808.203,-36.57784652709961,36.3215
1776315051168000000,808.304,-39.346797943115234,31.1361
1776315051284000000,808.42,-39.103782653808594,31.5912
1776315051401000000,808.537,-22.599441528320312,62.4989
1776315051501000000,808.637,-25.608118057250977,56.8646
1776315051601000000,808.737,-20.96218490600586,65.5650
1776315051718000000,808.8540002441406,-24.27273178100586,59.3653
1776315051818000000,808.9539997558594,-14.325323104858398,77.9939
1776315051934000000,809.0700002441406,-17.836454391479492,71.4186
1776315052051000000,809.187,-15.204353332519531,76.3477
1776315052168000000,809.304,-18.470083236694336,70.2320
1776315052268000000,809.404,-22.374479293823242,62.9202
1776315052385000000,809.521,-20.743967056274414,65.9737
1776315052502000000,809.6380002441406,-26.0145263671875,56.1035
1776315052618000000,809.7539997558594,-29.769575119018555,49.0714
1776315052719000000,809.855,-24.01957130432129,59.8394
1776315052835000000,809.971,-20.8259334564209,65.8202
1776315052935000000,810.071,-18.590993881225586,70.0056
1776315053052000000,810.188,-21.805078506469727,63.9865
1776315053169000000,810.305,-19.189716339111328,68.8843
1776315053270000000,810.4060002441406,-20.786893844604492,65.8933
1776315053386000000,810.5219997558594,-22.654048919677734,62.3967
1776315053486000000,810.6220002441406,-6.400750160217285,92.8343
1776315053586000000,810.7219997558594,-10.89305591583252,84.4215
1776315053703000000,810.839,-14.325864791870117,77.9929
1776315053803000000,810.939,-12.599233627319336,81.2263
1776315053903000000,811.039,-12.42745304107666,81.5480
1776315054003000000,811.139,-15.463652610778809,75.8621
1776315054120000000,811.256,-20.13639259338379,67.1115
1776315054220000000,811.356,-23.838884353637695,60.1778
1776315054321000000,811.457,-26.18875503540039,55.7772
1776315054438000000,811.5740002441406,-29.983118057250977,48.6715
1776315054555000000,811.691,-29.075321197509766,50.3715
1776315054671000000,811.807,-29.779949188232422,49.0520
1776315054771000000,811.907,-29.528921127319336,49.5221
1776315054888000000,812.024,-26.821617126464844,54.5920
1776315055005000000,812.141,-29.486492156982422,49.6015
1776315055121000000,812.257,-26.108821868896484,55.9269
1776315055222000000,812.3580002441406,-27.67331886291504,52.9971
1776315055323000000,812.459,-27.756385803222656,52.8415
1776315055423000000,812.559,-28.27506446838379,51.8702
1776315055523000000,812.659,-30.416175842285156,47.8605
1776315055639000000,812.775,-27.31003189086914,53.6774
1776315055756000000,812.892,-25.65703010559082,56.7730
1776315055856000000,812.992,-24.18172264099121,59.5358
1776315055973000000,813.109,-25.19947052001953,57.6298
1776315056090000000,813.2259997558593,-27.5264835357666,53.2720
1776315056190000000,813.3260002441406,-28.506908416748047,51.4360
1776315056306000000,813.4419997558593,-29.584793090820312,49.4174
1776315056408000000,813.544,-31.100698471069336,46.5786
1776315056524000000,813.66,-29.24306869506836,50.0574
1776315056641000000,813.777,-27.69466209411621,52.9571
1776315056758000000,813.8940002441407,-26.567018508911133,55.0688
1776315056858000000,813.9939997558594,-20.918413162231445,65.6470
1776315056975000000,814.111,-23.04060935974121,61.6727
1776315057091000000,814.227,-18.204805374145508,70.7288
1776315057191000000,814.327,-20.35500717163086,66.7021
1776315057308000000,814.444,-23.036989212036133,61.6795
1776315057408000000,814.544,-24.168317794799805,59.5609
1776315057525000000,814.661,-25.411874771118164,57.2321
1776315057625000000,814.761,-24.50641441345215,58.9277
1776315057742000000,814.8780002441406,-25.349746704101562,57.3484
1776315057842000000,814.9779997558594,-25.178823471069336,57.6685
1776315057959000000,815.095,-25.240339279174805,57.5533
1776315058059000000,815.195,-23.810882568359375,60.2303
1776315058175000000,815.311,-17.204015731811523,72.6030
1776315058292000000,815.428,-19.47771453857422,68.3450
1776315058393000000,815.529,-22.981067657470703,61.7843
1776315058493000000,815.629,-22.112146377563477,63.4115
1776315058609000000,815.745,-26.71636390686035,54.7891
1776315058709000000,815.845,-29.707855224609375,49.1870
1776315058826000000,815.9619997558593,-13.264046669006348,79.9814
1776315058943000000,816.079,-14.971570014953613,76.7837
1776315059043000000,816.179,-17.969295501708984,71.1698
1776315059159000000,816.295,-16.652673721313477,73.6355
1776315059276000000,816.412,-16.972305297851562,73.0369
1776315059393000000,816.529,-14.283392906188965,78.0724
1776315059493000000,816.629,-16.24544334411621,74.3981
1776315059593000000,816.729,-18.810253143310547,69.5950
1776315059693000000,816.829,-20.82388687133789,65.8240
1776315059810000000,816.9459997558594,-22.44206428527832,62.7936
1776315059927000000,817.063,-24.4108943939209,59.1066
1776315060043000000,817.179,-25.552059173583984,56.9695
1776315060144000000,817.28,-28.460783004760742,51.5224
1776315060260000000,817.396,-32.1520881652832,44.6096
1776315060377000000,817.513,-34.29766845703125,40.5916
1776315060477000000,817.613,-35.36274719238281,38.5970
1776315060577000000,817.713,-36.590850830078125,36.2972
1776315060677000000,817.813,-37.0321044921875,35.4708
1776315060794000000,817.9299997558594,-37.4538688659668,34.6810
1776315060911000000,818.047,-35.29180145263672,38.7299
1776315061028000000,818.164,-18.76689910888672,69.6761
1776315061128000000,818.264,-17.645883560180664,71.7755
1776315061244000000,818.38,-20.398006439208984,66.6216
1776315061361000000,818.497,-18.09564971923828,70.9332
1776315061478000000,818.6140002441406,-21.86086654663086,63.8821
1776315061578000000,818.7139997558594,-15.773967742919922,75.2810
1776315061678000000,818.8140002441406,-15.268516540527344,76.2276
1776315061795000000,818.931,-15.61886215209961,75.5715
1776315061912000000,819.048,-16.945947647094727,73.0862
1776315062028000000,819.164,-14.654504776000977,77.3774
1776315062145000000,819.281,-14.311933517456055,78.0190
1776315062262000000,819.3980002441406,-16.904354095458984,73.1641
1776315062378000000,819.5139997558593,-18.102720260620117,70.9200
1776315062495000000,819.631,-18.22093391418457,70.6986
1776315062612000000,819.748,-18.698362350463867,69.8045
1776315062712000000,819.848,-20.513456344604492,66.4054
1776315062828000000,819.964,-22.67934799194336,62.3493
1776315062929000000,820.065,-22.98253059387207,61.7815
1776315063045000000,820.181,-23.35057830810547,61.0923
1776315063145000000,820.281,-20.81374740600586,65.8430
1776315063262000000,820.3980002441406,-20.901819229125977,65.6781
1776315063362000000,820.4979997558594,-21.815292358398438,63.9674
1776315063479000000,820.615,-24.140674591064453,59.6127
1776315063579000000,820.715,-27.415332794189453,53.4802
1776315063679000000,820.815,-30.791606903076172,47.1574
1776315063796000000,820.932,-10.958414077758789,84.2991
1776315063896000000,821.032,-13.947419166564941,78.7016
1776315063997000000,821.133,-10.126105308532715,85.8578
1776315064113000000,821.249,-9.73603343963623,86.5883
1776315064230000000,821.3660002441407,-10.949792861938477,84.3153
1776315064347000000,821.483,-9.851472854614258,86.3721
1776315064463000000,821.599,-11.10456657409668,84.0254
1776315064563000000,821.699,-12.240718841552734,81.8977
1776315064680000000,821.816,-15.117993354797363,76.5095
1776315064797000000,821.933,-9.014205932617188,87.9400
1776315064897000000,822.033,-10.230051040649414,85.6631
1776315065013000000,822.149,-11.420615196228027,83.4336
1776315065130000000,822.2659997558594,-14.614506721496582,77.4523
1776315065247000000,822.383,-17.85816192626953,71.3779
1776315065363000000,822.499,-9.073832511901855,87.8284
1776315065480000000,822.616,-11.721487998962402,82.8701
1776315065580000000,822.716,-14.678535461425781,77.3324
1776315065697000000,822.833,-15.0333890914917,76.6679
1776315065813000000,822.949,-16.581283569335938,73.7692
1776315065930000000,823.0659997558594,-18.519073486328125,70.1402
1776315066030000000,823.1660002441406,-7.15449333190918,91.4227
1776315066147000000,823.283,-9.036233901977539,87.8988
1776315066263000000,823.399,-14.130943298339844,78.3579
1776315066380000000,823.516,-18.889633178710938,69.4463
1776315066497000000,823.633,-22.926231384277344,61.8869
1776315066597000000,823.733,-25.73284912109375,56.6310
1776315066714000000,823.8499997558594,-29.162227630615234,50.2088
1776315066814000000,823.9500002441406,-21.73165512084961,64.1240
1776315066930000000,824.0659997558594,-10.706319808959961,84.7712
1776315067030000000,824.1660002441406,-13.72936725616455,79.1099
1776315067147000000,824.283,-9.460016250610352,87.1052
1776315067247000000,824.383,-6.280389308929443,93.0597
1776315067347000000,824.483,-8.59492301940918,88.7252
1776315067464000000,824.6,-8.68686294555664,88.5531
1776315067564000000,824.7,-11.072129249572754,84.0862
1776315067664000000,824.8,-13.4140625,79.7004
1776315067780000000,824.916,-15.128228187561035,76.4903
1776315067880000000,825.016,-18.526004791259766,70.1273
1776315067997000000,825.133,-14.294841766357422,78.0510
1776315068097000000,825.233,-18.30536651611328,70.5405
1776315068214000000,825.3500002441406,-8.711786270141602,88.5064
1776315068314000000,825.4499997558594,-11.501331329345703,83.2824
1776315068431000000,825.567,-15.1264066696167,76.4937
1776315068547000000,825.683,-15.000510215759277,76.7295
1776315068664000000,825.8,-16.39296531677246,74.1218
1776315068764000000,825.9,-17.128292083740234,72.7448
1776315068865000000,826.001,-20.16542625427246,67.0571
1776315068981000000,826.117,-10.857549667358398,84.4880
1776315069098000000,826.2339997558594,-13.005936622619629,80.4647
1776315069215000000,826.351,-12.201539993286133,81.9711
1776315069331000000,826.467,-13.227267265319824,80.0502
1776315069448000000,826.584,-15.388949394226074,76.0020
1776315069565000000,826.701,-15.4316987991333,75.9220
1776315069665000000,826.801,-15.688315391540527,75.4414
1776315069766000000,826.9020002441406,-17.102529525756836,72.7930
1776315069866000000,827.0019997558594,-15.538113594055176,75.7227
1776315069983000000,827.119,-15.149062156677246,76.4513
1776315070083000000,827.219,-17.767223358154297,71.5482
1776315070199000000,827.335,-12.471099853515625,81.4663
1776315070316000000,827.452,-14.87502670288086,76.9645
1776315070416000000,827.552,-16.208127975463867,74.4680
1776315070516000000,827.652,-19.763225555419922,67.8103
1776315070633000000,827.769,-23.561389923095703,60.6975
1776315070750000000,827.8860002441406,-16.5833683013916,73.7652
1776315070851000000,827.987,-18.421005249023438,70.3239
1776315070967000000,828.103,-19.604267120361328,68.1080
1776315071067000000,828.203,-20.14964485168457,67.0867
1776315071184000000,828.32,-20.37980079650879,66.6557
1776315071301000000,828.437,-18.123470306396484,70.8811
1776315071401000000,828.537,-9.413795471191406,87.1917
1776315071518000000,828.6540002441407,-11.84067440032959,82.6469
1776315071618000000,828.7539997558594,-14.786916732788086,77.1295
1776315071734000000,828.8700002441407,-17.243070602416992,72.5298
1776315071835000000,828.971,-15.763450622558594,75.3007
1776315071952000000,829.088,-11.624842643737793,83.0511
1776315072052000000,829.188,-11.813776969909668,82.6973
1776315072169000000,829.305,-14.336838722229004,77.9723
1776315072269000000,829.405,-17.583415985107422,71.8925
1776315072385000000,829.521,-20.387542724609375,66.6412
1776315072502000000,829.6380002441406,-18.939023971557617,69.3538
1776315072602000000,829.7379997558594,-19.691728591918945,67.9442
1776315072719000000,829.855,-13.028579711914062,80.4223
1776315072819000000,829.955,-16.286399841308594,74.3214
1776315072920000000,830.056,-15.769735336303711,75.2889
1776315073020000000,830.156,-19.584644317626953,68.1447
1776315073137000000,830.273,-12.88117504119873,80.6984
1776315073253000000,830.389,-8.599142074584961,88.7173
1776315073353000000,830.489,-10.877065658569336,84.4515
1776315073470000000,830.6060002441407,-13.208551406860352,80.0853
1776315073587000000,830.723,-16.04193687438965,74.7792
1776315073704000000,830.84,-11.672618865966797,82.9616
1776315073820000000,830.956,-10.847264289855957,84.5073
1776315073921000000,831.057,-12.789487838745117,80.8701
1776315074038000000,831.1740002441406,-17.47867774963379,72.0886
1776315074138000000,831.2739997558593,-15.3134126663208,76.1435
1776315074255000000,831.391,-18.21221351623535,70.7149
1776315074371000000,831.507,-15.161935806274414,76.4272
1776315074472000000,831.608,-19.107284545898438,69.0387
1776315074588000000,831.724,-16.580352783203125,73.7709
1776315074688000000,831.824,-20.330869674682617,66.7473
1776315074788000000,831.924,-13.046299934387207,80.3891
1776315074905000000,832.041,-17.347665786743164,72.3339
1776315075006000000,832.1420002441406,-10.444382667541504,85.2617
1776315075106000000,832.2419997558594,-11.254179954528809,83.7452
1776315075222000000,832.3580002441406,-15.098199844360352,76.5465
1776315075322000000,832.4579997558594,-16.43516731262207,74.0428
1776315075423000000,832.559,-16.819171905517578,73.3237
1776315075523000000,832.659,-20.144594192504883,67.0961
1776315075623000000,832.759,-23.672067642211914,60.4902
1776315075739000000,832.875,-8.441473960876465,89.0126
1776315075856000000,832.992,-12.01380729675293,82.3227
1776315075974000000,833.1100002441407,-11.217487335205078,83.8140
1776315076074000000,833.2099997558594,-12.771881103515625,80.9030
1776315076191000000,833.327,-12.119935989379883,82.1239
1776315076291000000,833.427,-13.591133117675781,79.3688
1776315076407000000,833.543,-9.678709030151367,86.6956
1776315076524000000,833.66,-11.5562744140625,83.1795
1776315076641000000,833.777,-10.193822860717773,85.7310
1776315076758000000,833.8940002441407,-13.096632957458496,80.2949
1776315076874000000,834.0099997558593,-16.935388565063477,73.1060
1776315076974000000,834.1100002441407,-21.542238235473633,64.4788
1776315077076000000,834.212,-24.880014419555664,58.2281
1776315077176000000,834.312,-27.808530807495117,52.7438
1776315077276000000,834.412,-29.752233505249023,49.1039
1776315077392000000,834.528,-31.92636489868164,45.0324
1776315077493000000,834.629,-25.807025909423828,56.4921
1776315077609000000,834.745,-15.443922996520996,75.8991
1776315077709000000,834.845,-17.99244499206543,71.1265
1776315077826000000,834.9619997558593,-18.599550247192383,69.9895
1776315077926000000,835.0620002441407,-18.7403507232666,69.7259
1776315078044000000,835.18,-22.460063934326172,62.7599
1776315078144000000,835.28,-25.577991485595703,56.9210
1776315078260000000,835.396,-29.53787612915039,49.5053
1776315078361000000,835.497,-28.682456970214844,51.1072
1776315078477000000,835.613,-15.461189270019531,75.8668
1776315078594000000,835.7299997558594,-18.13013458251953,70.8686
1776315078711000000,835.847,-19.928691864013672,67.5004
1776315078827000000,835.963,-23.677885055541992,60.4793
1776315078927000000,836.063,-16.133544921875,74.6076
1776315079027000000,836.163,-16.607938766479492,73.7192
1776315079129000000,836.265,-15.284153938293457,76.1983
1776315079229000000,836.365,-18.028749465942383,71.0585
1776315079329000000,836.465,-17.647268295288086,71.7729
1776315079445000000,836.581,-15.860984802246094,75.1181
1776315079562000000,836.6979997558594,-18.657257080078125,69.8815
1776315079662000000,836.7980002441407,-22.0111141204834,63.6007
1776315079779000000,836.915,-26.657930374145508,54.8986
1776315079879000000,837.015,-28.007421493530273,52.3714
1776315079979000000,837.115,-29.8004093170166,49.0136
1776315080096000000,837.232,-31.102001190185547,46.5762
1776315080197000000,837.333,-29.328813552856445,49.8968
1776315080313000000,837.449,-27.77077293395996,52.8146
1776315080430000000,837.5660002441406,-29.5310115814209,49.5181
1776315080530000000,837.6659997558594,-30.998523712158203,46.7699
1776315080630000000,837.7660002441406,-31.90852928161621,45.0658
1776315080730000000,837.8659997558593,-32.1971321105957,44.5253
1776315080830000000,837.9660002441407,-30.944164276123047,46.8717
1776315080947000000,838.083,-31.26349639892578,46.2737
1776315081064000000,838.2,-31.438709259033203,45.9456
1776315081165000000,838.301,-31.384897232055664,46.0464
1776315081282000000,838.4179997558593,-30.80840301513672,47.1260
1776315081382000000,838.5180002441406,-32.25738525390625,44.4125
1776315081498000000,838.6339997558593,-31.85365104675293,45.1685
1776315081615000000,838.751,-28.506967544555664,51.4359
1776315081715000000,838.851,-30.37417984008789,47.9391
1776315081832000000,838.968,-31.97039794921875,44.9499
1776315081949000000,839.085,-31.735233306884766,45.3903
1776315082065000000,839.201,-32.04294967651367,44.8140
1776315082165000000,839.301,-31.224538803100586,46.3467
1776315082267000000,839.403,-32.49778366088867,43.9623
1776315082383000000,839.519,-29.988170623779297,48.6620
1776315082483000000,839.619,-31.032276153564453,46.7067
1776315082583000000,839.719,-31.598676681518555,45.6460
1776315082700000000,839.836,-33.47646713256836,42.1295
1776315082817000000,839.953,-32.59349822998047,43.7830
1776315082934000000,840.0700002441406,-32.79959487915039,43.3971
1776315083050000000,840.1859997558594,-30.867862701416016,47.0146
1776315083167000000,840.303,-32.475704193115234,44.0036
1776315083268000000,840.404,-33.27201461791992,42.5124
1776315083385000000,840.521,-33.16477584838867,42.7132
1776315083501000000,840.637,-27.57284164428711,53.1852
1776315083602000000,840.7379997558594,-25.06648063659668,57.8789
1776315083718000000,840.8540002441406,-26.435684204101562,55.3148
1776315083835000000,840.971,-27.90117835998535,52.5703
1776315083936000000,841.072,-29.5560245513916,49.4713
1776315084036000000,841.172,-29.538066864013672,49.5049
1776315084152000000,841.288,-26.581037521362305,55.0426
1776315084269000000,841.405,-24.611074447631836,58.7317
1776315084369000000,841.505,-27.25140953063965,53.7872
1776315084469000000,841.605,-13.44927978515625,79.6345
1776315084586000000,841.7219997558594,-16.88960838317871,73.1917
1776315084686000000,841.8220002441407,-18.679414749145508,69.8400
1776315084803000000,841.939,-20.15154266357422,67.0831
1776315084919000000,842.055,-22.176305770874023,63.2913
1776315085019000000,842.155,-23.091474533081055,61.5775
1776315085136000000,842.272,-26.824567794799805,54.5865
1776315085253000000,842.389,-22.18583869934082,63.2735
1776315085354000000,842.4899997558593,-24.38263511657715,59.1595
1776315085470000000,842.6060002441407,-25.908214569091797,56.3026
1776315085587000000,842.723,-27.27638816833496,53.7404
1776315085704000000,842.84,-28.880470275878906,50.7364
1776315085821000000,842.957,-30.21482276916504,48.2376
1776315085937000000,843.073,-32.25345993041992,44.4198
1776315086037000000,843.173,-33.938446044921875,41.2643
1776315086154000000,843.2899997558594,-34.1014518737793,40.9591
1776315086271000000,843.407,-35.2410774230957,38.8249
1776315086372000000,843.508,-32.68800735473633,43.6060
1776315086472000000,843.608,-32.99076843261719,43.0390
1776315086588000000,843.724,-33.30451583862305,42.4515
1776315086705000000,843.841,-33.826377868652344,41.4742
1776315086822000000,843.9580002441406,-32.78287124633789,43.4284
1776315086922000000,844.0579997558593,-33.419097900390625,42.2369
1776315087039000000,844.175,-33.429534912109375,42.2174
1776315087139000000,844.275,-33.251686096191406,42.5504
1776315087255000000,844.391,-33.29261016845703,42.4738
1776315087356000000,844.492,-33.51585006713867,42.0557
1776315087457000000,844.593,-33.580039978027344,41.9355
1776315087557000000,844.693,-34.26845169067383,40.6463
1776315087673000000,844.809,-33.985694885253906,41.1758
1776315087790000000,844.9260002441406,-33.13475799560547,42.7694
1776315087907000000,845.043,-34.07904052734375,41.0010
1776315088023000000,845.159,-35.34935760498047,38.6221
1776315088140000000,845.276,-34.90479278564453,39.4546
1776315088257000000,845.393,-27.349462509155273,53.6035
1776315088357000000,845.493,-25.718490600585938,56.6579
1776315088458000000,845.5939997558594,-27.24629020690918,53.7968
1776315088558000000,845.6940002441406,-29.419208526611328,49.7275
1776315088675000000,845.811,-29.175928115844727,50.1831
1776315088775000000,845.911,-30.562965393066406,47.5856
1776315088891000000,846.027,-32.15367889404297,44.6067
1776315089008000000,846.144,-27.4133243560791,53.4839
1776315089108000000,846.244,-28.44326400756836,51.5552
1776315089208000000,846.344,-28.407197952270508,51.6227
1776315089325000000,846.461,-28.935556411743164,50.6333
1776315089426000000,846.5619997558593,-30.661359786987305,47.4013
1776315089542000000,846.6780002441407,-32.14363098144531,44.6255
1776315089659000000,846.795,-32.81057357788086,43.3765
1776315089776000000,846.912,-29.686233520507812,49.2275
1776315089876000000,847.012,-27.749881744384766,52.8537
1776315089976000000,847.112,-27.309463500976562,53.6784
1776315090076000000,847.212,-25.007545471191406,57.9893
1776315090176000000,847.312,-26.272310256958008,55.6207
1776315090293000000,847.429,-27.729066848754883,52.8927
1776315090409000000,847.545,-25.663551330566406,56.7608
1776315090510000000,847.6460002441406,-26.88396644592285,54.4753
1776315090610000000,847.7459997558594,-27.96935272216797,52.4427
1776315090727000000,847.863,-29.337373733520508,49.8808
1776315090844000000,847.98,-29.769529342651367,49.0715
1776315090944000000,848.08,-31.027942657470703,46.7148
1776315091044000000,848.18,-30.037384033203125,48.5699
1776315091144000000,848.28,-31.61629295349121,45.6130
1776315091261000000,848.397,-31.27237892150879,46.2571
1776315091361000000,848.497,-32.43751525878906,44.0751
1776315091461000000,848.597,-30.379899978637695,47.9284
1776315091562000000,848.6979997558594,-31.26785659790039,46.2656
1776315091679000000,848.815,-31.115190505981445,46.5515
1776315091779000000,848.915,-31.66526985168457,45.5213
1776315091879000000,849.015,-33.57343673706055,41.9479
1776315091995000000,849.131,-34.613609313964844,39.9999
1776315092095000000,849.231,-35.468017578125,38.3999
1776315092212000000,849.348,-35.33943176269531,38.6407
1776315092329000000,849.465,-36.251747131347656,36.9322
1776315092429000000,849.565,-32.97663879394531,43.0655
1776315092530000000,849.6659997558594,-33.131858825683594,42.7748
1776315092630000000,849.7660002441406,-31.647218704223633,45.5551
1776315092730000000,849.8659997558593,-31.215181350708008,46.3642
1776315092847000000,849.983,-33.175235748291016,42.6936
1776315092947000000,850.083,-33.774295806884766,41.5717
1776315093063000000,850.199,-31.172107696533203,46.4449
1776315093180000000,850.316,-30.141860961914062,48.3742
1776315093280000000,850.416,-31.991483688354492,44.9104
1776315093397000000,850.533,-33.9330940246582,41.2744
1776315093514000000,850.6499997558594,-35.29757308959961,38.7191
1776315093615000000,850.751,-36.37649154663086,36.6986
1776315093715000000,850.851,-33.444068908691406,42.1902
1776315093831000000,850.967,-34.29764938354492,40.5916
1776315093948000000,851.084,-35.25366973876953,38.8013
1776315094048000000,851.184,-36.196685791015625,37.0353
1776315094165000000,851.301,-32.76346969604492,43.4647
1776315094265000000,851.401,-28.58582305908203,51.2882
1776315094382000000,851.5180002441406,-30.431461334228516,47.8319
1776315094498000000,851.6339997558593,-26.85105323791504,54.5369
1776315094599000000,851.735,-28.831626892089844,50.8279
1776315094716000000,851.852,-26.3813419342041,55.4165
1776315094833000000,851.969,-29.091455459594727,50.3413
1776315094949000000,852.085,-27.070358276367188,54.1262
1776315095049000000,852.185,-28.46686553955078,51.5110
1776315095166000000,852.3020002441406,-28.022592544555664,52.3430
1776315095283000000,852.419,-30.66925621032715,47.3866
1776315095399000000,852.535,-28.56197166442871,51.3329
1776315095499000000,852.635,-29.887062072753906,48.8514
1776315095616000000,852.752,-29.746919631958008,49.1138
1776315095717000000,852.853,-29.533496856689453,49.5135
1776315095834000000,852.9699997558594,-28.755477905273438,50.9705
1776315095934000000,853.0700002441406,-29.444499969482422,49.6802
1776315096051000000,853.187,-30.460065841674805,47.7783
1776315096151000000,853.287,-29.6093807220459,49.3714
1776315096251000000,853.387,-32.04409408569336,44.8119
1776315096351000000,853.487,-33.74244689941406,41.6314
1776315096451000000,853.587,-34.80496597290039,39.6416
1776315096551000000,853.687,-35.71540069580078,37.9366
1776315096651000000,853.787,-34.39436340332031,40.4105
1776315096752000000,853.888,-22.040300369262695,63.5460
1776315096869000000,854.005,-18.402355194091797,70.3588
1776315096985000000,854.121,-22.71242332458496,62.2873
1776315097102000000,854.2380002441406,-25.929492950439453,56.2627
1776315097219000000,854.355,-28.172054290771484,52.0631
1776315097335000000,854.471,-30.12220573425293,48.4110
1776315097435000000,854.571,-32.05234146118164,44.7964
1776315097536000000,854.672,-29.163925170898438,50.2056
1776315097652000000,854.788,-30.31928253173828,48.0420
1776315097753000000,854.889,-28.771076202392578,50.9413
1776315097870000000,855.0060002441406,-24.939586639404297,58.1165
1776315097970000000,855.1059997558593,-24.680273056030273,58.6021
1776315098070000000,855.2060002441406,-25.34265899658203,57.3617
1776315098170000000,855.3059997558594,-26.709430694580078,54.8021
1776315098287000000,855.423,-26.327783584594727,55.5168
1776315098403000000,855.539,-28.06905746459961,52.2560
1776315098504000000,855.64,-30.33041763305664,48.0211
1776315098620000000,855.756,-32.426483154296875,44.0958
1776315098738000000,855.8739997558594,-27.284507751464844,53.7252
1776315098855000000,855.991,-26.692363739013672,54.8341
1776315098971000000,856.107,-23.1212100982666,61.5218
1776315099088000000,856.224,-24.30246925354004,59.3097
1776315099188000000,856.324,-26.43168067932129,55.3223
1776315099305000000,856.441,-27.819087982177734,52.7241
1776315099422000000,856.5580002441407,-29.60480308532715,49.3800
1776315099538000000,856.6739997558594,-26.1925106048584,55.7702
1776315099655000000,856.791,-24.952938079833984,58.0915
1776315099755000000,856.891,-26.962865829467773,54.3275
1776315099856000000,856.992,-26.435482025146484,55.3152
1776315099956000000,857.092,-26.84436798095703,54.5494
1776315100073000000,857.209,-29.547231674194336,49.4878
1776315100173000000,857.309,-30.963823318481445,46.8349
1776315100290000000,857.4259997558594,-27.594219207763672,53.1452
1776315100390000000,857.5260002441406,-29.666393280029297,49.2646
1776315100506000000,857.6419997558594,-24.023117065429688,59.8328
1776315100606000000,857.7420002441406,-23.860462188720703,60.1374
1776315100723000000,857.859,-24.447986602783203,59.0371
1776315100824000000,857.96,-22.11398696899414,63.4080
1776315100924000000,858.06,-24.150741577148438,59.5938
1776315101040000000,858.176,-25.819719314575195,56.4683
1776315101157000000,858.293,-23.591075897216797,60.6419
1776315101274000000,858.4099997558594,-25.150653839111328,57.7213
1776315101391000000,858.527,-21.492918014526367,64.5711
1776315101507000000,858.643,-24.60145378112793,58.7497
1776315101624000000,858.76,-21.840988159179688,63.9193
1776315101741000000,858.877,-20.685876846313477,66.0825
1776315101842000000,858.9779997558594,-24.24228858947754,59.4224
1776315101942000000,859.0780002441406,-26.076705932617188,55.9870
1776315102058000000,859.1939997558594,-28.147403717041016,52.1092
1776315102175000000,859.311,-28.393402099609375,51.6486
1776315102292000000,859.428,-27.847429275512695,52.6710
1776315102409000000,859.545,-25.559425354003906,56.9558
1776315102526000000,859.6620002441406,-23.770877838134766,60.3052
1776315102642000000,859.7779997558594,-25.42910385131836,57.1998
1776315102759000000,859.895,-24.964824676513672,58.0693
1776315102859000000,859.995,-24.097665786743164,59.6932
1776315102960000000,860.096,-23.49936294555664,60.8136
1776315103077000000,860.213,-24.230295181274414,59.4448
1776315103194000000,860.3299997558594,-21.322484970092773,64.8903
1776315103294000000,860.4300002441406,-17.971654891967773,71.1654
1776315103410000000,860.5459997558594,-12.910239219665527,80.6439
1776315103527000000,860.663,-15.32596206665039,76.1200
1776315103644000000,860.78,-18.820552825927734,69.5757
1776315103744000000,860.88,-21.926494598388672,63.7592
1776315103860000000,860.996,-22.984716415405273,61.7774
1776315103961000000,861.097,-23.283462524414062,61.2180
1776315104078000000,861.2140002441406,-24.54603385925293,58.8535
1776315104178000000,861.3139997558594,-24.90729331970215,58.1770
1776315104295000000,861.431,-23.480541229248047,60.8489
1776315104395000000,861.531,-24.392101287841797,59.1418
1776315104512000000,861.648,-21.325817108154297,64.8840
1776315104628000000,861.764,-23.081998825073242,61.5952
1776315104728000000,861.864,-24.5637149810791,58.8204
1776315104845000000,861.981,-25.56012535095215,56.9544
1776315104946000000,862.0819997558593,-26.600244522094727,55.0066
1776315105046000000,862.1820002441407,-26.12976837158203,55.8877
1776315105146000000,862.2819997558594,-24.946075439453125,58.1044
1776315105263000000,862.399,-26.246362686157227,55.6693
1776315105363000000,862.499,-26.382333755493164,55.4147
1776315105480000000,862.616,-25.223962783813477,57.5840
1776315105580000000,862.716,-26.938825607299805,54.3725
1776315105680000000,862.816,-27.764801025390625,52.8257
1776315105797000000,862.933,-25.358535766601562,57.3320
1776315105913000000,863.049,-26.40729522705078,55.3679
1776315106014000000,863.1500002441406,-24.33169174194336,59.2549
1776315106131000000,863.267,-26.390483856201172,55.3994
1776315106248000000,863.384,-25.263553619384766,57.5098
1776315106348000000,863.484,-27.061988830566406,54.1419
1776315106464000000,863.6,-25.85611915588379,56.4001
1776315106564000000,863.7,-25.889671325683594,56.3373
1776315106681000000,863.817,-25.454364776611328,57.1525
1776315106781000000,863.917,-22.34697723388672,62.9717
1776315106898000000,864.0339997558593,-23.609790802001953,60.6068
1776315107016000000,864.152,-24.844385147094727,58.2948
1776315107116000000,864.252,-24.952526092529297,58.0923
1776315107216000000,864.352,-25.702363967895508,56.6881
1776315107333000000,864.469,-25.920164108276367,56.2802
1776315107449000000,864.585,-26.85646629333496,54.5268
1776315107549000000,864.685,-28.1057186126709,52.1873
1776315107666000000,864.8019997558594,-26.12834930419922,55.8903
1776315107766000000,864.9020002441406,-27.506271362304688,53.3099
1776315107866000000,865.0019997558594,-28.523950576782227,51.4041
1776315107983000000,865.119,-29.746068954467773,49.1154
1776315108083000000,865.219,-29.721982955932617,49.1605
1776315108183000000,865.319,-31.22352409362793,46.3486
1776315108300000000,865.436,-25.567100524902344,56.9414
1776315108400000000,865.536,-21.584497451782227,64.3996
1776315108516000000,865.652,-13.757340431213379,79.0576
1776315108616000000,865.752,-17.026906967163086,72.9346
1776315108716000000,865.852,-21.292879104614258,64.9457
1776315108816000000,865.952,-23.765548706054688,60.3152
1776315108933000000,866.069,-26.59790802001953,55.0110
1776315109050000000,866.1859997558594,-29.19481658935547,50.1477
1776315109151000000,866.287,-31.485925674438477,45.8572
1776315109268000000,866.404,-33.154685974121094,42.7321
1776315109385000000,866.521,-33.49021530151367,42.1037
1776315109501000000,866.637,-33.2354850769043,42.5808
1776315109601000000,866.737,-20.04393768310547,67.2846
1776315109701000000,866.837,-21.65470314025879,64.2681
1776315109818000000,866.9539997558594,-21.13816261291504,65.2355
1776315109935000000,867.071,-22.85882568359375,62.0132
1776315110035000000,867.171,-23.124855041503906,61.5150
1776315110136000000,867.272,-22.47004508972168,62.7412
1776315110253000000,867.389,-25.743196487426758,56.6116
1776315110369000000,867.505,-27.286212921142578,53.7220
1776315110470000000,867.6060002441407,-17.39098358154297,72.2528
1776315110570000000,867.7059997558594,-19.52882957458496,68.2493
1776315110686000000,867.8220002441407,-23.011808395385742,61.7267
1776315110786000000,867.9219997558594,-25.966188430786133,56.1940
1776315110886000000,868.0220002441406,-26.854270935058594,54.5309
1776315110986000000,868.1219997558594,-26.815343856811523,54.6038
1776315111103000000,868.239,-26.629480361938477,54.9519
1776315111204000000,868.34,-27.055700302124023,54.1537
1776315111304000000,868.44,-27.120929718017578,54.0315
1776315111404000000,868.54,-23.341739654541016,61.1088
1776315111520000000,868.656,-25.360065460205078,57.3291
1776315111620000000,868.756,-25.138654708862305,57.7437
1776315111720000000,868.856,-12.575243949890137,81.2713
1776315111821000000,868.957,-9.583670616149902,86.8736
1776315111937000000,869.073,-8.828636169433594,88.2876
1776315112054000000,869.1900002441406,-11.26456069946289,83.7258
1776315112154000000,869.2899997558594,-13.472003936767578,79.5919
1776315112270000000,869.4060002441406,-11.921895980834961,82.4948
1776315112387000000,869.523,-15.677783012390137,75.4611
1776315112487000000,869.623,-18.83871078491211,69.5417
1776315112604000000,869.74,-22.514841079711914,62.6574
1776315112721000000,869.857,-24.614704132080078,58.7249
1776315112821000000,869.957,-25.712745666503906,56.6686
1776315112937000000,870.073,-25.549741744995117,56.9739
1776315113054000000,870.1900002441406,-21.663984298706055,64.2508
1776315113171000000,870.307,-23.77468490600586,60.2980
1776315113287000000,870.423,-25.786558151245117,56.5304
1776315113404000000,870.54,-16.705638885498047,73.5363
1776315113504000000,870.64,-15.982444763183594,74.8906
1776315113604000000,870.74,-17.919055938720703,71.2639
1776315113704000000,870.84,-20.620088577270508,66.2057
1776315113821000000,870.957,-22.803810119628906,62.1162
1776315113921000000,871.057,-22.932022094726562,61.8761
1776315114021000000,871.157,-24.17974090576172,59.5395
1776315114138000000,871.2739997558593,-20.684837341308594,66.0844
1776315114254000000,871.3900002441407,-22.75481414794922,62.2080
1776315114371000000,871.507,-23.97001075744629,59.9323
1776315114488000000,871.624,-25.142772674560547,57.7360
1776315114604000000,871.74,-16.731441497802734,73.4879
1776315114705000000,871.841,-19.312314987182617,68.6547
1776315114821000000,871.957,-22.646501541137695,62.4108
1776315114921000000,872.057,-24.512788772583008,58.9158
1776315115021000000,872.157,-25.640554428100586,56.8038
1776315115138000000,872.2739997558593,-26.775680541992188,54.6781
1776315115255000000,872.391,-23.429014205932617,60.9454
1776315115371000000,872.507,-25.817604064941406,56.4723
1776315115488000000,872.624,-26.91573143005371,54.4158
1776315115604000000,872.74,-23.597402572631836,60.6300
1776315115705000000,872.841,-25.79050636291504,56.5230
1776315115821000000,872.957,-24.833473205566406,58.3152
1776315115938000000,873.0739997558594,-26.615198135375977,54.9786
1776315116038000000,873.1740002441406,-27.742286682128906,52.8679
1776315116155000000,873.291,-11.897872924804688,82.5398
1776315116271000000,873.407,-8.180185317993164,89.5019
1776315116388000000,873.524,-7.4145989418029785,90.9356
1776315116505000000,873.641,-10.725485801696777,84.7353
1776315116621000000,873.757,-12.791828155517578,80.8657
1776315116721000000,873.857,-13.374699592590332,79.7741
1776315116822000000,873.9580002441406,-16.267513275146484,74.3567
1776315116938000000,874.0739997558594,-20.691612243652344,66.0717
1776315117055000000,874.191,-24.599180221557617,58.7540
1776315117172000000,874.308,-26.697187423706055,54.8251
1776315117289000000,874.425,-29.475534439086914,49.6220
1776315117389000000,874.525,-29.98499298095703,48.6680
1776315117505000000,874.641,-29.915388107299805,48.7983
1776315117622000000,874.7580002441406,-28.630342483520508,51.2048
1776315117739000000,874.875,-29.229700088500977,50.0824
1776315117839000000,874.975,-27.426673889160156,53.4589
1776315117939000000,875.075,-28.186264038085938,52.0365
1776315118056000000,875.192,-27.98475456237793,52.4138
1776315118172000000,875.308,-23.885404586791992,60.0907
1776315118289000000,875.425,-25.30184555053711,57.4381
1776315118406000000,875.5420002441406,-25.89533042907715,56.3267
1776315118506000000,875.6419997558594,-24.85541343688965,58.2742
1776315118622000000,875.7580002441406,-23.894731521606445,60.0732
1776315118739000000,875.875,-23.772768020629883,60.3016
1776315118839000000,875.975,-25.82219123840332,56.4637
1776315118939000000,876.075,-23.476396560668945,60.8566
1776315119039000000,876.175,-16.558177947998047,73.8124
1776315119139000000,876.275,-13.356765747070312,79.8077
1776315119256000000,876.392,-8.919278144836426,88.1178
1776315119373000000,876.509,-11.7825345993042,82.7558
1776315119473000000,876.609,-14.34679889678955,77.9537
1776315119573000000,876.709,-17.022480010986328,72.9429
1776315119690000000,876.8259997558594,-20.257173538208008,66.8853
1776315119807000000,876.943,-13.47662353515625,79.5833
1776315119923000000,877.059,-16.55728530883789,73.8141
1776315120040000000,877.176,-14.082300186157227,78.4490
1776315120157000000,877.293,-13.478293418884277,79.5801
1776315120273000000,877.409,-15.626896858215332,75.5564
1776315120374000000,877.5100002441407,-19.631492614746094,68.0570
1776315120474000000,877.6099997558593,-22.950109481811523,61.8422
1776315120590000000,877.7260002441407,-22.66320037841797,62.3795
1776315120691000000,877.827,-25.70528793334961,56.6826
1776315120791000000,877.927,-24.69684410095215,58.5711
1776315120907000000,878.043,-14.062003135681152,78.4870
1776315121007000000,878.143,-17.77580451965332,71.5322
1776315121107000000,878.243,-17.042804718017578,72.9049
1776315121208000000,878.344,-17.47787857055664,72.0901
1776315121324000000,878.46,-19.557363510131836,68.1958
1776315121441000000,878.577,-21.545921325683594,64.4719
1776315121541000000,878.677,-23.100601196289062,61.5604
1776315121658000000,878.7939997558594,-23.332035064697266,61.1270
1776315121758000000,878.8940002441407,-25.984539031982422,56.1596
1776315121858000000,878.9939997558594,-28.45832633972168,51.5270
1776315121958000000,879.0940002441406,-27.756147384643555,52.8419
1776315122075000000,879.211,-30.59654426574707,47.5227
1776315122175000000,879.311,-31.59955406188965,45.6444
1776315122292000000,879.428,-32.97343826293945,43.0715
1776315122392000000,879.528,-28.694189071655273,51.0853
1776315122508000000,879.644,-15.843149185180664,75.1515
1776315122609000000,879.745,-17.010059356689453,72.9662
1776315122709000000,879.845,-19.36007308959961,68.5653
1776315122809000000,879.945,-21.904268264770508,63.8008
1776315122925000000,880.061,-18.51656150817871,70.1449
1776315123042000000,880.1779997558593,-9.835618019104004,86.4018
1776315123159000000,880.295,-14.464607238769531,77.7331
1776315123276000000,880.412,-18.8580322265625,69.5055
1776315123376000000,880.512,-22.00505256652832,63.6120
1776315123492000000,880.628,-11.9011812210083,82.5336
1776315123592000000,880.728,-7.224069595336914,91.2924
1776315123692000000,880.828,-11.048177719116211,84.1310
1776315123793000000,880.929,-6.681897163391113,92.3078
1776315123909000000,881.045,-11.727995872497559,82.8579
1776315124009000000,881.145,-8.784308433532715,88.3706
1776315124126000000,881.2620002441406,-12.08504867553711,82.1893
1776315124226000000,881.3619997558594,-13.33824348449707,79.8424
1776315124326000000,881.4620002441407,-15.324535369873047,76.1227
1776315124426000000,881.5619997558593,-10.068848609924316,85.9650
1776315124543000000,881.679,-12.757828712463379,80.9293
1776315124644000000,881.78,-8.774096488952637,88.3897
1776315124744000000,881.88,-12.426525115966797,81.5498
1776315124861000000,881.997,-7.5373663902282715,90.7057
1776315124961000000,882.097,-8.20211124420166,89.4609
1776315125061000000,882.197,-11.504130363464355,83.2772
1776315125178000000,882.3139997558594,-15.015396118164062,76.7016
1776315125294000000,882.4300002441406,-13.72372817993164,79.1205
1776315125394000000,882.5299997558594,-15.59006404876709,75.6254
1776315125494000000,882.6300002441407,-15.245299339294434,76.2711
1776315125594000000,882.7299997558594,-17.255416870117188,72.5067
1776315125696000000,882.832,-20.029529571533203,67.3116
1776315125812000000,882.948,-12.829768180847168,80.7946
1776315125929000000,883.065,-6.983200550079346,91.7435
1776315126029000000,883.165,-8.800416946411133,88.3404
1776315126129000000,883.265,-12.664477348327637,81.1042
1776315126229000000,883.365,-15.924636840820312,74.9989
1776315126329000000,883.465,-17.07114601135254,72.8518
1776315126429000000,883.565,-13.507532119750977,79.5254
1776315126546000000,883.6819997558594,-18.144908905029297,70.8409
1776315126646000000,883.7820002441406,-22.057268142700195,63.5143
1776315126747000000,883.883,-26.139556884765625,55.8693
1776315126864000000,884,-29.434354782104492,49.6992
1776315126981000000,884.117,-31.969175338745117,44.9522
1776315127081000000,884.217,-33.668827056884766,41.7692
1776315127181000000,884.317,-35.5350341796875,38.2744
1776315127297000000,884.433,-36.167999267578125,37.0890
1776315127397000000,884.533,-32.43737030029297,44.0754
1776315127514000000,884.6499997558594,-27.286165237426758,53.7221
1776315127614000000,884.7500002441407,-29.69415283203125,49.2126
1776315127715000000,884.851,-32.32883071899414,44.2787
1776315127815000000,884.951,-33.69553756713867,41.7192
1776315127915000000,885.051,-35.16317367553711,38.9708
1776315128032000000,885.168,-32.279415130615234,44.3712
1776315128149000000,885.285,-27.22257423400879,53.8412
1776315128266000000,885.4019997558594,-24.55868148803711,58.8298
1776315128366000000,885.5020002441406,-25.30881118774414,57.4251
1776315128482000000,885.6179997558594,-26.164154052734375,55.8233
1776315128582000000,885.7180002441406,-27.843969345092773,52.6775
1776315128682000000,885.8179997558593,-29.523481369018555,49.5323
1776315128783000000,885.919,-30.647371292114258,47.4275
1776315128883000000,886.019,-27.109689712524414,54.0526
1776315129000000000,886.136,-27.170902252197266,53.9379
1776315129100000000,886.236,-27.72196388244629,52.9060
1776315129217000000,886.353,-28.961864471435547,50.5840
1776315129333000000,886.469,-30.43449592590332,47.8262
1776315129434000000,886.5699997558594,-30.600915908813477,47.5145
1776315129550000000,886.6860002441406,-25.41729736328125,57.2219
1776315129650000000,886.7859997558594,-26.68866539001465,54.8410
1776315129767000000,886.903,-27.73604393005371,52.8796
1776315129884000000,887.02,-26.81321144104004,54.6078
1776315129984000000,887.12,-29.10931968688965,50.3079
1776315130084000000,887.22,-29.537691116333008,49.5056
1776315130184000000,887.32,-30.903772354125977,46.9474
1776315130284000000,887.42,-27.15553855895996,53.9667
1776315130384000000,887.52,-28.444726943969727,51.5524
1776315130501000000,887.637,-29.083066940307617,50.3570
1776315130601000000,887.737,-27.738203048706055,52.8755
1776315130701000000,887.837,-29.318336486816406,49.9164
1776315130801000000,887.937,-31.287782669067383,46.2282
1776315130918000000,888.0540002441406,-32.84037399291992,43.3207
1776315131018000000,888.1539997558593,-31.715309143066406,45.4276
1776315131135000000,888.271,-33.35554122924805,42.3559
1776315131235000000,888.371,-32.21799087524414,44.4862
1776315131352000000,888.488,-34.22792053222656,40.7222
